id,true_label,true_intensity,predicted_label,predicted_intensity,text_confidence_delta,text_intensity_delta,audio_confidence_delta,audio_intensity_delta,vision_confidence_delta,vision_intensity_delta,text_importance,audio_importance,vision_importance,dominant_modality
-AUZQgSxyPQ$_$2,Positive,0.6666667,Positive,1.3289804,0.7650180357526284,1.4496928793103765,0.0020629261192177,0.0948185972994124,0.0054505351716913,0.1400446433166504,0.9356836737284094,0.0252382744862236,0.0390780517853667,text
-HeZS2-Prhc$_$2,Positive,0.6666667,Negative,-0.2531242004285715,-0.0031575329404662,-0.2061572425688765,0.0934719280874541,-0.0351665577009069,-0.1357569210716189,-0.0028189426909349,0.2290761803951585,0.3352615622726365,0.4356622573322049,vision
-MeTTeMJBNc$_$0,Positive,0.33333334,Neutral,0.273759913,-0.037835949147832,0.2429280331968874,0.0216283052336667,-0.0287659942227136,0.211115238569001,-0.0821882605740388,0.3057906059833767,0.0803442359535072,0.6138651580631158,vision
-RfYyzHpjk4$_$2,Positive,0.33333334,Positive,0.3778846565714285,0.4488580959045555,0.325429836934743,0.0124353856680287,0.0341587409723463,-0.0762251580641463,-0.0358563146872798,0.8326710403048122,0.0355900742504606,0.1317388854447272,text
-s9qJ7ATP7w$_$2,Positive,1.3333334,Positive,1.4658436142857143,0.7999319851775444,1.4344888778820193,0.0031214350756083,0.0072913048407421,-0.0049886907800762,-0.082169885519191,0.9711779721668208,0.0042186645785039,0.0246033632546753,text
-s9qJ7ATP7w$_$5,Negative,-2.0,Negative,-1.6590014528571426,0.6603948199568224,-1.6441429188297194,0.0013593709492775,-0.0313517454035512,-0.001790048178346,0.0497253364129859,0.975638071239116,0.0095347854022079,0.0148271433586762,text
-s9qJ7ATP7w$_$6,Neutral,0.0,Neutral,0.1137369581428571,-0.3535608452976509,0.1048936192275772,0.1793641409207447,-0.2097703476239978,0.0268046503883699,0.0018883281317754,0.5840317132877989,0.3747293329346331,0.0412389537775679,text
-yRb-Jum7EQ$_$1,Neutral,0.0,Negative,-1.3292220657142857,0.4559391379542,-1.1506847270082865,0.0021017618902393,-0.0766236693448965,0.0057088666978866,-0.1200463683195058,0.9196298850578584,0.0302814693429667,0.0500886455991748,text
0K7dCp80n9c$_$6,Neutral,0.0,Negative,-0.5384296642857143,0.7080789661083409,-0.4364454703380158,-0.0149164972945937,0.0342175709375108,-0.0144807168067869,-0.0689260614744458,0.9304745464926732,0.0286942429352779,0.0408312105720487,text
0YiAKqU36KE$_$1,Positive,1.3333334,Negative,-0.3015497188571428,0.5264872035916235,-0.4796958214558781,-0.1118711373344992,0.0511058153762229,-0.024965419229355,0.0352121665985336,0.8056218501444403,0.151299485202823,0.0430786646527366,text
0YiAKqU36KE$_$0,Negative,-1.0,Negative,-1.1636205628571428,0.9088560427198652,-1.4754321270812496,0.0080469418321639,-0.0942749183149935,-0.0093330341847303,0.1608672425093733,0.9318556556397454,0.0262604411910477,0.0418839031692068,text
0bxhZ-LIfZY$_$4,Negative,-0.33333334,Negative,-0.6109234314285714,0.6538794288958497,-0.6262229762313053,0.0242759292475392,-0.1336514505564597,0.0217818851614927,-0.1189092255470439,0.8688193362350831,0.0693210093353274,0.0618596544295894,text
100178$_$15,Neutral,0.0,Neutral,-0.2899013648571428,-0.2083071054825869,-0.218233992741122,0.0066951363645303,-0.0519885098791263,0.0527704547791069,0.0928459888626707,0.7228780943318278,0.0617924795470308,0.2153294261211413,text
10219$_$10,Positive,2.0,Positive,0.8112241200000001,0.6596429008967681,0.9450870677790424,-0.0095224250934081,-0.0531828403511264,-0.018783873922909,-0.1850356119058008,0.9004859526525046,0.0251759349238849,0.0743381124236104,text
10219$_$1,Neutral,0.0,Neutral,0.1997996808571428,-0.0123321128136245,0.1457989206281044,0.2687324915066271,-0.1421182980086169,-0.0077338866963768,0.0201345022644268,0.1556436594258655,0.8074571401871273,0.0368992003870071,audio
10219$_$5,Positive,1.6666666,Positive,1.030888137142857,0.7019928066480163,0.9916316293459568,-0.0230582157280219,-0.1277405394759911,-0.0044701973432745,-0.0535670890060204,0.9214955708167224,0.0585795078936361,0.0199249212896414,text
102213$_$2,Positive,1.3333334,Positive,1.2405633,0.8791189436315028,1.3506576250847715,0.0004659157237504,-0.0218664482626778,-0.0048787745337316,-0.0921039826494489,0.9684303294809684,0.0056493657928973,0.025920304726134,text
102213$_$5,Negative,-1.0,Negative,-1.2221507142857142,0.6790845119044107,-1.1448204730398313,0.0027050974160202,-0.1006922945540291,-0.0027856810252278,0.046181094417572,0.9511733243270788,0.0325243453690465,0.0163023303038746,text
102213$_$7,Negative,-1.0,Negative,-1.3109970714285717,0.6276644423899552,-1.3212105934029987,-0.0008824412686376,-0.0230397266921997,-0.0074926774008496,0.0256058463107518,0.9774949679614624,0.0078362561266662,0.014668775911871,text
102389$_$5,Negative,-1.6666666,Negative,-0.9271767242857144,0.8392861069474712,-1.1610790919158895,-0.0076148277729929,0.0732086282577078,-0.021683166672916,0.1728994402323695,0.9167687290637332,0.0239358486277573,0.0592954223085096,text
104741$_$0,Neutral,0.0,Neutral,0.3630867899999999,0.3294896213129299,0.3307086422446496,-0.0152265687548616,0.0141402995419201,-0.0329820494737879,0.1121994024347958,0.829596743215243,0.0376192603069542,0.1327839964778027,text
104741$_$5,Neutral,0.0,Positive,0.2015070677142857,-0.1912288077393409,-0.1880742506982225,0.0829350866817574,0.0300610189266238,0.3247057371721447,0.2222020111252954,0.3405359870743448,0.1246638305482877,0.5348001823773674,vision
107585$_$12,Negative,-2.0,Negative,-1.89003058,0.5114261050767777,-1.7981657791210663,0.0006348674625045,-0.0438884923360769,0.0002538080934779,-0.0235782947783551,0.9793883237099714,0.0134583569923498,0.0071533192976786,text
107585$_$18,Negative,-2.0,Negative,-1.876195257142857,0.6773306307855174,-1.8521501665526523,0.0006398188515566,-0.0509807519472393,-0.0001598619918058,-0.0173117570436749,0.9821252779549146,0.0133760895432854,0.0044986325018,text
107585$_$1,Negative,-0.6666667,Positive,1.5035660328571427,0.1290491741121116,1.259156244590254,0.0023024175479245,0.0832627988249206,0.0059705626715982,0.0938296464898897,0.8907533110219517,0.0487876378067844,0.0604590511712639,text
108146$_$3,Negative,-1.6666666,Negative,-1.71647441,0.5453166055294509,-1.7457216169683885,0.0008963153199094,-0.0401868696323286,0.0006159865960675,-0.0022298825238256,0.9863053974547914,0.01250525048622,0.0011893520589884,text
110565$_$1,Negative,-1.0,Positive,1.2297132285714285,0.1469209272928311,1.062432775979396,0.0122575143168438,0.0702631233130317,-0.0022510567676821,-0.082151828692627,0.8846821916963334,0.0629941642155109,0.0523236440881555,text
110565$_$5,Positive,1.0,Positive,1.6008342285714288,0.070097377783681,1.2734926331729004,0.0022141600631025,0.0120198337568011,0.0046727465388044,0.0366575669437956,0.9553556765627864,0.0120159931335461,0.0326283303036674,text
111881$_$11,Negative,-1.0,Negative,-0.4702093856999999,0.5308987217777841,-0.6131044913940215,-0.1089683511812982,0.0169898143511715,-0.1189468440073684,0.1131148188981544,0.7304820151869185,0.1138856384625128,0.1556323463505688,text
111881$_$10,Negative,-2.0,Positive,0.5307315362714286,0.3047865191808272,0.2394897872146805,0.0347105993373186,0.0791094109113781,0.034519230138159,0.1088314916769363,0.7446688834445099,0.1182598292142545,0.1370712873412357,text
111881$_$15,Negative,-2.0,Negative,-1.0031247614285714,0.722710630400325,-1.2400996170473888,-0.0034393361125427,0.0619612031149074,-0.0102411721673415,0.1114337479893712,0.9408070303766072,0.0199519281832974,0.0392410414400951,text
111881$_$4,Negative,-1.3333334,Positive,0.25597471,-0.22719624528248,-0.0399367016217409,0.1166447722051354,0.1151538874545397,0.1118895961029807,0.1109168529634094,0.4417865260307411,0.2847712517172538,0.2734422222520051,text
111881$_$7,Negative,-2.0,Negative,-0.6912824371428571,0.7603956063400076,-0.88276928326628,-0.0322128518386345,0.1692115889731054,-0.0224889529307404,0.1012046817825099,0.8792484737320757,0.0738785009104596,0.0468730253574645,text
111881$_$6,Positive,0.33333334,Positive,0.60076703,0.547909286402011,0.3393824004885925,0.0745583875667162,-0.0088195026268332,0.0077084697267657,0.0558036659097617,0.8642758222794323,0.1013254392027608,0.034398738517807,text
112425$_$10,Positive,2.3333333,Positive,0.3370622585714286,0.4452570402964113,0.4591662942618554,-0.1204987892069491,-0.1534395677915219,-0.0250426575626806,-0.1242246097964477,0.715335112518459,0.205217046671791,0.0794478408097499,text
112425$_$1,Positive,0.6666667,Neutral,0.2231866464285714,0.4045713457814132,0.3888358710334505,0.231732357955228,-0.1638214117447444,0.2379503027478782,-0.0569070019093207,0.4957884067349863,0.265758591423738,0.2384530018412757,text
112425$_$7,Positive,1.3333334,Positive,1.458074907142857,0.8930920214854153,1.5877273668494358,-0.0145098808913188,-0.0875067316701618,-0.0085764223008087,-0.0971511378525873,0.9438351558351444,0.0289844474676949,0.0271803966971606,text
112509$_$4,Negative,-2.0,Negative,-1.2432800228571428,0.5820009559096605,-1.1305346864671757,0.0033816272318494,0.0004849598346901,-0.0014845088653309,0.0339752823649597,0.9832312297874224,0.0036333932595371,0.0131353769530403,text
116213$_$3,Negative,-0.6666667,Neutral,-0.0291280596571428,0.0487105819038092,-0.0805922490332927,0.3249045856644316,0.1225927446382267,0.3146336219927216,-0.0049949915468812,0.099749820030714,0.4827725719084944,0.4174776080607916,audio
121400$_$0,Neutral,0.0,Neutral,0.295730808,-0.0570617465858882,0.371843069308091,0.3464404356306413,-0.1369825771391928,0.1204292502320658,-0.1026214062682756,0.2487257348119105,0.5387878367172115,0.2124864284708779,audio
126872$_$11,Negative,-2.0,Negative,-1.264524677142857,0.5544105955341803,-1.218282915691536,0.0027598147705631,-0.021633540053809,-0.0074282015738951,0.059250390782596,0.9627633246034312,0.0099944394708831,0.0272422359256859,text
130366$_$11,Negative,-1.3333334,Negative,-1.4024424657142858,0.4147834688502841,-1.248321049758606,0.0066080668095184,-0.1044491399528995,0.0026301129525048,-0.0238646202770995,0.9410924929588936,0.0469186211491616,0.0119888858919446,text
130366$_$2,Positive,0.33333334,Neutral,-0.0952348349999999,0.7225087705467006,0.02153403177742,0.1890927813946779,-0.0649145863003859,0.0608107841963575,-0.0155389588444191,0.7250405796408548,0.2093891701713814,0.0655702501877638,text
130366$_$4,Negative,-0.33333334,Negative,-0.7128921132857143,0.2237230133649639,-0.7691856764047171,0.0090653574547322,-0.2136132901058562,-0.0014845291472519,-0.0617478556721236,0.8243007535035625,0.1378128155939086,0.0378864309025289,text
132028$_$7,Positive,0.33333334,Negative,-0.08290589,0.0301463273792534,0.2289081286582292,0.0499176808050423,-0.2587417591419874,0.037745903163202,-0.2270765404140581,0.2989704334254672,0.3824298506072922,0.3185997159672407,audio
135623$_$5,Negative,-2.3333333,Negative,-1.721514085714286,0.916603717025606,-2.079963794384664,-0.0004718370472328,0.0052292888377596,-0.0030804422848066,0.0832290850239343,0.9798909676023864,0.0013481331024573,0.0187608992951562,text
135623$_$8,Negative,-1.3333334,Negative,-0.9326382514285716,0.35087184804602,-0.9250824149495248,-0.0024586340562663,0.0427990235724093,0.0002677360423649,0.0080767464760698,0.9710053771861472,0.024634764105792,0.0043598587080606,text
136196$_$0,Positive,0.33333334,Neutral,0.1290375198571428,0.0967787005600097,0.0915472102419225,0.2370161948384656,-0.1389111480607899,-0.0017541098565679,-0.0058285610383225,0.307243451269462,0.6838333949773345,0.0089231537532034,audio
136196$_$9,Negative,-2.0,Negative,-1.8718692957142853,0.4680395678605045,-1.5510875932724568,0.0009980166867101,-0.0435924826840425,0.0002612868804604,-0.0422866130366077,0.970554669457346,0.015300040791338,0.0141452897513156,text
136196$_$8,Negative,-1.6666666,Negative,-1.6519025428571428,0.2652073257729368,-1.2514316990524086,0.0010725672643336,-0.0658143963749475,0.0007446105216536,-0.1022231954101562,0.92187084841384,0.0310879385530747,0.0470412130330851,text
167521$_$17,Positive,1.3333334,Positive,0.7602108157142858,0.2801040722330691,0.7736062720454027,0.0223065795760881,0.096443113901133,-0.013871829921365,-0.1177909745133487,0.8333395212357059,0.0843516710089711,0.0823088077553231,text
167521$_$16,Positive,2.0,Positive,1.522430321428571,0.6160478477103803,1.3390568936117713,-0.0050317987612633,-0.0104188967356004,0.005037324626554,0.0772443109997336,0.9643364462135272,0.0077197412419764,0.0279438125444962,text
167521$_$5,Positive,0.33333334,Negative,-0.7214317957142856,0.6958795277801056,-0.8510130129691967,-0.0052816144529443,-0.0719651938486534,-0.045364154425086,0.0995996044212996,0.900831740459164,0.0269178111303646,0.0722504484104711,text
190743$_$13,Negative,-2.0,Negative,-0.8691232455714285,0.5826918861035728,-0.772918719913366,0.0016024901307044,0.0162937113130918,0.0076165640238666,-0.152954405554791,0.9275524102649612,0.0077637824658259,0.0646838072692127,text
190743$_$17,Negative,-2.0,Negative,-1.8088291285714284,0.8072443244100542,-1.7910215394593128,0.0001785474483745,-0.0096084814407346,0.0002040811246316,-0.0324432081830703,0.98984961434046,0.0023835134439968,0.0077668722155431,text
190743$_$5,Negative,-2.0,Negative,-1.9804926857142855,0.915007253589546,-2.030621782403254,0.0008682899582772,-0.0245579227595738,-0.0005331697486639,-0.0010876912946429,0.9937883605608318,0.005652445982698,0.0005591934564701,text
194299$_$14,Neutral,0.0,Neutral,0.3001605492857143,0.5846886648839742,0.1473479049786118,0.1471200915866306,-0.0562864342730767,-0.2448365709669814,0.0684313136525709,0.5938204024376348,0.1554173812903878,0.2507622162719773,text
194299$_$4,Negative,-1.0,Negative,-1.71490575,0.6669710172995349,-1.6040180022098678,0.0010977864013637,-0.0523587747279576,-0.0009088153216866,0.0356381849583216,0.9745828355908612,0.0150453957870747,0.0103717686220638,text
194299$_$9,Neutral,0.0,Neutral,-0.0760713312857142,0.0267883205259777,-0.2380669337247389,0.1001059585338235,-0.0205287159103657,-0.010055226818264,0.0277725066741106,0.4567187033861977,0.4601820402503417,0.0830992563634606,audio
198112$_$12,Positive,2.0,Positive,1.3925054857142858,0.8911140704251249,1.453059965694861,-0.0061069900305373,-0.0849276508169991,-0.0012172197380927,-0.0672767911204745,0.9594991601850577,0.0240080730872473,0.0164927667276949,text
198112$_$0,Positive,0.33333334,Positive,0.5706857,-0.1877266858124696,0.4170283998683384,-0.1317421374820024,-0.1118760551803589,0.1126348166365354,0.1294147546723774,0.5014802762451114,0.2594365348048877,0.2390831889500008,text
198112$_$5,Positive,1.0,Positive,0.6716546785714286,0.6033069396747014,0.809540288745284,-0.2437405288782999,-0.2175859354340689,-0.2223744098056479,-0.1784947485700334,0.5934590850443173,0.2149596503876736,0.191581264568009,text
198112$_$9,Positive,2.3333333,Negative,-0.8610957057142857,0.7095097534129828,-0.9979998982705136,-0.0379108665656893,0.0994234335415104,-0.050377102866305,0.1777106305523682,0.8522573356961944,0.0581039816887831,0.0896386826150224,text
198112$_$8,Positive,2.0,Positive,0.6805535942857143,0.5340271006224001,0.6208680866295062,-0.005741138129355,-0.0600610838928005,-0.0767363376611421,-0.0462370680370113,0.8627184657303032,0.0299938289763287,0.107287705293368,text
1HS2HcN2LDo$_$1,Positive,0.33333334,Positive,0.3223775857142857,-0.1316237833799829,-0.2507612579753603,-0.0899289190470165,0.0358138188601357,0.2480637667125375,0.3434917764885902,0.3166547937972354,0.1498838289169693,0.5334613772857952,vision
1HS2HcN2LDo$_$9,Positive,1.3333334,Negative,-0.0781472657142857,0.2579364439871379,-0.2827081378816346,0.0032462670254036,-0.0160724958937999,-0.0148070679104304,0.1047511982331466,0.8579102453405268,0.0209592143510781,0.1211305403083948,text
1S6ji_d4OLI$_$9,Positive,0.6666667,Positive,0.7999882185714285,0.4430675749440932,0.8364938080991717,-0.0091877547813358,-0.1248443383574785,0.0085197453005345,0.1467081392066519,0.8696278943083835,0.061198741651251,0.0691733640403655,text
1jogeKX0wGw$_$4,Positive,1.0,Positive,1.0219857814285718,0.1647981760593599,0.91291265447388,0.0034200618318508,-0.025634693863634,-0.0018240289207691,-0.0179775405978173,0.9595374231323108,0.0244740313049883,0.0159885455627008,text
1pl2FVdQWj0$_$2,Positive,0.6666667,Positive,0.63563383,0.2736409874640511,0.413701621036197,0.0139025912930833,0.0984695378347887,0.019927064531045,0.0573556545778765,0.8275303453052038,0.0939564793409167,0.0785131753538795,text
200941$_$10,Negative,-1.0,Negative,-1.8169246614285717,0.9025313853426248,-1.8147517996481324,0.0006619004415613,-0.0173835286378696,-5.852196001276955e-05,-0.0313782734836687,0.988865061502426,0.004235313920231,0.0068996245773429,text
202826$_$10,Negative,-1.6666666,Negative,-1.225090934285714,0.7455070861580203,-1.2705122807755864,0.0046721013856551,-0.0494489122209602,-0.0054564603486182,0.0031752625718914,0.97687775584743,0.0176781195434202,0.0054441246091495,text
202826$_$7,Positive,1.0,Positive,0.6249610514285714,0.3276467828990634,0.7725104805386898,-0.355149940906828,-0.2008534511512538,-0.3919176571403141,0.0320496834587178,0.4150436865330653,0.2993938481805205,0.285562465286414,text
206585$_$3,Neutral,0.0,Positive,0.4143144542857143,0.3321472933246724,0.3949743265791866,0.0858784868695464,0.0068276238468278,-0.0179629972523353,-0.0221960319764709,0.8033746392519384,0.1526954581017682,0.0439299026462934,text
208322$_$12,Negative,-2.3333333,Positive,0.7676000371428573,0.6603868805199098,0.9585968394217848,-0.1176155647639763,-0.1304869705159649,-0.1245694545312497,-0.1430317387131607,0.7461632988473735,0.1226787733716857,0.1311579277809406,text
208592$_$2,Neutral,0.0,Neutral,0.0245934168571428,0.2647861706896538,0.127837833771757,0.0271073347560388,-0.0579138129521073,-0.0061481624020884,-0.0142166561417725,0.8428863794693525,0.1272613737828467,0.0298522467478007,text
208592$_$9,Negative,-2.6666667,Negative,-1.6402886714285714,0.7057525565835934,-1.5167083572095734,-7.81907147772154e-05,-0.0204228111707414,-0.0003519469728943,-0.0025648508784701,0.99336346224177,0.005646802875557,0.0009897348826727,text
209758$_$15,Positive,1.3333334,Positive,1.237068495714286,0.4964530483678905,1.098983555634154,0.0041747374473036,0.0572760659946334,-0.0018313120789005,-0.0420571138539012,0.9566280121986432,0.0257975504932041,0.0175744373081526,text
209758$_$3,Neutral,0.0,Positive,0.4698176861428572,-0.2069057582041177,0.2395258320848639,-0.1150143503157026,-0.1106683091838662,0.3319683249736612,0.2170745856614832,0.3401603590181467,0.1801989910340092,0.479640649947844,vision
209758$_$5,Neutral,0.0,Neutral,0.3688350842857143,0.1100843232711866,0.1028737554982512,-0.0862705603530332,0.0451251919105857,-0.0302979329288424,0.0957234790672357,0.4689138169927705,0.3290496542933497,0.2020365287138797,text
20LfN8ENbhM$_$1,Positive,2.0,Positive,1.5138838142857145,0.5569388445599839,1.3015776746276422,0.0008621145440925,-0.0053644328608921,0.0063058784451127,0.1372793253679547,0.9476660156157792,0.0025348860724042,0.0497990983118166,text
210259$_$11,Negative,-3.0,Negative,-1.9106909,0.324662101156949,-1.8549594709467956,0.0014201686597403,-0.0493199277753555,-0.0003276895492521,-0.0196280613093784,0.97444434931228,0.0184560451380854,0.0070996055496346,text
210259$_$16,Negative,-2.3333333,Negative,-1.9995847671428568,0.5103617972891338,-1.741981851442864,0.0005345876917451,-0.0243184382630916,0.0004550110675138,-0.021284749172908,0.9853771043770776,0.007804038779236,0.0068188568436862,text
210259$_$0,Neutral,0.0,Neutral,0.3572442714285714,0.5486021843433903,0.342180710461637,0.2334612202767163,-0.1377430588378361,0.0047224087600074,0.0082029797829764,0.69791058381624,0.2942360441525455,0.0078533720312143,text
210259$_$8,Negative,-2.3333333,Negative,-1.7506165800000002,0.7167385422288883,-1.612659246013752,0.0009428057436007,-0.0246716692693658,0.0002939530422347,-0.0582601638426865,0.9774927322386512,0.007143775862671,0.0153634918986777,text
210433$_$0,Neutral,0.0,Neutral,0.2755905285714286,-0.0143944618545747,0.3236394622732844,0.3369219450687241,-0.1267961495452336,0.0979641426295666,-0.072071349810028,0.1961253885074893,0.608208533155091,0.1956660783374196,audio
210433$_$7,Negative,-2.0,Negative,-1.6824524785714288,0.4756759045027604,-1.6099336913576945,-0.0003831292381935,-0.0027885479509628,-0.0010144320156266,-0.0263826548976355,0.98913343589271,0.0012825793007913,0.0095839848064988,text
211875$_$4,Negative,-1.6666666,Positive,0.8603026885714284,0.7531148813183465,1.0599775958449082,-0.1150813243409446,-0.0370570402417429,-0.0916852756430351,0.0109205562796346,0.8324111100837905,0.0958724666806992,0.0717164232355102,text
211875$_$8,Negative,-1.3333334,Negative,-1.179150782857143,0.6668254757540673,-0.9441583064108552,0.0021235631733996,-0.0854836673731778,0.0055339850864676,-0.1027574851167516,0.9330722640207176,0.0291060727385232,0.0378216632407589,text
213327$_$6,Negative,-2.3333333,Negative,-0.7848608300000001,0.7097425692202122,-0.8548175573259164,-0.1051491431917222,-0.0376126189227186,-0.1098991801311839,0.1441023735153251,0.7830279387524051,0.0926446677183259,0.1243273935292689,text
213327$_$8,Negative,-2.0,Negative,-1.2222632142857144,0.897062157401798,-1.340307884424755,-0.0002298164725844,-0.0473240757369997,-0.0111613302592442,0.1658377078219821,0.9421955889787424,0.0112211819266794,0.0465832290945783,text
215318$_$12,Neutral,0.0,Negative,-0.7666526617142857,0.1716496842745217,-0.5257786426619846,0.0053748209795954,-0.101557412257267,0.0059572926180353,-0.1392935763971168,0.7910819799415773,0.0894528042610584,0.1194652157973642,text
221137$_$2,Neutral,0.0,Neutral,0.0754032531428571,0.0811614639174277,0.0201862904051606,0.2085684737784495,0.0019260812492264,0.2063206772806655,0.053585296490897,0.1686036155991777,0.4013375310969003,0.4300588533039219,vision
221137$_$5,Negative,-2.0,Negative,-1.5285479700000002,0.804676686207848,-1.5600952388525915,-0.0102612682641729,0.0880827885580006,0.0040946132892976,0.01136023475987,0.9653817657975616,0.0288746914587572,0.0057435427436812,text
221153$_$14,Negative,-1.6666666,Negative,-1.4610330957142854,0.8019917224275697,-1.3972251751614952,0.0049827583336221,-0.0631401182041055,-0.0014447284896248,0.0304835625237167,0.9711687765209676,0.0199403140673422,0.0088909094116901,text
221153$_$16,Negative,-0.6666667,Negative,-1.262365018,0.7021612470016887,-1.2345779971043698,0.0008840789114136,0.0018523033618143,-0.0057619743522389,0.076083759794838,0.9715393877478528,0.0013098644892097,0.0271507477629374,text
221153$_$6,Neutral,0.0,Neutral,-0.1609836487142857,0.0750949078618438,-0.0127188457219418,0.2284036394254093,-0.0751693575021101,0.1074560937430402,-0.0954241997738723,0.1680606891408723,0.5369248601114215,0.2950144507477062,audio
221153$_$20,Positive,0.33333334,Neutral,0.0918246241428571,0.0962115752987589,0.1301358203678872,0.1307335677787687,-0.0875747858537545,0.0109302318092785,-0.0291396470066078,0.4360029625972799,0.4995182601416076,0.0644787772611124,audio
22373$_$10,Negative,-2.6666667,Negative,-1.7549184642857143,0.6591239688407486,-1.603646793228967,0.0004010239877297,-0.0125787851126537,8.872058242459513e-05,-0.0096513455592566,0.9934254596446308,0.0038232829393706,0.0027512574159982,text
22373$_$1,Neutral,0.0,Neutral,0.1478257762857142,0.0736512611137075,0.1031918949637391,0.2145189034942983,-0.0765432110531692,0.0558060532807858,-0.0490596647450605,0.2571108555802719,0.5711799333486508,0.1717092110710773,audio
22373$_$2,Negative,-2.3333333,Negative,-0.5216498730000001,0.3072869648475875,-0.469025381557473,-0.0153547066998827,0.0728595551009264,0.0935278329124771,-0.0348947550929443,0.7620091294022638,0.0651533685837998,0.1728375020139364,text
22373$_$7,Neutral,0.0,Negative,-0.6419805585714286,0.721398912510679,-0.7594246534406037,-0.1178849305279937,0.0519815428540147,-0.0556291341306994,0.210570659018631,0.7887363259322734,0.1094328127017914,0.101830861365935,text
224263$_$13,Positive,0.6666667,Positive,1.5489990285714288,0.3702917600457702,1.5955599429601537,-0.0002324555685838,-0.0280070389770505,0.0007842194493379,0.0316107869397845,0.9773688991365224,0.0103659578264209,0.0122651430370567,text
224263$_$14,Negative,-2.3333333,Negative,-1.6579113857142858,0.7349706007209427,-1.523741426849814,0.0019801246309272,-0.0606214828909739,-0.0005855357127352,-0.0452447788112095,0.970443299182055,0.0173238174562068,0.012232883361738,text
224263$_$3,Negative,-2.3333333,Negative,-1.940384942857143,0.7489220449631138,-1.8474392000371525,0.0009674201633291,-0.0169733010550363,-0.0003918550940417,-0.0201897379861015,0.9900274691481064,0.0048061468061837,0.0051663840457098,text
224370$_$3,Negative,-2.0,Negative,-1.6841403214285715,0.8136550895189965,-1.5924740716041497,0.001269667002432,-0.0248516255482265,-0.0004486489664975,-0.0368315290418352,0.9836991268440796,0.0069899237201235,0.009310949435797,text
224370$_$5,Negative,-2.6666667,Negative,-1.019575805714286,0.7741876641266011,-0.9185976185619684,0.0076103131042012,-0.1296271225886537,-0.0019852173746203,-0.0326595361394392,0.9443297695038276,0.0444194854053781,0.0112507450907943,text
224370$_$11,Positive,0.33333334,Negative,-0.6551772132857143,0.5489126539282334,-0.6133248528274681,-0.0336319217196088,0.0691258278999371,-0.0306048536028701,-0.045425350146698,0.8803183914923199,0.0662252103582071,0.0534563981494728,text
224370$_$15,Negative,-1.6666666,Negative,-1.6419761899999998,0.6313382508857868,-1.6393133588808713,-0.0006765017480405,0.0147534400615585,-0.0004611434859963,-0.0336722173470196,0.9855408137525462,0.0046812175522877,0.009777968695166,text
224631$_$5,Positive,0.33333334,Positive,0.4035856414285714,0.3800531773434102,0.5405846386315127,-0.2183101060559654,-0.0729136627468055,-0.35177846257262,-0.2230668973478263,0.4558580228356801,0.1974086978043735,0.3467332793599462,text
226601$_$11,Negative,-1.3333334,Negative,-1.4607642142857142,0.3098295141747551,-1.1141654337047848,0.0027174975940617,-0.0880693728327068,0.0007082240619668,-0.0873307605895996,0.9167116612482422,0.0431617618746758,0.0401265768770819,text
226601$_$18,Negative,-2.0,Negative,-1.70893525,0.3377091027455094,-1.5980357600948472,0.0003904178301071,-0.0227192447428024,0.001039368481625,-0.0505964903733391,0.9711373055003126,0.0088852949716396,0.0199773995280477,text
226601$_$0,Positive,0.33333334,Neutral,0.1738267152057142,0.7821934245930047,0.4122680036769361,-0.0031271191064419,0.0113273387660917,0.1229794555445875,-0.1119908611004925,0.8461462822252052,0.006351413503089,0.1475023042717058,text
226640$_$9,Neutral,0.0,Positive,0.5787333628571428,0.2828248047802648,0.3668345792361637,-0.004120140303402,0.0615063603045653,0.0093869738566021,0.1175837128964887,0.8469521973036649,0.0514779640307484,0.1015698386655866,text
22689$_$1,Negative,-2.0,Negative,-1.1829947142857142,0.8167940374294522,-1.1588084830897876,0.0044956031455893,-0.1225403116346086,-0.0057611763641144,0.078827143234798,0.9395683550313576,0.035411479390518,0.0250201655781242,text
22689$_$0,Neutral,0.0,Positive,0.4802525685714285,0.3113748191543846,0.5121369227115059,-0.2360185622803201,-0.1762919081760842,0.0092768951148139,0.005494535329884,0.6118027239099267,0.3740999206168947,0.0140973554731786,text
234046$_$1,Neutral,0.0,Neutral,0.0478799575714285,0.1503100067703281,0.1167947229969871,0.0397756781822971,-0.0543015340701652,0.0109869288482393,-0.020680950390871,0.7141236214258588,0.2184020754165704,0.0674743031575709,text
236442$_$3,Negative,-1.3333334,Negative,-1.0347381457142857,0.1226871195251385,-1.013706697861723,3.933140681888769e-05,-0.0159547732865497,0.0040694536215821,-0.0273801364525412,0.961277216207439,0.0111816054321902,0.0275411783603707,text
23656$_$1,Neutral,0.0,Positive,0.5142718157142857,0.5817392047856779,0.5169194990047843,-0.2211353672915675,-0.1830565091145434,-0.114431347224931,-0.0821609441113867,0.640096800672893,0.2395159895406299,0.1203872097864771,text
23656$_$0,Positive,0.33333334,Neutral,0.1743432882857142,0.315715588772779,0.1949840446884111,0.1120107772693494,-0.0513577759182846,0.00193843355734,-0.0071652491626962,0.740440663610654,0.2511440770853996,0.0084152593039464,text
23656$_$2,Positive,1.0,Positive,0.8500719200000001,0.734808360291987,1.081935058398954,-0.1613037344225882,-0.1721303929463195,-0.1712732640435988,-0.3293317171367317,0.6867252271982848,0.1370879316686949,0.1761868411330203,text
23656$_$7,Negative,-2.0,Negative,-0.963244404285714,0.6541067759379886,-0.8091188788026509,0.0075771620265774,-0.1041647623304746,-0.0008011425128326,-0.0337044853861779,0.9444514202880412,0.0432437203580424,0.0123048593539164,text
23656$_$9,Negative,-1.3333334,Negative,-1.146622,0.7386128515655526,-1.1407644325640711,0.0076941978548592,-0.0762225634324891,-0.0164746229191545,0.1133818775375909,0.9275679395443784,0.0274421134139166,0.0449899470417049,text
23656$_$15,Positive,0.33333334,Positive,0.7079475428571429,0.6995617065905437,0.686358881016159,-0.134240472467121,-0.0939917317264011,-0.038641910734228,-0.1032559262660162,0.7955134760190615,0.1418799860020992,0.062606537978839,text
237363$_$10,Neutral,0.0,Neutral,-0.1949353957142857,0.0699822210852928,-0.0823409705682168,0.1538132246029178,-0.0243477772781535,0.0585057657599052,-0.0455202762962096,0.2925472231197035,0.4862188932953679,0.2212338835849285,audio
237363$_$4,Neutral,0.0,Neutral,-0.0146947330714285,0.1478367328230455,0.1049823071223335,0.0361321197264091,-0.0869258842350066,-0.0021100472588736,-0.0402924194352118,0.6939101918664733,0.2471065584701199,0.0589832496634068,text
238063$_$15,Negative,-1.3333334,Negative,-1.7108872142857146,0.9279561104365236,-1.8577449698104864,8.79869410049805e-05,-0.0015100957663403,-0.0005277633991076,0.0039945975374491,0.9984185847955452,0.0003816024632779,0.0011998127411768,text
238063$_$17,Positive,1.0,Negative,-1.105554977142857,0.8656673266719502,-1.1234764046737589,0.0062934660333028,-0.0860048835601587,-0.0019077831021333,0.0373696637170193,0.9617474597886756,0.0271129523614219,0.0111395878499026,text
238063$_$16,Negative,-1.0,Negative,-0.0811675957142857,0.459815540055743,-0.3703742154878779,-0.0788808797211227,0.0413808178816972,-0.1335009826372395,0.3467216369424997,0.6305504161746021,0.1001861464750676,0.2692634373503303,text
238063$_$7,Negative,-0.33333334,Negative,-1.0223846514285715,0.6915783088621328,-1.0157554260297583,-0.0090147581222017,0.0114084403454153,-0.0096568555163916,0.1025547529994337,0.947866989005389,0.0117936167903945,0.0403393942042165,text
24196$_$0,Positive,0.33333334,Neutral,0.2152746474285714,0.7895006955281891,0.3346929225719904,0.0551472307452653,-0.0738200667531923,-0.0094162376260322,0.025239869371639,0.902284485529718,0.0798618569452278,0.0178536575250542,text
24196$_$3,Negative,-0.33333334,Negative,-1.762712481428571,0.8182859717218728,-1.568290485465202,0.0012325596215275,-0.0483715647268454,-0.0003126627942718,-0.0078182333517233,0.98510630397687,0.0127496515160068,0.0021440445071231,text
243981$_$10,Negative,-2.3333333,Negative,-1.8285353928571424,0.5130906194049467,-1.8012346859256196,0.0017423345691607,-0.0396009066042215,-0.0012240803441184,0.0168057957098826,0.9808251489996036,0.0131621780199598,0.0060126729804365,text
243981$_$1,Neutral,0.0,Neutral,0.1371522237142857,0.105064384258295,0.1585919761227221,0.2040901197492868,-0.1267311200171666,0.1395145183056559,0.0428387006473903,0.2829972168057639,0.4414139429280035,0.2755888402662326,audio
243981$_$4,Negative,-2.3333333,Negative,-1.6742234771428568,0.7965893427942002,-1.668583753108573,0.0024930005153739,-0.0563681411579455,-0.0019981916876682,0.026064758998348,0.9769136941414738,0.0153690836570333,0.0077172222014928,text
243981$_$6,Negative,-2.0,Negative,-1.6198662714285714,0.8926041732655005,-1.7028873193528176,0.0047351285581013,-0.0916712989815848,-0.0044544223485301,0.0586876504071915,0.9609690407032756,0.0232255620842468,0.0158053972124773,text
24504$_$10,Positive,0.6666667,Positive,0.4643846628571428,0.1371279607186796,0.2818116668794005,-0.0152164697382412,0.0254022187070356,0.1055595958652758,0.1099679667684881,0.5820800079703256,0.0596624317691454,0.3582575602605291,text
245582$_$11,Negative,-1.6666666,Negative,-1.7373672914285712,0.3373466660520282,-1.4582833582795058,0.0014264532912894,-0.0713674190846904,-5.041319507215203e-05,-0.0236265168651905,0.9613096149530842,0.0294374320526282,0.0092529529942874,text
245582$_$13,Positive,0.33333334,Negative,-0.339542938,0.4708045957190588,-0.5202846930257274,-0.0159634305341878,0.0476647856218111,0.0230593979491364,-0.0009136552551325,0.9210583129864984,0.0455382974261188,0.0334033895873824,text
245582$_$16,Positive,1.0,Negative,-0.8943832514285713,0.2668891278807813,-0.6462730959866401,0.0127812741173789,-0.1775127221175274,0.0056411863585288,-0.1310473678111702,0.799075595987642,0.1192071818767263,0.0817172221356315,text
245582$_$4,Negative,-1.3333334,Negative,-1.6288531385714289,0.578923045323125,-1.4346785018838777,0.0017754168856616,-0.0704368997185189,0.0006261922160079,-0.0649961877434213,0.9569600987958274,0.0228609518893088,0.0201789493148636,text
252097$_$12,Negative,-2.3333333,Negative,-1.9162425657142856,0.8814940618079032,-2.038287121024978,0.0015757944736426,-0.0473528762687902,4.427270644069559e-05,-0.0264698440149799,0.983475016013641,0.0109378939854681,0.0055870900008908,text
252097$_$4,Negative,-1.3333334,Negative,-1.899035357142857,0.8202643405862182,-2.2630595918124063,0.0009703430230678,-0.0366523150798254,-0.0004366709384732,-0.0081111929157804,0.989736806808467,0.0082892717254196,0.0019739214661133,text
252912$_$13,Negative,-1.6666666,Negative,-1.5906741514285714,0.7032254650374796,-1.4141386855409568,0.0016310534708972,-0.0617734685023934,0.0001051144431479,-0.0277169241984993,0.9738293407065912,0.0184237588515769,0.0077469004418319,text
257277$_$1,Positive,0.33333334,Neutral,0.3810774448571429,-0.0162851026338035,0.4844094194316407,0.6929789353195809,-0.0388069173676126,0.0303657029961541,-0.0473306840174996,0.1911729398885031,0.7592013361608877,0.0496257239506092,audio
257277$_$3,Positive,1.0,Positive,0.2270705504285714,0.2731954650271426,0.314354040388152,-0.0023699701872396,0.0152275868235166,-0.0853943240901697,-0.0924138100874998,0.753511520930308,0.0148434266051685,0.2316450524645232,text
257277$_$5,Negative,-2.0,Negative,-0.8769559899999999,0.56522631590136,-0.8382371959931456,-0.0296771828961764,0.1377491570620292,-0.0243446841303252,0.0222797907500023,0.8872222188357488,0.0794047117327137,0.0333730694315373,text
257534$_$4,Neutral,0.0,Neutral,0.0403524011428571,0.2589604597792079,0.012147257588987,0.1200323831889558,-0.1075793640899102,-0.0093051390642024,0.0405900334861366,0.5953986756332456,0.3529073139102282,0.0516940104565262,text
267466$_$24,Positive,0.6666667,Neutral,0.0942873171428571,0.3700170936507179,-0.1204798643047169,0.1466567013796961,0.0311061446186774,-0.0061306198016466,0.1437801659138162,0.6602343241331573,0.2527532195447533,0.0870124563220895,text
267466$_$44,Negative,-2.6666667,Negative,-1.5542986942857144,0.6236239304503159,-1.4031730524799293,0.0037621131996569,-0.1100668690702384,-0.0031363251991723,-0.0267197102976337,0.9541073386366772,0.0353642031435722,0.0105284582197504,text
267466$_$42,Negative,-2.3333333,Negative,-1.8455238142857144,0.9121586036684814,-2.0511479824922527,0.000624201792384,-0.0321822818509784,-0.0018165161907222,0.003637214576285,0.991069396583664,0.0070495840925819,0.0018810193237542,text
267466$_$9,Negative,-1.0,Negative,-0.5651184464285715,0.420211557268216,-0.5887226451866627,-0.1056415391424749,-0.02155630238751,-0.1507085753364111,0.1533919663155419,0.6620557365085311,0.1211735734372498,0.2167706900542189,text
267466$_$13,Neutral,0.0,Neutral,-0.3118274977142857,-0.0327373740379176,-0.2536876903026831,0.0205653366378361,-0.0880555336142292,0.2236043451613158,0.0419719502351578,0.2897639014445811,0.1233095044921329,0.586926594063286,vision
267466$_$38,Neutral,0.0,Negative,-1.310109857142857,0.8846646943220919,-1.3724604495857784,-0.0054457981616449,0.0553441013684954,-0.007907698141619,0.0295977388185773,0.9698895271557236,0.0172665881502039,0.0128438846940724,text
267466$_$35,Negative,-1.0,Negative,-1.5940411371428571,0.5514313151412398,-1.4465236353671498,0.0035328933598398,-0.0890039656427876,-0.0002752762655804,-0.0204229976034111,0.9624879309024076,0.0309164734447932,0.006595595652799,text
267466$_$34,Negative,-2.3333333,Negative,-1.1287312514285714,0.3638223815213579,-1.112532789420206,-0.0019093368589317,0.0443133279411098,0.0033734782284459,-0.078339969074489,0.9408744319454478,0.0213623490753515,0.0377632189792005,text
267694$_$14,Negative,-2.3333333,Negative,-1.8274126714285717,0.9076918588210632,-1.8615580036362087,3.4264468278588645e-05,-0.0121566548335483,-0.0009186398699468,0.018068792412458,0.9928353870632848,0.0026548717196881,0.004509741217027,text
267694$_$16,Negative,-1.0,Negative,-1.0234769028571429,0.7586242368247602,-1.14299010371921,-0.0042192735813983,0.0696207328207396,-0.0075532389318702,0.0627453838781193,0.9532464849641368,0.0229408859718197,0.0238126290640434,text
267694$_$3,Negative,-0.33333334,Neutral,-0.5318744,-0.1031876155319901,-0.6726239444374424,0.1190033113687988,-0.0505432878706523,-0.0062636082100636,0.0359827069480053,0.6799429432232164,0.282138733488376,0.0379183232884075,text
267694$_$5,Neutral,0.0,Neutral,0.1794698828571428,0.7761551910955052,0.002353712331592,0.1636666558493464,-0.0835432501237487,-0.1091041381639762,0.063342511202164,0.7071623059762133,0.1743143748632705,0.118523319160516,text
267694$_$4,Neutral,0.0,Positive,0.1856185728571429,-0.0721113624172146,-0.1278928258968066,-0.0984649208150271,-0.0250592211906214,0.2444470377439244,0.2229140931627764,0.2123630366881282,0.1976968635637662,0.5899400997481055,vision
267694$_$7,Negative,-2.0,Negative,-1.7498376142857144,0.930882666725394,-1.9302573413812505,0.0010656699696948,-0.0333067122406007,-0.0008239607050679,0.0127507334217615,0.9891664234727232,0.0076453482911302,0.0031882282361464,text
267694$_$6,Negative,-1.6666666,Negative,-1.5091565,0.7998625372537725,-1.6433252768165554,-0.003944404145403,0.0648421555916922,-0.0011991351386406,0.0075092822472708,0.9787488408426565,0.0185623409770994,0.0026888181802441,text
273207$_$0,Neutral,0.0,Neutral,0.134348167,0.7722950757990047,0.1126580011098853,0.0045816571254253,-0.0281156331833643,0.0059005395426999,-0.0033341931978165,0.9747651195829576,0.0167950323874127,0.0084398480296296,text
273207$_$5,Positive,0.33333334,Positive,0.4961544981428571,-0.0017962203981585,-0.0330925564212442,0.0465685574956082,0.1272667298827868,0.1915904144948368,0.2936253381030916,0.0327820513760238,0.227433110299657,0.7397848383243192,vision
273207$_$7,Negative,-0.33333334,Negative,-1.3549128942857145,0.6240271627067944,-1.1815991424689647,0.0008104117733284,-0.0566836767564173,-0.0011338879190105,-0.0068271502453614,0.9777959701368528,0.0189287387241098,0.0032752911390374,text
273207$_$9,Negative,-0.33333334,Positive,0.2863070071428572,0.1261339178130576,0.0978723765104566,-0.1220603208207381,-0.0378148342196872,0.0404604498867945,0.1747797765522752,0.4048466153610692,0.3434079674326719,0.2517454172062588,text
273250$_$20,Negative,-0.33333334,Negative,-0.30532988,0.2485613886153236,-0.1599825423623711,0.0211884019324481,-0.0828477521972874,0.0269902926672803,-0.1192756558516073,0.7231875434431845,0.1169127963529274,0.1598996602038881,text
273250$_$3,Negative,-0.6666667,Neutral,-0.3448920904285714,0.2077653526608972,0.0093742188838402,-0.1242527008442608,-0.0776689110216858,-0.0966412731194237,-0.1028286771874915,0.4286820260799211,0.3051984135053522,0.2661195604147265,text
273250$_$7,Negative,-0.33333334,Neutral,-0.1997060141428571,0.0892466942890146,-0.0123365062723532,-0.0127531271124752,-0.1544824512976951,-0.0009614959835788,-0.0467362174001453,0.5360942061909749,0.3689268713383666,0.0949789224706583,text
273250$_$11,Negative,-1.3333334,Neutral,0.0506116565714285,0.5346589660650967,0.1470356364200518,0.1145774761106394,-0.0281229507312882,-0.0459157715481807,-0.0673604353332797,0.7521610135155634,0.1597333618510265,0.0881056246334101,text
273250$_$12,Negative,-2.6666667,Negative,-0.6784469428571429,0.4141568819480716,-0.5134883405074699,0.0744188450107444,-0.0371224450978007,0.0021621852692249,-0.0917512504882268,0.8304072187704717,0.1231353274174757,0.0464574538120525,text
273250$_$16,Negative,-2.3333333,Negative,-0.8142300754285715,0.1861414163868689,-0.706519202518719,0.0005405991383925,0.0275248437555342,0.0077310573637886,-0.1875038376376463,0.8406129009953255,0.0193692789636205,0.1400178200410538,text
273250$_$19,Neutral,0.0,Neutral,-0.2841268887142857,-0.187765293922522,-0.1704485919524324,0.0463975364777849,-0.0355289706359824,0.1119325922617913,-0.0361798456402569,0.5730392420609793,0.1364539364869371,0.2905068214520836,text
275267$_$5,Neutral,0.0,Neutral,-0.0944854651428571,0.3185347603246258,0.0886619514402722,0.0310112774167838,-0.0753351433718655,0.0108954460052701,-0.0444560089265473,0.8096483214358426,0.1305410959992977,0.0598105825648596,text
27v7Blr0vjw$_$0,Negative,-0.33333334,Neutral,0.1149831808571428,0.163688036229774,0.2386455036167711,0.2071922931522366,-0.0766271777983098,0.29463592438894,-0.0643176108598585,0.3070988674691771,0.2938397297080674,0.3990614028227554,vision
27v7Blr0vjw$_$3,Neutral,0.0,Positive,0.3487777885714285,0.0587415784948461,0.110086904585841,0.1159268587307575,0.049893020000256,0.1121690523179705,0.0542746766469846,0.266394131434136,0.3700090999651881,0.3635967686006758,audio
28006$_$22,Negative,-2.3333333,Negative,-1.6428233,0.7462089827167233,-1.41443632949701,0.0012349443806161,-0.0836668821533201,0.0008227549277207,-0.0685030177450995,0.9584554921781778,0.0229237475567677,0.0186207602650543,text
28006$_$0,Negative,-2.6666667,Negative,-0.8881871785714285,0.3624469289188773,-0.6208276131601334,0.0210278424857121,-0.1697356520232472,0.0049569794330484,-0.1188357642996651,0.8233349919263393,0.1122185478124516,0.0644464602612091,text
28006$_$5,Negative,-1.6666666,Negative,-1.2463404214285714,0.8518214052620962,-1.1347767441942622,-0.0030999832659541,-0.0361821584945678,-0.0023809735528115,-0.0786599024608065,0.9656459395689604,0.0119015570180687,0.022452503412971,text
28006$_$7,Negative,-2.3333333,Negative,-1.8389574857142852,0.8597944350622999,-1.63117202834162,0.0003004021138469,-0.0642182713620864,-0.0010231217689368,-0.0077553192932124,0.9822829415056524,0.0151917614283972,0.0025252970659504,text
28006$_$13,Negative,-2.3333333,Negative,-0.5578766571428571,0.6201539496906862,-0.6964804678959982,-0.0061824198174961,-0.088976604046188,-0.0218367381070023,0.0703680451622554,0.9130813625961364,0.0383966564843703,0.0485219809194932,text
28006$_$15,Negative,-1.6666666,Negative,-1.7149780085714286,0.9151831102851956,-1.7381621909598706,-0.000183355169129,-0.0394259980352347,-0.0023940575006299,-0.0048313770581054,0.9885376898617998,0.0088136458627898,0.0026486642754102,text
28006$_$17,Negative,-2.0,Neutral,-0.0494848888571428,-0.0230084742338334,0.0214832821922987,0.3178140610714938,-0.1460926697394332,0.21253574479947,0.0434927014696091,0.0483707984971618,0.5876272218815505,0.3640019796212876,audio
28006$_$16,Negative,-1.3333334,Negative,-1.2327024942857143,0.831091321291446,-1.0879091733063235,0.000241937415916,-0.1102723826050022,-0.0028626046088028,0.0343229423881312,0.9587938001444336,0.0297176594927856,0.0114885403627807,text
286943$_$5,Negative,-1.3333334,Negative,-1.6968336657142855,0.8240540750666482,-1.920632471828142,0.0014034623362453,-0.057432502340611,-0.0006499461443835,-0.0093917036083983,0.9836569545219012,0.0138033896385669,0.0025396558395318,text
29751$_$10,Neutral,0.0,Negative,-0.6293916971428573,0.4008017097846107,-0.4876728646329989,-0.0084427651691633,0.0004330008284867,0.0217495550225467,-0.1262008220894515,0.8861154188826774,0.0135067623949505,0.1003778187223719,text
29751$_$1,Neutral,0.0,Neutral,0.113552117,0.1542008521385593,0.1783500963804032,0.0150466879047493,-0.0275241469716267,0.1084768459233768,-0.0469775246341194,0.5901822670166232,0.066908418908139,0.3429093140752377,text
29751$_$9,Neutral,0.0,Negative,-0.4981672592857143,0.278103796749569,-0.4163952443878654,-0.1935489416667269,0.0523234808687564,0.0092582079330479,-0.0273619233627493,0.6450886805730365,0.3264730258455481,0.0284382935814152,text
2BuFtglEcaY$_$11,Positive,2.3333333,Positive,1.5031787785714286,0.306511676060318,1.0247055899497712,0.0018659692885986,0.048750599647958,0.0133978439649519,0.2329285007116044,0.8558485136057774,0.0239240395137198,0.1202274468805027,text
2BuFtglEcaY$_$6,Positive,1.0,Positive,1.1889253428571431,0.057154681743895,0.8721966785611291,-0.0008205155998459,-0.0225785375074112,0.0107218671489909,0.1969313706237795,0.8041782315698593,0.0192942881314369,0.1765274802987038,text
2ItiGjefTRA$_$3,Neutral,0.0,Negative,-0.2587049819999999,0.3655409728535616,-0.1684110232168502,0.1932301201453668,-0.0962963496572963,-0.1664664218542098,-0.0593595880953821,0.5060582099259426,0.2704185343540372,0.2235232557200201,text
2ItiGjefTRA$_$4,Negative,-0.6666667,Negative,-0.5833806170142857,0.6193658698747947,-0.7222691697992054,-0.0810529342805509,-0.0056893025384087,-0.0098380992953579,0.0523156153045925,0.8864057266317021,0.0854841208735487,0.028110152494749,text
2W-U94hXuK0$_$3,Negative,-3.0,Negative,-1.237798964285714,0.400897259507841,-1.1355537037234986,0.0037939644877645,-0.0871437712974547,0.000838717441764,-0.1042510877233231,0.9192884582147206,0.0387356704589669,0.0419758713263124,text
2W-U94hXuK0$_$4,Negative,-2.0,Negative,-1.397327332857143,0.8955403298406537,-1.5512212567762589,0.0045705380214395,-0.1145190460540337,-0.0050227924910801,0.0125443219939531,0.9645301522309996,0.0291852152431283,0.0062846325258722,text
2fbBrB1nJEQ$_$0,Positive,2.0,Positive,0.8763265331428572,0.2508997447914728,0.7305361009621801,0.0052003428902708,0.1046213144190151,-0.0027299012201909,-0.0483874573751677,0.8934965098787631,0.0724215782897534,0.0340819118314834,text
2m58ShI1QSI$_$2,Positive,0.33333334,Neutral,0.2657381737142857,0.1297742273815619,0.3990099344206763,0.3098204193119583,-0.119555251479569,0.6763434518184726,-0.0928476756900493,0.1991127523831085,0.2649548681558478,0.5359323794610437,vision
2vsgDSlJ9pU$_$0,Neutral,0.0,Positive,0.5013312542857142,0.5218087120170694,0.5229718013047446,-0.0049294318591676,-0.0107135969833265,-0.1111856542423156,-0.1358679857857186,0.8084147819096948,0.0098717330371187,0.1817134850531864,text
2vsgDSlJ9pU$_$13,Positive,0.6666667,Positive,0.78970788,0.4980674721852587,0.8831192001552204,0.0138870091862639,0.0326171070987374,-0.0176235308914366,-0.1480348045686775,0.896255231759092,0.0280030124338914,0.0757417558070165,text
2ze94yo2aPo$_$0,Positive,2.0,Positive,1.2026310328571428,0.3341227344334396,0.8142285399848366,0.0042539572510069,0.0379009438057598,0.0066215775297687,0.140429430738787,0.8959549251001424,0.0249871631043678,0.0790579117954898,text
2ze94yo2aPo$_$5,Positive,1.0,Positive,1.0052234142857142,0.6962467162158549,0.9457826524811336,-0.0101848492830776,-0.130782293863787,0.0282393584746551,0.135452325413077,0.8883185341838467,0.0472293392183619,0.0644521265977915,text
35694$_$10,Neutral,0.0,Negative,-0.1991946314285714,0.2705096603404245,-0.2463869835872541,0.0031955008369937,-0.0566553899443381,-0.0114157084666139,0.0398645783950369,0.8828697641709138,0.0552812944758838,0.0618489413532024,text
35694$_$17,Negative,-1.6666666,Negative,-1.5191714642857144,0.4741871591899079,-1.3159192658450265,0.0006358998028558,-0.0541539922910419,0.0020072515396966,-0.0969061134670803,0.9451281486439532,0.019348495699053,0.0355233556569938,text
3At-BKm9eYk$_$5,Negative,-0.33333334,Positive,0.6427928142857144,0.0528919964431697,0.1215241853489212,0.0032473016478472,0.0517096538172042,0.0461681509549875,0.4201966556130581,0.3112115180108464,0.0682527514767344,0.6205357305124191,vision
3HyAaqre_Fk$_$2,Positive,1.0,Positive,0.9446664728571428,0.6974236049009508,0.9362759501621292,0.0130212380392961,0.0317084043500844,-0.0123478614936526,-0.1214112789156014,0.929636923959298,0.0217240741592386,0.0486390018814635,text
3HyAaqre_Fk$_$6,Positive,1.3333334,Positive,1.3519553614285715,0.6484393447239415,1.5662258041527994,0.0040216244795003,0.067994789117715,-0.00382914600083,-0.0736444435177829,0.9550711359682866,0.0217746599168996,0.0231542041148137,text
3OYY5Tsz_2k$_$7,Neutral,0.0,Positive,0.3582717199999999,-0.2385281958262818,0.2427135422350733,0.0336168536015794,0.0169203428874751,-0.1778301008835425,-0.0311827341835785,0.5840638495809068,0.0717790479249197,0.3441571024941733,text
3REPHw7oLWo$_$13,Positive,0.33333334,Positive,0.7095603071428572,0.1124128194504454,0.6434811711586749,0.0175382699968909,0.0142201378152575,-0.0078497488453728,-0.0674956716321671,0.8613385421297132,0.0586992599865033,0.0799621978837833,text
3wHE78v9zr4$_$24,Positive,1.3333334,Positive,1.31355225,0.456817832784235,1.1243555707910402,0.0054907573217415,0.0403611385716029,-0.0016576884692174,-0.0202232873546055,0.968166513843894,0.0220554773629167,0.0097780087931893,text
3wHE78v9zr4$_$7,Positive,1.6666666,Positive,0.8432181385714286,0.2925990065258197,0.6876109741331469,-0.0035487174560939,-0.0317373026991272,0.0019791466371543,0.0584357544483076,0.9361566159975414,0.0253464604943909,0.0384969235080677,text
3wHE78v9zr4$_$9,Positive,0.33333334,Positive,0.4927907242857143,0.6049013668925602,0.6514429724128342,-0.1432243152796389,-0.0854628599629647,-0.1567379413808326,-0.2351167758110154,0.6689464700439763,0.1397314388280119,0.1913220911280116,text
3wHE78v9zr4$_$12,Positive,1.0,Positive,0.5007122085714286,0.694458798974975,0.6556131777105958,-0.0026302522498075,-0.0025485507992389,-0.0429572392486115,-0.2098829117052949,0.8869257815527682,0.0033804038876995,0.1096938145595324,text
41381$_$7,Neutral,0.0,Neutral,0.0441685772857142,0.1636694413035535,0.0172416744976882,0.2031748429769239,-0.0429356617496834,0.0150248395056373,-0.0393096646736063,0.408201988318303,0.5240246885752393,0.0677733231064575,audio
41381$_$8,Positive,1.0,Positive,0.3106117285714286,0.40765940186775,0.4055967410686493,-0.1708774405183356,-0.0518808753436497,-0.085241919545409,-0.0743012215483733,0.6454620050186567,0.2237365990888639,0.1308013958924794,text
424SXFTCFsA$_$3,Positive,1.3333334,Positive,1.1650983285714285,0.2980332086176406,0.5955532671108653,0.0033523916030866,0.0514439875549315,0.0186571507202605,0.3781249373110089,0.7503601859734289,0.0309790447473716,0.2186607692791995,text
424SXFTCFsA$_$2,Positive,1.3333334,Neutral,0.2534964268571428,0.0302877411481446,0.1329496819868548,0.1317071751042701,-0.1040686504306673,0.0088770499883245,0.0710226326991269,0.2727241010138359,0.6082812412100801,0.1189946577760841,audio
424SXFTCFsA$_$4,Positive,2.0,Positive,1.1087250585714286,0.3033920729666862,0.539386209224876,7.529517288507037e-05,-0.0022093011152866,0.0186635251626697,0.3098004081066894,0.7974317967655018,0.0013396423743373,0.2012285608601607,text
46495$_$9,Negative,-2.0,Negative,-1.8314662785714284,0.4758946072106997,-1.7524665804093496,0.0018119690121313,-0.0713129423870631,-0.0011143842115526,-0.003464311073194,0.9743983389368716,0.0235158536355784,0.0020858074275499,text
46615$_$1,Negative,-1.3333334,Negative,-1.0329085142857144,0.7520456988581607,-1.0287843677986828,-0.0056302861889063,-0.0518552470792499,-0.0087784390538979,-0.0333329078714644,0.9623786411916264,0.0201404461130422,0.0174809126953313,text
4EDblUpJieU$_$7,Positive,1.3333334,Positive,1.0457133857142855,0.2701677873254967,0.4239946714344978,0.0073982456733703,0.110037602897535,0.023248508155338,0.3283233763791765,0.6995118660103185,0.074927693960861,0.2255604400288203,text
53609$_$10,Negative,-2.0,Negative,-1.6129435,0.9037610609685484,-1.650032094266347,0.0017359177400586,-0.0627089097420829,-0.0031658245417591,0.1027394833984374,0.9603314205016986,0.0149547788392343,0.024713800659067,text
53609$_$13,Negative,-2.0,Negative,-1.8084853514285717,0.8007018114748328,-2.062603319255551,0.0009119752486208,-0.0381537302585275,-0.0016616045510905,0.0383693863981846,0.9814806037162174,0.0089888067677108,0.0095305895160717,text
53609$_$3,Neutral,0.0,Neutral,-0.0529747328571428,0.073704896579649,-0.2694048775077384,-0.0266564775463773,-0.0367409437878308,0.1128394878648014,0.2076110435400172,0.4252963522369512,0.1011916764935623,0.4735119712694866,vision
53609$_$7,Negative,-1.6666666,Negative,-1.5471369528571428,0.9174567029476388,-1.9301779823870548,-0.0001433231789019,-0.0395934826788111,-0.008161334250306,0.1196012933112662,0.9621693588947754,0.0082240136371657,0.0296066274680588,text
53766$_$4,Positive,2.3333333,Positive,0.9174812771428572,0.6800901406566459,0.9613003459408542,-0.1107029051599789,-0.0549915182754734,-0.1269082323653021,-0.2608287424864849,0.7447651642400548,0.0960492993376527,0.1591855364222925,text
53766$_$9,Positive,2.0,Positive,1.1688114571428572,0.7985838717717526,1.3903697847964356,0.0041443013702608,0.0235343742227827,-0.0125370927194234,-0.194541105557142,0.9338668673277938,0.0088715194242537,0.0572616132479524,text
56989$_$12,Negative,-0.6666667,Positive,0.3309846828571428,0.0570721796329516,0.1164426260241481,-0.0970676813050857,-0.0011840218399211,0.0640872953681283,0.2058846769068963,0.2940720548942455,0.2989053565324052,0.4070225885733493,vision
56989$_$5,Negative,-2.3333333,Negative,-1.8808797714285717,0.6344508759808387,-1.802447661290334,0.0008794691464473,-0.0166660323059082,-0.0002613612119172,-0.0240806287272861,0.988221463454782,0.0051478925487846,0.0066306439964335,text
56989$_$9,Positive,1.0,Positive,1.20228758,0.6774434445241376,1.1889100517282292,-0.004591631459034,-0.0054166490142602,0.0058397668398036,0.0468338554794531,0.9747200809585954,0.0058071986224658,0.0194727204189387,text
59673$_$4,Positive,1.0,Positive,0.2126041085714285,0.4629958188806684,0.5127233585198621,0.1040030020968589,0.0358040800173977,-0.1496218051847433,-0.2685961522040013,0.6409572392198603,0.1172277686949595,0.2418149920851802,text
59673$_$6,Negative,-0.33333334,Negative,-0.4565612148571428,-0.1324485746736246,-0.2532660361457285,-0.0464488175309105,0.1247900823851579,0.2308388384666174,-0.2141934689478351,0.3571927874999103,0.1450137716311189,0.4977934408689708,vision
5eY4S1F62Z4$_$13,Positive,0.33333334,Positive,0.2401386085714285,0.1799762393489132,0.1270848003165735,0.2567176697167132,0.0399578445274588,0.1864702474963358,0.0362281283679224,0.3217991831188545,0.3908361731391073,0.2873646437420381,audio
5eY4S1F62Z4$_$17,Positive,0.33333334,Positive,0.2602221071428571,0.1807446719779751,0.352114460268838,-0.18861593527206,-0.0990587909598351,-0.090970650009433,-0.0255905422008378,0.4814129103560777,0.3579081626302516,0.1606789270136705,text
5fKPJPFqPho$_$2,Positive,0.6666667,Positive,0.2430042355714285,0.0711189108333016,0.3603911535542112,-0.193710062096811,-0.0698830637022666,-0.0206338911993585,-0.0554473796599491,0.4274968557919187,0.4850669156531019,0.0874362285549794,audio
5lrDS7LluCA$_$4,Positive,1.0,Positive,1.7356589714285715,0.4682892000785069,1.4333595490835804,0.0016797323475464,0.0031117989503044,0.0048852771285849,0.0616910735365732,0.9710893431770136,0.0027888343422143,0.0261218224807721,text
5pxFqJ5hKMU$_$2,Neutral,0.0,Neutral,0.4094268142857142,-0.1958655770663437,0.4881134129740783,0.3414622272296947,-0.1643895617873055,-5.5490405112212926e-05,0.0455361259515217,0.4656372925518992,0.5145796518335006,0.0197830556146,audio
5vwXp27bCLw$_$16,Neutral,0.0,Negative,-0.6466901428571428,0.1552799143623174,-0.6261994145384515,-0.003225237986668,0.0208687836996488,-0.0026006373750935,0.0240321975095273,0.9459653089288772,0.0264587903857953,0.0275759006853274,text
5xa0Ac2krGs$_$2,Negative,-0.33333334,Negative,-0.4665394424285715,0.0402330714771945,-0.1623805142897023,0.0072695854515157,-0.0796869417344328,0.0584580457220256,-0.2909999495330109,0.3326633651317957,0.1192734662605392,0.5480631686076651,vision
5xa0Ac2krGs$_$7,Positive,0.33333334,Positive,0.4566477085714286,0.5800831088884988,0.6428493086632265,-0.1278959537131696,-0.0236055365779113,-0.1540440801174798,-0.1705315479358999,0.6961904098892752,0.1189853215886606,0.1848242685220641,text
61531$_$3,Neutral,0.0,Neutral,0.1802967478571428,0.3599060799257328,0.4757569270391785,0.4279394140871275,-0.1720333045697402,0.036353962182962,-0.0527290839784676,0.4902040584797494,0.4588079270087665,0.0509880145114839,text
61531$_$9,Positive,2.0,Neutral,0.6322080071428572,-0.1922854618512247,0.7190200113902714,0.324693800809775,-0.1314404602616445,0.0313630884682014,-0.0621332564579009,0.5066726100752291,0.432246199549456,0.0610811903753147,text
63951$_$1,Neutral,0.0,Neutral,0.0738908928571428,0.3366175160526802,0.06183998958792,0.1253869013159557,-0.0958812957211903,0.0027210399756165,0.0209018346605982,0.6813917115280199,0.3001285300951237,0.0184797583768563,text
67uKYi7mslE$_$3,Positive,0.6666667,Positive,0.5841696642857144,0.7092380097692592,0.8641156487684796,-0.0048341611842795,-0.0134877607772826,-0.0125658515940292,-0.0135380458100998,0.974202405547864,0.009114209795462,0.0166833846566737,text
67uKYi7mslE$_$4,Neutral,0.0,Negative,-0.1352398122857142,-0.2765940413791913,0.1773804161368253,0.0043356708079673,-0.1342100164517179,0.0130294051632708,-0.1082215579289894,0.773734951449178,0.1130968995913373,0.1131681489594847,text
69824$_$5,Negative,-2.6666667,Negative,-1.9624661085714288,0.94588588438038,-2.321332167925802,0.0002295470872686,-0.0297349059009224,-0.0006141484344365,-0.0068553734956142,0.992473926671812,0.0058528080812598,0.0016732652469282,text
6EDoVEm16fU$_$13,Positive,1.3333334,Positive,1.4524563999999998,0.4798464618854582,1.0905000149026665,0.000963727640306,0.0440126936237876,0.0071108990066026,0.1748177943372451,0.9123526327648612,0.016913916535444,0.0707334506996948,text
6EDoVEm16fU$_$4,Positive,1.6666666,Positive,1.0262177642857142,0.5063657414011618,0.625374313752222,0.0016747316752275,0.0191310189554485,0.0093425442641703,0.1554101761852808,0.9117400829855632,0.0102697920722627,0.0779901249421741,text
6EDoVEm16fU$_$6,Positive,1.0,Positive,0.5062729071428571,0.2920061332461983,0.0340362227523803,0.1733694555815319,0.0428083915930611,0.3483370350729293,0.2567609010133198,0.3279779408556362,0.2028716460638003,0.4691504130805634,vision
6EJHA6IDLNk$_$3,Positive,0.6666667,Positive,0.6139903071428572,0.165726836586307,0.2351130739611762,-0.0054585291786803,-0.0237370556261334,0.4641730269154566,0.3924501269748756,0.286345748774907,0.0156850819083563,0.6979691693167367,vision
6EJHA6IDLNk$_$4,Neutral,0.0,Positive,1.484906914285714,0.0817893450006826,1.1933531019181385,0.0011605194742612,0.0264781141796655,0.0107787725662368,0.1915728559328349,0.8500116101591809,0.0177004903140325,0.1322878995267863,text
6RFVsOWK1m4$_$7,Negative,-0.6666667,Negative,-0.9101021857142858,0.8457091830363597,-0.8741101412909781,0.0048388649983571,-0.1039414206794739,-0.0032423590469481,-0.0160880911572048,0.9594226570891726,0.0333167355859786,0.0072606073248487,text
6RFVsOWK1m4$_$9,Positive,1.0,Positive,0.4272796514285714,-0.2099930474004259,0.3068278221654292,-0.1355918844678884,-0.0775256537458474,0.1041435587632929,0.092380001340193,0.5130605412714025,0.2652370234593095,0.2217024352692878,text
6brtMLkjjYk$_$0,Positive,2.0,Positive,0.4213377699999999,0.7406211917832642,0.3056755475379589,0.1656692590866382,-0.1625044181198883,0.0044280477535745,0.0590477989932318,0.7754654549227017,0.2023426343774862,0.022191910699812,text
6gtfeIqGasE$_$0,Positive,1.3333334,Positive,1.1691973285714286,0.4162708740653617,0.7040360007665907,0.0030204248262067,0.0627816906695775,0.0257212923165737,0.321781425786536,0.8057513195716784,0.0296426273339512,0.1646060530943702,text
6uoM8-9d0zA$_$4,Positive,0.6666667,Positive,0.6576226014285714,0.3939911424909471,0.3334887140737547,-0.0770661150349683,0.0009746297303554,0.1139975450310977,0.1853361514171818,0.6661477747492504,0.1020556741757886,0.231796551074961,text
79356$_$7,Positive,2.6666667,Positive,1.4412901285714288,0.8929229251995864,1.7589790242269587,-0.00596876028226,-0.0124006812915253,-0.0152107881922579,-0.1170914203782216,0.958315703258639,0.0065446796540226,0.0351396170873383,text
79356$_$9,Positive,1.0,Neutral,-0.0951270135714285,0.2822312157945834,0.0682260426763166,0.1328370180966344,-0.0297462604204205,-0.0062088302899481,-0.0597638598838833,0.6435992543756358,0.3012571392035303,0.0551436064208339,text
7IxmlIwqigw$_$20,Positive,0.6666667,Neutral,0.2744063307142857,-0.1084584248651899,0.1953137403098774,0.3739666960893855,-0.2133512243617684,-0.067254402849377,0.0459871492226382,0.247512154967627,0.6347184602548217,0.1177693847775511,audio
7IxmlIwqigw$_$16,Positive,0.6666667,Positive,0.708564447142857,0.4366704055434099,0.7411017520721817,0.0378201000460814,0.063892896324005,-0.0169642166503217,-0.098408550386309,0.8626213810741873,0.0745881195256505,0.0627904994001621,text
7deoh0NoMs4$_$0,Positive,2.0,Positive,0.7562264057142857,0.3821631408532496,0.5051299862564074,-0.1081877409085334,0.0173387721181378,0.0234446376393844,0.1549552702478462,0.7443715198686114,0.1540924659697266,0.101536014161662,text
7f3ndBCx_JE$_$19,Positive,2.0,Positive,1.177677057142857,0.4440212624628181,0.8520782813345567,0.0046891639655611,0.0230209108889987,0.0074626218624117,0.0902485810135975,0.9358468778897664,0.0158913957337912,0.0482617263764423,text
7mb8Y2AhXIY$_$6,Positive,2.0,Positive,0.8605019299999999,0.6644869481094751,0.7452330620049421,-0.0317060931949936,-0.0982199205995615,0.0814022343153488,0.0834037341065759,0.8401822806415667,0.0593126999664093,0.1005050193920239,text
83400$_$5,Neutral,0.0,Negative,-1.003489834285714,0.5739791066245457,-0.8917729390545354,-0.0111301281862185,-0.0294276214098029,0.0057074998363487,-0.0392995512937598,0.9563694751103634,0.0229854182154722,0.0206451066741644,text
86c2OkQ3_U8$_$22,Positive,2.0,Positive,1.2914996714285716,0.8942806225475135,1.4254665101034574,-0.0030217661451605,-0.0283298436198642,-0.0038244387809768,0.0171156326396397,0.9841927484642352,0.0089584384263904,0.0068488131093744,text
86c2OkQ3_U8$_$3,Positive,0.6666667,Neutral,0.2308233727142857,0.2071173150182971,0.4100718153215522,0.4694202176086813,-0.1397915327282246,0.0020737182474159,-0.0422764158833661,0.3924787498345921,0.5890668896781056,0.0184543604873023,audio
88791$_$15,Positive,0.33333334,Neutral,0.3051433892857143,-0.2415460496958971,0.2498149349955968,0.2267026638370319,-0.0781316150176346,0.0176871230199866,-0.0170474627517835,0.5405215560131059,0.4205896195990123,0.0388888243878817,text
88791$_$1,Negative,-1.0,Neutral,0.0817350172714285,0.0424206260371829,0.0435636897315758,0.1835704604688055,-0.1375491694004585,-0.0886311222974409,0.0333079002974377,0.1474811604887469,0.5942053407651374,0.2583134987461156,audio
88791$_$2,Neutral,0.0,Neutral,-0.0993584175571428,0.1164598725329917,-0.0637944866880403,0.0473007254560302,-0.0489365143811757,0.0883568385275833,0.0224781979031167,0.4634274812647445,0.2140499437504884,0.322522574984767,text
8XZszYrUSCQ$_$0,Positive,1.0,Positive,0.8698044942857142,0.4383160431763221,0.7816899122835512,0.1260953245718039,0.1797935464451597,0.0127772255292809,0.1021975887572369,0.7500725951361102,0.1996530376875545,0.0502743671763352,text
8i7u3fl-hP8$_$0,Positive,1.3333334,Positive,0.7741286628571428,0.7204801315171889,0.8564742331617068,0.020618079325537,0.1064160255007933,-0.024881547559542,-0.1512740039840917,0.8844733444436704,0.0493156967866414,0.066210958769688,text
8lfS97s2AKc$_$0,Negative,-1.3333334,Negative,-0.9505897348571428,0.7426817184937564,-1.2684616545572205,-0.0326124760565667,0.1407427358749328,-0.0244875671625808,0.1753217031822279,0.8776655864660111,0.0598865127315696,0.0624479008024192,text
8lfS97s2AKc$_$7,Negative,-1.0,Positive,0.7220458399999999,-0.0302217818853836,0.5739301901806259,0.0273781997259392,0.1568018592857469,-0.0057677665679368,-0.0634560701074764,0.6752020388156172,0.2427497255136609,0.0820482356707217,text
8wNr-NQImFg$_$8,Positive,0.33333334,Positive,1.0971345857142858,0.5616511022976388,1.1667333509597917,0.0159017118612304,0.120529860080937,-0.0153183192037499,-0.1269284445967538,0.8931602800925982,0.0526919096933116,0.0541478102140902,text
8wQhzezNcUY$_$1,Positive,2.0,Positive,1.3891247999999998,0.5107728931707628,1.2673083447464668,0.0025365706263613,0.0165654399045669,0.0028291053126272,0.045775394302586,0.972746319098655,0.0083997938680507,0.0188538870332941,text
8wQhzezNcUY$_$2,Positive,1.0,Positive,1.0888724085714283,0.5782504756252906,0.9915091699493932,0.0094382784751873,0.0778838239848762,-0.0001580225216433,-0.0203722871601432,0.9554744456228323,0.0372195179522597,0.0073060364249077,text
91844$_$10,Negative,-0.33333334,Neutral,0.071651745,0.1848430717174791,-0.0450984908023609,0.8681998241363521,-0.045548374420886,0.0178168603113689,0.0421069953036601,0.1792430478007453,0.7921925095705803,0.0285644426286743,audio
91844$_$5,Positive,3.0,Positive,0.9334223785714286,-0.1291651847718635,0.7281604520055771,0.0008731374399104,0.0376045282541548,0.008616240856176,0.1306157968017578,0.8501243652103729,0.0306504440014558,0.1192251907881713,text
91844$_$7,Positive,0.6666667,Positive,0.1725428528571428,-0.0644064775601519,-0.1527923155556106,-0.0434591254224996,0.0953559086278806,0.1758834066167207,0.1994865513825716,0.2663920204852234,0.1737904743425665,0.5598175051722101,vision
91844$_$9,Negative,-0.33333334,Negative,-0.3004750757142857,0.5800899166716061,-0.4957170149907425,0.017612550082518,-0.0169765947982624,-0.0358104954749091,0.109325570846247,0.8863965487934313,0.0276759714474771,0.0859274797590914,text
92291$_$1,Positive,1.3333334,Positive,0.6023674842857144,-0.2485466044422309,0.2332306228932845,-0.0127218712283695,-0.0042940312907844,0.2325792342120888,0.2927068526546125,0.486570622010337,0.0211055672965646,0.4923238106930983,vision
92291$_$2,Neutral,0.0,Positive,0.4449199657142857,0.0573402956059919,0.2073466549814442,0.0911560930917249,0.0406091836734172,0.0876761637759294,0.0582803621675982,0.373851785551354,0.3095109817983637,0.3166372326502822,text
92291$_$5,Negative,-2.3333333,Negative,-1.6341457714285714,0.9499623647979084,-2.2673966018575125,-0.0015376986680292,0.0015620156764439,-0.0046209636660815,0.0980876507145473,0.9774371695689196,0.0011794897529743,0.0213833406781061,text
92496$_$0,Negative,-2.6666667,Negative,-1.467290327142857,0.6855314576917475,-1.4221714701007913,-0.0003106472628534,-0.0007920628982325,-0.0027382413839468,0.020004057268546,0.9914661520032524,0.000491350200015,0.0080424977967325,text
93iGT5oueTA$_$12,Negative,-2.0,Negative,-1.936108985714286,0.4140522237650561,-1.7609049109057566,0.0004805592238573,-0.0211424705819269,0.0003063200710511,-0.0332077279268541,0.9814656684762332,0.0073809895521162,0.0111533419716503,text
93iGT5oueTA$_$4,Positive,1.3333334,Neutral,0.28426585,0.5195937628483316,0.2647051563698496,-0.0959978029775344,0.0434252015660082,-0.1218640310649391,0.015371230824634,0.7190777170077841,0.1306923550080806,0.1502299279841353,text
94481$_$2,Positive,0.6666667,Positive,1.179302277857143,0.7605972791284388,1.3853286869445796,-0.0066856532498198,-0.0435188997915034,0.0043077120665945,0.0841855795409776,0.9580217458569068,0.0166089594131669,0.025369294729926,text
94481$_$4,Positive,2.6666667,Positive,0.9966167171428572,0.4594394185727203,1.1032306447967148,-0.0034438157139553,-0.0201468082068961,0.0075458608771568,0.0565923071675328,0.9576621912783992,0.0117619575409464,0.0305758511806544,text
97ENTofrmNo$_$0,Positive,1.3333334,Positive,1.0342265614285713,0.5436693145737603,1.0301675095998464,0.0055012193419107,0.0525331147923713,-0.0009786695708912,0.0235275149189648,0.9653567176126244,0.0250434868242453,0.00959979556313,text
9GzFQBljNIY$_$0,Neutral,0.0,Negative,-0.5611128642857143,0.3178993159723858,-0.3910518526200805,-0.093948898909292,-0.0386275623227936,-0.0019240144470694,-0.0576130796458107,0.7779374390075298,0.1853942824561958,0.0366682785362744,text
9PzZSheh10U$_$24,Positive,2.3333333,Positive,0.9338107571428572,0.1717931507360385,0.8118032349430221,-0.0088800536492993,-0.1053120116679598,0.0378788682361924,0.270226661051723,0.7201215610414257,0.0715964768429188,0.2082819621156555,text
9PzZSheh10U$_$23,Positive,0.6666667,Positive,0.5611219742857144,-0.1187177221589979,0.2824545855357403,-0.0021498795325518,-0.0489040116789925,0.0234357654283901,0.1430050758767565,0.7038754673570766,0.061010966959917,0.2351135656830063,text
9PzZSheh10U$_$5,Neutral,0.0,Positive,0.8173313114285714,0.3766966284525457,0.6077536019921548,0.0057510315757229,0.031356212818647,0.0152135862865686,0.177008536779905,0.8649851570692634,0.0241945433110702,0.1108202996196663,text
9PzZSheh10U$_$19,Positive,0.33333334,Neutral,0.165400124,0.1106020835071646,0.2078155833077089,0.2312154722861273,-0.1134723893453096,-0.0015133845875465,0.0006844454358602,0.3991388374274941,0.5969967146955247,0.003864447876981,audio
9cYNT_YSo8o$_$2,Negative,-1.0,Negative,-0.8772206242857143,0.4480024914199242,-0.6109612414076833,0.0186752868945941,-0.1501314682881656,0.0144191027432336,-0.1755234812248939,0.8214475825948406,0.0866241173892127,0.0919283000159466,text
9orb0lQnVW4$_$0,Neutral,0.0,Neutral,0.0178526165714285,-0.0377911220576667,-0.0272300110911619,0.091696262791188,-0.0524917751066322,0.1162233363929663,-0.0213939172928822,0.1677348464137614,0.3907920035252897,0.4414731500609488,vision
A1lFJXUpxZo$_$7,Positive,1.6666666,Positive,1.1044513814285717,0.6041699963320903,0.9151055384029552,0.0001926097779008,-0.0015707466084724,0.0058491854076627,0.0189351500279453,0.9860347666523648,0.0007767115843475,0.0131885217632876,text
AB1PbMaW03s$_$13,Neutral,0.0,Neutral,0.1536542845714285,0.0968640311967929,0.177412436272947,0.1716264558591607,-0.148607731069307,0.0214415895099367,-0.0285366823540221,0.3822463778953268,0.5419083022809187,0.0758453198237544,audio
AB1PbMaW03s$_$3,Positive,0.33333334,Neutral,0.3210562234285715,-0.182412730993523,0.324525986486144,0.422655282875196,-0.1668405425528302,0.0106955528034515,-0.0267203215170091,0.3685518107905095,0.6065866275052583,0.0248615617042322,audio
AB1PbMaW03s$_$8,Neutral,0.0,Neutral,0.089820003,0.1990227293128004,0.1026163847545345,0.2535975983743713,-0.1191641615210981,0.0148860865124023,-0.0102631876816789,0.4280560509006183,0.5383438688292391,0.0336000802701425,audio
AHiA9hohKr8$_$0,Neutral,0.0,Positive,0.4511996571428572,0.6348414355005607,0.4550938398632118,-0.0871370465850315,0.0029960274618149,-0.0273877884954577,-0.0466013497618129,0.8571733120407282,0.0960506120872901,0.0467760758719816,text
C5-cY1nPQ20$_$11,Positive,0.6666667,Positive,1.0807716328571428,0.5001331083983107,1.10624736690367,-0.004795268807889,-0.0814369242717634,0.0236869594284281,0.2652059956773595,0.857806152801329,0.0315337434175201,0.1106601037811508,text
C5-cY1nPQ20$_$8,Positive,0.33333334,Positive,0.894380757142857,0.298916848086049,0.4935621218324115,0.0021873282706761,0.0455536249859399,0.0536164674100784,0.3416621688587732,0.7148358178023473,0.026795486697934,0.2583686954997187,text
CKqDDh50gcU$_$14,Positive,1.3333334,Positive,0.9676209242857142,0.4690999041494074,0.9485317449061148,-0.0059817734511258,-0.0828272251569585,0.0268740010809598,0.2665727885282679,0.8402284293229147,0.0359414326388656,0.1238301380382196,text
CKqDDh50gcU$_$6,Positive,1.6666666,Positive,1.0656046771428571,0.4499220865501689,1.0057086433534268,0.0010627614784035,-0.0156483320402092,0.0062672224015239,0.0966949452098083,0.9460467547000792,0.0075654891773097,0.046387756122611,text
CO2YoTZbUr0$_$0,Neutral,0.0,Negative,-1.0293565842857142,0.7533210721560947,-1.1830802830270717,-0.0012207533971463,0.0263643240155029,-0.0077718492481302,0.0586378038858905,0.9685009289322034,0.0084462408625817,0.0230528302052147,text
CO6n-skQJss$_$0,Neutral,0.0,Positive,0.2245382487142857,0.1656762063971388,0.1469970387573885,-0.2999908861199847,-0.1516844128490426,-0.065024968761396,0.0367010753502935,0.3341320124487013,0.5456184691897822,0.1202495183615165,audio
CO6n-skQJss$_$3,Negative,-1.3333334,Negative,-0.6999015471428571,0.4609984073643535,-0.8085974791416038,-0.0096666229885004,-0.0814184465242222,0.0023597615661321,-0.0739664886342565,0.9196560948017553,0.046334739461698,0.0340091657365467,text
CU6U-gS76K4$_$20,Positive,1.6666666,Positive,0.82432661,0.0674848953712813,0.6605060229014015,0.0123538827264564,0.0136597125327954,0.0216514675659119,0.1085624110155814,0.7937468683597051,0.0466532494511432,0.1595998821891516,text
CbRexsp1HKw$_$7,Neutral,0.0,Positive,0.5662531428571428,0.0260520100442889,-0.0213975415165765,0.037685815188834,0.1216864246875217,0.1249772588774345,0.2633828139198848,0.1023569196425526,0.2413540676248282,0.6562890127326192,vision
ChhZna-aBK4$_$10,Positive,0.33333334,Positive,0.7612198257142858,0.5761042617291314,0.8142400475607301,0.0183070980605054,0.0362126918898011,-0.0026842616274208,-0.0668547998459296,0.9386982522809492,0.0336462284467371,0.0276555192723135,text
ChhZna-aBK4$_$16,Neutral,0.0,Neutral,0.3862814485714285,0.0079093098108606,0.2999256841525881,0.3401452487477038,-0.1410115054987989,0.0055126369885276,0.01405784569749,0.2135345615273613,0.7662795013799639,0.0201859370926748,audio
ChhZna-aBK4$_$8,Positive,0.6666667,Positive,0.9242616642857144,0.6073956055198355,0.887667207425717,-0.0018011132895041,-0.0545842470808846,-0.0002168264914669,-0.0653563731424603,0.9555708137491704,0.0211533118642988,0.0232758743865309,text
DVAY-u_cJWU$_$5,Positive,1.0,Positive,1.1628747928571428,0.7101982756104037,1.2402232486438478,0.0004439516116245,-0.0110468092557636,-0.0008293832550728,0.0446554257617404,0.9826482989586448,0.0036085819346186,0.0137431191067366,text
DjcZrtcBZi4$_$10,Positive,0.33333334,Positive,0.85704873,0.4518323921053415,0.7575958086775861,0.010557975141299,0.0842268097413417,0.0155948605326162,0.0711384471837943,0.9003698090047544,0.0493842549879803,0.0502459360072653,text
DjcZrtcBZi4$_$8,Neutral,0.0,Positive,0.5538363457142857,0.1786770455462513,0.2496931681027985,0.1368181415011589,0.1132214410381208,0.027972182945096,0.0523969446326555,0.5434854248405508,0.3622265450427105,0.0942880301167387,text
DnBHq5I52LM$_$5,Negative,-1.3333334,Negative,-1.3668553685714286,0.3934464328328614,-1.19992362869618,0.0024035050141004,-0.0854338689785112,0.0734470418688437,-0.0131958068692452,0.8794797575243204,0.034231033665949,0.0862892088097305,text
DtbT85s3i94$_$5,Positive,1.0,Positive,0.2904229571428571,0.1916866815180664,0.162888578290694,-0.0584975067527969,0.0233605741042,0.0283447734172027,0.0633368260810306,0.680028636578239,0.1832455464412178,0.1367258169805432,text
EMS14J0odIE$_$16,Negative,-0.33333334,Neutral,-0.0720382198571428,-0.1324909020463432,-0.0727128763164062,0.1576210052186574,-0.0258068172407271,0.1996082786411421,0.0142015810643653,0.2972317987620702,0.3152383589607731,0.3875298422771567,vision
EO_5o9Gup6g$_$10,Negative,-0.6666667,Negative,-0.7085874514285715,0.844953050261663,-1.0955079195120212,-0.011229059623059,0.1131473729223305,-0.0123179939813391,0.016932150359268,0.9476073906517292,0.0383271178330965,0.0140654915151741,text
EO_5o9Gup6g$_$4,Negative,-1.0,Positive,0.2419523257142857,0.2909913646889709,-0.0595018931884724,0.0818809316273766,0.0503829952774429,0.1948009677961235,0.128524653711289,0.4803038517436002,0.152478272011679,0.3672178762447208,text
EO_5o9Gup6g$_$6,Negative,-2.0,Negative,-0.5257487114285714,0.7904977996180514,-0.8691261568538775,-0.0224933616789452,0.0718878690386527,-0.027363830007573,0.0485922366081674,0.9230769096504206,0.0396983780850498,0.0372247122645295,text
EyoMU2yoJPY$_$11,Positive,1.6666666,Positive,1.4086851,0.8069464494011546,1.4679186502484016,0.0008053119615408,-0.0034404448886327,-0.0023708573580546,-0.0495429005727494,0.9841793003860388,0.0014821515595753,0.0143385480543858,text
EyoMU2yoJPY$_$7,Negative,-0.33333334,Negative,0.0042441086571428,0.3264120532224554,-0.0540358165684258,-0.1032985087934381,-0.0433094316833488,-0.2371046433695178,0.1439598028142834,0.4609218997204976,0.1575576460076679,0.3815204542718344,text
F2hc2FLOdhI$_$3,Positive,1.0,Negative,-0.6967948142857143,0.5677054860901464,-0.5965513049377646,-0.0065508033732073,0.0594331558375766,0.0082500107715656,-0.0686342609666007,0.9302345234858724,0.0319907618569094,0.037774714657218,text
F2hc2FLOdhI$_$5,Positive,1.0,Negative,-0.2247200278571428,0.2478950123487272,-0.0774817510913279,0.0176629665571899,-0.1030402513759231,-0.0019843773715998,-0.0555183962259728,0.7905964264902059,0.1502205045655008,0.0591830689442932,text
F8eQI8E-6q4$_$3,Negative,-0.6666667,Negative,-1.17435625,0.4301054830495215,-1.0878799146980047,0.0019156965282868,-0.0979453774043492,-0.003919048588531,-0.0006074843270438,0.9534702070580078,0.0415725460998711,0.0049572468421211,text
FHDVQkU-nGI$_$7,Positive,2.0,Positive,1.5708912571428577,0.2804395879842134,0.9223548166256365,0.0019552943625416,0.0312769543714255,0.0059819443934754,0.2022019414831981,0.8726891782388215,0.0183787706844079,0.1089320510767705,text
F_YaG_pvZrA$_$11,Neutral,0.0,Positive,0.9143402814285712,0.7962504582364771,1.0268163764535998,0.0018976745826536,0.0002393023728941,-0.0185459663605316,-0.1833457198041208,0.9330919175345992,0.0016206399517809,0.0652874425136198,text
GAVpYuhMZAw$_$12,Positive,1.0,Positive,0.627664042857143,0.6284507543072718,0.5742880879178244,-0.006932427520937,-0.0497604710107802,-0.0751277116295516,-0.051624697811835,0.8761880695395518,0.0251345128053329,0.0986774176551153,text
GAVpYuhMZAw$_$1,Positive,2.0,Positive,0.4484349717142857,0.2116533169802787,0.4777603737899766,0.0160049605578129,0.022258877131183,-0.016129337553899,-0.0806684822220357,0.8480773096960035,0.0535602513809275,0.0983624389230689,text
GAVpYuhMZAw$_$4,Positive,0.33333334,Positive,0.4445580257142857,0.2928062293097669,0.3073704455353948,-0.1425301335608056,-0.1099033214910125,0.0193454558766384,0.054041700947241,0.6460795355396848,0.292854508931663,0.0610659555286522,text
GAVpYuhMZAw$_$6,Negative,-0.33333334,Negative,-0.5126623342857143,0.316377740757685,-0.5280457939133426,0.0016251814411664,-0.020233393431812,-0.0817032635595401,0.0352150838576943,0.8286594781479262,0.014085469011658,0.1572550528404158,text
GK-Pprzh0t0$_$1,Negative,-1.6666666,Negative,-1.0940498971428572,0.4058903972767302,-0.8462197009921455,0.0001206463282829,-0.0442621033021763,0.0094957882099507,-0.1321137638943917,0.909557217411508,0.0196658262669769,0.0707769563215151,text
GKsjv42t284$_$1,Positive,1.3333334,Positive,0.8429917514285715,0.4273404937067415,0.8124661301362447,0.0157582376945257,0.0218266751046536,-0.0070641505767458,-0.1080110507390484,0.9135094473259244,0.0301385267661797,0.0563520259078956,text
GMa0cIAltnw$_$3,Positive,0.33333334,Positive,0.6578834257142857,0.8036064202847083,0.7304274936793078,0.0046908774352405,0.0015351887447465,-0.0212821808056842,-0.1258818392055403,0.9386430262453548,0.0046638082037854,0.0566931655508595,text
GNP0PFas12Y$_$4,Positive,0.33333334,Positive,0.5455483657142858,0.3506696475269631,0.2314770036744132,0.0260861499133446,0.0318918325241035,0.0383605082753512,0.109516281232229,0.7931398789237722,0.0680682026891624,0.1387919183870652,text
HFPGeaEPy9o$_$0,Negative,-0.33333334,Negative,-0.8111584599999999,0.8648931913372865,-0.8800539918182706,0.0047608260509911,-0.0445493617699104,-0.0104964531647654,0.0520203040707833,0.9606473460572114,0.0162650314951785,0.0230876224476102,text
HJTxq72GuMs$_$14,Positive,0.6666667,Positive,0.4132126028571429,0.2655810060302753,0.4717335319467572,-0.0487608309599431,0.0328919303791482,-0.0894979685048757,-0.0607938285862077,0.7138549825927678,0.1008332040452911,0.1853118133619411,text
HMRqR-P68Ws$_$0,Positive,1.0,Neutral,0.2686087342857142,0.5136570901119667,0.4174224737046977,-0.0640980450556272,-0.0850346575278364,0.0946003706591313,-0.0734801651564135,0.7552606492770255,0.1069527129930845,0.1377866377298898,text
HR18U0yAlTc$_$10,Neutral,0.0,Positive,1.4487512285714286,0.8006242326315183,1.650976990591693,0.0032912663631543,-0.0110303159776961,-0.0014030814833401,-0.005869490384565,0.9924132907971848,0.0051187493293764,0.0024679598734388,text
HR18U0yAlTc$_$4,Negative,-0.33333334,Positive,0.8103873157142857,0.8168901814178581,0.8926859220823335,-0.0204833687420767,-0.1796386175854601,0.0035081203715645,-0.0059461868167659,0.9284739520507228,0.066952059239326,0.0045739887099513,text
HR18U0yAlTc$_$9,Negative,-0.33333334,Positive,0.4855124285714285,0.6728670338914963,0.9190860507614228,-0.1343063831083603,-0.1091052575299398,-0.0408009012588166,-0.1025827233809063,0.799436569401408,0.1393378579902743,0.0612255726083177,text
HbaycY0VuZk$_$0,Positive,1.3333334,Positive,0.7784920314285715,0.3339781558672634,0.685733449321913,0.0092617488387508,0.0611325141267395,-0.0004442169490803,0.0203987680068316,0.9384707070197504,0.0494449843244927,0.0120843086557566,text
IHp8hd1jm6k$_$27,Positive,1.3333334,Positive,0.4278974242857142,0.6946477202832942,0.6611105674428217,0.0806911356728367,-0.0234606279509789,-0.0555677699524175,-0.1979268313169861,0.8132967429109003,0.0786716717224294,0.1080315853666703,text
IHp8hd1jm6k$_$0,Positive,1.6666666,Positive,0.1743377662857142,-0.0201845404529543,0.2233163014780676,-0.1377206092599839,-0.0749852111634984,-0.0238649564555306,-0.0425861741088916,0.3203233601896579,0.5508329245251593,0.1288437152851827,audio
IHp8hd1jm6k$_$5,Positive,1.0,Positive,0.8279395714285716,0.6877905756006242,0.9386372240409852,-0.0139171791168795,-0.0908155937396456,-0.0121654991615794,-0.1104862334589276,0.9148118690004888,0.0403976093831053,0.0447905216164059,text
IHp8hd1jm6k$_$7,Neutral,0.0,Positive,0.07814445,-0.4503730833863915,-0.1237348629495211,0.0486715894997287,0.1021964714928048,0.0249092344391706,0.0373148572164637,0.8036879478044215,0.1352570266564746,0.0610550255391037,text
IHp8hd1jm6k$_$15,Positive,1.3333334,Positive,0.5126913722857143,0.6044407809340933,0.6832061505197788,-0.1450715762865133,-0.1653393527506343,-0.1060330243232087,-0.0955311101741714,0.7111172759944697,0.1710632919849856,0.1178194320205446,text
IIPYcCii7Sg$_$3,Negative,-0.33333334,Positive,0.3719446264285714,0.4388695650973435,0.2711509353426538,-0.0766971403955691,-0.1272562583563996,-0.021532508551859,-0.0367527307065882,0.7758575875673714,0.1746176834476425,0.049524728984986,text
IRSxo_XXArg$_$12,Neutral,0.0,Positive,1.4991100285714285,0.4849123220373209,1.0722642907054356,2.1544255403571636e-05,0.0441310942152839,0.0146085203937449,0.3337734196847097,0.8569603618216491,0.0149877195679484,0.1280519186104023,text
IRSxo_XXArg$_$7,Neutral,0.0,Positive,1.5457404142857143,0.3478955906970468,1.1202719268867494,0.001206399940493,0.0614107478755405,0.0066909243403684,0.1959267826830182,0.8850589531975268,0.0265972439596003,0.0883438028428729,text
Iemw8vqt-54$_$13,Positive,0.33333334,Positive,0.6715362485714287,0.5204434540800497,0.5057434986428521,-0.0055986410222571,-0.0851445720980179,0.0115764660607419,0.0749855370077733,0.90711690450961,0.0447356759562326,0.0481474195341574,text
Iemw8vqt-54$_$0,Positive,0.6666667,Positive,0.9615739828571428,0.2308642036376448,0.6098551185865237,0.0051705237973634,0.0869825812120274,0.0237294362658714,0.2698591425812421,0.7459654561014322,0.0587026224265012,0.1953319214720666,text
Iemw8vqt-54$_$9,Positive,1.0,Positive,0.7106194228571429,0.2069578693180732,0.441099693583483,-0.0206327262432138,-0.0927321241797093,0.1586464617522477,0.3305988672161729,0.5249129209132425,0.0764307764087092,0.3986563026780482,text
JKueLneBoik$_$0,Positive,1.0,Positive,1.1368276714285712,0.0660797266173047,0.827458720448521,-0.0061381926297524,-0.0111518946005686,0.0256069008884494,0.2832883067500521,0.7246836157834396,0.0208895213528396,0.2544268628637207,text
JKueLneBoik$_$4,Neutral,0.0,Neutral,0.3051442299999999,0.0882376348220855,0.4853903170572499,0.280406687943773,-0.0596875688429751,0.0578552189830361,-0.001959857301663,0.4106697432806285,0.4932327919862385,0.0960974647331329,audio
JNhqI4JtPXA$_$3,Positive,2.0,Positive,1.586327407142857,0.3406802021595502,1.0563657806983129,0.0012557881077744,0.0304741084106443,0.0077758464571253,0.2653090348796298,0.8655394411459381,0.0142596488141223,0.1202009100399394,text
JXYot3NDQn0$_$2,Positive,0.6666667,Positive,1.0670766957142857,0.8065699582214558,1.1153747299990815,-0.0055318564855743,-0.0878829318459211,0.0022241413651775,-0.0549712905887713,0.9551167432578772,0.02822822564784,0.0166550310942828,text
KB5hSnV1emg$_$3,Neutral,0.0,Neutral,-0.0189773916428571,0.7386955761357052,0.032079565562102,0.1016704785516785,-0.0408243741270083,0.7386955761357052,-0.0385361023542,0.4636709014068586,0.0713265749471319,0.4650025236460094,vision
Kn5eKHlPD0k$_$12,Positive,1.0,Positive,0.7784738142857143,0.7415065639301894,0.8104903523692676,-0.0054596314200712,-0.0071464493589128,-0.015504413823894,-0.0728407048471723,0.955039564026057,0.0074028202828545,0.0375576156910883,text
Kn99u05vlpA$_$5,Positive,1.6666666,Positive,0.2107345214571428,0.2029865661504639,0.1520423434334298,-0.0288798949000108,-0.0587555076735203,0.1200582640199657,0.0486372596376865,0.5786166886220608,0.1105490920160836,0.3108342193618556,text
L-7oRnbi9-w$_$3,Positive,0.33333334,Positive,0.4471352442857143,0.2653445458030389,0.3285233295147705,-0.1096402252608369,-0.0222310890286363,0.0028244006195012,0.0788404656066159,0.7194759125009066,0.2246620169940252,0.0558620705050681,text
L-a4Sh6iAcw$_$7,Positive,0.6666667,Positive,0.7021628871428572,0.6135000625516608,0.7711786167830686,-0.0037780876317258,-0.0422871370532225,0.0110303849929073,0.1172607794272505,0.9275573386555298,0.0190440428381174,0.0533986185063526,text
L-a4Sh6iAcw$_$9,Positive,0.6666667,Positive,0.913960125714286,0.8592667652453391,0.9402906843972108,-0.0114229618787236,-0.1583573212668717,0.0097218260951087,0.1159113825344195,0.9124167257038625,0.0499575974526312,0.0376256768435063,text
LD3HYOwk1Bc$_$0,Neutral,0.0,Neutral,0.108145437,0.135538896291292,0.3021162896645388,-0.0743502615536649,0.0596293455085051,0.011859205855387,-0.1750617906089872,0.5896023414818581,0.2351645424798018,0.17523311603834,text
LJGL2sGvSS0$_$2,Positive,1.3333334,Neutral,0.3690686642857143,-0.0073911371799265,0.1423906377117157,0.1693414918855262,-0.139321600565992,-0.1048688161947067,0.1246231232104165,0.1315313146971194,0.5174051128229802,0.3510635724799003,audio
LJGL2sGvSS0$_$10,Positive,1.3333334,Positive,0.7270728014285714,0.6457535070191399,0.6808963503032562,0.0219562354664955,0.0339313920995657,-0.0204941802319638,-0.1279582546349443,0.9005155409786422,0.0343262623690263,0.0651581966523314,text
LJGL2sGvSS0$_$14,Positive,1.6666666,Positive,1.1341551,0.7075808097737866,1.133431786991964,-0.0179408510924854,-0.1093270980340141,0.0067564600493271,0.0489815442171368,0.9333823725923256,0.0467668492262448,0.0198507781814295,text
LJGL2sGvSS0$_$19,Positive,1.0,Negative,-0.0226268901428571,0.5298153755805319,-0.3456192575467049,0.1021564296051156,-0.0641358282622047,-0.1475933544066798,0.2769556684081478,0.639605142339281,0.1224976378497074,0.2378972198110115,text
LcfubBagG6Q$_$1,Positive,1.3333334,Positive,0.4549637214285714,0.3764231496911026,0.3525879868311269,0.1148462396986236,0.0604218937328611,0.1237784412338662,0.0825165402016196,0.6330911624507373,0.1730105602000965,0.1938982773491662,text
LcfubBagG6Q$_$3,Positive,0.33333334,Positive,0.7354459771428571,-0.1253974573429874,0.5730623356273977,0.003221369924619,0.0732246773923928,0.0103276147596036,0.0224735639265386,0.8744056673261438,0.0763529795231708,0.0492413531506853,text
LyOq9mOEPuk$_$8,Negative,-0.6666667,Negative,-0.6930970057142858,0.5765041383784173,-0.7824544371600888,0.0105476100089992,-0.1033292452501625,-0.0078563379076702,0.0942364513511943,0.908571099366846,0.0488190067899733,0.0426098938431806,text
MHVrwCEWLPI$_$4,Positive,1.0,Positive,1.1154850657142856,0.2893393393248308,1.054425080936631,0.0001295933609829,-0.0654938370343671,0.0083600611490187,0.1055730942814634,0.907249720065711,0.03109168014946,0.0616585997848288,text
MHVrwCEWLPI$_$6,Positive,0.33333334,Positive,0.4768769685714286,-0.2900677046849815,0.1628739927499335,-0.2380801689476818,-0.1558010292901611,0.337302469953996,0.2550982064437567,0.3258790578295181,0.2744502943681891,0.3996706478022926,vision
MHyW857u_X8$_$18,Negative,-0.33333334,Negative,-0.5161835711428571,0.7893530208791916,-0.6745458558447068,-0.0202301907396657,0.0206366170218539,-0.0211075909986458,0.0236260595087021,0.9475919459867752,0.025328621881284,0.0270794321319406,text
MZUr1DfYNNw$_$1,Positive,1.3333334,Positive,0.7080424314285715,-0.0478123506186545,0.1817730381207494,0.0104581321984557,0.1018061843488584,0.0327505527650338,0.2782360584795162,0.3895298941374716,0.159520934913446,0.4509491709490824,vision
NIpuKcoJhGM$_$0,Positive,2.0,Positive,1.3102295642857142,0.3325640320318871,1.284906414936706,0.0039306347052818,0.0274298264916554,-0.006069615728086,0.0675136095051356,0.948103023309368,0.0162911879547222,0.0356057887359097,text
NVLPURuAVLU$_$2,Negative,-0.6666667,Negative,-0.1750411501428571,0.147026619799419,-0.1480013259561659,-0.0168895747534808,0.0143474105205193,0.0102759527102793,-0.0452042193825416,0.8068175137878859,0.0890474140478842,0.1041350721642298,text
NaWmaHwjElo$_$5,Neutral,0.0,Neutral,0.1514258115714285,0.153569376981743,0.3421023708664016,0.226182273049226,-0.0912068608853298,0.2513815889005187,-0.0647726657904548,0.3356958702918209,0.3218731331315388,0.3424309965766401,vision
NiAjz4ciA60$_$1,Positive,1.0,Positive,0.8801298514285714,0.1218870158459539,0.5588671655804375,-0.0326261498015642,-0.1750740802436612,0.2829994818903079,0.4194372222104698,0.3749227707500969,0.110690098200296,0.5143871310496071,vision
NocexkPXja8$_$13,Negative,-1.0,Negative,-0.6745025885714285,0.5522602263490806,-0.4927409171815763,-0.0070642085090366,-0.0173896963864897,-0.0020905105213845,-0.0945654413287462,0.9390900414455708,0.0168559712768067,0.0440539872776225,text
NocexkPXja8$_$4,Negative,-2.3333333,Negative,-1.392776922857143,0.803187388743775,-1.3466544120727042,-0.0003963336915481,0.0162524246988349,0.003470449567104,-0.1180354775882395,0.9626129336844832,0.0044697481312511,0.0329173181842654,text
O-b3DQg0QmA$_$1,Neutral,0.0,Positive,0.3916092207142857,0.1661733936585498,0.4419300972104645,-0.1544582691181382,-0.1593410638008227,0.3810844626148246,0.1640790321218688,0.3276261093601352,0.2169364854640648,0.4554374051758001,vision
OFia3dWgaoI$_$0,Negative,-1.3333334,Neutral,-0.2401147954285714,-0.1347651228646061,-0.3158414716286888,0.3582201031091861,0.2823498247869808,0.0891667280405267,-0.0259298725971723,0.3037812443081739,0.5724387422711841,0.123780013420642,audio
OFia3dWgaoI$_$6,Negative,-0.6666667,Negative,-0.75762886,0.7993215229648937,-0.9148232125757108,-0.0244026216788041,0.3077833292792838,-0.01041429552621,0.0015459680184609,0.888964841713282,0.1022364845232191,0.0087986737634988,text
OKJPFisBoPY$_$0,Positive,0.33333334,Positive,1.186200862857143,0.7159400315426485,1.1507001863529398,-0.0109267602877534,-0.0687368370057459,-0.0140174650751409,-0.0798216830936102,0.9365710360308058,0.0288244376745693,0.0346045262946248,text
OORklkFql3k$_$10,Negative,-0.33333334,Negative,-0.7451668,0.713304275824,-0.665290404791505,-0.0055591200941463,0.0481949404529026,0.0164277261357211,-0.1612190605691638,0.9106094505333304,0.0210584849782083,0.068332064488461,text
OORklkFql3k$_$4,Negative,-2.0,Negative,-1.2039907,0.4142306037474197,-0.9952727012175612,0.005427123886464,-0.0728110224114009,0.0096362851735176,-0.1768406140058245,0.8835908396376619,0.0351753670999083,0.0812337932624297,text
OWWHjP3pX9o$_$0,Negative,-0.33333334,Neutral,0.0125153385714285,0.5904905655729596,-0.140364660580823,0.0042798872643748,0.0214825077327823,0.0805771825833823,-0.0146168160039874,0.868027412525583,0.0155832291252776,0.1163893583491393,text
OWWHjP3pX9o$_$4,Positive,0.6666667,Neutral,-0.0505350450857142,0.5604234768838994,0.1023309336704069,0.1213621762947525,-0.0548929412987348,0.1043529274745518,-0.0869274517792409,0.6853238810892769,0.1609870021105695,0.1536891168001536,text
OXsTIPdytiw$_$0,Positive,0.6666667,Positive,0.4984883885714285,0.3550485251476241,0.3500499348971121,-0.0089487407980622,-0.0144058672029332,0.1057308628132658,0.107911331993201,0.7521428432964802,0.0219245070626637,0.225932649640856,text
OXsTIPdytiw$_$7,Positive,0.6666667,Positive,0.8071770814285715,0.7607474732665767,0.8222978522108038,-0.0104551987703276,-0.0936789025780377,0.010987815384161,0.068942748798959,0.9318771396450448,0.0375340951456187,0.0305887652093366,text
Oa2xVjzAMFc$_$9,Negative,-0.33333334,Negative,-0.2704155585714285,0.3942146973892353,-0.2505157459113816,-0.1135899086503399,0.0676938889163344,0.0251077430684267,-0.0449384506378391,0.7305014009873806,0.2081995566613875,0.0612990423512318,text
OctOcfI4KSs$_$3,Positive,0.33333334,Neutral,-0.1242349011428571,0.5070772146159139,-0.1254992465758879,0.2130196779177061,-0.0073388970594238,0.0143909854420607,-0.0074905462434166,0.702592492388457,0.2757914701943144,0.0216160374172286,text
OctOcfI4KSs$_$7,Positive,0.33333334,Neutral,0.2014877914285714,0.6074861792722731,0.1966505605162948,0.0395685021863672,-0.027504170476363,0.0249579875852005,-0.0129323466979338,0.8961371527637687,0.0648919485297941,0.0389708987064372,text
P0UHzR4CmYg$_$1,Positive,1.0,Positive,0.3594992851428572,0.2211735632930639,-0.0706198323129658,-0.0097427058894851,-0.0080432116064757,0.2468810972516502,0.2450836278354367,0.4178045207837166,0.0212113749288569,0.5609841042874263,vision
P0UHzR4CmYg$_$3,Positive,0.6666667,Positive,0.6537678614285714,0.6118047304241764,0.5405845668726007,-0.0563205062900731,-0.0981221848273578,-0.0419066186585451,-0.0007281952643695,0.8579066910154569,0.0964364546394873,0.0456568543450557,text
P0UHzR4CmYg$_$4,Positive,1.0,Positive,1.2069852,0.0743058406246311,0.799152023468038,0.0003498342027361,0.0219081117802211,0.0094699568267551,0.2032489254170009,0.8005645717622666,0.0179821938881934,0.1814532343495399,text
P0UHzR4CmYg$_$8,Positive,0.6666667,Negative,-0.0632960433914285,0.4310092551469323,-0.2459761103324684,0.079916204692434,-0.0875460217549425,-0.0666944305040514,0.0956771089586735,0.711823284359666,0.1513809979941418,0.136795717646192,text
P0UHzR4CmYg$_$11,Negative,-1.0,Negative,-0.522478772857143,0.7312411753039365,-0.630958147078536,0.0116790839580557,-0.1116827372438104,-0.0155747227286666,0.081118471124559,0.9114098142237972,0.0473405691351297,0.041249616641073,text
PcqKFt1p3UQ$_$10,Positive,0.33333334,Neutral,0.0673917172857142,0.112515703298645,0.0970588446310037,0.1407653677891076,-0.1022733032056814,0.0787151352554537,-0.0323250430654752,0.3540157519464754,0.42729702845005,0.2186872196034745,audio
PzI6yY9Y2xQ$_$0,Positive,1.6666666,Positive,1.3445945142857143,0.1745394815225005,1.3010837294915372,0.0061433644176123,0.0482917699652538,-0.000145957633159,-0.0272572194669449,0.950801930882712,0.0347669210251077,0.0144311480921802,text
PzI6yY9Y2xQ$_$2,Positive,1.3333334,Positive,1.0261424757142856,0.8720302342539146,1.1320825111255757,-0.0021512189273957,-0.0468916404857526,-0.0025549481339544,-0.0369262547762625,0.9745362440573876,0.0138699368121534,0.011593819130459,text
QBc7X5jj8oA$_$4,Positive,1.3333334,Positive,0.5550641142857143,0.5301235687635051,0.6019990238721099,0.002194052385385,0.0209527720258986,-0.0086537758822514,-0.0987486315664154,0.935066135308468,0.0117439040787821,0.05318996061275,text
QCR7uyowjhM$_$10,Positive,0.33333334,Positive,0.1908621457142857,0.0304306445803386,-0.0526742840315246,-0.170139485313276,-0.0665170796078927,0.3000059847414779,0.1519218150130707,0.0812064789439461,0.3254298414194109,0.5933636796366429,vision
QCR7uyowjhM$_$8,Neutral,0.0,Positive,-0.0107048578571428,-0.1638278401302969,-0.3245637719131374,0.4098150998721158,0.2098915731656331,0.3817523490468518,0.0318869784463296,0.2377394290661469,0.4193226662181676,0.3429379047156855,audio
QIonRUsCqBs$_$1,Positive,1.3333334,Positive,0.9437502771428572,0.6899442749322707,0.8030066876484799,0.0018057251689368,0.0088292934877451,0.0028550022518879,-0.0182308576124134,0.9859148944485588,0.0048891718156147,0.0091959337358264,text
Qfa1fY_07bQ$_$5,Positive,1.3333334,Positive,0.3345500371428571,0.2438070528246293,0.4831151464298465,-0.0194083990729477,-0.0151249263825062,-0.2690190602569189,-0.1611359489672852,0.5383393065488917,0.0325122061114145,0.4291484873396937,text
R9xTBw3MCWI$_$5,Positive,0.33333334,Positive,0.9538219471428572,0.1073761279898248,0.7854080270809283,0.0048891451929801,0.0222856983908081,0.0032377414746772,0.00570693040996,0.9548470981746888,0.031858630007487,0.0132942718178241,text
ROC2YI3tDsk$_$13,Positive,0.33333334,Positive,0.9757593771428572,0.3216164442595596,0.5311809040857913,0.0027865102816151,0.0169788159681919,0.0323554282505554,0.3295466332815224,0.7679899606596226,0.0130074884134092,0.2190025509269683,text
ROC2YI3tDsk$_$3,Positive,1.0,Positive,1.1299217771428574,0.463979900379461,0.927012333083213,0.0033345134782699,-0.0086224417379323,0.0070877796556846,0.0922635455438669,0.9460843692838868,0.0075990146998046,0.0463166160163085,text
RVC8l5hf2Eg$_$13,Negative,-0.6666667,Negative,-0.6217631561428572,0.2952972809325535,-0.3712533975299179,0.0026857761161466,-0.0750105462981385,0.0052884844713763,-0.1384818045169378,0.8411471782058946,0.055580139921083,0.1032726818730223,text
RVC8l5hf2Eg$_$8,Negative,-0.33333334,Negative,-0.3833443291428571,0.2417025301946161,-0.3816973876151329,0.0077768791254559,-0.0043414190354829,-0.0418364812342295,0.0186494372841829,0.8656138660719541,0.0216418576033158,0.1127442763247299,text
Rb1uzHNcYcA$_$4,Positive,1.6666666,Positive,1.347581,0.3493133425120691,0.9975935506094524,0.0031833804190568,0.0944535442886351,0.0096409467153525,0.1072115097852433,0.8949376480655109,0.0455024619135733,0.0595598900209157,text
RvmTZVNAAuQ$_$2,Neutral,0.0,Positive,0.7636469085714286,0.4941896999611994,0.8468610787378529,-0.0005727150131464,0.0066600861706542,-0.0003193966728252,-0.0293321870919145,0.9836710324190407,0.003537956801588,0.0127910107793712,text
SKTyBOhDX6U$_$11,Positive,1.6666666,Positive,1.0378797285714287,0.3119081881181942,0.8809080600129674,0.0004624731797406,0.060716183848463,0.0045500672712088,0.0680094252130782,0.9266662240364812,0.0316791138056109,0.0416546621579079,text
SKTyBOhDX6U$_$12,Positive,0.6666667,Positive,0.5131910614285715,-0.1827956324049263,0.2798250161259931,0.0018923424263277,0.0443447105202921,0.0859494256533006,0.0753495864186533,0.6836638335844235,0.0412914285287954,0.275044737886781,text
SKTyBOhDX6U$_$9,Positive,1.0,Positive,1.01215575,0.4697131100365403,0.8327463482426235,0.0057777223696664,0.0681290158522469,-0.0014504812230943,-0.0500253821803502,0.9412866610634824,0.0358824776943637,0.0228308612421536,text
SYQ_zv8dWng$_$0,Positive,0.33333334,Positive,0.5984445657142857,0.3189096876429914,0.597570707339077,-0.0046770208397683,-0.0031838101906149,-0.0835907594892495,-0.0040287571200016,0.8510575627805511,0.0094260115663244,0.1395164256531245,text
SYQ_zv8dWng$_$5,Positive,0.6666667,Positive,0.6921431828571428,0.5965059960757426,0.8200955297014754,0.0160159678872094,0.0739144897635705,-0.029409375386339,-0.0814816758287593,0.8994679517181955,0.042037360493091,0.0584946877887134,text
SYQ_zv8dWng$_$6,Positive,0.6666667,Positive,0.4166061571428571,0.3411118356308495,0.438772748679643,0.0313440369632748,0.0832336951341765,-0.0212486673657841,-0.0679500856807436,0.8255507304940733,0.1000896582705254,0.0743596112354011,text
SYQ_zv8dWng$_$9,Neutral,0.0,Positive,0.2164188798,0.6120833812765837,0.3627986784507415,0.2041093361939709,-0.0614385494148862,0.2110712315109168,-0.0547165014898908,0.6175810023937695,0.1892206403291886,0.193198357277042,text
SZ7HK5ns6mE$_$11,Positive,1.6666666,Positive,0.7521830557142856,0.7310646302330298,0.9196403084551455,-0.0114637275411547,-0.0237099853514755,-0.0201592086453266,-0.0457687319959042,0.9498509574095216,0.0177290040191034,0.0324200385713747,text
Sq6DIhFxPqQ$_$4,Neutral,0.0,Neutral,0.0379173301428571,0.7139513968666067,0.0609552794537388,0.1064218995088808,-0.0628696660642098,0.0226338100862747,0.0043220214813962,0.8290063829757363,0.1438130082121329,0.0271806088121307,text
SwT0gh0V8fI$_$10,Neutral,0.0,Negative,-0.57699927,0.3403805833923751,-0.4953701086761801,-0.0024795681529878,-0.0074489228846876,0.0038372492524976,-0.0461490596398815,0.9543450710879404,0.0093688247095877,0.0362861042024718,text
SwT0gh0V8fI$_$19,Positive,0.6666667,Positive,0.5459777711428571,0.4021324335407847,0.7684904080087454,-0.1824608251928867,-0.1018606021264965,-0.0110345857205591,-0.0794788877143523,0.7216275135377549,0.2372345859455078,0.0411379005167372,text
SwT0gh0V8fI$_$5,Neutral,0.0,Neutral,-0.2258258807142857,0.6000145744712423,-0.0247822195626722,-0.0218723639856549,-0.0380497148329584,0.2155037438438772,-0.0763519410911342,0.688261401483993,0.0390995437144142,0.2726390548015927,text
TXiOSZdaLJ8$_$2,Positive,0.6666667,Positive,1.1889196714285717,0.7788856998402592,1.369459107002558,0.002356687770897,0.0277454251855033,0.0098557002075821,0.0425331076506478,0.9719604505067998,0.0091306575400299,0.0189088919531701,text
TcTGCIh6e5s$_$4,Neutral,0.0,Neutral,0.086732819,0.1940365213087959,0.1176594691239368,0.25527566302883,-0.1492494161219398,-0.0185681111991679,0.0251627943499882,0.4126696039151796,0.5396412242528199,0.0476891718320003,audio
TxRtSItpGMo$_$4,Positive,2.0,Positive,1.3176991785714285,0.0797045381389525,1.1292399357443026,0.0016330877787529,-0.0086396064638412,0.0021057668216024,0.0603054267458234,0.9446594692729036,0.0093467229711291,0.0459938077559674,text
U-KihZeIfKI$_$20,Positive,1.3333334,Positive,1.2285885142857145,0.4582106682689377,0.9621796839367798,0.0024505019958124,-0.0207207104560851,0.0079853105038916,0.1838728117519923,0.908306526246045,0.0109115242467621,0.0807819495071927,text
U-KihZeIfKI$_$1,Positive,0.6666667,Neutral,0.2034784564285714,0.1364454617205295,0.4609008418997792,0.227582283108744,-0.1131669976545987,-0.076861106173084,-0.0819472970371491,0.4398065801265419,0.4022445101527632,0.1579489097206949,text
U-KihZeIfKI$_$6,Negative,-1.0,Negative,-1.6000064914285714,0.4249487446861731,-1.2529157915855735,0.000454465845187,-0.0437590016356113,0.0052154904684812,-0.1176579429140689,0.9340671238790078,0.0166737806758522,0.04925909544514,text
U-KihZeIfKI$_$15,Positive,0.6666667,Negative,-0.0410248828571428,0.3547263911909992,-0.3617467432999856,-0.0933973628230883,0.034641981146311,-0.0774829741692079,0.0947559530661967,0.6895310181677403,0.152243432850978,0.1582255489812817,text
U-KihZeIfKI$_$16,Positive,1.0,Positive,1.4261768214285713,0.5176326026075535,1.3147552076076097,-0.0001891487077357,0.0004221125253949,0.0145196396165189,0.2557550082130431,0.9052059314567616,0.0003123649735233,0.0944817035697149,text
UiurP5k-f1A$_$4,Positive,1.0,Positive,0.7032317385714286,0.561988409369418,0.3921781368126079,-0.0295588308971838,-0.1072912094211686,0.2615471682988365,0.3416439571123355,0.6111473609538356,0.0576308381798948,0.3312218008662695,text
UjqA6KVW2m8$_$0,Negative,-0.33333334,Negative,-0.8868695171428571,0.5416715552698366,-0.7965152117169322,-0.0181074870320354,0.0293912404737309,0.0988499524519408,-0.0972451140450573,0.83528722897154,0.0288763671512685,0.1358364038771914,text
UjqA6KVW2m8$_$3,Negative,-0.6666667,Neutral,-0.0993376742857142,-0.0898458693864394,-0.1425332194269003,0.1389728326880416,-0.0428907617203126,0.0455140383798864,0.0269143556036819,0.398006642725782,0.4441157381924588,0.1578776190817591,audio
UjqA6KVW2m8$_$2,Negative,-1.3333334,Negative,-1.0092227342857143,0.6525084089566449,-1.1413562399919903,-0.111476505053182,0.0942003928205434,-0.1037430512005453,0.0011794598055376,0.8070171973231296,0.1116246977259345,0.0813581049509358,text
UjqA6KVW2m8$_$4,Positive,1.0,Positive,0.4671870642857142,0.0842901106510277,0.4041725202712944,-0.1539669730838603,-0.1881846612735203,0.2388995873371379,0.1404257440523692,0.3035887536253771,0.30037412396056,0.3960371224140628,vision
UweZVaFqruU$_$1,Positive,0.33333334,Neutral,0.32404901,0.1058293900564569,0.431474838065191,0.451470086118884,-0.221633828984898,0.2621231281262848,-0.0532874878177206,0.2366643080787143,0.4980130918767912,0.2653226000444943,audio
UweZVaFqruU$_$5,Neutral,0.0,Neutral,0.1689924336428571,0.1129896635961594,0.209059146311821,0.1415705224902489,-0.0723822447347371,0.0187458652656721,-0.0162117737221448,0.4903741961421454,0.4447982905718685,0.0648275132859861,text
V27mmEkN80g$_$0,Neutral,0.0,Neutral,0.1687600372857143,0.0811777101384371,0.2837725350599065,0.3058564471537543,-0.1658598892691018,0.0296508099475347,-0.0349075539071783,0.3039935558260073,0.6246007314158818,0.0714057127581108,audio
VDkBM0ZG4q8$_$4,Neutral,0.0,Neutral,0.0304064059285714,0.2310686705888652,0.1142523746859283,0.1132447744747874,-0.0168235596879783,0.0839523768519163,-0.0365323961391511,0.5559454448143147,0.2454946710007274,0.1985598841849577,text
VDkBM0ZG4q8$_$7,Positive,0.33333334,Positive,1.0043877285714284,0.4197536325942516,1.0115276050562994,0.0001032334831959,-0.0088231130161831,-0.0055142565100453,-0.0599583294566563,0.963659354156175,0.0038757115050786,0.0324649343387463,text
VLQgw-88v4Q$_$2,Positive,1.0,Positive,1.3602585714285715,0.4422845554311568,0.919776187036378,0.0017636603021199,0.0532768375614711,0.0227184205596761,0.2692822650582451,0.8501475552037431,0.0221626573733295,0.1276897874229273,text
VLQgw-88v4Q$_$6,Positive,1.6666666,Positive,1.1933321,0.2911429764787115,0.6609186705524172,0.0021740978281458,0.0600676264936173,0.0279745057159446,0.3485462649382453,0.7545697305402893,0.0327479496659786,0.212682319793732,text
VLQgw-88v4Q$_$8,Positive,1.3333334,Positive,1.168505784285714,0.3267825668716606,0.6588600125183022,0.0020922004201153,0.0822293382157242,0.0169553396612542,0.2459562896104864,0.8096708305239297,0.0437166546666095,0.1466125148094608,text
VXy21GwGs8o$_$0,Neutral,0.0,Positive,0.4428961985714286,0.1124770659474745,0.3140760228672815,-0.0021209086014345,0.0027110518990435,0.1294153518722502,0.1083578069131906,0.563010494432834,0.0078412516526987,0.4291482539144673,text
Vdf1McvE9ao$_$9,Neutral,0.0,Neutral,-0.1456440227142857,0.0881278229465595,-0.0275453826981386,0.2394843871932656,0.0019352768378143,-0.0107682257109039,-0.0358138808485043,0.2701954513035887,0.6667572533745232,0.0630472953218881,audio
Vlas-mPydcg$_$17,Positive,0.6666667,Positive,0.4498741611428571,0.188265986926075,0.1812838768975023,-0.1022816738356411,-0.0133606716335871,0.0484665044910973,0.1773189019534217,0.5371336528067172,0.2305286698063589,0.2323376773869238,text
Vlas-mPydcg$_$3,Positive,1.0,Positive,0.6712862657142857,0.4551514884519264,0.4196908005139977,-0.000757401728191,-0.016043545994982,0.023998100390818,0.1241156607359967,0.8927641402358374,0.0091598404719305,0.098076019292232,text
VsXGwSZazwA$_$4,Neutral,0.0,Neutral,0.1987358957142857,0.3256856567634082,0.5495227200258146,0.20818825306868,-0.1481829639378248,-0.2452145020733906,0.009194815013786,0.5014771938721532,0.2538454836203511,0.2446773225074957,text
VsXGwSZazwA$_$6,Positive,1.6666666,Positive,0.3990867021428572,0.5740445609435234,0.7193303992241507,-0.1603558615033692,-0.1888622119422585,0.0922668227429133,0.016164438060766,0.7171582774876637,0.1967858967874309,0.0860558257249052,text
VwGPIUNayKM$_$1,Neutral,0.0,Positive,0.3775557,0.5694224320520205,0.4459332219201509,-0.1486678566497069,-0.144489810155814,-0.1733221911133826,-0.0166679666168485,0.6565025594629368,0.1799555854396539,0.1635418550974092,text
VwGPIUNayKM$_$5,Negative,-1.0,Negative,-0.6357817042857142,0.3375637160578147,-0.5480357844620677,-0.0039181535903504,-0.0146462948964908,0.0058324740535441,-0.0918310784573799,0.9199924777474644,0.015562297358432,0.0644452248941038,text
VwGPIUNayKM$_$8,Positive,1.0,Positive,1.0895352728571428,0.8212559542649466,0.9565478598339434,-0.0102297339946597,-0.0726841408320617,-0.0072975103851812,-0.0387011571747699,0.9542538793922838,0.0288407332560923,0.0169053873516238,text
W1CWpktWtTs$_$5,Positive,1.0,Positive,0.954015947142857,0.425605073957858,0.6371001567254924,0.0070438746316414,0.0931487874356513,0.0124637424813054,0.15456340388419,0.8620656331541737,0.0514741750092023,0.0864601918366238,text
W1CWpktWtTs$_$9,Positive,0.6666667,Positive,0.9256939114285716,0.2112292019183025,0.6760700755434725,0.0030371386138025,0.0707943708850152,0.0148579558254151,0.159998915884785,0.8215580847316937,0.0501216721530215,0.1283202431152848,text
WfNiQBXmPw8$_$3,Negative,-0.33333334,Negative,-0.6662867514285714,0.4402290177344489,-0.8155060930046708,-0.0702678883006758,0.1362502129879325,-0.0638365685647663,0.078461892037833,0.7758894005983639,0.1260538756850582,0.0980567237165778,text
WfNiQBXmPw8$_$5,Positive,0.33333334,Positive,-0.1877140099999999,0.046217049527463,-0.3866952599710491,0.2857047051888937,0.1862229161477675,0.2625404362577488,0.0589811178703553,0.2175089978997878,0.4319724824327318,0.3505185196674802,audio
WgI8IbJtXHw$_$0,Neutral,0.0,Positive,1.384362285714286,0.5726124477693912,1.4393575244952612,0.0034699444761875,-0.0119398864015849,-0.0021286618919009,0.0148640498755321,0.9863784589409238,0.0069825535410045,0.0066389875180717,text
X2Hs89fZ2-c$_$4,Positive,1.0,Positive,0.6937095785714286,0.6877195017942677,0.6267914811350005,0.0215686545574853,0.1107544778647831,-0.0062354063611788,-0.0552528322872707,0.9151452395985394,0.0596932242664205,0.0251615361350399,text
X6N7UEFJLNY$_$0,Positive,0.33333334,Positive,0.5680558328571429,0.1702039625451468,0.1933037094161279,0.1152798151573964,0.1134718580359159,0.0184217451740034,0.1543443446102251,0.5127454048254859,0.3345710213619998,0.1526835738125142,text
X6N7UEFJLNY$_$2,Neutral,0.0,Positive,0.3961992314285714,0.4199105733644316,0.1863022816434751,-0.0826755786457855,-0.084221494257638,0.0925281069256858,0.0836489921636063,0.6758698272617559,0.15529133732693,0.168838835411314,text
X6N7UEFJLNY$_$4,Positive,0.6666667,Positive,1.0518604571428571,0.2750217281113033,0.5585593337621961,0.0065580918615429,0.1190393280932835,0.0180250180312999,0.220580129873848,0.7699664287424659,0.0771920536569022,0.1528415176006319,text
XDVit9ASVUg$_$2,Positive,0.33333334,Neutral,-0.0169223001428571,0.1497270168995362,0.0357329464980975,0.2208930742877727,-0.0626824463520289,0.012803594026767,-0.02615341603379,0.3803724771165262,0.5689825753016929,0.0506449475817807,audio
XKyumlBmix8$_$0,Neutral,0.0,Negative,-0.1868609149285714,0.3274756242074902,-0.2365110550352494,-0.0479302826042956,0.0444140879426694,-0.05679689618176,0.0383563231400092,0.7543446780885159,0.1164713874725382,0.1291839344389458,text
XKyumlBmix8$_$2,Negative,-0.6666667,Negative,-0.8740028342857142,0.6416620850264478,-0.801079840302173,0.0143670674633143,-0.1995719402855246,-0.0250946498937244,0.1468429791249084,0.8543342004411004,0.0760524352903334,0.069613364268566,text
XVWiAArXYpE$_$3,Negative,-0.6666667,Negative,-0.9122305857142856,0.4780202530106658,-0.9161651636199916,-0.1054070901849159,0.0581782072923388,0.0184373538183271,-0.0778044743056434,0.8224066326044949,0.1310123468801076,0.0465810205153974,text
XVWiAArXYpE$_$4,Negative,-2.0,Negative,-1.5599134242857142,0.6408392683641391,-1.3768770298684283,0.0010665206167489,-0.0553092720149883,-0.001057007977756,0.0033650294049509,0.9806669482663188,0.0173903647254518,0.0019426870082293,text
XVWiAArXYpE$_$9,Negative,-0.33333334,Neutral,-0.2339596097142857,0.4776740502190337,-0.0977958449480013,0.0042883240662552,-0.0369433785307909,0.0020677631860621,-0.0966694933147591,0.9093072690365056,0.0295862052230467,0.0611065257404476,text
X_TusmBIlC0$_$5,Neutral,0.0,Positive,0.2237973128571428,0.3117807229319627,0.1136143612535258,-0.0310403196999783,-0.0401741436024475,0.3814360336815979,0.0699399513318456,0.4377035960232964,0.0556207470126326,0.506675656964071,vision
Xa086gxLJ3Y$_$12,Positive,0.33333334,Positive,0.5254330971428571,0.050804407539221,0.5239840869409943,-0.005935986851844,-0.0536469523378535,0.0151550134439266,0.0582548929129573,0.794292421415787,0.0839094049933082,0.1217981735909046,text
XrNaL-MTjXg$_$3,Neutral,0.0,Positive,-0.0315515971428571,-0.4861968878375541,-0.3458686223870931,-0.0319258716208474,-0.0517433687863595,0.1267711061394518,0.1361611870963668,0.7310076344637201,0.0597624818324306,0.2092298837038493,text
Xy57UpKRNEo$_$7,Negative,-1.0,Negative,-0.3279524221428571,0.4834415100254774,-0.2969442647959273,-0.1064103210844751,-0.0526698518488856,0.0853936783452308,-0.0701809664267814,0.7144740173060193,0.1520736077845091,0.1334523749094715,text
Y8dI1GTWCk4$_$6,Positive,1.3333334,Positive,0.9788636828571428,0.5443609458561389,0.786188563857321,0.0239800228312969,0.0871527032592337,-0.0060070990821533,-0.0669635185774013,0.908356888794968,0.0597341063488251,0.0319090048562068,text
YLK58srjhNI$_$3,Positive,0.6666667,Positive,1.342937382857143,0.7022092661617382,1.5115395641895948,-0.0070647846213093,-0.0313279643511525,-0.0038818134071306,-0.015928184758911,0.9783422821549108,0.0142018871754514,0.0074558306696377,text
YQZPnHZRp1w$_$1,Positive,0.33333334,Neutral,0.1368802514285714,-0.3487049807802877,0.1531767190227085,0.1580578331493186,-0.0722656223564474,0.1963791689653901,-0.0707657928087016,0.4985345318733422,0.227149725594109,0.2743157425325487,text
YUNxD04EvfE$_$1,Negative,-0.33333334,Negative,-0.1623287915714286,0.0165101453964495,0.0263930376556101,-0.0070500141239231,-0.0231454970112005,0.0365499982568303,-0.119040005607178,0.217602500607169,0.1269544140612,0.655443085331631,vision
Z4iYSMMMycQ$_$4,Positive,0.6666667,Positive,0.8619270914285714,0.0957602506786617,0.6530116768738392,0.0043528321082217,0.0324603227550832,0.019007187368107,0.1223929262505448,0.8069616037315841,0.0390643783946541,0.1539740178737618,text
ZKErPftd--w$_$6,Positive,0.6666667,Positive,1.3812467857142856,0.3161491623544578,0.875050361349242,0.0033722372753622,0.0420695433671132,0.0125891306721386,0.2723581851605006,0.8342436509658179,0.0238750224468364,0.1418813265873456,text
ZKZ8UjaQQT4$_$7,Neutral,0.0,Positive,0.3673483057142857,0.5357917121334623,0.4916060128843634,0.0100004924964964,0.0061395134706007,0.0436867122113234,-0.110342080206375,0.8832146588470723,0.0152074986533768,0.1015778424995509,text
ZS1Nb0OWYNE$_$11,Positive,0.6666667,Positive,1.6332070714285716,0.5185559839880732,1.6574901931676866,-0.002364875357696,-0.0094265965854098,0.0044918687599038,0.1246316234604973,0.9540860301207664,0.0049056619771015,0.0410083079021319,text
ZS1Nb0OWYNE$_$15,Neutral,0.0,Positive,1.5648404785714285,0.4729862738725814,1.258311402998895,0.0021258116858914,0.0331552710001263,0.0062898380306521,0.2078519548837933,0.9095457897120908,0.0134303986277466,0.0770238116601628,text
ZS1Nb0OWYNE$_$5,Positive,0.6666667,Neutral,0.2155303218571428,0.1178918695676147,-0.0809249589981551,0.1401372111283795,-0.0789243314910987,-0.0843106617533864,0.1315798431405224,0.3296303295327,0.3787300129872892,0.2916396574800107,audio
ZS1Nb0OWYNE$_$9,Positive,2.6666667,Positive,1.5525891285714286,0.4887356498524571,1.5331776519763674,-0.0002488588245628,-0.0025952102025712,0.0055970150386451,0.1667333942231315,0.941352317777484,0.0010488146907223,0.0575988675317938,text
ZcFzcd4ZoMg$_$4,Negative,-0.33333334,Negative,-0.7614529271428572,0.6648230225702219,-0.8160774521747304,0.0011339840722377,-0.0240873918154908,-0.0097116551747193,0.0275744657213701,0.970913235296238,0.0094962911169201,0.0195904735868419,text
ZeH7gZw94k0$_$1,Positive,1.6666666,Positive,0.9523948385714286,0.2824727071192289,0.4149753650851413,0.0318090834719592,0.147512546334828,0.0269689425825522,0.2881149093422372,0.6735082056396856,0.1296124768903011,0.1968793174700131,text
ZtocGyL3Tfc$_$13,Positive,1.0,Positive,0.759461962857143,0.6708960021942778,0.7172255559688624,-0.0186205351366867,-0.186652219615086,0.0441039561216667,0.116967301389727,0.8473501586726728,0.0752749577621408,0.0773748835651862,text
ZtocGyL3Tfc$_$10,Positive,1.0,Positive,0.7926452071428571,0.6667468228730635,0.7417711218442508,-0.0063779080950836,-0.0820382581335885,0.0044696115315527,0.0723523068530491,0.9361773122749744,0.0345421277239721,0.0292805600010534,text
ZtocGyL3Tfc$_$9,Positive,1.6666666,Positive,1.0232870142857142,0.4617923173066579,0.9609507716610228,0.0030737644677303,0.0018544272070748,-0.0026828210868384,0.0260119938907077,0.9811261304274128,0.0046313559673839,0.0142425136052034,text
ZznoGQVwTtw$_$4,Positive,1.6666666,Positive,0.9427790985714288,0.8000844092358363,0.8872541118019569,-0.0046579090531506,-0.0343951920174951,-0.0093335327801037,-0.0701445678376549,0.9573345453542998,0.0140852118238771,0.0285802428218228,text
_1nvuNk7EFY$_$10,Negative,-0.33333334,Negative,-0.9723812357142858,0.5563348362431473,-0.964270866823864,0.0087457256192208,-0.0610281074172974,-0.0086654470290451,0.0843750052666798,0.930186233200756,0.03082585544319,0.0389879113560537,text
_OmWVs0-6UM$_$0,Neutral,0.0,Neutral,0.2914415703714286,0.0069341855993158,0.2539730944165553,0.237199132355833,-0.1561843647062386,-0.1063942795739796,0.0922122042254005,0.176823718232145,0.5584352072414448,0.2647410745264101,audio
_on_E-ZWy0I$_$21,Positive,1.3333334,Positive,1.1997722771428574,0.5744883879275361,1.157419649712214,0.0005338879901619,0.0267612381582862,0.0069764745254954,0.0693329062722671,0.960451797067129,0.0094558450209509,0.03009235791192,text
_on_E-ZWy0I$_$3,Neutral,0.0,Negative,-1.0801073514285713,0.6707351734809304,-0.9655921703299056,0.0051621086894936,-0.1026566698443492,-0.0068865292880517,-0.0111071881799642,0.9520703986087884,0.0377730325871726,0.0101565688040389,text
_on_E-ZWy0I$_$12,Negative,-1.0,Neutral,0.1607146762857142,-0.2104589160724287,0.2033936016275077,0.1820536468074308,-0.0230398764022031,0.168335523024648,-0.0823544477232137,0.4192019577525495,0.285839209324508,0.2949588329229423,text
_q7DM8WkzAQ$_$3,Positive,0.6666667,Positive,0.6251261871428573,0.732173043300123,0.7786301564545715,-0.0214151668151773,-0.0367910948594555,-0.0449113434533647,-0.1656101475216237,0.8811262550284563,0.0299232032658707,0.0889505417056731,text
a4PHWxILDp0$_$15,Neutral,0.0,Neutral,-0.0286156907142857,0.0008527472086291,-0.1032435068591949,0.115224977832388,-0.0371777272714087,0.0124151493181358,-0.0084139799952276,0.1980142401680456,0.7165314354808838,0.0854543243510704,audio
ahG9c_uaf8s$_$1,Positive,0.33333334,Positive,0.9705103871428572,0.432673394077671,0.7943485380698558,0.0067079558188627,0.0888756664086695,0.0042549289135653,0.0003117728861344,0.9448728219680114,0.0492220592657091,0.0059051187662793,text
ahG9c_uaf8s$_$3,Positive,0.33333334,Positive,0.6311203685714286,0.0064746518545355,0.490715530567146,-0.076882104393761,0.0507639920597186,-0.0910836935124126,-0.0091866108463722,0.4749957465258032,0.2620238222134867,0.26298043126071,text
b92iw0OAnI4$_$7,Positive,1.3333334,Positive,0.6968358971428571,0.8214508089203438,0.725777681196898,0.006518327740317,-0.0135938904929461,-0.0251908043966651,-0.146507105312718,0.9259210929127752,0.0096213133443784,0.0644575937428464,text
bNQOeiAotbk$_$8,Neutral,0.0,Neutral,0.0970598137142857,0.1112089924680755,0.0905328642979718,0.1814033882110747,-0.0879508328886514,0.0855093322963214,-0.0016557488919446,0.3226765783404176,0.4809119760654765,0.1964114455941057,audio
bdFCD-3BCRg$_$2,Positive,1.0,Positive,1.377935365714286,0.6090100681384866,1.3294331503969683,0.0029186515728176,0.0656049664735196,0.0002606456354253,-0.0130302833455546,0.9728249554162568,0.0229181053957115,0.0042569391880316,text
bdFCD-3BCRg$_$11,Positive,0.6666667,Positive,1.0805974357142856,0.7834052660491108,1.0852462226172457,0.0068109642027532,0.0712751074873787,-0.0096850235433599,-0.1328490281430927,0.9312531842287805,0.0248593541689946,0.0438874616022251,text
bdFCD-3BCRg$_$12,Positive,1.0,Positive,0.7704281057142858,0.7486451870924804,0.7168971657265581,0.0099804359793889,0.0537178532930429,-0.0111430564960638,-0.1098129477307128,0.9288651410863298,0.0262276293534699,0.0449072295602,text
c5VEvmutmVg$_$13,Positive,1.0,Positive,0.2635399528571429,-0.1296185288731102,-0.080110173174324,0.086405256206074,-0.003860593408357,0.2199953916891572,0.193716833333873,0.2957384202895993,0.1659007850711918,0.5383607946392087,vision
c5VEvmutmVg$_$19,Neutral,0.0,Neutral,0.2600442864285714,0.5806092017740394,0.2900846660422093,0.0516211978928295,-0.0748160788770566,-0.0674471926428108,0.0150046924680137,0.8196703974426085,0.0926524393504862,0.0876771632069053,text
c5VEvmutmVg$_$0,Positive,1.6666666,Positive,1.4300313142857142,0.3698858966604206,1.1062652487903597,0.0014039050613796,0.0488583166748046,0.0111007291251398,0.2417553639901295,0.871021593169055,0.0208604473064095,0.1081179595245354,text
c5zxqITn3ZM$_$5,Positive,0.6666667,Negative,-0.3790581171428571,0.595041336577277,-0.865898599944056,-0.0093067340427736,-0.0726927389418493,-0.0447177455712255,0.1987374437279946,0.8594586043300022,0.0326186044562921,0.1079227912137055,text
c5zxqITn3ZM$_$6,Positive,1.0,Positive,0.6387605785714285,0.1232229440373191,0.5590741889673774,0.0318431727804398,0.0863260106771741,-0.0162721494022751,-0.094572915410614,0.7406315570679546,0.1450217558155715,0.1143466871164738,text
c9hE1ghElrM$_$2,Neutral,0.0,Neutral,0.1321680144285714,0.8759741965115945,0.184969158338775,0.2002835739644219,-0.0713401487085239,-0.0023335144460601,0.0049425550083161,0.8043669036640547,0.1922178802884778,0.0034152160474675,text
c9hE1ghElrM$_$4,Neutral,0.0,Neutral,0.0101154815714285,0.0069515010867836,0.1621536460082457,0.2701133142099722,-0.14263605333971,0.3196077682574021,-0.0308301234043058,0.0860956503392075,0.4483247792984371,0.4655795703623553,vision
cW-aX4dPVfk$_$4,Negative,-0.33333334,Negative,-0.6984974442857143,0.3647105424977798,-0.6990147524655356,0.0232309763783619,-0.2167844728708757,-0.0078555669845521,0.1278466370479911,0.8037277210277043,0.1284054843562016,0.0678667946160941,text
cW-aX4dPVfk$_$11,Positive,0.33333334,Positive,1.503158847142857,0.472345630988489,1.3679102200283482,0.0038992993373091,0.0659458094476534,0.0002571622915951,-0.0006048370617894,0.9724088903914478,0.0271105440618171,0.0004805655467349,text
cW-aX4dPVfk$_$32,Positive,1.6666666,Positive,1.1442783,0.6597318737784662,1.169347217444774,-0.1070439393528951,0.0215907984332492,-0.1271313021156155,-0.2018703952645439,0.7727377210734647,0.0841134160114894,0.1431488629150457,text
cW-aX4dPVfk$_$30,Positive,2.3333333,Positive,1.6147634571428573,0.7652670460631202,1.473815551108524,0.003086453326608,0.0369988438550679,-0.0014975714828833,-0.0564299381992883,0.9723532489852406,0.0119320659097189,0.0157146851050406,text
cml9rShionM$_$3,Negative,-0.33333334,Positive,1.5140729357142857,0.8074297995488194,1.8157273682153972,0.0005539915921344,0.0548161845175607,-0.0034197540691068,-0.0389688459836687,0.9756645931038628,0.0130022468853051,0.011333160010832,text
d-Uw_uZyUys$_$1,Negative,-2.3333333,Negative,-0.9799470257142856,0.6469201685388429,-0.9006647568324879,0.0161785079218411,-0.191353226838477,-0.005068645185245,0.0172610544071633,0.912532146511555,0.0770409834126585,0.0104268700757863,text
d-Uw_uZyUys$_$6,Negative,-2.3333333,Negative,-1.254243795714286,0.8491491729516114,-1.2459920877133877,0.0050542371632726,-0.1106678293561012,-0.0132530187247967,0.0812514569801163,0.9389049735060524,0.0311440098887113,0.0299510166052363,text
dHk--ExZbHs$_$7,Positive,0.6666667,Positive,0.6884727885714286,0.5942656828642603,0.8703269897860827,0.0034268795701557,-0.0067949227954973,-0.0281829113263359,-0.1958701713775198,0.8991755571470742,0.0057871125920318,0.0950373302608938,text
dR68gbeOWOc$_$1,Positive,0.33333334,Positive,0.4681616857142857,0.2201231957213433,0.4387113777149473,0.17012048649104,0.0119092427753448,0.0959638300503199,0.0072508375054495,0.5734852119914601,0.2725136127062941,0.1540011753022458,text
dTcz1am1eUw$_$2,Positive,1.3333334,Positive,1.283225507142857,0.3725691885537672,1.0986584611902646,0.0025497457701043,0.0487660558761595,0.0061327224762089,0.1648967655242919,0.9024011466063084,0.0229696830942326,0.0746291702994588,text
ddWHTdJz2O8$_$1,Negative,-0.33333334,Positive,0.5416808171428571,0.0157383706342885,0.0615972813183539,0.1233949479977543,0.0995776994384656,0.1925709224236144,0.2950193813301454,0.0749754440854124,0.3236823882448928,0.6013421676696947,vision
dlE05KC95uk$_$11,Positive,0.33333334,Positive,0.3222753314285714,0.4815538999828014,0.367682170972791,-0.0227316227809176,-0.034581227575531,-0.1061284194698463,-0.0765421737267194,0.7845483481095576,0.0444909035043412,0.1709607483861011,text
eE8Qr9fOvVA$_$2,Negative,-1.3333334,Neutral,0.3008052521428571,0.1011177955854492,0.1697638094335474,-0.2225828278520646,0.119262025922079,-0.0001027522490151,0.0036183458264064,0.3742854979451249,0.6226081461429096,0.0031063559119655,audio
eFV7iFPYZB4$_$12,Positive,1.6666666,Positive,1.2045948714285717,0.7572895012562322,1.088483834506321,0.0040816926484197,0.028529443512181,-0.0058591477082381,-0.0665622059520176,0.9641593633604646,0.0116991114895749,0.0241415251499605,text
eFV7iFPYZB4$_$14,Positive,1.3333334,Positive,0.5572352571428572,0.2786695904302004,0.3382888928337506,0.1197012133341257,0.0704625283250536,0.1385217322167905,0.180775486173875,0.5337220499145412,0.195239199513023,0.2710387505724357,text
eJfT7-dDqzA$_$3,Positive,0.6666667,Positive,0.2069992057142857,0.1794962322063298,0.2261231675972175,0.1214501610760842,0.0827977387196595,-0.013509152965678,-0.1111993665977968,0.5607768271760719,0.3279446382098882,0.1112785346140399,text
eJfT7-dDqzA$_$2,Positive,0.6666667,Positive,0.9971954714285712,0.256552877135782,0.4478947741955756,0.0041684892584994,0.105478058786501,0.0249317001586683,0.3255735314629145,0.7013938032000505,0.0679665582055486,0.2306396385944009,text
eJfT7-dDqzA$_$7,Positive,0.6666667,Positive,0.3732079371428571,0.2488982173818935,0.2803210246394443,0.0158780615198695,0.0474386649090984,-0.1083539865063462,-0.0288008193201596,0.6958330354404146,0.0644146247512648,0.2397523398083204,text
eKQKEi2-0Ws$_$0,Neutral,0.0,Positive,0.8567027171428572,0.6114181658996359,0.9449304511125456,0.0067999472162247,0.06951618818767,0.0059009378041465,0.0115163218383135,0.958895097709946,0.0310234985449546,0.0100814037450992,text
eQc5uI7FKCU$_$5,Positive,0.33333334,Positive,0.5218435214285714,0.5419438209737275,0.5593578296299866,-0.0130806282020528,-0.1443789742635455,-0.0823662925061122,-0.0127907792120798,0.8312814136384663,0.0698523499337266,0.0988662364278071,text
ey1lr8wFFDc$_$0,Positive,0.6666667,Positive,1.0569661657142857,0.6527969156839444,1.0326045318855777,0.0032852317018113,0.0045674159540667,0.0159713247528647,0.2712231335313197,0.8996677242802932,0.0043383577350723,0.0959939179846344,text
f-VdKweez2U$_$4,Neutral,0.0,Positive,0.96056198,0.3213969816552589,0.7159951072840499,0.0095063310958313,0.1076827793371145,0.0069073435480561,0.1159346422036524,0.8602907174973989,0.0697381819940376,0.0699711005085634,text
f8Puta8k8fU$_$1,Neutral,0.0,Negative,0.0756481585571428,0.3529253312096284,-0.3475334348609785,0.3928261724535049,0.0333138965415787,0.0894316316135077,0.164491906663631,0.4609507565290709,0.3971932624701059,0.1418559810008233,text
fT6SrlsWV7M$_$12,Negative,-1.3333334,Negative,-0.1103307878571428,-0.0857859544704479,0.0047684525033726,-0.0042487972497978,-0.029575952166372,0.0069544368656476,-0.0442304970137241,0.7093266376927593,0.1145263336276922,0.1761470286795484,text
fWAKek8jA5M$_$0,Negative,-1.6666666,Negative,-1.6631254428571431,0.4852864010762214,-1.3451027276632583,0.0007860819050381,-0.0417840951627461,0.0005077070124753,-0.0610567291240149,0.9632964976372952,0.0151812710826863,0.0215222312800184,text
fWAKek8jA5M$_$3,Negative,-1.3333334,Positive,0.4616651857142857,-0.056459839635342,0.0517854520389931,0.0392608461771141,0.1253468705744471,0.2398625917120685,0.2594583212934289,0.1532313231347365,0.1684491033596283,0.6783195735056351,vision
fWAKek8jA5M$_$4,Neutral,0.0,Negative,-0.4426184183714285,0.6148496267696071,-0.8007902304970433,-0.006112629463533,0.0269909782937954,-0.0185884290966851,0.0731519296835935,0.9382015184360574,0.0160764309492741,0.0457220506146685,text
frCWtiam4tE$_$0,Positive,1.6666666,Positive,0.5399677371428571,0.5037791314425244,0.5184160444425109,-0.1150616951863383,-0.0702430689885058,0.0193112589254572,0.0615862949706703,0.7914189265826055,0.1619791339500882,0.0466019394673062,text
fsBzpr4k3rY$_$0,Positive,2.0,Negative,-0.52040135,0.7965170087538993,-0.6896316759457861,-0.0279657238010649,0.0486723568653106,-0.057649984727619,0.1796949357689176,0.8638719531447581,0.0371926931229806,0.0989353537322614,text
fz-MzQcOBwQ$_$1,Positive,1.3333334,Positive,0.5730605657142858,0.4018261558170885,0.6673117907515199,-0.1559694776765037,-0.1341281938170078,-0.0053899897892809,-0.0440920911133684,0.7387473569732553,0.2374814611171488,0.0237711819095958,text
gE7kUqMqQ9g$_$2,Negative,-0.6666667,Negative,-1.0253192771428572,0.7109589593580674,-0.9491870872612684,-0.002296714460394,0.0269355444301278,-0.0012158253500068,-0.0353589046948896,0.9769145899662568,0.0107216489697077,0.0123637610640355,text
gJjkCPO7iXg$_$1,Positive,1.0,Positive,1.1498493057142856,0.8003571042702773,1.3877197083484294,-0.0089517501351006,-0.0747556670569502,0.0060977364070922,0.0680657641030229,0.952732916323456,0.0255511758720577,0.0217159078044861,text
gJjkCPO7iXg$_$0,Positive,1.0,Positive,0.7465737714285715,0.5180540179017232,0.8392686883240292,-0.0169672083168541,-0.1048201070313589,0.0149489666530775,0.1126741593424116,0.8842701982975464,0.0575325136427996,0.0581972880596539,text
gLTxaEcx41E$_$2,Neutral,0.0,Neutral,0.1780742738571428,0.3996819204875769,0.4677065857462463,0.6978746580042274,-0.1161594910637729,-0.094302223076073,0.0163041887182088,0.3991507337097223,0.529194809835951,0.0716544564543265,audio
gLTxaEcx41E$_$4,Neutral,0.0,Negative,-0.4076498699999999,0.4472435458479887,-0.4835810710237148,0.0111256326997761,-0.1572137193980679,0.0249205845416997,-0.0392152109276688,0.8570024210330651,0.0894842343117525,0.0535133446551824,text
gLTxaEcx41E$_$7,Neutral,0.0,Positive,0.6383798100000001,0.353373180577245,0.3708786016009768,0.0085759339450083,-0.0023333878443689,0.1021953154234378,0.1514836910525622,0.7464276871694616,0.0146370902081203,0.2389352226224179,text
gLTxaEcx41E$_$6,Positive,0.33333334,Positive,0.5180112785714286,0.2583051091121408,0.2825233206872701,-0.0899776755505601,-0.0812046887431553,0.1614647729145863,0.1562372001341683,0.5160231214993514,0.1713529010055004,0.3126239774951482,text
gcFECfN4BCU$_$23,Positive,2.0,Positive,1.3727337,0.1197790320405025,1.1827302008773974,0.0012672028307373,0.0314919911763871,0.0024061833161811,-0.0095379219084603,0.9673486579135764,0.0221399003395003,0.0105114417469231,text
gcFECfN4BCU$_$10,Positive,0.6666667,Positive,1.1084077085714286,0.6799518232382755,0.9444766490533978,0.00239912075341,0.0446361201096889,0.0012031862050413,-0.0152290821128626,0.9768667676039832,0.0169667464482003,0.0061664859478163,text
gcFECfN4BCU$_$15,Positive,1.3333334,Positive,0.8190046000000001,0.4255886961105459,0.552421950266661,0.0129201465348772,0.0885957611829486,-0.0024835401429222,0.0026865052696228,0.9300886615763104,0.0647569062526422,0.0051544321710473,text
gpn71-aKWwQ$_$2,Positive,1.6666666,Positive,0.8914358157142858,0.0357293786695763,0.6051765189649665,0.0065973555674209,0.0196805009894998,0.0339727533070831,0.2083130531023516,0.6707332258096891,0.0371657443614532,0.2921010298288576,text
h1ZZHUU4j0k$_$3,Positive,0.6666667,Positive,0.8587300171428572,0.3754451573330782,0.8547655131819072,0.0114630352292309,0.0119406145217242,-0.0014474304194018,0.0166667775003053,0.9671267909275484,0.02261707705254,0.0102561320199116,text
h1ZZHUU4j0k$_$4,Positive,0.6666667,Negative,-0.9760053642857144,0.2436442196050481,-0.9518998299956176,0.0041571462756654,0.0255180538002013,0.0045852486474136,-0.121028833699744,0.9068907839123884,0.0204728165032398,0.0726363995843717,text
h1ZZHUU4j0k$_$10,Positive,1.0,Positive,0.4026435557142857,0.4162690399330701,0.4524305974454644,-0.3094116601311347,-0.1271788108639526,-0.1825239265230186,-0.0552722942694065,0.5063967716425619,0.3141584102105206,0.1794448181469174,text
h1ZZHUU4j0k$_$13,Negative,-1.0,Negative,-0.3555335658571428,0.6689179563745616,-0.3105567832712494,-0.0471156788646025,0.0302369945181388,0.0880713309031858,-0.0868733193295221,0.8159596279234342,0.0604172953846353,0.1236230766919303,text
iQDB_OkAQWs$_$4,Neutral,0.0,Neutral,-0.0866344607142857,0.5120475410660532,-0.1378538516856057,0.5120475410660532,-0.0484373219684158,0.1229834244499425,0.0372539786515099,0.4567794432147015,0.432380567069371,0.1108399897159274,text
iXiMifHNKPI$_$8,Positive,0.33333334,Positive,0.51490055,0.3537747880414852,0.4831211580428192,0.0740303543137188,-0.0038343351135798,0.015828429224748,0.0849828398319789,0.8116532630603522,0.1187306926061164,0.0696160443335311,text
j1m6ctAgjsM$_$1,Positive,1.3333334,Positive,0.7814225142857143,0.0271188959831918,0.4299355993615014,-0.0216019832844442,-0.0269071190183366,0.1337558045376299,0.2666087845908028,0.4023130916853385,0.0721649224942501,0.5255219858204114,vision
j1m6ctAgjsM$_$2,Positive,1.0,Positive,0.7955165300000001,0.1249705152407069,0.5602417867112447,0.0077449909485968,0.0362009711577497,0.0081900793494912,0.1158591899502564,0.8239100631371099,0.0523656075192994,0.1237243293435906,text
j1m6ctAgjsM$_$4,Positive,0.33333334,Neutral,0.4308144299999999,-0.0727247533084001,0.3104030440183678,0.4393843214378166,-0.2591565656986564,-0.0345202316226384,0.111383225119013,0.2277534900145676,0.6796314325517229,0.0926150774337093,audio
j1m6ctAgjsM$_$14,Neutral,0.0,Positive,0.4497612242857143,0.1966718546579173,0.0377074492434189,0.1819156905584918,0.0762584461302512,0.100639565068206,0.115603040012812,0.3765019720960638,0.3730726756507634,0.2504253522531727,text
j1m6ctAgjsM$_$18,Positive,1.0,Neutral,0.2703383507142857,-0.0292643085851587,0.046007650844721,0.2085620224005796,0.0504161136160686,0.6318125285418706,0.0121855560892077,0.0492361734778291,0.2487932795906582,0.7019705469315127,vision
j1m6ctAgjsM$_$30,Positive,0.33333334,Positive,0.3940851314285714,0.1905820560122388,0.4145122860717664,0.1091191144733797,-0.0078371583856964,-0.0136910213588852,-0.072419476453247,0.687314226604718,0.2335938909432057,0.0790918824520763,text
j1m6ctAgjsM$_$35,Positive,1.0,Positive,0.4488351957142856,-0.2106867384646938,0.2361898321194811,0.0968023823496274,0.0255712073897115,-0.0034069596456937,0.0514648136352293,0.6968779399232586,0.2536116702004199,0.0495103898763214,text
j1m6ctAgjsM$_$33,Positive,0.33333334,Positive,0.3322096499999999,-0.0241388718067918,0.3806708903171403,-0.0122812985233233,-0.0527970332133702,0.0685548950038145,-0.0161954280534744,0.5925899716496694,0.1172407421826889,0.2901692861676416,text
j1m6ctAgjsM$_$37,Neutral,0.0,Neutral,0.1195734606714285,0.2085002436771703,0.167019700411085,0.1359662312292248,-0.0734205075215915,-0.0740766768909618,-0.0006957822687758,0.5294887276932907,0.3215728974945736,0.1489383748121357,text
jXQmVFcOiUI$_$0,Positive,1.0,Positive,0.9407711485714286,0.8596913521128219,1.0750773430982372,-0.0431855523001463,-0.2205772028390283,0.0131160984151484,-0.0032551002242169,0.902953283689121,0.0865192718701349,0.0105274444407442,text
jj8aSNPHMw8$_$14,Neutral,0.0,Negative,-0.3598558264285714,-0.1311501268086922,-0.135352890422979,0.0251491303899299,-0.1368143718323925,0.0067139787900206,-0.1065199130514226,0.609412110011642,0.2446181708714785,0.1459697191168795,text
jj8aSNPHMw8$_$5,Negative,-1.3333334,Negative,-0.2053121715714286,0.3708347417359007,-0.1931387083801237,0.0263218337459454,-0.1248406516584363,-0.0176448861970066,0.016254561933616,0.827069080859826,0.1291025005483697,0.0438284185918042,text
jqutn5ou8_0$_$6,Positive,0.6666667,Positive,0.8379385600000001,0.2221470163850317,0.527856049886284,0.0159224397273527,0.1055788569019754,0.0169120361756658,0.1880805323033906,0.7528063501824098,0.096659344835477,0.1505343049821131,text
jscKL5jS-SQ$_$17,Positive,1.0,Positive,1.2587812285714288,0.8830994196051455,1.5074950391004565,-0.0029278457065888,-0.012465715583583,-0.0117452947985513,-0.076939055073111,0.9689003663612918,0.0049529546584627,0.0261466789802453,text
kaudsLIvYC8$_$0,Positive,1.6666666,Positive,1.403838105714286,0.1113327691825417,1.2705866036687226,0.00346624349886,0.0083782834682792,-0.0067843787654564,-0.0126647276521081,0.9687300712956952,0.0113361766957597,0.0199337520085451,text
kg-W6-hP2Do$_$3,Neutral,0.0,Positive,0.7304501800000001,0.7182235070285159,0.7139807780273656,-0.007637848686672,-0.0490647543354361,-0.0063978290716061,-0.0552957813255091,0.951422290348848,0.0238724586145536,0.0247052510365984,text
kpS4BXif_Sw$_$12,Negative,-2.0,Negative,-1.2541654785714285,0.3067259157417715,-0.8961654832205908,0.0021880171572126,-0.0687873272908889,0.0029751095130369,-0.1397391126509528,0.8902076475663248,0.0369304504262669,0.0728619020074081,text
kpS4BXif_Sw$_$15,Positive,1.3333334,Positive,1.1090000442857142,0.7621441101717897,1.3464224573453576,0.0034476476803545,0.0361014775628443,-0.0074899819239957,-0.0420064584788513,0.97037193562616,0.0124057703795501,0.0172222939942898,text
kpS4BXif_Sw$_$4,Neutral,0.0,Positive,1.1132209771428572,0.7860195677573152,1.3748652426242611,0.0037384265694163,0.0326609400748989,-0.0087506874506854,-0.0933049957684326,0.9580548526440674,0.0112608308897197,0.0306843164662128,text
kpS4BXif_Sw$_$8,Negative,-1.0,Negative,-1.0088419514285716,0.6297274118868681,-0.8252614400459237,0.0108458051305785,-0.117574536824657,0.0021119927566801,-0.0581302157712882,0.9267406802337096,0.0512498579186839,0.0220094618476064,text
ktblaVOnFVE$_$4,Positive,1.3333334,Positive,0.2355107285714285,0.0131423499933819,0.0179055791980164,-0.3393754305313657,0.0426915738831383,0.3615208513390193,0.1070903011298315,0.0248214330380419,0.4592676106249644,0.5159109563369936,vision
l0vCKpk6Aes$_$24,Neutral,0.0,Positive,0.8811684885714285,0.1831816886998414,0.5183257946465246,0.0113363478517281,0.1108448331364113,0.0121781760363092,0.120933325853473,0.7793582212080947,0.1057178951344247,0.1149238836574806,text
l0vCKpk6Aes$_$12,Positive,1.0,Positive,0.6470464497142857,0.673576320654409,0.8274557438682485,-0.03989519655209,-0.0512071414315021,-0.06491388187684,-0.2246155326517311,0.8283376084103801,0.0497007360070907,0.121961655582529,text
l0vCKpk6Aes$_$19,Neutral,0.0,Positive,0.3707918257142857,0.5594660543678259,0.6137256024760901,-0.1227343553878356,-0.0798387199018641,-0.1647183089342446,-0.2664394859135109,0.6547503367594737,0.1279841493351657,0.2172655139053607,text
l4oMbKDuW3Y$_$3,Negative,-0.6666667,Negative,-1.398141077142857,0.8809398240297133,-1.4971790085766028,0.0013412804106603,-0.0354966431676373,-0.0045079080852619,0.0864879237933786,0.9673954587399868,0.0092347708130674,0.0233697704469459,text
lD4xtQ6NpDY$_$2,Neutral,0.0,Neutral,0.0951773142857143,0.8380262919788912,-0.1368457598728861,0.1729709503167915,-0.0462475922874109,0.2257799150414721,0.1039835835024646,0.6631608195750811,0.1413817117492399,0.195457468675679,text
lYwgLa4R5XQ$_$1,Neutral,0.0,Positive,0.2323362821428571,0.0877423404111775,0.0298188844411169,0.2948357399919377,0.0948777682528632,0.0867597012122811,-0.0001888791915893,0.1911710616550536,0.6389103698195602,0.169918568525386,audio
lkIe41StoGI$_$10,Neutral,0.0,Neutral,0.1476995809857142,0.1095006714962318,0.1772892340008509,0.2575063042358372,-0.1410791519441966,0.0811125309006112,-0.0155871995869151,0.3013686453883178,0.5443546364151148,0.1542767181965674,audio
lkIe41StoGI$_$3,Positive,0.6666667,Neutral,0.1051323916428571,0.0099135704572844,0.0534422208353593,0.1311220509211011,-0.0706274131913554,0.0157617964142945,-0.0040325786193725,0.1389869696871336,0.7752679302734828,0.0857451000393833,audio
lkIe41StoGI$_$2,Positive,0.6666667,Neutral,0.0616663739428571,0.0718097527965967,0.0181681513597505,0.1717684449189213,-0.0423711456015058,0.1499662739049577,0.0223222220393811,0.1848819520277098,0.4413761111440681,0.373741936828222,audio
lkIe41StoGI$_$8,Neutral,0.0,Neutral,0.0984306239,0.8721912778600086,0.0697812495895405,0.0846188971241923,-0.0315724035848852,0.0255225280491526,-0.0138328024842233,0.8772675279229103,0.0932109377868127,0.029521534290277,text
lwL4hjhkid4$_$1,Neutral,0.0,Neutral,0.0042486154285714,-0.0244969372869403,-0.0292453775770108,0.255860981181583,-0.0427720024439051,0.3135634371004073,0.0527082147553352,0.0538876194890635,0.4250507948510381,0.5210615856598982,vision
lwL4hjhkid4$_$3,Positive,2.0,Positive,0.5810297442857143,0.4007538476324936,0.4792576307155691,-0.2490655472951961,-0.1502398537214878,0.0127910287536858,0.1017825403906904,0.6184076305246918,0.330047724405233,0.0515446450700752,text
lwL4hjhkid4$_$6,Positive,0.33333334,Positive,0.8232103500000001,0.3993101036649162,0.6414010736576081,0.0068147383679904,0.0791474750016349,0.0245103120382029,0.1511526830511366,0.8501228018095668,0.0460304039478618,0.1038467942425714,text
m-7yRWZLwLY$_$0,Neutral,0.0,Positive,0.3689728261428571,0.5068137531012733,0.6435214823169719,-0.1068165041567136,-0.0750565093218929,-0.1418344266740673,-0.206133087904929,0.6781232997836508,0.1239401415853571,0.197936558630992,text
mVnqP-vLpuo$_$0,Positive,0.6666667,Positive,0.9090514057142858,0.1985490839997553,0.3564699528166689,0.0012763347566877,0.0388057276300485,0.0530786976672463,0.4182047292284067,0.6055982635705045,0.0271180055101442,0.3672837309193512,text
mZ_8em_-CGc$_$7,Positive,0.6666667,Positive,0.7567820742857142,0.5223426300462776,0.5334343359005137,-0.0016231136325396,-0.0098638936746434,0.0108704346963955,0.0614323469275773,0.9507627377152263,0.0066689180427386,0.042568344242035,text
mgsvwAVQAQo$_$4,Positive,0.33333334,Positive,0.3095904714285714,0.188211477799273,0.1059191533488273,-0.0174512947705512,0.0325084539387294,-0.2153931538178104,0.0415340654542855,0.464652416220597,0.0588043838606272,0.4765431999187757,vision
mmg_eTDHjkk$_$5,Positive,0.33333334,Neutral,0.0895383367142857,0.165056781141101,-0.0642332351007281,0.8574416520119008,-0.0909247945367939,0.2367258678460662,0.0812648845930534,0.1393597970738943,0.6634743842292717,0.197165818696834,audio
mmg_eTDHjkk$_$8,Positive,0.6666667,Positive,0.4061379114285715,-0.1262604331313549,0.1962571836861719,0.2072675514981212,0.075215275890334,0.0817036018596959,0.000854758371473,0.3788077456291292,0.4591619494016838,0.1620303049691869,audio
mmg_eTDHjkk$_$15,Positive,1.0,Positive,0.4735085342857142,0.2386774696378089,0.1471225977189527,0.1111658046563066,0.0712221260827254,0.1074434590780212,0.1150272889042227,0.5061803314187813,0.2373398397053493,0.2564798288758693,text
mzAu5gxjE-w$_$2,Positive,1.6666666,Positive,1.618023542857143,0.4968120227623991,1.5654497278690067,0.002598315760538,0.0365526957273212,0.0019129953146895,0.0398299123661587,0.9714169767604268,0.0140974029043815,0.0144856203351919,text
nFTo-Lz4Fr8$_$1,Positive,0.6666667,Positive,1.216687128571429,0.788358473444712,1.338466262802383,-0.0010347173082719,0.0562005070553373,-0.0164480681735595,-0.138134630039433,0.9375283090624272,0.0150126018309316,0.0474590891066412,text
nZFPKP9kBkw$_$4,Neutral,0.0,Positive,1.1762325642857143,0.4698258661506675,1.2095691838661449,0.0052636846363666,0.0415065848894391,-0.006984966205528,-0.0868268644742693,0.94070692527308,0.0205801156296541,0.0387129590972658,text
namehdJxRIM$_$1,Positive,0.33333334,Positive,0.6583020757142857,0.3866873077114786,0.52962554201525,0.1185523014832372,0.1275384794179752,-0.0077703683848538,0.0128522244738551,0.7648945873035186,0.2187348497005617,0.0163705629959198,text
o2XbNJDpOlc$_$6,Positive,1.6666666,Positive,0.5767431928571429,-0.0963432241949813,0.3246859076760293,-0.0265604260597779,-0.0977859338551111,0.0704124440021976,0.2265516772528427,0.4993731991934403,0.1444029975382017,0.3562238032683579,text
oBS-IW-BO00$_$3,Neutral,0.0,Neutral,-0.019838941,0.1926134091213203,0.0421613698467374,0.1144302446711482,-0.0850777701699545,0.0193080322152082,-0.0109335869110294,0.5549464536795676,0.3834209191300072,0.0616326271904251,text
oHff2W51wZ8$_$1,Positive,1.3333334,Positive,1.3234718285714284,0.3353038822464179,0.8467742303865704,0.0026821157959526,0.0664147408094131,0.0120551838550162,0.3278921430877684,0.8086077640682267,0.0324986630387064,0.1588935728930668,text
oHff2W51wZ8$_$2,Positive,2.0,Positive,1.325694542857143,0.3233108469781458,0.8548123101570675,0.0021281815778686,0.063813838522339,0.0089242859688821,0.2507583572928293,0.8399384634751673,0.0323126392904574,0.1277488972343751,text
oHff2W51wZ8$_$5,Positive,2.6666667,Positive,1.3013140285714286,0.3013960225456277,0.6901967699034828,0.0020043866703214,0.0905439665335519,0.0201655589914445,0.3374621850099837,0.7632649753605623,0.0462238921730971,0.1905111324663405,text
oPlnhc0DkcU$_$1,Negative,-0.33333334,Positive,0.7612568999999999,-0.0380289208393528,0.499231604908473,-0.000659854057374,-0.0398905098478046,0.0163817120862593,0.1835301952662875,0.6907798104605872,0.0471582165967998,0.2620619729426128,text
oZxMx8e0x2U$_$2,Positive,0.33333334,Negative,-0.3934071857142857,0.5735134495105974,-0.3955870768514258,0.0038967015933916,-0.0714617930545534,-0.0068813749272361,-0.0482161582773481,0.9329793543249736,0.0366608376330134,0.0303598080420129,text
obGF3RfWQKE$_$24,Neutral,0.0,Positive,0.8543825414285715,0.2383173041854058,0.336014076933117,0.0120112712082012,0.1188811073067583,0.0950624879072117,0.246690929866115,0.6047822544037583,0.08914636254516,0.3060713830510815,text
obGF3RfWQKE$_$3,Positive,1.3333334,Positive,1.5515233599999998,0.2982793493014279,0.9603298841064342,0.0017957807050185,0.0724278328960308,0.0153187981013738,0.2566302655284771,0.8298412152088924,0.0348077595988326,0.1353510251922749,text
ossKC1VrusE$_$3,Positive,0.6666667,Positive,0.3874035905714286,0.3088911425430458,0.2475729193206084,-0.1709907261878517,-0.1302081727355978,0.1870816231801168,0.1228010181138298,0.4694220330724994,0.2571206875996815,0.2734572793278191,text
ossKC1VrusE$_$2,Positive,1.6666666,Positive,0.7658884157142858,0.4510987409591029,0.5049174134335737,-0.0026876980866974,-0.0305590571986388,0.166564852023477,0.300338813674063,0.6890262477634352,0.0143211068846706,0.2966526453518942,text
ozA7pRW4gFM$_$7,Neutral,0.0,Negative,0.0694887818571428,0.5637976999399641,-0.0395145275694202,0.4216089259606777,-0.0355541405864343,0.2169831569231745,0.054821754360277,0.4631736534767522,0.3479689911742621,0.1888573553489857,text
p4WmcxrXkc4$_$0,Positive,0.33333334,Positive,0.9861839571428572,0.4347400385786153,0.751711933952725,0.0079389344672927,0.1006601610613141,0.0090886092882617,0.0410904701526096,0.9142492720618408,0.0553534705420736,0.0303972573960856,text
p7zuPEZgtY4$_$0,Positive,0.33333334,Positive,0.1186876565714285,0.3753174555137701,0.3015231514047617,0.3424403822450844,-0.0369773616251882,0.0310142453219415,-0.0352089926636326,0.5448326281742819,0.4062168115543777,0.0489505602713403,text
pIaEcqnzI-s$_$3,Positive,0.33333334,Negative,-0.34033676,0.4436634310641303,-0.3893733926911109,0.0095554906255698,-0.1385952093500846,-0.0180535079463806,0.0175342594144929,0.8780411335860328,0.0853672031065093,0.0365916633074579,text
pIaEcqnzI-s$_$5,Negative,-0.33333334,Positive,0.4754648828571429,0.0614319794171283,0.4438475373026548,0.0095562735194899,-0.0104779066293334,0.0263872897230819,0.0425509493756539,0.7961230294525795,0.0496154338217374,0.1542615367256829,text
pIaEcqnzI-s$_$7,Negative,-0.33333334,Neutral,0.1520310043714285,0.3406611832564478,-0.0129441148510591,0.6517786659444665,0.0196588716028401,-0.1908243608709502,0.0356308333001376,0.2860475673496222,0.5458762938156015,0.1680761388347762,audio
pIaEcqnzI-s$_$6,Neutral,0.0,Positive,0.371702215,0.1110437681384849,0.1615223943432235,0.1011599980254112,0.0357213089818109,0.297708852800734,0.1146973824171856,0.2685884533439089,0.1841804753289541,0.5472310713271371,vision
pQpy7RSfWzM$_$19,Positive,0.33333334,Positive,0.8003323571428572,0.7451149377600502,1.030420461237635,-0.0010763572891772,-0.0614411720801761,0.0070556182277483,0.0953852176072257,0.947425886671546,0.0187613799716421,0.0338127333568118,text
pQpy7RSfWzM$_$8,Neutral,0.0,Positive,0.56213633,0.6575196390709961,0.7701411324654388,-0.0292857062828055,-0.0511509145242745,-0.0081728558896275,0.0118725781696265,0.9398926611286136,0.0476364998134712,0.0124708390579152,text
pSxte-ms0t8$_$33,Negative,-0.33333334,Positive,0.476763632,0.2262899450188022,0.4701491779094047,-0.013181463212987,-0.0896071159834556,0.0090355551735696,-0.0056767289548296,0.87647552024197,0.0985171975425002,0.0250072822155297,text
pSxte-ms0t8$_$2,Positive,0.6666667,Negative,0.1017272077142857,-0.1085543248628823,0.3851057529091499,0.3724646772264473,-0.1110094882905818,0.112009788309548,-0.1226819765712869,0.2964150264708223,0.5122865537016257,0.1912984198275519,audio
pSxte-ms0t8$_$7,Negative,-2.0,Negative,-1.2444064000000004,0.6042160432973807,-1.0908346474347528,0.0058849898102563,-0.0965230443824771,-0.0015392019976877,0.023310663426971,0.9533402962751832,0.037489632232999,0.0091700714918175,text
pSxte-ms0t8$_$6,Positive,1.0,Positive,0.4499690842857142,0.4996159808896456,0.6814035178736741,-0.3396429369688629,-0.2238143202008057,-0.1006678799518812,-0.0624079947583553,0.5756582025512663,0.3281251222774876,0.0962166751712461,text
pZye4zFzk3o$_$2,Negative,-0.6666667,Positive,0.2005819457,-0.0441031158217466,0.2058050922067182,0.0019786872045337,-0.0342870022487283,0.2001879937154489,0.0403908227253317,0.3317148939664205,0.0394617555436032,0.6288233504899763,vision
pZye4zFzk3o$_$5,Negative,-0.6666667,Negative,-0.6805373299999999,0.6492668637724576,-0.5830933550239712,0.0253914959172874,-0.1440088192932346,-0.0186302146935891,0.0089452450163624,0.8987826748481147,0.0781925066235885,0.0230248185282966,text
pnpFPX34Agk$_$2,Positive,0.33333334,Negative,0.071733622,0.5955318353574653,-0.2538322887651029,0.1639589412016998,0.1274002634652551,0.157403775844068,0.0950040890301505,0.6323142830037694,0.1919096320302477,0.175776084965983,text
q5M1God4M6Y$_$9,Positive,0.6666667,Positive,0.3225965546,-0.0279717799466507,0.2621031971204277,-0.008088198242803,-0.0350765539777282,0.0998412292681288,0.0248465230244394,0.474173442286242,0.0813193333466721,0.4445072243670858,text
qDfSYz0PX9g$_$0,Negative,-2.0,Negative,-1.2378728285714284,0.917617739788264,-1.8099206518132076,0.0001541164581797,-0.0423591714102606,-0.0119403491821268,0.1492875663015094,0.952422413416435,0.0089384609720954,0.0386391256114696,text
qDfSYz0PX9g$_$8,Negative,-0.6666667,Negative,-0.5720749928571429,0.8053762548499154,-1.0545061150920323,-0.005503989059881,0.0271761199104852,-0.0176127182409944,0.1198348823314121,0.9413177763354408,0.0118492363553591,0.0468329873092001,text
qEuJj4uW93E$_$1,Neutral,0.0,Positive,0.4278618271428571,-0.3768720630987848,0.012094201835991,-0.1229041013919611,-0.0826376757884653,0.4149295986294149,0.2263002974213245,0.3728073963119755,0.1472521928230921,0.4799404108649323,vision
qgC8_emxSIU$_$6,Neutral,0.0,Neutral,0.2609907374285714,-0.1056308362367263,0.3168236864964365,0.2184179750956233,-0.0534801284681984,0.3554455171001407,-0.0884155868984206,0.2537704586800391,0.2838112190662059,0.462418322253755,vision
r46amqjpWgg$_$26,Positive,0.6666667,Positive,1.0951149228571428,0.321882586709745,0.7260494231256702,0.0064647666745777,0.073948853690142,0.0087944089115956,0.1754552061147635,0.8514345258264471,0.0469797931971511,0.1015856809764017,text
r46amqjpWgg$_$22,Positive,0.6666667,Positive,1.0001417771428571,0.6635747785633616,0.7669075004138864,-0.0037995099927213,-0.0708248157139588,0.0256561001827371,0.3250371931301443,0.8506324337027187,0.0253630102965758,0.1240045560007053,text
r46amqjpWgg$_$6,Positive,1.3333334,Positive,1.0311890957142855,0.526956716499754,0.7834513580756758,0.0025681231705578,0.0096935746457125,0.0068087160755193,0.158865361294599,0.9231985115822096,0.0067933891813062,0.070008099236484,text
r46amqjpWgg$_$15,Neutral,0.0,Neutral,-0.0739274978571428,0.0444468522678543,-0.1688779976684856,0.7248268033825059,-0.0943427070909036,0.0189078378969422,0.0397537738151059,0.1132957475064495,0.8505368291383764,0.036167423355174,audio
r46amqjpWgg$_$32,Positive,1.0,Positive,1.4013449857142857,0.3665698706607538,1.10597838981593,0.0028048760148835,0.0206623470009938,0.0059256471414879,0.1733850292726788,0.9092145186127591,0.0119859235972122,0.0787995577900284,text
rcfnqiD0y8o$_$0,Positive,1.6666666,Positive,1.4195495285714286,0.3677151829633939,1.2457417818739454,-0.0021783020391198,-0.0365482019970484,0.0155868627368613,0.3308171242031643,0.8481121115977441,0.0155560061645092,0.1363318822377466,text
rhQB8e999-Q$_$10,Positive,1.0,Positive,0.8986795185714286,0.4430221089571268,0.7172336091069629,0.0030904894680617,0.0152368697519138,0.0150191036401495,0.1016825546957942,0.9227758799447776,0.0110519982483242,0.0661721218068982,text
rhQB8e999-Q$_$0,Positive,0.6666667,Positive,1.00843952,0.3474118009277442,0.8126536138341618,0.0062418979684439,0.0436747716991752,0.0049996900727364,0.0791167833961269,0.9221855901293152,0.03102331712696,0.0467910927437248,text
rhQB8e999-Q$_$5,Neutral,0.0,Positive,0.6331041642857144,0.3798563643836221,0.4737212621999332,-0.0052276851813328,0.0177025301375253,0.1027229007728157,0.0997189683832986,0.785222879514141,0.0162494777435224,0.1985276427423365,text
rhQB8e999-Q$_$7,Positive,0.6666667,Positive,0.6381858671428571,0.0040406941429045,0.5065169386644117,-0.086971009617788,-0.0037602868384879,0.0185000617179679,0.087886703767275,0.5596627327468803,0.2856086509516265,0.1547286163014933,text
rhQB8e999-Q$_$8,Neutral,0.0,Neutral,0.34881731,-0.1847116445720199,0.2897134087015494,0.3697002490555514,-0.1482743792801012,-0.0842483854165163,0.0355768771543053,0.3531417759639255,0.5261984445381861,0.1206597794978884,audio
svsbGQn389o$_$8,Negative,-1.3333334,Negative,-0.3656815299999999,0.4614942031394776,-0.5048139090885507,-0.2606708743003824,0.0477524943680137,-0.2136373635554878,0.0511066097796529,0.5538704258719869,0.2432558120833114,0.2028737620447017,text
tC2KicUHB9Q$_$7,Negative,-0.33333334,Neutral,0.1169199458571428,0.2023431776133319,0.008841730053724,0.1344291345126325,-0.0536254017099726,-0.008262313001454,0.0229297104007443,0.5496393293189067,0.4077755579204512,0.0425851127606421,text
tNd3--lvSXE$_$6,Positive,0.6666667,Positive,0.51504716,0.3456388997918879,0.3418991133532005,0.2190869139474647,0.1203170236693613,-0.009491020604723,0.024011272826756,0.6242154918060452,0.352023876456523,0.0237606317374317,text
teQqaAmqqx0$_$0,Neutral,0.0,Positive,1.10795674,0.0786075608588214,0.9430857881431144,-0.0025249696310754,-0.0479340994404822,0.0103570569123717,0.0695325120811025,0.8830635081970694,0.0415791224282114,0.0753573693747192,text
teQqaAmqqx0$_$3,Neutral,0.0,Positive,1.0326086799999998,0.1094237941051445,0.9451302024921702,0.0060164983232841,-0.0281789126154001,0.0070526529864677,0.0264163789991322,0.9313908364233464,0.0338123618825659,0.0347968016940878,text
tnWmVXZ87h0$_$0,Positive,2.0,Positive,1.2606709571428572,0.1301565530064868,1.17496162159432,0.004805066385834,-0.0108468134881156,0.002043764302512,0.0658447118349347,0.9415169225143294,0.0151936483556751,0.0432894291299953,text
tnWmVXZ87h0$_$3,Positive,1.6666666,Positive,0.9261906428571428,0.1499933550134697,0.8773025068896327,0.0024029090763677,-0.0424915100272043,0.0092615864094158,0.0591803304361615,0.9066460445566382,0.0339494576926703,0.0594044977506913,text
ttfaZ8IIWCo$_$2,Positive,2.3333333,Positive,0.7031849457142858,0.6443081119413604,0.5613412465293742,-0.0253410193562543,-0.0379317057526288,-0.0144644069910792,-0.0188581981371306,0.9340168335713744,0.0426721470351217,0.0233110193935038,text
ttfaZ8IIWCo$_$5,Positive,2.3333333,Positive,1.1745839628571428,0.6922842834138254,1.1567858328558025,0.0028848908219936,0.0666118433214242,-0.0019409132906498,-0.0729771853776333,0.9545218856448258,0.0222175523044201,0.0232605620507541,text
ttfaZ8IIWCo$_$4,Positive,2.3333333,Positive,1.0765445385714285,0.4438593655286829,0.8164914446271514,0.0109839360222492,0.1333637986918203,0.0022739131508705,0.0273000070080784,0.9146532830308356,0.0708175935752404,0.0145291233939238,text
tymso_pAxhk$_$12,Negative,-1.0,Neutral,0.1598346194285714,0.5484493178349269,-0.0813912596786314,0.4507689519540716,-0.0277817575759838,-0.0007825355583778,0.0709532903274602,0.5429777733070973,0.4339725631814656,0.023049663511437,text
u9ZV8jb_-U0$_$0,Negative,-1.6666666,Negative,-0.7720783899999999,0.4401481869715055,-0.6929594421023613,-0.0117383887034885,0.0711464356036214,-0.0144190889409665,-0.1032429182166343,0.8884235962546883,0.0469325364192423,0.0646438673260693,text
um8WVjZMLUc$_$1,Neutral,0.0,Negative,-1.1767983657142858,0.7827899710716517,-1.076826710490235,-0.0012454690883502,-0.0380396893215941,-0.00667171282441,0.0188213706846835,0.97700599192124,0.0119162492458843,0.0110777588328755,text
unOeTDc2rlY$_$27,Positive,1.0,Positive,0.6328971585714286,0.3834275458314229,0.4191143084506797,0.0383383889197297,0.1182848159413146,0.0082665477530283,0.028111631069641,0.8457587886438048,0.1257269623655303,0.028514248990665,text
unOeTDc2rlY$_$31,Positive,1.0,Positive,0.5572271200000001,0.1573180283178877,0.2110983071419634,-0.0696822370798782,0.0720646574930246,-0.0429546140026486,0.1199944127720206,0.5630997486497554,0.2317446551798154,0.2051555961704291,text
unOeTDc2rlY$_$29,Negative,-0.33333334,Negative,-0.2642593734857142,0.3786302703345055,-0.3684972915624849,0.2036269012310112,-0.0945998163986334,-0.0521000954094286,0.1080222640892309,0.6080322810128664,0.285135816422518,0.1068319025646155,text
uogwnZGb-iE$_$26,Positive,2.0,Positive,1.3663132285714286,0.451114135446059,0.9580456837228504,-0.000374318919932,0.0063036775231497,0.0153603330958387,0.3039411316241673,0.8660657115511888,0.0027827232182891,0.131151565230522,text
uogwnZGb-iE$_$21,Positive,0.33333334,Negative,-0.0190135299999999,0.3161188983347531,-0.3064208760698128,0.1882538508511871,-0.0916048667101124,-0.2136774842459937,0.2193711103764827,0.452735357007003,0.2368230768568668,0.3104415661361301,text
uogwnZGb-iE$_$22,Positive,2.0,Positive,1.6860063428571428,0.3985877302860213,1.3063951455302782,0.0008377070201331,0.0671331724131991,0.0048305138372848,0.1407737743887764,0.917526277709266,0.0255388731711182,0.0569348491196158,text
uogwnZGb-iE$_$28,Positive,2.3333333,Positive,1.7541702428571428,0.4437302719598631,1.2415821623061998,0.0006685266046758,0.048043919089072,0.0040244426288646,0.0966242420358929,0.9418832495850522,0.0183229476781105,0.0397938027368372,text
uogwnZGb-iE$_$13,Positive,2.3333333,Positive,1.7012365714285715,0.1690042707323037,1.455515013585738,-0.0002108111847286,0.025625083971841,0.0056482646065226,0.1147285953734262,0.9255204054206244,0.0123829420132354,0.0620966525661402,text
uogwnZGb-iE$_$6,Positive,1.0,Positive,1.5029704571428568,0.4518471434138233,1.0872570862321442,-0.0003678461113267,0.0483443907987319,0.0113032788034791,0.2436032466184341,0.8819532855537483,0.017852787803957,0.1001939266422946,text
vB_kZocHtYo$_$8,Neutral,0.0,Neutral,0.2148148957142857,-0.0096408984947583,0.2035232071400737,0.1350763389844018,-0.082587361651554,0.1055185835618182,-0.0361208360074901,0.2166441253773607,0.4546544012796435,0.3287014733429956,audio
vGkIaClHKDg$_$6,Positive,1.3333334,Positive,1.5016837071428573,0.6755549645667107,1.1668143223772325,-0.0006734382447619,-0.0005120428211755,0.011549611002687,0.2327082789703369,0.9220731334047304,0.0007311833608654,0.0771956832344039,text
vR90Pdx9wxs$_$3,Positive,0.33333334,Positive,0.3562386219999999,0.3686010496747682,0.3532855247757644,-0.1727957884316732,-0.155499397330161,0.0732223738605016,0.0082437989912242,0.6180257975887478,0.2854380350107455,0.0965361674005066,text
v_8QeoNc4QY$_$5,Positive,0.33333334,Neutral,0.2133122125714285,-0.1508619978526734,0.3152654671849217,-0.0687536240560559,-0.0131369896425399,0.02776295722405,-0.1518974797194224,0.6281324057443611,0.1794759973771339,0.1923915968785049,text
veA6ECsGFxI$_$0,Positive,0.6666667,Positive,1.2931055142857144,0.3107034255301475,0.8149332322626252,0.0043906809037361,0.059958829775347,0.0136905383223545,0.25110653185621,0.8270605808266593,0.0346205813241586,0.1383188378491821,text
wC_1M7KIv9s$_$24,Neutral,0.0,Neutral,0.2094620928571428,0.4972713848024758,0.2831601111355373,0.4972713848024758,0.0262450889156068,0.0081514473181689,-0.0637363456850869,0.5249501844265028,0.4489673429203271,0.02608247265317,text
wC_1M7KIv9s$_$12,Positive,0.33333334,Positive,0.659927942857143,0.3415689512006747,0.5815818266549247,0.0537203226526328,0.1987838957330977,-0.0080949938824107,-0.097513714072963,0.7692834668645935,0.1723847251267555,0.0583318080086508,text
wC_1M7KIv9s$_$23,Neutral,0.0,Neutral,0.1620944528571428,0.154825435261373,0.1026546159889248,-0.1939704016299047,0.0467537043214075,-0.0506197438688642,-0.0645424390613801,0.4015946219346472,0.4451678384047861,0.1532375396605667,audio
wC_1M7KIv9s$_$1,Positive,0.6666667,Positive,0.3527085514285714,0.1339433738160715,0.3207044222870023,0.1237768075181598,0.1099460480813449,-0.0422560670757269,-0.0859307658114624,0.5100807994421358,0.3397621456623038,0.1501570548955603,text
wC_1M7KIv9s$_$5,Neutral,0.0,Neutral,0.2061446594285714,0.2965635195648183,0.1591585223109131,-0.213344946311233,0.0756917833162806,-0.1148399684278677,-0.0375177106741747,0.4886064348980374,0.3334213087396385,0.177972256362324,text
wC_1M7KIv9s$_$25,Positive,2.0,Positive,0.4945238671428572,0.4307333091511882,0.5387166496130154,0.0583257492841273,0.1042283743915994,-0.0120825535757916,-0.1285366743506948,0.8048315609408668,0.1227327883688269,0.0724356506903061,text
wC_1M7KIv9s$_$21,Negative,-0.33333334,Positive,0.1840053717142857,0.0636218826369685,0.2083935967981903,-0.1163363685956114,0.0215923387227401,-0.0849651718870372,-0.1059657861941539,0.3531011582518952,0.3277564666073089,0.3191423751407958,text
wHeZHLv9wGI$_$12,Negative,-0.6666667,Negative,-0.6009669921428572,0.6802810432191682,-0.7005044653148066,-0.0548868135170693,0.1083744678977802,-0.038451763509797,0.0615027578612981,0.859022549527259,0.0855576080887913,0.0554198423839497,text
wnL3ld9bM2o$_$25,Positive,2.0,Negative,-0.1297445657142857,0.2842607506470713,-0.5828579321648679,-0.2036138553697566,0.0911416161926443,-0.2985468765317421,0.1863945559586511,0.4458982718000596,0.2180303193561212,0.3360714088438191,text
wnL3ld9bM2o$_$21,Positive,0.33333334,Negative,-0.8639499614285715,0.6263660738276092,-0.9663287033996556,-0.0056435132013503,0.0486142693881334,0.0026953702985474,-0.0578060900530789,0.9558471556582234,0.0220180735254442,0.0221347708163324,text
wnL3ld9bM2o$_$4,Positive,0.33333334,Positive,1.1570441142857142,0.1717467070829487,0.9890623129972456,-0.0103643725916274,0.0532798272226604,0.0355256173551283,0.1830954312282016,0.8008647516371492,0.0449187052430827,0.1542165431197679,text
wnL3ld9bM2o$_$9,Positive,1.0,Positive,1.0268267314285713,0.4057518664706796,0.8209576336337661,0.0052565466641303,0.1368770265090286,0.0024143803405891,0.062543401328648,0.901606370315422,0.067523458632162,0.0308701710524158,text
wnL3ld9bM2o$_$15,Neutral,0.0,Negative,-0.7157585214285714,0.3892358991482729,-0.6051631631590162,0.0079371997504824,-0.0889513618174144,0.0113385757633885,-0.1175695314997808,0.8702406518798282,0.0553514161291155,0.0744079319910563,text
wnL3ld9bM2o$_$14,Neutral,0.0,Neutral,0.0983129838142857,0.4152812022729953,0.2809667416908692,0.1998721827273273,-0.0543529479171767,-0.0080240247159532,-0.0331976852851473,0.6822057678044157,0.2922050945242946,0.0255891376712898,text
wznRBN1fWj4$_$0,Neutral,0.0,Negative,-0.555269135,0.3771856763672504,-0.427238773126237,-0.0029205757369266,0.0241729658655003,0.0308605400200515,-0.192254026125134,0.8306639279927894,0.0175505101302412,0.1517855618769693,text
wznRBN1fWj4$_$6,Neutral,0.0,Neutral,0.308360395,-0.1112691210850191,0.1757090468008369,0.5564079394049446,0.012714683322585,0.1126722594109115,-0.0395124965963853,0.1983338055363614,0.6547095581307123,0.1469566363329262,audio
x0rLwBIocuI$_$7,Negative,-0.6666667,Negative,-1.3046746714285713,0.683775419369926,-1.2182810575281142,0.000353331897162,-0.0081347602265493,0.0025951851093047,-0.1389117445775711,0.9544907066332308,0.0026842089053172,0.0428250844614519,text
xBE9YWYGjtk$_$7,Positive,2.0,Positive,1.375302485714286,0.3288627421261585,0.9689518932969096,0.0031378623118328,0.0200047669849943,0.0068081685733006,0.2542213378391813,0.865434759895299,0.0130192501833831,0.1215459899213179,text
xSCvspXYU9k$_$19,Negative,-1.0,Negative,-1.229314714285714,0.4507417483966753,-1.3098617825537748,0.0056110367015965,-0.0898036229171752,-0.0015350647664419,-0.0161716380702425,0.9543238794409706,0.0382278940124216,0.0074482265466076,text
xSCvspXYU9k$_$7,Neutral,0.0,Positive,0.5269570412857142,0.3017001323792099,0.5850015068105239,-0.1151161783274956,-0.0767552694627267,0.1012876240844684,0.0688147599088244,0.6521566670383344,0.1847375736664849,0.1631057592951807,text
xXXcgb9eZ9Y$_$7,Negative,-0.33333334,Negative,-0.181462389,0.4770241791249069,-0.2799725771836142,-0.1439225567613907,0.2583333448286297,-0.0285695806678474,0.0091184207549847,0.6855222048040212,0.2764857369291137,0.0379920582668651,text
xmLJHru6Z1M$_$12,Positive,1.0,Positive,0.2742125652857142,0.4390383534623269,0.43637495223103,-0.1862359297728196,-0.1139243495124773,0.086946225880045,0.0247044888052574,0.6466469151066289,0.2480513116394644,0.1053017732539066,text
xmLJHru6Z1M$_$14,Positive,1.0,Positive,0.6386195428571428,0.4436395170844641,0.7484881869286196,0.0059265620960474,-0.0108821874316351,-0.0018828062262472,0.015419266788864,0.9766433181150378,0.0134617373980191,0.0098949444869431,text
xmLJHru6Z1M$_$8,Positive,0.33333334,Positive,0.35338976,0.2881431541448663,0.2165203683074638,-0.1977947762734033,-0.1010802507404163,-0.3772459612765874,0.075282000856375,0.3624387744461986,0.2328515939906827,0.4047096315631185,vision
xobMRm5Vs44$_$1,Neutral,0.0,Positive,1.0731900642857142,0.3177430391201756,0.6073586504206248,0.0038821883341618,0.0570516639354159,0.0146348009653897,0.2550051435660224,0.8093514028179979,0.0356282479652242,0.155020349216778,text
yCpHmPSshKY$_$1,Positive,1.6666666,Neutral,0.1659525647142857,0.1438156707453459,0.4198280097566234,0.4792303141042914,-0.0145899474173031,-0.0192237961622548,-0.0386244371617789,0.3547198390368416,0.6051544214647597,0.0401257394983987,audio
yCpHmPSshKY$_$0,Positive,0.6666667,Positive,0.6007569528571428,0.572557128454439,0.7214312309120614,0.0471471475109139,0.1847480780831636,0.0001463950523131,-0.0149445863187082,0.8771617752850038,0.1173058390711465,0.0055323856438496,text
yLo-Jl8nBXU$_$11,Positive,0.6666667,Positive,0.7067752642857142,0.6447877294033029,0.5907752481988464,-0.011371142621829,-0.0710599728426797,0.0229184014128868,0.0517878950208391,0.9179467819320952,0.0382329868861449,0.0438202311817596,text
yLo-Jl8nBXU$_$0,Neutral,0.0,Neutral,-0.0403647866857143,0.6065618425725712,-0.0801156011235805,0.116197500137652,-0.048915580150409,-0.1397028448370549,-0.0312234135037326,0.6914298556458841,0.1446724873406264,0.1638976570134894,text
yLo-Jl8nBXU$_$6,Positive,1.3333334,Positive,1.4218418714285714,0.3693156200311743,1.1336098344292778,0.0042664022660763,0.0578082916022164,0.004251007074819,0.077960928538949,0.932863242085394,0.0293845522775863,0.0377522056370196,text
ySblgk7T7eQ$_$12,Negative,-0.33333334,Positive,0.1874883771428571,-0.1884660429282346,-0.0358507435815143,-0.1726064988808228,-0.1527202426901354,0.2244405142019273,0.1810901697678756,0.2827809146480604,0.3153699732526924,0.4018491120992472,vision
ySblgk7T7eQ$_$0,Positive,1.0,Positive,1.5274073714285714,0.5237542801394177,1.1107185609267916,0.0007835904681523,-0.0057079985044206,0.0085885662302108,0.2257738601577759,0.911748668206843,0.0027396061464556,0.0855117256467014,text
ySblgk7T7eQ$_$4,Positive,0.6666667,Neutral,0.3107712112857143,0.0175434731768743,0.1387682986536577,0.3163600775105296,-0.1572066360860682,-0.2124910004137314,0.172385384830019,0.0908160022508819,0.5249175736577821,0.384266424091336,audio
ySblgk7T7eQ$_$9,Positive,1.0,Negative,-1.1752500342857142,0.7425298140295722,-1.3705905910435048,0.0034031310959672,-0.118056056793518,-0.0026980968873806,0.0210385854369246,0.9580894575691156,0.0341533148318846,0.0077572275989997,text
yUqNp-poh9M$_$2,Negative,-0.33333334,Negative,-0.9453420685714286,0.6367697482026153,-1.138367973678177,0.0004189809918021,-0.084330533642153,-0.0071140767877837,0.047475426180723,0.9517948287867624,0.0267203484727383,0.0214848227404992,text
yUqNp-poh9M$_$9,Neutral,0.0,Negative,-0.5975661385714286,0.6338317917488646,-0.5934996680931663,-0.0121264186163484,-0.0346771629170989,-0.0354731528766055,0.0300900743033926,0.923196570926478,0.0262922534945842,0.0505111755789377,text
ydzNAuqUAnc$_$6,Negative,-1.0,Negative,-0.7915691314285714,0.7858824586043232,-1.2806659169249597,-0.0077461052018787,0.0905228037632642,-0.0188570803685399,0.1782693728517913,0.912563540720746,0.028533620261579,0.0589028390176749,text
yoDMh8FlHR8$_$0,Positive,1.6666666,Positive,0.3306316585714285,-0.36369951839972,0.1117416153297914,-0.0910724085522973,-0.0060231662985447,0.112115368051459,0.0610293470624324,0.6399937863723706,0.1485751142457071,0.2114310993819222,text
yzCHa2qchpg$_$1,Negative,-2.0,Negative,-0.1607645185714285,0.3804327395188461,-0.2184888273261451,0.0016901762608223,-0.030712969579544,-0.0153872921064408,0.0565562003641292,0.9075601502201456,0.0238829140541988,0.0685569357256553,text
yzCHa2qchpg$_$2,Positive,1.3333334,Positive,1.6216492714285715,0.5716920269669608,1.2263237714426725,0.0011752953762922,0.0004669659563341,0.0064888838195037,0.1569592162625996,0.9422071732752636,0.0012790147771018,0.0565138119476344,text
z441aDJvAcU$_$20,Positive,1.0,Positive,0.7823916742857142,0.6685196449448894,0.7329182481140027,-0.0226511924630806,-0.101859894712895,-0.0151059479744773,-0.0262937221131025,0.9189822281985556,0.0569862564282976,0.0240315153731467,text
z441aDJvAcU$_$21,Positive,0.33333334,Positive,1.0368601857142858,0.8037756802229543,1.1095543415010043,-0.0041539811939357,-0.0808800366716655,-0.007775197078245,-0.0793686587239945,0.947258387014242,0.0251127385612543,0.0276288744245035,text
z441aDJvAcU$_$22,Neutral,0.0,Positive,-4.740714285715399e-05,0.2999483460675351,0.0893614929137093,-0.1922760401637952,-0.1783850982285363,-0.0567942061707061,-0.071671707452447,0.4979710247250714,0.3801777369863107,0.1218512382886179,text
zfZUOvZZTuk$_$1,Neutral,0.0,Negative,0.0892677527142857,-0.1260220025944675,0.348989896125922,0.1938711121649354,-0.0684094049352061,0.5237388494844469,-0.0700531365926342,0.2408787271469463,0.2153570994064269,0.5437641734466266,vision
zfZUOvZZTuk$_$8,Neutral,0.0,Positive,0.3060483872857142,0.422956036947287,0.6078186410578964,-0.3836947643235099,-0.2167330486467176,-0.0032901540165116,0.0034609550310762,0.5760532555418978,0.4198546357444351,0.0040921087136672,text
zhNksSReaQk$_$27,Neutral,0.0,Positive,0.8409648914285714,0.4918431032453479,0.7801039533353455,0.0206320219082528,0.1117806023648453,0.0041947864238651,0.0170333315082604,0.9173239760879996,0.0706310615001021,0.0120449624118982,text
zhNksSReaQk$_$44,Negative,-1.0,Negative,-0.6610505071428571,0.5172596489011034,-0.7148790062897272,-0.020967613525974,0.1152540529053824,-0.0066212658426024,-0.0380197850015912,0.9056856098693136,0.0711859213313535,0.0231284687993328,text
zhNksSReaQk$_$28,Negative,-1.0,Negative,-0.9135802971428572,0.7358641683571808,-1.2939535222910925,-0.0154138399201991,0.1173771462306866,-0.0048661969047859,0.0233324260088436,0.9455726509671316,0.044184293035158,0.0102430559977105,text
zhNksSReaQk$_$1,Neutral,0.0,Positive,0.9269751571428572,0.3327980085010371,0.6407969663495472,0.0198895649452627,0.1047002763930184,0.0103908501742191,0.0699036382448469,0.8606320898935872,0.086299407406103,0.0530685027003096,text
zhNksSReaQk$_$4,Negative,-0.33333334,Negative,-1.236663832857143,0.6796307174778516,-1.286365660834528,0.0020357910911275,-0.0508339379738509,-0.0026117248153536,0.030545833258754,0.97213270402463,0.0166466824474816,0.0112206135278882,text
zhNksSReaQk$_$15,Neutral,0.0,Positive,0.67207216,0.2436839572631318,0.3868558178743799,-0.001112140484724,0.0816844494968305,0.1852260944236006,0.156057562754375,0.5838661259837132,0.0444051033988801,0.3717287706174066,text
zhNksSReaQk$_$36,Neutral,0.0,Negative,-0.6524914734285714,0.6871438285022732,-0.7169243860677806,0.0100715768366499,-0.0897778780552814,-0.0279399821591593,0.0330609671551345,0.9214409614448988,0.0397955156622776,0.0387635228928235,text
