id,predicted_label,negative_probability,neutral_probability,positive_probability,predicted_intensity
0::single::text::0,Positive,0.06436457,0.40816095,0.52747446,0.24808936
0::single::text::1,Positive,0.06345525,0.40955472,0.52699,0.24796814
0::single::text::2,Positive,0.07405936,0.4106409,0.51529974,0.22819605
0::single::text::3,Positive,0.08547041,0.41227865,0.5022509,0.22625414
0::single::text::4,Positive,0.08385386,0.4177878,0.4983583,0.22382647
0::single::text::5,Positive,0.09519072,0.43299723,0.4718121,0.19916952
0::single::text::6,Positive,0.08020096,0.40472704,0.515072,0.23462728
0::single::text::7,Positive,0.09056204,0.41388518,0.49555284,0.22261253
0::single::text::8,Positive,0.08851858,0.41609102,0.49539042,0.21678458
0::single::text::9,Positive,0.08970891,0.41722557,0.4930655,0.21411288
0::single::text::10,Positive,0.08588085,0.41566193,0.49845725,0.21605596
0::single::text::11,Positive,0.09230102,0.43579447,0.47190452,0.21569166
0::single::text::12,Neutral,0.10659629,0.45208454,0.44131917,0.19491546
0::single::text::13,Positive,0.08883566,0.4214395,0.4897249,0.22564727
0::single::text::14,Positive,0.09696399,0.44289422,0.46014178,0.20050633
0::single::text::15,Positive,0.09006803,0.42405903,0.48587286,0.22067007
0::single::text::16,Positive,0.08988795,0.42225987,0.48785228,0.21642026
0::single::text::17,Positive,0.08943994,0.42227387,0.48828617,0.21714887
0::single::text::18,Positive,0.102001905,0.427413,0.47058508,0.21314126
0::single::text::19,Positive,0.07911029,0.42717814,0.4937116,0.22200555
0::single::text::20,Positive,0.08084984,0.42398435,0.49516585,0.22540449
0::single::text::21,Positive,0.091410756,0.4249717,0.4836175,0.22406927
0::single::text::22,Positive,0.076381825,0.40607783,0.51754034,0.23741755
0::single::text::23,Positive,0.07816458,0.40662667,0.5152088,0.22880286
0::single::audio::0,Positive,0.084496625,0.41609052,0.49941283,0.22710377
0::single::audio::1,Positive,0.09267027,0.43204868,0.4752811,0.19673872
0::single::audio::2,Positive,0.09487451,0.43661883,0.46850663,0.19163324
0::single::audio::3,Positive,0.087641746,0.421807,0.4905513,0.21860598
0::single::audio::4,Positive,0.08518754,0.41859168,0.49622077,0.22394787
0::single::audio::5,Positive,0.08460238,0.41734686,0.4980507,0.22880286
0::single::audio::6,Positive,0.08376713,0.4157405,0.50049233,0.23159395
0::single::audio::7,Positive,0.08354056,0.41575408,0.50070536,0.23147263
0::single::audio::8,Positive,0.0837881,0.41632757,0.49988437,0.2301378
0::single::audio::9,Positive,0.08438764,0.4172839,0.49832845,0.22856018
0::single::audio::10,Positive,0.08421313,0.41635,0.49943686,0.22940966
0::single::audio::11,Positive,0.08345007,0.4148053,0.50174457,0.23329268
0::single::audio::12,Positive,0.08441864,0.4167543,0.4988271,0.22892424
0::single::audio::13,Positive,0.08473028,0.41723105,0.49803862,0.2273465
0::single::audio::14,Positive,0.084815875,0.4178691,0.497315,0.22564727
0::single::audio::15,Positive,0.08448829,0.41722235,0.49828938,0.22758923
0::single::audio::16,Positive,0.08428973,0.41660577,0.49910447,0.22819605
0::single::audio::17,Positive,0.08391912,0.4160877,0.49999318,0.22953102
0::single::audio::18,Positive,0.08462009,0.4171191,0.49826077,0.22880286
0::single::audio::19,Positive,0.08431553,0.41595,0.4997345,0.22928832
0::single::audio::20,Positive,0.08444685,0.41667122,0.49888185,0.22746786
0::single::audio::21,Positive,0.084394716,0.41671133,0.49889395,0.2277106
0::single::audio::22,Positive,0.08436153,0.4162776,0.49936086,0.22795334
0::single::audio::23,Positive,0.08449537,0.41612017,0.49938446,0.22698238
0::single::vision::0,Positive,0.08566531,0.41875264,0.49558207,0.22394787
0::single::vision::1,Positive,0.084377855,0.4172033,0.49841875,0.22673965
0::single::vision::2,Positive,0.08437615,0.41712168,0.49850214,0.22637554
0::single::vision::3,Positive,0.08426141,0.41691434,0.49882424,0.22661826
0::single::vision::4,Positive,0.08423115,0.41698462,0.4987842,0.22661826
0::single::vision::5,Positive,0.084199905,0.41679525,0.4990048,0.22722512
0::single::vision::6,Positive,0.08425444,0.4169312,0.49881434,0.22661826
0::single::vision::7,Positive,0.0846014,0.41769004,0.49770853,0.22564727
0::single::vision::8,Positive,0.084344916,0.41727018,0.4983849,0.22637554
0::single::vision::9,Positive,0.08446542,0.41746625,0.49806836,0.2260114
0::single::vision::10,Positive,0.08449471,0.41737062,0.49813467,0.22625414
0::single::vision::11,Positive,0.08448824,0.41739273,0.49811906,0.2260114
0::single::vision::12,Positive,0.0844999,0.41731334,0.49818674,0.22625414
0::single::vision::13,Positive,0.084426574,0.41722226,0.49835116,0.22625414
0::single::vision::14,Positive,0.08439579,0.4172603,0.49834388,0.22625414
0::single::vision::15,Positive,0.084444836,0.41749668,0.49805853,0.22613278
0::single::vision::16,Positive,0.084539995,0.41781354,0.49764648,0.2260114
0::single::vision::17,Positive,0.0854511,0.4193567,0.49519217,0.2245548
0::single::vision::18,Positive,0.08533392,0.41908932,0.49557674,0.22504035
0::single::vision::19,Positive,0.08491589,0.4182629,0.49682125,0.22564727
0::single::vision::20,Positive,0.08568488,0.41984048,0.49447465,0.22394787
0::single::vision::21,Positive,0.08568874,0.4197901,0.49452117,0.22394787
0::single::vision::22,Positive,0.0854846,0.41945368,0.49506173,0.22406927
0::single::vision::23,Positive,0.085531734,0.4184931,0.49597517,0.22382647
1::single::text::0,Positive,0.0946442,0.18221433,0.7231415,0.4828258
1::single::text::1,Positive,0.09355538,0.18158475,0.72485983,0.48544145
1::single::text::2,Positive,0.09898467,0.17070544,0.7303099,0.5030174
1::single::text::3,Positive,0.15218288,0.211466,0.6363511,0.3874721
1::single::text::4,Positive,0.1520876,0.21141645,0.63649595,0.38771215
1::single::text::5,Positive,0.14552069,0.21187685,0.64260244,0.3932323
1::single::text::6,Positive,0.089831516,0.16595194,0.7442166,0.5347532
1::single::text::7,Positive,0.08964469,0.16579664,0.7445587,0.532862
1::single::text::8,Positive,0.12868181,0.19889918,0.67241895,0.43346858
1::single::text::9,Positive,0.129357,0.18393452,0.68670845,0.45519793
1::single::text::10,Positive,0.13154058,0.184564,0.68389547,0.45114225
1::single::text::11,Positive,0.31184223,0.26521534,0.4229424,0.13004541
1::single::text::12,Positive,0.11640333,0.18688548,0.69671124,0.4616358
1::single::text::13,Positive,0.11617666,0.18679188,0.69703144,0.4621125
1::single::text::14,Negative,0.43375143,0.24600092,0.32024765,-0.07829033
1::single::text::15,Positive,0.10300005,0.1819559,0.7150441,0.4875809
1::single::text::16,Positive,0.104009025,0.1825934,0.71339756,0.48544145
1::single::text::17,Positive,0.07848832,0.15406543,0.7674462,0.5696614
1::single::text::18,Positive,0.0842621,0.16731112,0.7484268,0.53947955
1::single::text::19,Positive,0.08366758,0.16645493,0.7498776,0.5427863
1::single::text::20,Positive,0.08166726,0.1854355,0.7328973,0.48116094
1::single::audio::0,Positive,0.10111538,0.17168064,0.72720397,0.503492
1::single::audio::1,Positive,0.10183256,0.17274001,0.7254274,0.5030174
1::single::audio::2,Positive,0.101807356,0.1725648,0.7256278,0.503492
1::single::audio::3,Positive,0.100884214,0.17200851,0.7271073,0.50633866
1::single::audio::4,Positive,0.10037758,0.17161986,0.72800255,0.50823593
1::single::audio::5,Positive,0.10085406,0.17195061,0.72719526,0.50633866
1::single::audio::6,Positive,0.10079324,0.17178583,0.7274209,0.50633866
1::single::audio::7,Positive,0.10140283,0.17229703,0.7263001,0.504441
1::single::audio::8,Positive,0.10141475,0.17226866,0.7263166,0.5039665
1::single::audio::9,Positive,0.10141174,0.17225014,0.726338,0.504441
1::single::audio::10,Positive,0.10133182,0.17231235,0.7263559,0.504441
1::single::audio::11,Positive,0.1009341,0.17216209,0.7269038,0.50633866
1::single::audio::12,Positive,0.10036684,0.17180604,0.7278272,0.50823593
1::single::audio::13,Positive,0.1014303,0.17216569,0.7264041,0.503492
1::single::audio::14,Positive,0.10140916,0.17209028,0.7265005,0.5039665
1::single::audio::15,Positive,0.1013896,0.1721423,0.7264681,0.503492
1::single::audio::16,Positive,0.1014415,0.17213552,0.7264229,0.503492
1::single::audio::17,Positive,0.10141618,0.17212737,0.7264564,0.503492
1::single::audio::18,Positive,0.1012987,0.17204052,0.72666085,0.504441
1::single::audio::19,Positive,0.10111586,0.17185701,0.72702706,0.504441
1::single::audio::20,Positive,0.101130754,0.1716535,0.72721577,0.5039665
1::single::vision::0,Positive,0.10196509,0.171974,0.72606087,0.504441
1::single::vision::1,Positive,0.100932404,0.17177856,0.7272891,0.50538987
1::single::vision::2,Positive,0.10127479,0.17203528,0.72668993,0.5049154
1::single::vision::3,Positive,0.10136443,0.172099,0.72653663,0.504441
1::single::vision::4,Positive,0.101299286,0.17198718,0.72671354,0.5049154
1::single::vision::5,Positive,0.10117555,0.17196208,0.7268623,0.5049154
1::single::vision::6,Positive,0.101266384,0.1720027,0.7267308,0.5049154
1::single::vision::7,Positive,0.101281986,0.17200136,0.72671664,0.5049154
1::single::vision::8,Positive,0.101281986,0.17200136,0.72671664,0.5049154
1::single::vision::9,Positive,0.10128483,0.17200053,0.7267146,0.5049154
1::single::vision::10,Positive,0.10123346,0.17196384,0.7268027,0.5049154
1::single::vision::11,Positive,0.10120026,0.17199516,0.7268046,0.5049154
1::single::vision::12,Positive,0.10127231,0.17199188,0.72673583,0.5049154
1::single::vision::13,Positive,0.101297595,0.17200005,0.72670233,0.5049154
1::single::vision::14,Positive,0.10130098,0.1719743,0.72672474,0.5049154
1::single::vision::15,Positive,0.10124874,0.17206116,0.7266902,0.5049154
1::single::vision::16,Positive,0.10125043,0.17204827,0.7267014,0.5049154
1::single::vision::17,Positive,0.10126699,0.17203966,0.7266934,0.5049154
1::single::vision::18,Positive,0.101299286,0.17198718,0.72671354,0.5049154
1::single::vision::19,Positive,0.10112977,0.1719588,0.7269114,0.5049154
1::single::vision::20,Positive,0.10196939,0.17199546,0.7260351,0.504441
2::single::text::0,Negative,0.48064438,0.28129756,0.23805806,-0.13796413
2::single::text::1,Negative,0.47411147,0.2814136,0.2444749,-0.12858328
2::single::text::2,Negative,0.53929245,0.25829563,0.20241192,-0.20403025
2::single::text::3,Negative,0.46887118,0.2930988,0.23803002,-0.10140178
2::single::text::4,Negative,0.4778967,0.2934526,0.22865072,-0.11554342
2::single::text::5,Negative,0.5319415,0.26103842,0.2070201,-0.2003848
2::single::text::6,Negative,0.6048993,0.22958301,0.16551772,-0.33092332
2::single::text::7,Negative,0.481435,0.28226045,0.23630455,-0.12736481
2::single::text::8,Negative,0.48218387,0.28240895,0.2354072,-0.13041094
2::single::text::9,Negative,0.5181412,0.26663798,0.2152208,-0.18348652
2::single::text::10,Negative,0.5543882,0.24870667,0.19690517,-0.2617837
2::single::text::11,Negative,0.5545254,0.2484136,0.19706102,-0.26081452
2::single::text::12,Negative,0.4963673,0.2650072,0.23862545,-0.15160415
2::single::text::13,Negative,0.42412353,0.30476075,0.27111575,-0.05126454
2::single::text::14,Negative,0.5282192,0.26381463,0.20796609,-0.1954017
2::single::text::15,Negative,0.5342799,0.26374838,0.20197171,-0.20633876
2::single::text::16,Negative,0.61462224,0.22994724,0.15543057,-0.3497212
2::single::text::17,Negative,0.43031806,0.30847937,0.2612025,-0.05815922
2::single::text::18,Negative,0.42812926,0.3084042,0.2634665,-0.055017024
2::single::text::19,Positive,0.08001487,0.39170346,0.5282816,0.2840586
2::single::text::20,Negative,0.37971523,0.32110858,0.29917613,0.007511124
2::single::text::21,Negative,0.6008003,0.23360097,0.16559875,-0.32778776
2::single::text::22,Negative,0.5985653,0.23349482,0.16793981,-0.32272106
2::single::text::23,Negative,0.59854496,0.23363414,0.16782093,-0.32875264
2::single::text::24,Negative,0.46536663,0.29309618,0.24153724,-0.10597396
2::single::text::25,Negative,0.46865347,0.29369283,0.23765372,-0.1112161
2::single::text::26,Negative,0.64635146,0.21397015,0.13967833,-0.42318454
2::single::text::27,Negative,0.7316847,0.17457697,0.09373834,-0.64038897
2::single::text::28,Negative,0.6113318,0.22898424,0.15968403,-0.35212916
2::single::text::29,Negative,0.6109009,0.22867511,0.16042404,-0.3518884
2::single::text::30,Negative,0.5555775,0.25547376,0.18894868,-0.24445193
2::single::text::31,Negative,0.4950394,0.27650034,0.22846025,-0.15391748
2::single::text::32,Negative,0.49489927,0.27705264,0.22804809,-0.15464798
2::single::text::33,Negative,0.57385725,0.24877283,0.17736986,-0.28333274
2::single::text::34,Negative,0.6332194,0.21910724,0.14767332,-0.39827
2::single::audio::0,Negative,0.5424435,0.25727186,0.20028459,-0.22431204
2::single::audio::1,Negative,0.54485697,0.2573868,0.19775623,-0.22868152
2::single::audio::2,Negative,0.54553694,0.25726426,0.19719882,-0.22989509
2::single::audio::3,Negative,0.5453179,0.2573267,0.1973554,-0.22953102
2::single::audio::4,Negative,0.54892105,0.2571401,0.1939388,-0.23596182
2::single::audio::5,Negative,0.5446578,0.25742662,0.19791555,-0.22758923
2::single::audio::6,Negative,0.54472315,0.25746274,0.19781409,-0.22783197
2::single::audio::7,Negative,0.54364043,0.25731134,0.19904819,-0.2264969
2::single::audio::8,Negative,0.5452383,0.257326,0.19743562,-0.22953102
2::single::audio::9,Negative,0.5439075,0.25725856,0.1988339,-0.22625414
2::single::audio::10,Negative,0.5467322,0.2572766,0.19599123,-0.23171529
2::single::audio::11,Negative,0.5435103,0.25751865,0.19897106,-0.22613278
2::single::audio::12,Negative,0.54494,0.25767303,0.19738694,-0.22928832
2::single::audio::13,Negative,0.5458281,0.25707388,0.19709805,-0.22904558
2::single::audio::14,Negative,0.5475743,0.2573263,0.19509944,-0.23244333
2::single::audio::15,Negative,0.5462899,0.25749147,0.19621858,-0.23074454
2::single::audio::16,Negative,0.54629666,0.25755507,0.19614825,-0.2308659
2::single::audio::17,Negative,0.5483007,0.25681615,0.19488315,-0.23402068
2::single::audio::18,Negative,0.5430407,0.2573288,0.19963053,-0.22516173
2::single::audio::19,Negative,0.54340994,0.25730857,0.19928147,-0.22576864
2::single::audio::20,Negative,0.54361933,0.2573208,0.19905978,-0.22637554
2::single::audio::21,Negative,0.54151976,0.257131,0.2013492,-0.22224833
2::single::audio::22,Negative,0.5412288,0.2573354,0.20143583,-0.22212693
2::single::audio::23,Negative,0.5412413,0.25728154,0.20147718,-0.22164133
2::single::audio::24,Negative,0.54063827,0.25733092,0.20203082,-0.22067007
2::single::audio::25,Negative,0.54030466,0.2575852,0.2021101,-0.22067007
2::single::audio::26,Negative,0.541072,0.25756717,0.20136082,-0.22212693
2::single::audio::27,Negative,0.5412332,0.25731948,0.20144737,-0.22188413
2::single::audio::28,Negative,0.54466194,0.2571392,0.19819887,-0.22686101
2::single::audio::29,Negative,0.5465904,0.25694972,0.19645987,-0.2301378
2::single::audio::30,Negative,0.54659396,0.2572137,0.19619223,-0.23207933
2::single::audio::31,Negative,0.54516685,0.25731954,0.19751363,-0.22953102
2::single::audio::32,Negative,0.54806536,0.2574734,0.19446121,-0.23438466
2::single::audio::33,Negative,0.54759,0.2574184,0.19499156,-0.23341401
2::single::audio::34,Negative,0.54151136,0.25737113,0.2011175,-0.22249115
2::single::vision::0,Negative,0.5468654,0.25701112,0.19612344,-0.23135129
2::single::vision::1,Negative,0.545531,0.2572894,0.1971796,-0.22940966
2::single::vision::2,Negative,0.545643,0.25726575,0.1970912,-0.22940966
2::single::vision::3,Negative,0.5456428,0.25726482,0.19709237,-0.22953102
2::single::vision::4,Negative,0.5458654,0.25719857,0.19693597,-0.22965239
2::single::vision::5,Negative,0.5459154,0.2572393,0.19684522,-0.22965239
2::single::vision::6,Negative,0.5458362,0.25725827,0.1969055,-0.22965239
2::single::vision::7,Negative,0.5457891,0.25713083,0.19708009,-0.22940966
2::single::vision::8,Negative,0.5452437,0.25707233,0.19768402,-0.22892424
2::single::vision::9,Negative,0.54521745,0.25708222,0.19770026,-0.22880286
2::single::vision::10,Negative,0.54533774,0.25715178,0.1975105,-0.22880286
2::single::vision::11,Negative,0.545431,0.2571728,0.19739617,-0.22880286
2::single::vision::12,Negative,0.5449234,0.2570873,0.19798931,-0.22843878
2::single::vision::13,Negative,0.544848,0.2571277,0.1980242,-0.22856018
2::single::vision::14,Negative,0.5450635,0.25720543,0.19773108,-0.22880286
2::single::vision::15,Negative,0.5454545,0.25752318,0.19702232,-0.22940966
2::single::vision::16,Negative,0.5453568,0.25750223,0.197141,-0.22928832
2::single::vision::17,Negative,0.54544204,0.2575557,0.19700225,-0.22940966
2::single::vision::18,Negative,0.5458983,0.25771007,0.19639158,-0.22977373
2::single::vision::19,Negative,0.5459261,0.2577343,0.1963396,-0.22977373
2::single::vision::20,Negative,0.5459023,0.25773087,0.1963668,-0.22977373
2::single::vision::21,Negative,0.5466664,0.25770134,0.19563228,-0.23050185
2::single::vision::22,Negative,0.5458153,0.2575744,0.19661027,-0.22940966
2::single::vision::23,Negative,0.5458255,0.2574175,0.19675702,-0.22928832
2::single::vision::24,Negative,0.54573554,0.25734672,0.1969177,-0.22916695
2::single::vision::25,Negative,0.5472741,0.25759378,0.19513215,-0.23122993
2::single::vision::26,Negative,0.54747814,0.2576197,0.19490212,-0.23171529
2::single::vision::27,Negative,0.5460087,0.25730243,0.19668888,-0.22977373
2::single::vision::28,Negative,0.54452854,0.25707656,0.19839485,-0.2277106
2::single::vision::29,Negative,0.54589224,0.2573549,0.19675283,-0.22916695
2::single::vision::30,Negative,0.54641277,0.2575532,0.19603409,-0.23025912
2::single::vision::31,Negative,0.54697514,0.25743353,0.19559135,-0.23074454
2::single::vision::32,Negative,0.5463645,0.25710076,0.19653477,-0.22977373
2::single::vision::33,Negative,0.54638535,0.2570881,0.19652656,-0.2301378
2::single::vision::34,Negative,0.54671574,0.256927,0.19635722,-0.23110858
3::single::text::0,Negative,0.88194937,0.066574454,0.051476184,-1.5040479
3::single::text::1,Negative,0.88246006,0.06668673,0.050853215,-1.5062401
3::single::text::2,Negative,0.7624403,0.11885575,0.11870395,-0.9509442
3::single::text::3,Negative,0.6126829,0.16951841,0.21779871,-0.52292556
3::single::text::4,Negative,0.59865284,0.16949478,0.23185244,-0.48900694
3::single::text::5,Negative,0.7362691,0.12664159,0.13708925,-0.858631
3::single::text::6,Negative,0.80322754,0.103535235,0.09323725,-1.1005168
3::single::text::7,Negative,0.82362354,0.09690414,0.079472296,-1.194705
3::single::text::8,Negative,0.82164985,0.09709959,0.08125058,-1.1848295
3::single::text::9,Negative,0.76314366,0.12144765,0.11540866,-0.9337803
3::single::text::10,Negative,0.8588954,0.079216346,0.06188822,-1.3390751
3::single::text::11,Negative,0.8605625,0.07903742,0.06040013,-1.3453237
3::single::text::12,Negative,0.87718725,0.07087906,0.051933717,-1.4738724
3::single::text::13,Negative,0.86410934,0.07735277,0.058537923,-1.4206774
3::single::text::14,Negative,0.82103217,0.10059188,0.07837588,-1.161668
3::single::text::15,Negative,0.8153788,0.10114285,0.08347833,-1.133323
3::single::text::16,Negative,0.8174052,0.10147791,0.08111683,-1.1525239
3::single::text::17,Negative,0.7280596,0.13197121,0.13996921,-0.82669884
3::single::text::18,Negative,0.7317256,0.13191779,0.13635656,-0.837516
3::single::text::19,Negative,0.8273133,0.09743962,0.075247064,-1.19799
3::single::text::20,Negative,0.8055735,0.10749175,0.08693476,-1.089513
3::single::text::21,Negative,0.827667,0.09862215,0.07371088,-1.2053689
3::single::text::22,Negative,0.8251684,0.098671526,0.07616001,-1.1955266
3::single::text::23,Negative,0.84916586,0.08782324,0.063010894,-1.2621629
3::single::text::24,Negative,0.7933819,0.10157178,0.105046354,-1.0193329
3::single::text::25,Negative,0.79452926,0.10141732,0.104053445,-1.0262372
3::single::text::26,Negative,0.7071229,0.14360552,0.14927153,-0.74621934
3::single::text::27,Negative,0.7134836,0.13992183,0.1465946,-0.7891114
3::single::audio::0,Negative,0.8144558,0.099550486,0.085993685,-1.1475255
3::single::audio::1,Negative,0.81706333,0.0992084,0.08372823,-1.1583457
3::single::audio::2,Negative,0.81588775,0.09936459,0.084747724,-1.1525239
3::single::audio::3,Negative,0.8152735,0.099511385,0.085215114,-1.1508585
3::single::audio::4,Negative,0.8157936,0.09947349,0.08473289,-1.1541883
3::single::audio::5,Negative,0.8155082,0.09947632,0.08501546,-1.1533561
3::single::audio::6,Negative,0.8152156,0.09945952,0.08532492,-1.1516913
3::single::audio::7,Negative,0.81525105,0.09948124,0.08526777,-1.1516913
3::single::audio::8,Negative,0.81542844,0.09944113,0.0851305,-1.1516913
3::single::audio::9,Negative,0.815519,0.09942916,0.0850519,-1.1525239
3::single::audio::10,Negative,0.8154517,0.099488124,0.08506013,-1.1525239
3::single::audio::11,Negative,0.814642,0.09956792,0.085789986,-1.1483591
3::single::audio::12,Negative,0.81418014,0.099634826,0.08618497,-1.1441891
3::single::audio::13,Negative,0.81512153,0.09955175,0.08532673,-1.1491925
3::single::audio::14,Negative,0.8157059,0.09946807,0.08482604,-1.1525239
3::single::audio::15,Negative,0.81551546,0.09948677,0.08499776,-1.1516913
3::single::audio::16,Negative,0.81534153,0.099476054,0.08518237,-1.1516913
3::single::audio::17,Negative,0.8153561,0.099482685,0.085161194,-1.1500256
3::single::audio::18,Negative,0.8153403,0.0994785,0.0851812,-1.1500256
3::single::audio::19,Negative,0.81508845,0.099481374,0.085430264,-1.1483591
3::single::audio::20,Negative,0.8151427,0.09946969,0.085387714,-1.1483591
3::single::audio::21,Negative,0.81588,0.099474974,0.08464501,-1.1533561
3::single::audio::22,Negative,0.81582063,0.09947945,0.08469989,-1.1533561
3::single::audio::23,Negative,0.8158093,0.099485695,0.08470502,-1.1533561
3::single::audio::24,Negative,0.8168,0.099372655,0.08382731,-1.1591766
3::single::audio::25,Negative,0.8171891,0.0992032,0.08360777,-1.1608377
3::single::audio::26,Negative,0.8173619,0.09919423,0.08344394,-1.161668
3::single::audio::27,Negative,0.81441903,0.099554226,0.08602681,-1.1475255
3::single::vision::0,Negative,0.815648,0.09939945,0.084952526,-1.1516913
3::single::vision::1,Negative,0.81561685,0.09938896,0.08499425,-1.1516913
3::single::vision::2,Negative,0.81556994,0.09937872,0.08505132,-1.1516913
3::single::vision::3,Negative,0.8155275,0.09939174,0.085080795,-1.1516913
3::single::vision::4,Negative,0.8155276,0.09939064,0.085081756,-1.1516913
3::single::vision::5,Negative,0.81572723,0.09935573,0.08491701,-1.1516913
3::single::vision::6,Negative,0.8157312,0.09941091,0.08485791,-1.1525239
3::single::vision::7,Negative,0.81598794,0.09943998,0.08457205,-1.1541883
3::single::vision::8,Negative,0.815766,0.09946973,0.08476427,-1.1525239
3::single::vision::9,Negative,0.8157759,0.099488825,0.08473533,-1.1533561
3::single::vision::10,Negative,0.8156867,0.0994951,0.08481818,-1.1525239
3::single::vision::11,Negative,0.8156856,0.09957358,0.084740825,-1.1525239
3::single::vision::12,Negative,0.8155897,0.09958812,0.084822185,-1.1525239
3::single::vision::13,Negative,0.81572366,0.09956747,0.08470884,-1.1525239
3::single::vision::14,Negative,0.81558454,0.09959405,0.08482141,-1.1525239
3::single::vision::15,Negative,0.815436,0.099584416,0.08497959,-1.1516913
3::single::vision::16,Negative,0.81558925,0.099430114,0.084980614,-1.1516913
3::single::vision::17,Negative,0.8156015,0.09941208,0.084986344,-1.1516913
3::single::vision::18,Negative,0.815568,0.099418715,0.08501331,-1.1516913
3::single::vision::19,Negative,0.81560063,0.099423915,0.08497546,-1.1516913
3::single::vision::20,Negative,0.81560063,0.099423915,0.08497546,-1.1516913
3::single::vision::21,Negative,0.8155967,0.099444054,0.08495917,-1.1525239
3::single::vision::22,Negative,0.81557846,0.09944283,0.08497876,-1.1525239
3::single::vision::23,Negative,0.81558347,0.099446744,0.08496984,-1.1525239
3::single::vision::24,Negative,0.81560856,0.09942268,0.08496871,-1.1525239
3::single::vision::25,Negative,0.8156967,0.09938116,0.084922075,-1.1525239
3::single::vision::26,Negative,0.81559044,0.099407405,0.08500209,-1.1516913
3::single::vision::27,Negative,0.8156069,0.09940512,0.08498801,-1.1516913
4::single::text::0,Positive,0.015519043,0.34005305,0.6444279,0.7099176
4::single::text::1,Positive,0.015285784,0.33865973,0.6460545,0.7140646
4::single::text::2,Positive,0.014621504,0.31932515,0.66605335,0.7494249
4::single::text::3,Positive,0.014705289,0.31998026,0.66531444,0.74850917
4::single::text::4,Positive,0.012700459,0.2801557,0.7071439,0.8172146
4::single::text::5,Positive,0.014006844,0.2865349,0.6994583,0.8090713
4::single::text::6,Positive,0.013885187,0.28503653,0.70107836,0.81359696
4::single::text::7,Positive,0.015913224,0.3230255,0.6610612,0.73108286
4::single::text::8,Positive,0.014580955,0.30772984,0.6776892,0.7872931
4::single::text::9,Positive,0.014344558,0.30448875,0.68116665,0.7922918
4::single::text::10,Positive,0.015659958,0.30386108,0.680479,0.7786476
4::single::text::11,Positive,0.01428996,0.3005997,0.68511033,0.7968322
4::single::text::12,Positive,0.014526337,0.3026151,0.6828585,0.7932002
4::single::text::13,Positive,0.014183993,0.2980771,0.6877389,0.7913834
4::single::text::14,Positive,0.01563823,0.31318524,0.67117643,0.7585736
4::single::text::15,Positive,0.014485011,0.30404177,0.68147326,0.78547406
4::single::text::16,Positive,0.015430968,0.299475,0.685094,0.7704444
4::single::audio::0,Positive,0.014264419,0.3043139,0.6814217,0.7850193
4::single::audio::1,Positive,0.0143701825,0.3061515,0.67947835,0.7813792
4::single::audio::2,Positive,0.014377978,0.30648392,0.6791381,0.7809241
4::single::audio::3,Positive,0.014453198,0.3076772,0.67786956,0.7768258
4::single::audio::4,Positive,0.0143938055,0.3072159,0.6783903,0.77910304
4::single::audio::5,Positive,0.014406125,0.3075515,0.67804235,0.77910304
4::single::audio::6,Positive,0.0144339,0.30734316,0.6782229,0.7786476
4::single::audio::7,Positive,0.014411368,0.30727786,0.6783107,0.7781923
4::single::audio::8,Positive,0.014512512,0.30798244,0.6775051,0.7731802
4::single::audio::9,Positive,0.014418738,0.30715215,0.6784291,0.7786476
4::single::audio::10,Positive,0.014417397,0.30707526,0.6785074,0.7786476
4::single::audio::11,Positive,0.014324471,0.3061108,0.6795648,0.7845645
4::single::audio::12,Positive,0.014335685,0.3065051,0.67915916,0.7836546
4::single::audio::13,Positive,0.014384123,0.306689,0.6789269,0.7813792
4::single::audio::14,Positive,0.014323223,0.30584678,0.67983,0.7818344
4::single::audio::15,Positive,0.014274213,0.30514115,0.6805846,0.7836546
4::single::audio::16,Positive,0.014251697,0.30443722,0.681311,0.7850193
4::single::vision::0,Positive,0.014408224,0.30690163,0.67869014,0.7781923
4::single::vision::1,Positive,0.014487517,0.30821192,0.67730063,0.77226853
4::single::vision::2,Positive,0.014480374,0.30821007,0.6773095,0.7713566
4::single::vision::3,Positive,0.014471165,0.3082879,0.6772409,0.7704444
4::single::vision::4,Positive,0.014501408,0.3083547,0.6771439,0.7704444
4::single::vision::5,Positive,0.014480779,0.30819127,0.67732793,0.7713566
4::single::vision::6,Positive,0.01443668,0.30763397,0.67792934,0.7750034
4::single::vision::7,Positive,0.01442831,0.30759847,0.6779732,0.7750034
4::single::vision::8,Positive,0.014384664,0.30702972,0.6785855,0.77910304
4::single::vision::9,Positive,0.014349272,0.30643132,0.6792194,0.7822895
4::single::vision::10,Positive,0.0143503295,0.30644968,0.6792,0.7822895
4::single::vision::11,Positive,0.014345021,0.30641583,0.6792392,0.7822895
4::single::vision::12,Positive,0.014377384,0.30678973,0.6788328,0.78046894
4::single::vision::13,Positive,0.014389155,0.30666682,0.678944,0.77910304
4::single::vision::14,Positive,0.014391436,0.3066283,0.67898023,0.7786476
4::single::vision::15,Positive,0.014390772,0.30666068,0.6789485,0.7786476
4::single::vision::16,Positive,0.014408766,0.30694687,0.67864436,0.7777368
5::single::text::0,Positive,0.028494243,0.06181648,0.9096893,1.1491925
5::single::text::1,Positive,0.028324187,0.06238477,0.9092911,1.1541883
5::single::text::2,Positive,0.027541243,0.05609661,0.91636217,1.2061877
5::single::text::3,Positive,0.026830314,0.059362687,0.913807,1.1707867
5::single::text::4,Positive,0.02818726,0.06682809,0.9049847,1.1241014
5::single::text::5,Positive,0.027366644,0.057496212,0.91513705,1.1914165
5::single::text::6,Positive,0.028885275,0.060633637,0.9104811,1.1483591
5::single::text::7,Positive,0.02885327,0.060489103,0.9106577,1.1516913
5::single::text::8,Positive,0.028402273,0.060686037,0.9109116,1.1699588
5::single::text::9,Positive,0.025083847,0.055792674,0.9191235,1.2127304
5::single::text::10,Positive,0.026816634,0.059560835,0.9136225,1.1600072
5::single::text::11,Positive,0.025773268,0.05743005,0.9167967,1.189771
5::single::text::12,Positive,0.029353123,0.0648724,0.90577453,1.1232618
5::single::text::13,Positive,0.02924375,0.064821504,0.90593475,1.1241014
5::single::text::14,Positive,0.030711612,0.06917127,0.90011716,1.0844228
5::single::text::15,Positive,0.027764471,0.0591077,0.91312784,1.1889479
5::single::text::16,Positive,0.02639973,0.06221866,0.9113816,1.1408494
5::single::text::17,Positive,0.031093342,0.073643625,0.89526296,1.0141466
5::single::text::18,Positive,0.02579789,0.05150888,0.9226932,1.2557263
5::single::text::19,Positive,0.025794096,0.051788896,0.92241704,1.2565316
5::single::text::20,Positive,0.033466283,0.103711925,0.8628219,0.85235107
5::single::text::21,Positive,0.028578734,0.059774492,0.91164666,1.1566834
5::single::text::22,Positive,0.030338168,0.06902988,0.90063196,1.0759232
5::single::text::23,Positive,0.027498916,0.056910463,0.91559064,1.1938832
5::single::text::24,Positive,0.028745161,0.06946218,0.9017925,1.0639905
5::single::text::25,Positive,0.02920197,0.06999277,0.90080523,1.0674037
5::single::text::26,Positive,0.028285109,0.05610197,0.9156129,1.194705
5::single::text::27,Positive,0.028831363,0.06672658,0.9044421,1.1098013
5::single::text::28,Positive,0.026710628,0.060170442,0.9131189,1.166645
5::single::text::29,Positive,0.042069353,0.09087223,0.86705846,0.89035285
5::single::text::30,Positive,0.031348165,0.071968496,0.8966833,1.0451609
5::single::text::31,Positive,0.03151628,0.072027996,0.8964557,1.0434446
5::single::text::32,Positive,0.030480841,0.081189185,0.88833004,0.96716416
5::single::text::33,Positive,0.026768925,0.064627856,0.90860325,1.0912081
5::single::text::34,Positive,0.026949346,0.06757353,0.90547705,1.0912081
5::single::text::35,Positive,0.029185297,0.07338308,0.8974316,1.0227866
5::single::text::36,Positive,0.02813365,0.06594439,0.90592194,1.1064279
5::single::audio::0,Positive,0.027262691,0.05950264,0.9132347,1.1583457
5::single::audio::1,Positive,0.02753642,0.05992776,0.91253585,1.1558518
5::single::audio::2,Positive,0.027356861,0.05969026,0.9129529,1.1583457
5::single::audio::3,Positive,0.027353942,0.059664086,0.912982,1.1575147
5::single::audio::4,Positive,0.027353942,0.059664086,0.912982,1.1575147
5::single::audio::5,Positive,0.027345171,0.059698284,0.9129566,1.1575147
5::single::audio::6,Positive,0.027410591,0.059729807,0.9128596,1.1575147
5::single::audio::7,Positive,0.02741549,0.059751734,0.9128328,1.1566834
5::single::audio::8,Positive,0.02738823,0.059779823,0.9128319,1.1575147
5::single::audio::9,Positive,0.027521549,0.059892036,0.9125865,1.1566834
5::single::audio::10,Positive,0.027417812,0.05968587,0.91289634,1.1575147
5::single::audio::11,Positive,0.027545435,0.05985435,0.9126002,1.1566834
5::single::audio::12,Positive,0.02754192,0.059844814,0.9126133,1.1566834
5::single::audio::13,Positive,0.02747645,0.05980713,0.9127164,1.1566834
5::single::audio::14,Positive,0.02749902,0.05978539,0.91271555,1.1566834
5::single::audio::15,Positive,0.02746177,0.059820607,0.9127176,1.1558518
5::single::audio::16,Positive,0.027398886,0.059713066,0.91288805,1.1566834
5::single::audio::17,Positive,0.027424973,0.059666023,0.912909,1.1575147
5::single::audio::18,Positive,0.027469981,0.05975066,0.91277933,1.1566834
5::single::audio::19,Positive,0.027465906,0.05975776,0.9127763,1.1575147
5::single::audio::20,Positive,0.027391914,0.05969403,0.91291404,1.1575147
5::single::audio::21,Positive,0.027709467,0.06017793,0.9121126,1.1541883
5::single::audio::22,Positive,0.027636653,0.06002538,0.91233796,1.1550202
5::single::audio::23,Positive,0.027645556,0.060011864,0.91234255,1.1558518
5::single::audio::24,Positive,0.027427036,0.059771135,0.91280186,1.1575147
5::single::audio::25,Positive,0.027475879,0.05982382,0.9127003,1.1575147
5::single::audio::26,Positive,0.027296163,0.05957128,0.9131326,1.1591766
5::single::audio::27,Positive,0.027374847,0.059709758,0.9129154,1.1575147
5::single::audio::28,Positive,0.027296986,0.059656538,0.9130465,1.1591766
5::single::audio::29,Positive,0.027304316,0.05961004,0.9130857,1.1583457
5::single::audio::30,Positive,0.02723699,0.059533358,0.91322964,1.1591766
5::single::audio::31,Positive,0.027298447,0.05961328,0.91308826,1.1600072
5::single::audio::32,Positive,0.027364956,0.059644498,0.9129905,1.1575147
5::single::audio::33,Positive,0.02734533,0.059607103,0.91304755,1.1583457
5::single::audio::34,Positive,0.027375257,0.05967567,0.9129491,1.1575147
5::single::audio::35,Positive,0.027363673,0.059624076,0.91301227,1.1583457
5::single::audio::36,Positive,0.027278395,0.05950822,0.9132133,1.1583457
5::single::vision::0,Positive,0.027514797,0.05986035,0.9126249,1.1575147
5::single::vision::1,Positive,0.027439885,0.05985339,0.91270673,1.1566834
5::single::vision::2,Positive,0.027439885,0.05985339,0.91270673,1.1566834
5::single::vision::3,Positive,0.027439771,0.05985672,0.9127035,1.1566834
5::single::vision::4,Positive,0.027437853,0.05985695,0.91270524,1.1566834
5::single::vision::5,Positive,0.027439656,0.059860058,0.9127003,1.1566834
5::single::vision::6,Positive,0.027430141,0.059837095,0.9127328,1.1575147
5::single::vision::7,Positive,0.027440341,0.05984006,0.9127196,1.1575147
5::single::vision::8,Positive,0.027441304,0.059814036,0.91274464,1.1575147
5::single::vision::9,Positive,0.02744119,0.059817366,0.9127414,1.1575147
5::single::vision::10,Positive,0.02738403,0.059764802,0.91285115,1.1575147
5::single::vision::11,Positive,0.027384259,0.05975815,0.9128576,1.1575147
5::single::vision::12,Positive,0.027384259,0.05975815,0.9128576,1.1575147
5::single::vision::13,Positive,0.0273739,0.059726283,0.91289985,1.1575147
5::single::vision::14,Positive,0.027377954,0.05971919,0.91290283,1.1575147
5::single::vision::15,Positive,0.027384484,0.059751503,0.912864,1.1575147
5::single::vision::16,Positive,0.02738982,0.059728555,0.9128816,1.1575147
5::single::vision::17,Positive,0.027385607,0.059774563,0.91283983,1.1575147
5::single::vision::18,Positive,0.027425457,0.059808433,0.9127661,1.1575147
5::single::vision::19,Positive,0.027433854,0.059808284,0.9127579,1.1575147
5::single::vision::20,Positive,0.027423313,0.059815317,0.91276133,1.1575147
5::single::vision::21,Positive,0.027441759,0.05980072,0.9127575,1.1575147
5::single::vision::22,Positive,0.027441984,0.05979407,0.91276395,1.1575147
5::single::vision::23,Positive,0.027428672,0.059792332,0.912779,1.1575147
5::single::vision::24,Positive,0.027442427,0.059837125,0.91272044,1.1566834
5::single::vision::25,Positive,0.027445238,0.05983039,0.9127243,1.1566834
5::single::vision::26,Positive,0.027455509,0.05986567,0.91267884,1.1566834
5::single::vision::27,Positive,0.02744135,0.059866495,0.9126922,1.1566834
5::single::vision::28,Positive,0.027441464,0.059863165,0.9126954,1.1566834
5::single::vision::29,Positive,0.027451895,0.059859462,0.9126887,1.1566834
5::single::vision::30,Positive,0.027451895,0.059859462,0.9126887,1.1566834
5::single::vision::31,Positive,0.027442997,0.059820466,0.91273654,1.1575147
5::single::vision::32,Positive,0.027454043,0.059852563,0.9126934,1.1566834
5::single::vision::33,Positive,0.02745212,0.059852794,0.9126951,1.1566834
5::single::vision::34,Positive,0.02745212,0.059852794,0.9126951,1.1566834
5::single::vision::35,Positive,0.027453816,0.05985923,0.91268694,1.1566834
5::single::vision::36,Positive,0.027515143,0.05985035,0.91263455,1.1575147
6::single::text::0,Positive,0.012598876,0.16509795,0.8223031,0.73842674
6::single::text::1,Positive,0.012537545,0.14081012,0.8466523,0.7850193
6::single::text::2,Positive,0.012684033,0.16485535,0.82246065,0.73291975
6::single::text::3,Positive,0.012616726,0.15995881,0.8274245,0.7407198
6::single::text::4,Positive,0.013003831,0.17020525,0.8167909,0.7094567
6::single::text::5,Positive,0.012829081,0.16035482,0.8268161,0.7398027
6::single::text::6,Positive,0.012682056,0.16365746,0.8236605,0.7356739
6::single::text::7,Positive,0.012630625,0.16121008,0.8261593,0.7425536
6::single::text::8,Positive,0.0131159965,0.17683789,0.81004614,0.701615
6::single::text::9,Positive,0.013041213,0.1725075,0.8144512,0.71774846
6::single::text::10,Positive,0.012812118,0.16495745,0.8222304,0.728786
6::single::text::11,Positive,0.013498606,0.1830104,0.80349106,0.6919142
6::single::text::12,Positive,0.013786036,0.18992847,0.7962855,0.66318524
6::single::text::13,Positive,0.01482199,0.23490208,0.7502759,0.5973798
6::single::text::14,Positive,0.013978296,0.18621406,0.7998077,0.6928388
6::single::text::15,Positive,0.013116189,0.18347135,0.80341244,0.68775207
6::single::text::16,Positive,0.012476878,0.15329199,0.83423114,0.75811654
6::single::text::17,Positive,0.012263386,0.14580324,0.84193337,0.7763702
6::single::text::18,Positive,0.012770657,0.16237229,0.82485706,0.73291975
6::single::text::19,Positive,0.012656397,0.16230804,0.8250356,0.728786
6::single::text::20,Positive,0.013251719,0.17850684,0.80824137,0.6849757
6::single::text::21,Positive,0.012861329,0.16783313,0.8193056,0.72142994
6::single::text::22,Positive,0.012727976,0.15706433,0.8302076,0.74988264
6::single::text::23,Positive,0.012809932,0.16248855,0.82470155,0.73246056
6::single::text::24,Positive,0.013023589,0.17003809,0.81693834,0.71912926
6::single::text::25,Positive,0.012585875,0.158242,0.82917213,0.74347025
6::single::text::26,Positive,0.012774872,0.16645709,0.820768,0.72602856
6::single::text::27,Positive,0.012634127,0.15996958,0.8273963,0.74347025
6::single::text::28,Positive,0.012711728,0.16509897,0.82218933,0.73200136
6::single::text::29,Positive,0.012631547,0.16110186,0.8262665,0.7420952
6::single::text::30,Positive,0.013314513,0.17955022,0.8071352,0.6923765
6::single::text::31,Positive,0.012689395,0.15615036,0.8311602,0.74759334
6::single::text::32,Positive,0.012576768,0.15040575,0.8370175,0.7604015
6::single::text::33,Positive,0.013078656,0.14973567,0.8371857,0.7420952
6::single::text::34,Positive,0.012804124,0.15823308,0.8289629,0.7407198
6::single::text::35,Positive,0.012730172,0.16213202,0.82513785,0.73750925
6::single::text::36,Positive,0.012773225,0.16007581,0.82715094,0.735215
6::single::text::37,Positive,0.012708299,0.16647466,0.820817,0.727867
6::single::text::38,Positive,0.0125864465,0.15659897,0.83081454,0.7535436
6::single::text::39,Positive,0.0127618285,0.16791567,0.81932247,0.72372967
6::single::text::40,Positive,0.012606625,0.15912011,0.82827336,0.7507981
6::single::text::41,Positive,0.012863867,0.16051379,0.8266223,0.7338379
6::single::text::42,Positive,0.012693945,0.16080143,0.8265046,0.7393441
6::single::text::43,Positive,0.012729825,0.16494608,0.82232416,0.73291975
6::single::text::44,Positive,0.013101132,0.17898117,0.80791765,0.6946874
6::single::text::45,Positive,0.012564603,0.1504969,0.8369385,0.7599447
6::single::text::46,Positive,0.0129913995,0.17312263,0.8138859,0.7080736
6::single::text::47,Positive,0.01270427,0.16364148,0.8236543,0.734297
6::single::text::48,Positive,0.013146924,0.18401037,0.8028427,0.6872894
6::single::text::49,Positive,0.012491434,0.15315612,0.83435243,0.754001
6::single::audio::0,Positive,0.01268543,0.16265152,0.82466304,0.734297
6::single::audio::1,Positive,0.012763646,0.16331413,0.82392216,0.73108286
6::single::audio::2,Positive,0.01272322,0.16303587,0.8242408,0.7333788
6::single::audio::3,Positive,0.012723696,0.16301076,0.8242655,0.7333788
6::single::audio::4,Positive,0.01272322,0.16303587,0.8242408,0.7333788
6::single::audio::5,Positive,0.01272322,0.16303587,0.8242408,0.7333788
6::single::audio::6,Positive,0.012732193,0.16316918,0.8240987,0.73246056
6::single::audio::7,Positive,0.012720704,0.16297731,0.82430196,0.73291975
6::single::audio::8,Positive,0.012703682,0.16286285,0.82443345,0.734297
6::single::audio::9,Positive,0.012729383,0.16309078,0.82417977,0.7338379
6::single::audio::10,Positive,0.012727177,0.16301633,0.8242564,0.7333788
6::single::audio::11,Positive,0.012729224,0.16310006,0.8241707,0.7333788
6::single::audio::12,Positive,0.012703682,0.16286285,0.82443345,0.734297
6::single::audio::13,Positive,0.012682115,0.1627997,0.8245182,0.735215
6::single::audio::14,Positive,0.012682744,0.16276807,0.8245492,0.734756
6::single::audio::15,Positive,0.012721178,0.16295223,0.82432663,0.73291975
6::single::audio::16,Positive,0.012703048,0.1628972,0.8243997,0.7338379
6::single::audio::17,Positive,0.012735881,0.1631326,0.8241315,0.73291975
6::single::audio::18,Positive,0.0127297025,0.16307493,0.8241954,0.73291975
6::single::audio::19,Positive,0.012709047,0.16296132,0.8243296,0.7338379
6::single::audio::20,Positive,0.012708248,0.16300496,0.8242868,0.7338379
6::single::audio::21,Positive,0.012705251,0.16297154,0.8243232,0.7338379
6::single::audio::22,Positive,0.012786617,0.1634759,0.8237374,0.73062354
6::single::audio::23,Positive,0.012719907,0.163021,0.82425904,0.7333788
6::single::audio::24,Positive,0.012769376,0.16320318,0.8240274,0.73108286
6::single::audio::25,Positive,0.012758028,0.16329768,0.82394433,0.73062354
6::single::audio::26,Positive,0.012783537,0.16335133,0.82386506,0.73062354
6::single::audio::27,Positive,0.012745809,0.16304925,0.8242049,0.73154217
6::single::audio::28,Positive,0.012727174,0.1630191,0.8242537,0.73246056
6::single::audio::29,Positive,0.012726696,0.16304421,0.8242291,0.73246056
6::single::audio::30,Positive,0.012672375,0.16274585,0.82458174,0.7356739
6::single::audio::31,Positive,0.012696047,0.16279006,0.8245139,0.734297
6::single::audio::32,Positive,0.012701318,0.1627979,0.8245008,0.7338379
6::single::audio::33,Positive,0.012669871,0.16268751,0.82464266,0.735215
6::single::audio::34,Positive,0.012726696,0.16304421,0.8242291,0.73291975
6::single::audio::35,Positive,0.012723537,0.16302006,0.8242563,0.73291975
6::single::audio::36,Positive,0.012702413,0.16293155,0.8243661,0.734297
6::single::audio::37,Positive,0.012704547,0.16291255,0.8243829,0.734756
6::single::audio::38,Positive,0.012679283,0.16275977,0.824561,0.735215
6::single::audio::39,Positive,0.012658071,0.16268095,0.824661,0.73613274
6::single::audio::40,Positive,0.01265462,0.16267268,0.8246727,0.73613274
6::single::audio::41,Positive,0.012655091,0.16264765,0.82469726,0.73613274
6::single::audio::42,Positive,0.012736415,0.16303459,0.824229,0.73246056
6::single::audio::43,Positive,0.012736577,0.1630253,0.8242382,0.73291975
6::single::audio::44,Positive,0.012739262,0.16307461,0.8241862,0.73246056
6::single::audio::45,Positive,0.012725741,0.16309448,0.82417977,0.73200136
6::single::audio::46,Positive,0.01274406,0.16314039,0.8241155,0.73200136
6::single::audio::47,Positive,0.012729062,0.16310936,0.8241615,0.7333788
6::single::audio::48,Positive,0.012706363,0.16291207,0.8243816,0.734297
6::single::audio::49,Positive,0.0126855895,0.1626423,0.8246721,0.734756
6::single::vision::0,Positive,0.012761168,0.16303173,0.82420707,0.73200136
6::single::vision::1,Positive,0.012695573,0.16278802,0.8245164,0.734297
6::single::vision::2,Positive,0.012723623,0.1629202,0.8243562,0.73291975
6::single::vision::3,Positive,0.0127256,0.16291043,0.82436395,0.73291975
6::single::vision::4,Positive,0.0127256,0.16291043,0.82436395,0.73291975
6::single::vision::5,Positive,0.012723469,0.16292667,0.8243499,0.7333788
6::single::vision::6,Positive,0.012723308,0.16293597,0.8243407,0.73291975
6::single::vision::7,Positive,0.012718582,0.16280337,0.82447803,0.7333788
6::single::vision::8,Positive,0.012724489,0.16296987,0.82430565,0.73246056
6::single::vision::9,Positive,0.012723308,0.16293597,0.8243407,0.73291975
6::single::vision::10,Positive,0.012723308,0.16293597,0.8243407,0.73291975
6::single::vision::11,Positive,0.012723469,0.16292667,0.8243499,0.7333788
6::single::vision::12,Positive,0.01272442,0.16287656,0.824399,0.7333788
6::single::vision::13,Positive,0.012726308,0.1629694,0.8243042,0.73246056
6::single::vision::14,Positive,0.012729788,0.16297774,0.8242924,0.73246056
6::single::vision::15,Positive,0.012725354,0.16301957,0.824255,0.73246056
6::single::vision::16,Positive,0.012726855,0.16303492,0.8242382,0.73246056
6::single::vision::17,Positive,0.0127185695,0.16299638,0.82428503,0.73246056
6::single::vision::18,Positive,0.012719747,0.16303031,0.82425,0.73200136
6::single::vision::19,Positive,0.012721332,0.16294575,0.82433295,0.73246056
6::single::vision::20,Positive,0.012691785,0.16279823,0.82451,0.7333788
6::single::vision::21,Positive,0.012694464,0.16284737,0.8244581,0.7333788
6::single::vision::22,Positive,0.012724965,0.1629448,0.8243302,0.73246056
6::single::vision::23,Positive,0.012723537,0.16302006,0.8242563,0.73200136
6::single::vision::24,Positive,0.012720383,0.1629959,0.8242837,0.73200136
6::single::vision::25,Positive,0.0127413785,0.16309108,0.8241675,0.73154217
6::single::vision::26,Positive,0.012741217,0.1631004,0.8241583,0.73200136
6::single::vision::27,Positive,0.012741217,0.1631004,0.8241583,0.73154217
6::single::vision::28,Positive,0.012744854,0.16309944,0.8241557,0.73108286
6::single::vision::29,Positive,0.012739563,0.16309156,0.8241688,0.73154217
6::single::vision::30,Positive,0.01274335,0.16308413,0.8241725,0.73154217
6::single::vision::31,Positive,0.012745969,0.16303992,0.8242141,0.73200136
6::single::vision::32,Positive,0.012727651,0.162994,0.82427824,0.73246056
6::single::vision::33,Positive,0.012773497,0.16320428,0.8240222,0.73108286
6::single::vision::34,Positive,0.012775379,0.1632975,0.82392704,0.7301643
6::single::vision::35,Positive,0.0127720535,0.16328266,0.8239453,0.7301643
6::single::vision::36,Positive,0.012756087,0.16310798,0.8241359,0.73154217
6::single::vision::37,Positive,0.012775696,0.16328171,0.82394266,0.7301643
6::single::vision::38,Positive,0.012788152,0.16335453,0.8238573,0.7292454
6::single::vision::39,Positive,0.012790124,0.16334766,0.8238623,0.728786
6::single::vision::40,Positive,0.012790124,0.16334766,0.8238623,0.728786
6::single::vision::41,Positive,0.012789961,0.16335705,0.823853,0.728786
6::single::vision::42,Positive,0.012788946,0.1633136,0.82389736,0.7292454
6::single::vision::43,Positive,0.012791627,0.16336296,0.8238454,0.7292454
6::single::vision::44,Positive,0.012789807,0.16336344,0.8238467,0.7292454
6::single::vision::45,Positive,0.012790986,0.16339752,0.82381153,0.7283265
6::single::vision::46,Positive,0.012742395,0.16313437,0.82412314,0.73108286
6::single::vision::47,Positive,0.0127909295,0.16330373,0.82390535,0.7292454
6::single::vision::48,Positive,0.012768743,0.1632649,0.82396626,0.7301643
6::single::vision::49,Positive,0.012764189,0.1630623,0.82417345,0.73246056
7::single::text::0,Positive,0.022585874,0.2472929,0.73012114,0.47925782
7::single::text::1,Positive,0.021674743,0.2440156,0.7343097,0.4887693
7::single::text::2,Positive,0.063264206,0.4646471,0.47208872,0.21071206
7::single::text::3,Positive,0.039982144,0.33916762,0.62085027,0.29590973
7::single::text::4,Positive,0.03151761,0.27555275,0.6929297,0.39898944
7::single::text::5,Positive,0.03174489,0.2763379,0.6919172,0.39563146
7::single::text::6,Positive,0.038148988,0.31464273,0.6472083,0.32537526
7::single::text::7,Positive,0.032365568,0.29242796,0.6752064,0.380508
7::single::text::8,Positive,0.034054086,0.29842275,0.66752315,0.34297633
7::single::text::9,Positive,0.033278283,0.2926433,0.67407835,0.34442198
7::single::text::10,Positive,0.038949113,0.33719996,0.623851,0.30461073
7::single::text::11,Positive,0.035538428,0.33007818,0.6343834,0.33381706
7::single::text::12,Positive,0.03132791,0.2709414,0.6977307,0.41312987
7::single::audio::0,Positive,0.031526323,0.289448,0.6790257,0.37353975
7::single::audio::1,Positive,0.032983452,0.2987502,0.6682664,0.35959104
7::single::audio::2,Positive,0.032185674,0.29400134,0.673813,0.37041473
7::single::audio::3,Positive,0.031587258,0.29098666,0.6774261,0.37522215
7::single::audio::4,Positive,0.031585768,0.29130834,0.6771059,0.3742608
7::single::audio::5,Positive,0.03139376,0.2904923,0.67811394,0.37738478
7::single::audio::6,Positive,0.03141727,0.29048124,0.6781014,0.37714458
7::single::audio::7,Positive,0.031243501,0.28945363,0.6793029,0.3776251
7::single::audio::8,Positive,0.03165156,0.2912133,0.67713517,0.37353975
7::single::audio::9,Positive,0.03221006,0.2941805,0.6736095,0.36776984
7::single::audio::10,Positive,0.03138937,0.28965303,0.6789576,0.3757028
7::single::audio::11,Positive,0.031570498,0.29048204,0.67794746,0.37738478
7::single::audio::12,Positive,0.03144758,0.28939307,0.67915934,0.3742608
7::single::vision::0,Positive,0.031456888,0.29174042,0.67680275,0.37329942
7::single::vision::1,Positive,0.031181209,0.2908619,0.6779569,0.3740205
7::single::vision::2,Positive,0.031220147,0.29111987,0.67766,0.37353975
7::single::vision::3,Positive,0.031293485,0.2912546,0.6774519,0.37281868
7::single::vision::4,Positive,0.03123033,0.29124925,0.67752045,0.37353975
7::single::vision::5,Positive,0.031239526,0.29125568,0.6775048,0.37353975
7::single::vision::6,Positive,0.03125218,0.29124776,0.67750007,0.37353975
7::single::vision::7,Positive,0.031242888,0.29110146,0.67765564,0.37353975
7::single::vision::8,Positive,0.031199962,0.29117182,0.67762816,0.3737801
7::single::vision::9,Positive,0.031335603,0.29175007,0.6769144,0.37305903
7::single::vision::10,Positive,0.03133454,0.29143932,0.6772261,0.37209755
7::single::vision::11,Positive,0.031450193,0.29194367,0.6766061,0.37185714
7::single::vision::12,Positive,0.03146329,0.29147,0.6770667,0.37329942
8::single::text::0,Negative,0.9553284,0.035299003,0.009372594,-2.080734
8::single::text::1,Negative,0.95544,0.035188228,0.009371813,-2.0827594
8::single::text::2,Negative,0.95649326,0.03475634,0.008750333,-2.0633707
8::single::text::3,Negative,0.9577471,0.03376469,0.008488228,-2.081747
8::single::text::4,Negative,0.95770305,0.03380514,0.008491809,-2.07972
8::single::text::5,Negative,0.94509506,0.044780567,0.010124482,-1.970305
8::single::text::6,Negative,0.95133233,0.039091833,0.009575793,-2.0352454
8::single::text::7,Negative,0.95138365,0.039054632,0.009561678,-2.0352454
8::single::text::8,Negative,0.95503646,0.036295455,0.008668174,-2.0499134
8::single::text::9,Negative,0.9550642,0.036133334,0.008802507,-2.042602
8::single::text::10,Negative,0.957687,0.03386118,0.008451795,-2.074636
8::single::text::11,Negative,0.95767194,0.033884786,0.008443246,-2.0736165
8::single::text::12,Negative,0.9561019,0.035393603,0.008504612,-2.0613105
8::single::text::13,Negative,0.95758533,0.033936772,0.00847793,-2.0776892
8::single::text::14,Negative,0.957517,0.033999693,0.008483262,-2.0766726
8::single::text::15,Negative,0.9580943,0.03348907,0.008416664,-2.0766726
8::single::text::16,Negative,0.95518595,0.03604986,0.008764179,-2.0299625
8::single::text::17,Negative,0.9550679,0.036163025,0.008769156,-2.0299625
8::single::text::18,Negative,0.9575285,0.03380294,0.008668651,-2.0756545
8::single::text::19,Negative,0.95735276,0.034106378,0.008540814,-2.0756545
8::single::audio::0,Negative,0.957471,0.033895314,0.008633734,-2.0766726
8::single::audio::1,Negative,0.95781183,0.033710197,0.008477918,-2.080734
8::single::audio::2,Negative,0.9577856,0.033713147,0.008501166,-2.07972
8::single::audio::3,Negative,0.95778537,0.03371191,0.008502625,-2.07972
8::single::audio::4,Negative,0.9578264,0.033683166,0.008490482,-2.07972
8::single::audio::5,Negative,0.95792246,0.03359248,0.008485156,-2.080734
8::single::audio::6,Negative,0.95761776,0.033853922,0.008528295,-2.0787048
8::single::audio::7,Negative,0.957368,0.034018468,0.008613612,-2.074636
8::single::audio::8,Negative,0.95749986,0.033945564,0.008554553,-2.0776892
8::single::audio::9,Negative,0.9573442,0.034024924,0.008630853,-2.0756545
8::single::audio::10,Negative,0.95753384,0.033910234,0.008555854,-2.0787048
8::single::audio::11,Negative,0.95771265,0.033817,0.008470306,-2.07972
8::single::audio::12,Negative,0.9575243,0.033903793,0.008571929,-2.0776892
8::single::audio::13,Negative,0.9576056,0.03384853,0.008545881,-2.0787048
8::single::audio::14,Negative,0.9576,0.033834167,0.008565851,-2.0776892
8::single::audio::15,Negative,0.9576137,0.033835843,0.00855041,-2.0787048
8::single::audio::16,Negative,0.95748675,0.033895627,0.008617577,-2.0766726
8::single::audio::17,Negative,0.9574623,0.033918276,0.008619481,-2.0766726
8::single::audio::18,Negative,0.9575043,0.033866756,0.0086288955,-2.0756545
8::single::audio::19,Negative,0.9574964,0.033886388,0.008617204,-2.0766726
8::single::vision::0,Negative,0.9577278,0.033753444,0.008518767,-2.0776892
8::single::vision::1,Negative,0.9576632,0.033800468,0.008536305,-2.0766726
8::single::vision::2,Negative,0.95761156,0.03383598,0.008552501,-2.0756545
8::single::vision::3,Negative,0.95761085,0.03383676,0.008552496,-2.0766726
8::single::vision::4,Negative,0.957595,0.033851117,0.008553869,-2.0756545
8::single::vision::5,Negative,0.9576825,0.03378103,0.008536419,-2.0766726
8::single::vision::6,Negative,0.9576615,0.033795215,0.008543298,-2.0766726
8::single::vision::7,Negative,0.95760834,0.033830628,0.008561018,-2.0766726
8::single::vision::8,Negative,0.9576763,0.033778794,0.008544903,-2.0776892
8::single::vision::9,Negative,0.95768225,0.033771336,0.008546411,-2.0776892
8::single::vision::10,Negative,0.9576757,0.03377794,0.008546371,-2.0776892
8::single::vision::11,Negative,0.9576882,0.033758316,0.008553486,-2.0776892
8::single::vision::12,Negative,0.95764697,0.03379543,0.008557658,-2.0776892
8::single::vision::13,Negative,0.9576489,0.03379348,0.008557669,-2.0776892
8::single::vision::14,Negative,0.9576465,0.03380139,0.00855209,-2.0776892
8::single::vision::15,Negative,0.95761096,0.033820026,0.008568974,-2.0766726
8::single::vision::16,Negative,0.9576334,0.03379902,0.008567638,-2.0766726
8::single::vision::17,Negative,0.95766246,0.033823013,0.008514484,-2.0766726
8::single::vision::18,Negative,0.95770264,0.033808082,0.008489322,-2.0776892
8::single::vision::19,Negative,0.9576901,0.0337693,0.008540586,-2.0776892
9::single::text::0,Negative,0.90688884,0.071903415,0.021207761,-1.8556559
9::single::text::1,Negative,0.9069526,0.07184333,0.021204095,-1.8568614
9::single::text::2,Negative,0.91333276,0.068467826,0.018199444,-1.8913951
9::single::text::3,Negative,0.9203782,0.06263657,0.016985288,-1.9216654
9::single::text::4,Negative,0.9133942,0.06772156,0.01888419,-1.8913951
9::single::text::5,Negative,0.91337955,0.06772141,0.018899044,-1.8913951
9::single::text::6,Negative,0.9241235,0.06104974,0.01482673,-1.9388337
9::single::text::7,Negative,0.92261505,0.062045604,0.015339311,-1.9308486
9::single::text::8,Negative,0.9201538,0.06287616,0.016970117,-1.9262648
9::single::text::9,Negative,0.92920274,0.056559794,0.014237407,-1.9512867
9::single::text::10,Negative,0.9292835,0.056530453,0.014185903,-1.9524128
9::single::text::11,Negative,0.9237544,0.060298182,0.01594751,-1.9411064
9::single::text::12,Negative,0.92837393,0.056966618,0.014659514,-1.9490311
9::single::text::13,Negative,0.92838347,0.0574599,0.014156609,-1.956909
9::single::text::14,Negative,0.928369,0.05740325,0.014227745,-1.956909
9::single::text::15,Negative,0.92050374,0.06253229,0.016963925,-1.9216654
9::single::text::16,Negative,0.9169765,0.06525663,0.01776684,-1.9101001
9::single::text::17,Negative,0.92120004,0.061889824,0.01691019,-1.9285586
9::single::text::18,Negative,0.92946124,0.056289367,0.014249448,-1.9512867
9::single::text::19,Negative,0.9294549,0.056301825,0.014243307,-1.9512867
9::single::text::20,Negative,0.9324691,0.053895865,0.0136350375,-1.970305
9::single::text::21,Negative,0.95483863,0.03623648,0.008924867,-2.06748
9::single::text::22,Negative,0.94317335,0.044880435,0.011946207,-2.026782
9::single::text::23,Negative,0.9432281,0.04483753,0.011934309,-2.0278435
9::single::text::24,Negative,0.91408354,0.065833084,0.020083368,-1.9066117
9::single::text::25,Negative,0.9017154,0.0737967,0.024487909,-1.8520341
9::single::text::26,Negative,0.9058452,0.07375389,0.0204009,-1.8532423
9::single::text::27,Negative,0.91046166,0.07065736,0.018880907,-1.8831339
9::single::text::28,Negative,0.91041446,0.07068443,0.018901072,-1.8819498
9::single::text::29,Negative,0.9152932,0.06686355,0.017843228,-1.8984382
9::single::text::30,Negative,0.90244013,0.07381717,0.023742698,-1.861673
9::single::text::31,Positive,0.07269194,0.0559887,0.8713193,1.3123562
9::single::audio::0,Negative,0.92135,0.061832327,0.016817613,-1.9262648
9::single::audio::1,Negative,0.9216809,0.061783455,0.016535569,-1.9331349
9::single::audio::2,Negative,0.92166996,0.06178013,0.016549964,-1.9331349
9::single::audio::3,Negative,0.9216354,0.06179969,0.016564941,-1.9331349
9::single::audio::4,Negative,0.92138344,0.06189134,0.016725186,-1.9285586
9::single::audio::5,Negative,0.9213736,0.061865646,0.016760848,-1.9274122
9::single::audio::6,Negative,0.92144865,0.061792787,0.016758494,-1.9274122
9::single::audio::7,Negative,0.9214399,0.06179648,0.016763663,-1.9274122
9::single::audio::8,Negative,0.9212738,0.061875343,0.016850827,-1.9239669
9::single::audio::9,Negative,0.9217403,0.061737515,0.01652218,-1.9342765
9::single::audio::10,Negative,0.9216875,0.06174398,0.016568549,-1.9331349
9::single::audio::11,Negative,0.9216774,0.06176785,0.016554745,-1.9331349
9::single::audio::12,Negative,0.92165333,0.061720565,0.016626043,-1.9319923
9::single::audio::13,Negative,0.9214728,0.061792504,0.016734637,-1.9274122
9::single::audio::14,Negative,0.9216677,0.061748676,0.016583597,-1.9308486
9::single::audio::15,Negative,0.92141277,0.06183705,0.016750239,-1.9274122
9::single::audio::16,Negative,0.92142826,0.061839685,0.016732024,-1.9274122
9::single::audio::17,Negative,0.92149043,0.061815634,0.016693905,-1.929704
9::single::audio::18,Negative,0.92144424,0.06181708,0.016738672,-1.9285586
9::single::audio::19,Negative,0.92135966,0.061834104,0.016806182,-1.9262648
9::single::audio::20,Negative,0.92136985,0.06183222,0.01679793,-1.9262648
9::single::audio::21,Negative,0.921361,0.061830975,0.016807932,-1.9262648
9::single::audio::22,Negative,0.9214655,0.06177234,0.016762048,-1.9274122
9::single::audio::23,Negative,0.9216552,0.061764263,0.016580567,-1.9331349
9::single::audio::24,Negative,0.9216012,0.061767284,0.016631545,-1.9319923
9::single::audio::25,Negative,0.92158073,0.061768916,0.016650297,-1.9308486
9::single::audio::26,Negative,0.9215478,0.061799675,0.016652567,-1.9308486
9::single::audio::27,Negative,0.9215272,0.06181391,0.016658902,-1.9308486
9::single::audio::28,Negative,0.9215488,0.061794773,0.016656425,-1.9308486
9::single::audio::29,Negative,0.921509,0.06178081,0.016710144,-1.9285586
9::single::audio::30,Negative,0.9215083,0.0617971,0.016694605,-1.929704
9::single::audio::31,Negative,0.92134076,0.06184175,0.016817484,-1.9262648
9::single::vision::0,Negative,0.9216119,0.061750323,0.016637744,-1.929704
9::single::vision::1,Negative,0.92156273,0.061729785,0.016707428,-1.929704
9::single::vision::2,Negative,0.9215427,0.06174486,0.01671241,-1.9285586
9::single::vision::3,Negative,0.9215609,0.061730772,0.016708266,-1.929704
9::single::vision::4,Negative,0.92148685,0.06181096,0.016702235,-1.929704
9::single::vision::5,Negative,0.92151105,0.06181331,0.016675634,-1.929704
9::single::vision::6,Negative,0.92153174,0.06180021,0.016668042,-1.929704
9::single::vision::7,Negative,0.92155194,0.061788086,0.01665999,-1.929704
9::single::vision::8,Negative,0.9215239,0.061787788,0.016688265,-1.929704
9::single::vision::9,Negative,0.921508,0.061813775,0.016678177,-1.929704
9::single::vision::10,Negative,0.9215338,0.061820574,0.016645597,-1.929704
9::single::vision::11,Negative,0.9215454,0.06182966,0.016624993,-1.929704
9::single::vision::12,Negative,0.92156297,0.061821703,0.016615279,-1.929704
9::single::vision::13,Negative,0.9215614,0.061796144,0.016642397,-1.929704
9::single::vision::14,Negative,0.9215518,0.06181495,0.016633257,-1.929704
9::single::vision::15,Negative,0.9215204,0.06182765,0.016651988,-1.929704
9::single::vision::16,Negative,0.9215312,0.061818473,0.016650368,-1.929704
9::single::vision::17,Negative,0.92153513,0.06180676,0.016658103,-1.929704
9::single::vision::18,Negative,0.9215497,0.06178389,0.016666455,-1.929704
9::single::vision::19,Negative,0.92156124,0.061774787,0.016663976,-1.929704
9::single::vision::20,Negative,0.9215495,0.06178494,0.0166656,-1.929704
9::single::vision::21,Negative,0.9215495,0.06178494,0.0166656,-1.929704
9::single::vision::22,Negative,0.92152005,0.061790824,0.016689092,-1.929704
9::single::vision::23,Negative,0.9216044,0.061763573,0.016632058,-1.929704
9::single::vision::24,Negative,0.9215804,0.061796844,0.016622769,-1.929704
9::single::vision::25,Negative,0.92155915,0.061849236,0.016591568,-1.929704
9::single::vision::26,Negative,0.9215537,0.06183115,0.016615152,-1.929704
9::single::vision::27,Negative,0.92155784,0.061808825,0.016633298,-1.929704
9::single::vision::28,Negative,0.9215587,0.061808854,0.016632462,-1.929704
9::single::vision::29,Negative,0.92161405,0.06179545,0.016590454,-1.9308486
9::single::vision::30,Negative,0.9216167,0.061791055,0.016592212,-1.9308486
9::single::vision::31,Negative,0.9216128,0.06173864,0.016648512,-1.929704
10::single::text::0,Negative,0.96074206,0.032441966,0.006815998,-2.1513634
10::single::text::1,Negative,0.9576249,0.035214476,0.007160588,-2.1176128
10::single::text::2,Negative,0.9593048,0.033806294,0.006888873,-2.1244507
10::single::text::3,Negative,0.95822644,0.035175458,0.006598098,-2.103805
10::single::text::4,Negative,0.4611739,0.2614787,0.27734742,-0.2503927
10::single::text::5,Negative,0.9614525,0.031926665,0.0066208346,-2.1475616
10::single::text::6,Negative,0.9605268,0.03274681,0.0067263776,-2.139915
10::single::text::7,Negative,0.9614891,0.031945445,0.0065655215,-2.140874
10::single::text::8,Negative,0.95517397,0.037624873,0.007201244,-2.089819
10::single::text::9,Negative,0.96043783,0.032583766,0.006978454,-2.1341426
10::single::text::10,Negative,0.95738685,0.03559232,0.0070208097,-2.1205487
10::single::text::11,Negative,0.96004665,0.033305466,0.006647897,-2.137033
10::single::text::12,Negative,0.96060157,0.032683913,0.006714522,-2.140874
10::single::text::13,Negative,0.96037316,0.03292164,0.00670523,-2.137033
10::single::text::14,Negative,0.9578225,0.035024658,0.0071528237,-2.1283383
10::single::text::15,Negative,0.96048087,0.032707825,0.0068112835,-2.1418319
10::single::audio::0,Negative,0.9604375,0.032747235,0.0068153357,-2.1418319
10::single::audio::1,Negative,0.960431,0.03279917,0.0067698713,-2.140874
10::single::audio::2,Negative,0.9604491,0.03276458,0.006786273,-2.140874
10::single::audio::3,Negative,0.96035016,0.032846972,0.0068028755,-2.140874
10::single::audio::4,Negative,0.96046114,0.032780774,0.00675817,-2.140874
10::single::audio::5,Negative,0.9604575,0.032767393,0.006775205,-2.139915
10::single::audio::6,Negative,0.9604526,0.032741822,0.006805592,-2.139915
10::single::audio::7,Negative,0.9603659,0.032813594,0.0068205157,-2.138955
10::single::audio::8,Negative,0.9603725,0.032806084,0.0068214126,-2.139915
10::single::audio::9,Negative,0.9603862,0.032780096,0.006833721,-2.139915
10::single::audio::10,Negative,0.9603723,0.032806035,0.0068216147,-2.140874
10::single::audio::11,Negative,0.96040523,0.032778293,0.006816515,-2.140874
10::single::audio::12,Negative,0.9603619,0.032814175,0.006823956,-2.1418319
10::single::audio::13,Negative,0.96037817,0.032811143,0.006810738,-2.140874
10::single::audio::14,Negative,0.96037906,0.03280808,0.006812862,-2.140874
10::single::audio::15,Negative,0.96045434,0.032737933,0.0068077277,-2.1418319
10::single::vision::0,Negative,0.96056086,0.032664247,0.0067749694,-2.142789
10::single::vision::1,Negative,0.9603733,0.032805182,0.006821586,-2.139915
10::single::vision::2,Negative,0.9604025,0.032785628,0.0068118908,-2.139915
10::single::vision::3,Negative,0.96038085,0.032808453,0.006810732,-2.139915
10::single::vision::4,Negative,0.96039313,0.032793906,0.006812921,-2.139915
10::single::vision::5,Negative,0.9603821,0.03280615,0.0068117883,-2.139915
10::single::vision::6,Negative,0.9603923,0.032805678,0.006802053,-2.139915
10::single::vision::7,Negative,0.9603693,0.032829847,0.006800877,-2.139915
10::single::vision::8,Negative,0.9603649,0.032825515,0.0068096165,-2.139915
10::single::vision::9,Negative,0.96036977,0.032830454,0.006799834,-2.139915
10::single::vision::10,Negative,0.96037143,0.03282875,0.0067998413,-2.139915
10::single::vision::11,Negative,0.96037704,0.03282307,0.0067998646,-2.139915
10::single::vision::12,Negative,0.9603939,0.03280414,0.006802043,-2.139915
10::single::vision::13,Negative,0.9604044,0.03278687,0.0068087513,-2.139915
10::single::vision::14,Negative,0.96040267,0.032787576,0.006809774,-2.139915
10::single::vision::15,Negative,0.9605715,0.03265346,0.006775029,-2.1418319
11::single::text::0,Negative,0.9026208,0.08151001,0.01586912,-1.4244623
11::single::text::1,Negative,0.9018458,0.08188467,0.016269434,-1.4092878
11::single::text::2,Negative,0.856825,0.11924805,0.023926899,-1.119061
11::single::text::3,Negative,0.89558756,0.08708001,0.01733237,-1.3608816
11::single::text::4,Negative,0.895013,0.08759327,0.017393772,-1.3701724
11::single::text::5,Negative,0.895252,0.08748664,0.0172614,-1.3717177
11::single::text::6,Negative,0.88831383,0.093449146,0.01823701,-1.3233898
11::single::text::7,Negative,0.8875533,0.094631486,0.017815199,-1.3115664
11::single::text::8,Negative,0.85402775,0.12274232,0.023229918,-1.0971347
11::single::text::9,Negative,0.9075992,0.07754625,0.014854578,-1.4590081
11::single::text::10,Negative,0.90742946,0.07757487,0.014995722,-1.4552773
11::single::text::11,Negative,0.874423,0.104257464,0.02131949,-1.2168126
11::single::text::12,Negative,0.8914781,0.09068443,0.017837532,-1.3453237
11::single::text::13,Negative,0.88624614,0.09595013,0.017803747,-1.2853775
11::single::text::14,Negative,0.8861574,0.095714554,0.01812807,-1.2837825
11::single::text::15,Negative,0.8866346,0.09549653,0.017868951,-1.2885649
11::single::text::16,Negative,0.87850416,0.101585,0.019910773,-1.2371426
11::single::text::17,Negative,0.88282835,0.0984738,0.018697811,-1.2701889
11::single::text::18,Negative,0.8732451,0.10546534,0.021289574,-1.2037306
11::single::text::19,Negative,0.8807807,0.09936854,0.019850666,-1.2565316
11::single::text::20,Negative,0.8808105,0.099442154,0.019747363,-1.2589463
11::single::text::21,Negative,0.8814062,0.09929158,0.019302268,-1.2637699
11::single::text::22,Negative,0.88588536,0.09510448,0.0190102,-1.2996925
11::single::text::23,Negative,0.88338447,0.09742661,0.01918889,-1.2765939
11::single::text::24,Negative,0.88220596,0.09833273,0.019461341,-1.2629666
11::single::text::25,Negative,0.8828853,0.098050214,0.019064512,-1.2725925
11::single::text::26,Negative,0.8857156,0.09561592,0.018668506,-1.2853775
11::single::text::27,Negative,0.8757427,0.10350387,0.020753525,-1.2208894
11::single::text::28,Negative,0.8732614,0.106156744,0.02058186,-1.2037306
11::single::text::29,Negative,0.87676954,0.10236475,0.020865664,-1.229027
11::single::text::30,Negative,0.8760401,0.102795556,0.021164255,-1.2225187
11::single::text::31,Negative,0.88523,0.095909595,0.018860448,-1.2885649
11::single::text::32,Negative,0.83631337,0.1344114,0.029275287,-1.0296849
11::single::text::33,Negative,0.8800827,0.1000164,0.019900799,-1.2363322
11::single::text::34,Negative,0.8733294,0.10491039,0.021760207,-1.2004515
11::single::text::35,Negative,0.8739748,0.10466093,0.021364272,-1.2078247
11::single::text::36,Negative,0.8624015,0.11482346,0.02277498,-1.1541883
11::single::text::37,Negative,0.879841,0.10037346,0.019785479,-1.2589463
11::single::text::38,Negative,0.8798586,0.100395694,0.019745711,-1.2476606
11::single::text::39,Negative,0.8656602,0.111107975,0.023231834,-1.1358336
11::single::text::40,Negative,0.86573094,0.1111541,0.023114985,-1.1383425
11::single::text::41,Negative,0.8769818,0.10278002,0.020238116,-1.226588
11::single::text::42,Negative,0.874097,0.10495932,0.020943675,-1.2053689
11::single::text::43,Negative,0.8142272,0.14954077,0.036232024,-0.92008865
11::single::audio::0,Negative,0.8772875,0.10218182,0.020530602,-1.2306517
11::single::audio::1,Negative,0.87778544,0.101913795,0.02030071,-1.233899
11::single::audio::2,Negative,0.8777847,0.101947725,0.020267505,-1.233899
11::single::audio::3,Negative,0.8777636,0.10196304,0.020273246,-1.233899
11::single::audio::4,Negative,0.8780481,0.101845585,0.020106219,-1.2371426
11::single::audio::5,Negative,0.8777844,0.10191911,0.020296486,-1.233899
11::single::audio::6,Negative,0.87729794,0.10214785,0.020554163,-1.229027
11::single::audio::7,Negative,0.8769959,0.10232412,0.020679967,-1.226588
11::single::audio::8,Negative,0.87741077,0.102108896,0.020480206,-1.2298394
11::single::audio::9,Negative,0.87789744,0.10187658,0.020225968,-1.2347102
11::single::audio::10,Negative,0.8778267,0.101893276,0.020280011,-1.233899
11::single::audio::11,Negative,0.8778335,0.10187705,0.020289438,-1.233899
11::single::audio::12,Negative,0.8774974,0.102068216,0.020434337,-1.2314639
11::single::audio::13,Negative,0.87732625,0.102182075,0.020491662,-1.2298394
11::single::audio::14,Negative,0.87745124,0.10211669,0.020431997,-1.2306517
11::single::audio::15,Negative,0.8772993,0.10220526,0.020495359,-1.2298394
11::single::audio::16,Negative,0.8774781,0.10211098,0.020410838,-1.2314639
11::single::audio::17,Negative,0.8774752,0.10207883,0.020445952,-1.2314639
11::single::audio::18,Negative,0.87787503,0.10184817,0.02027678,-1.233899
11::single::audio::19,Negative,0.8778882,0.10183467,0.020277107,-1.233899
11::single::audio::20,Negative,0.8773282,0.102130875,0.020540927,-1.2298394
11::single::audio::21,Negative,0.8774749,0.102051765,0.020473298,-1.2306517
11::single::audio::22,Negative,0.8776607,0.101957634,0.020381644,-1.2322758
11::single::audio::23,Negative,0.87793994,0.101862036,0.020197963,-1.2363322
11::single::audio::24,Negative,0.8776341,0.10200044,0.020365482,-1.2322758
11::single::audio::25,Negative,0.8777272,0.10193524,0.020337474,-1.2330875
11::single::audio::26,Negative,0.87780714,0.10187431,0.020318454,-1.2330875
11::single::audio::27,Negative,0.8776896,0.10196352,0.020346873,-1.2330875
11::single::audio::28,Negative,0.87768745,0.1019717,0.020340784,-1.2322758
11::single::audio::29,Negative,0.8776417,0.10201436,0.020343896,-1.2322758
11::single::audio::30,Negative,0.8776239,0.10202296,0.020353096,-1.2322758
11::single::audio::31,Negative,0.87752277,0.10216867,0.02030857,-1.2322758
11::single::audio::32,Negative,0.87779003,0.10196985,0.020240039,-1.2330875
11::single::audio::33,Negative,0.8778049,0.10202233,0.020172741,-1.233899
11::single::audio::34,Negative,0.87779033,0.10203714,0.020172484,-1.233899
11::single::audio::35,Negative,0.87786806,0.10198428,0.020147622,-1.233899
11::single::audio::36,Negative,0.87738883,0.10225384,0.020357275,-1.229027
11::single::audio::37,Negative,0.87789947,0.10195799,0.020142436,-1.2330875
11::single::audio::38,Negative,0.877388,0.10218389,0.020428024,-1.2298394
11::single::audio::39,Negative,0.87743086,0.10212467,0.020444447,-1.229027
11::single::audio::40,Negative,0.8774184,0.10216854,0.02041294,-1.2298394
11::single::audio::41,Negative,0.8773983,0.10218104,0.020420583,-1.2298394
11::single::audio::42,Negative,0.87728786,0.10223159,0.020480474,-1.2282141
11::single::audio::43,Negative,0.87725466,0.10221115,0.020534117,-1.2298394
11::single::vision::0,Negative,0.877988,0.101729885,0.02028211,-1.233899
11::single::vision::1,Negative,0.8777315,0.10195597,0.020312509,-1.2322758
11::single::vision::2,Negative,0.8776862,0.1020001,0.020313706,-1.2314639
11::single::vision::3,Negative,0.877697,0.102000505,0.0203025,-1.2322758
11::single::vision::4,Negative,0.8775773,0.10208237,0.020340255,-1.2314639
11::single::vision::5,Negative,0.8775978,0.1020614,0.020340718,-1.2314639
11::single::vision::6,Negative,0.8776813,0.102000855,0.020317743,-1.2314639
11::single::vision::7,Negative,0.87768865,0.10199344,0.020317875,-1.2314639
11::single::vision::8,Negative,0.8776757,0.10200854,0.020315627,-1.2314639
11::single::vision::9,Negative,0.87768865,0.10199344,0.020317875,-1.2322758
11::single::vision::10,Negative,0.87769586,0.101986036,0.020318005,-1.2322758
11::single::vision::11,Negative,0.87764144,0.10203743,0.020321062,-1.2314639
11::single::vision::12,Negative,0.87778795,0.10191381,0.02029819,-1.2330875
11::single::vision::13,Negative,0.8775349,0.10212563,0.0203394,-1.2314639
11::single::vision::14,Negative,0.8776185,0.10206503,0.020316426,-1.2314639
11::single::vision::15,Negative,0.87768275,0.10199958,0.020317676,-1.2322758
11::single::vision::16,Negative,0.8776976,0.1019863,0.02031602,-1.2322758
11::single::vision::17,Negative,0.87767607,0.101992786,0.020331077,-1.2314639
11::single::vision::18,Negative,0.87751514,0.1021324,0.020352496,-1.2314639
11::single::vision::19,Negative,0.8775339,0.102111146,0.020354941,-1.2314639
11::single::vision::20,Negative,0.877555,0.1020958,0.020349186,-1.2314639
11::single::vision::21,Negative,0.8775637,0.10210441,0.020331873,-1.2314639
11::single::vision::22,Negative,0.87767607,0.101992786,0.020331077,-1.2314639
11::single::vision::23,Negative,0.8776772,0.10200725,0.02031556,-1.2314639
11::single::vision::24,Negative,0.87769586,0.101986036,0.020318005,-1.2314639
11::single::vision::25,Negative,0.8776976,0.1019863,0.02031602,-1.2314639
11::single::vision::26,Negative,0.87769586,0.101986036,0.020318005,-1.2322758
11::single::vision::27,Negative,0.8776976,0.1019863,0.02031602,-1.2322758
11::single::vision::28,Negative,0.87776643,0.10192028,0.02031323,-1.2322758
11::single::vision::29,Negative,0.8777724,0.10191412,0.02031343,-1.2322758
11::single::vision::30,Negative,0.87769413,0.101985775,0.020319995,-1.2322758
11::single::vision::31,Negative,0.8777489,0.10193603,0.02031502,-1.2322758
11::single::vision::32,Negative,0.87752837,0.102118835,0.020352827,-1.2314639
11::single::vision::33,Negative,0.87748337,0.1021688,0.020347802,-1.2314639
11::single::vision::34,Negative,0.87748337,0.1021688,0.020347802,-1.2306517
11::single::vision::35,Negative,0.87748504,0.10216907,0.020345826,-1.2314639
11::single::vision::36,Negative,0.8775529,0.10211131,0.020335699,-1.2314639
11::single::vision::37,Negative,0.87769413,0.101985775,0.020319995,-1.2322758
11::single::vision::38,Negative,0.8777284,0.10195695,0.02031456,-1.2322758
11::single::vision::39,Negative,0.87773186,0.10195748,0.020310596,-1.2322758
11::single::vision::40,Negative,0.87770075,0.10198529,0.020313969,-1.2322758
11::single::vision::41,Negative,0.87772113,0.101964355,0.020314429,-1.2322758
11::single::vision::42,Negative,0.8777267,0.101956695,0.020316543,-1.2322758
11::single::vision::43,Negative,0.8779343,0.101788014,0.020277744,-1.233899
12::single::text::0,Neutral,0.10380309,0.4602064,0.4359905,0.13723326
12::single::text::1,Neutral,0.10084129,0.45810574,0.4410529,0.14247087
12::single::text::2,Neutral,0.096953645,0.46132767,0.44171864,0.16706333
12::single::text::3,Neutral,0.10276795,0.4753943,0.42183766,0.15805665
12::single::text::4,Neutral,0.0981803,0.4790303,0.42278937,0.15988256
12::single::text::5,Neutral,0.08569536,0.45787126,0.45643342,0.17266054
12::single::text::6,Neutral,0.0992892,0.46519727,0.43551356,0.15854356
12::single::text::7,Neutral,0.09919495,0.46515602,0.43564904,0.1613432
12::single::text::8,Neutral,0.10142401,0.47415808,0.4244179,0.16389914
12::single::text::9,Neutral,0.09784473,0.46646962,0.4356856,0.16097805
12::single::text::10,Neutral,0.11092281,0.47476742,0.4143098,0.15696104
12::single::text::11,Neutral,0.097186,0.45920223,0.4436118,0.15403922
12::single::text::12,Neutral,0.10997413,0.4698503,0.42017555,0.1438106
12::single::text::13,Neutral,0.11009199,0.47051919,0.41938883,0.14454132
12::single::text::14,Neutral,0.09762594,0.47095284,0.43142122,0.16036944
12::single::text::15,Neutral,0.10902111,0.47819063,0.41278827,0.15464798
12::single::text::16,Neutral,0.105289325,0.47637603,0.4183346,0.14795117
12::single::text::17,Neutral,0.11044109,0.48725158,0.40230736,0.15233469
12::single::text::18,Neutral,0.106153205,0.48624507,0.40760174,0.13345678
12::single::text::19,Neutral,0.098725244,0.47291076,0.428364,0.15586539
12::single::text::20,Neutral,0.10014123,0.47640085,0.42345795,0.1508736
12::single::text::21,Neutral,0.10808806,0.48649403,0.40541792,0.13589327
12::single::text::22,Neutral,0.10321692,0.48157758,0.4152055,0.15988256
12::single::text::23,Neutral,0.1055347,0.48099774,0.41346753,0.16414256
12::single::text::24,Neutral,0.11147447,0.4826397,0.40588588,0.15513493
12::single::text::25,Neutral,0.09905722,0.46834177,0.43260098,0.15720451
12::single::text::26,Neutral,0.10021056,0.47034255,0.42944685,0.15598713
12::single::text::27,Neutral,0.1093108,0.4792755,0.41141376,0.15160415
12::single::text::28,Neutral,0.10719451,0.4781104,0.41469514,0.16986209
12::single::text::29,Neutral,0.10445395,0.48696393,0.40858206,0.15574366
12::single::text::30,Neutral,0.103555694,0.4540451,0.44239926,0.16937536
12::single::text::31,Neutral,0.10984175,0.4856518,0.40450647,0.16049117
12::single::audio::0,Neutral,0.102438904,0.4699673,0.4275938,0.16402085
12::single::audio::1,Neutral,0.10381939,0.47396302,0.42221758,0.1621952
12::single::audio::2,Neutral,0.10414357,0.47469664,0.42115977,0.16146491
12::single::audio::3,Neutral,0.10413163,0.47468948,0.42117888,0.1613432
12::single::audio::4,Neutral,0.10320195,0.47282612,0.4239719,0.16365573
12::single::audio::5,Neutral,0.10349832,0.47350484,0.42299688,0.16292548
12::single::audio::6,Neutral,0.103427395,0.47337386,0.42319873,0.16280377
12::single::audio::7,Neutral,0.10358285,0.47339067,0.4230265,0.16195178
12::single::audio::8,Neutral,0.10325223,0.47242934,0.42431852,0.16231693
12::single::audio::9,Neutral,0.10315031,0.47217464,0.42467505,0.1631689
12::single::audio::10,Neutral,0.10251306,0.4710145,0.42647246,0.16475108
12::single::audio::11,Neutral,0.102452874,0.47088137,0.42666575,0.16499448
12::single::audio::12,Neutral,0.10256508,0.47092772,0.42650717,0.16426426
12::single::audio::13,Neutral,0.10265462,0.47101212,0.42633322,0.16402085
12::single::audio::14,Neutral,0.102242954,0.47071987,0.42703718,0.16511619
12::single::audio::15,Neutral,0.102064975,0.47047836,0.42745665,0.16523787
12::single::audio::16,Neutral,0.10206606,0.4701754,0.42775854,0.16560298
12::single::audio::17,Neutral,0.102150604,0.47040373,0.42744565,0.16535957
12::single::audio::18,Neutral,0.10244432,0.47100407,0.42655155,0.16450767
12::single::audio::19,Neutral,0.10301682,0.47233036,0.42465279,0.16268207
12::single::audio::20,Neutral,0.102961846,0.47235435,0.42468384,0.16426426
12::single::audio::21,Neutral,0.103718534,0.47339615,0.42288527,0.16122149
12::single::audio::22,Neutral,0.104473956,0.47544524,0.42008084,0.16000429
12::single::audio::23,Neutral,0.104335375,0.47518957,0.42047504,0.15963912
12::single::audio::24,Neutral,0.10488147,0.47594625,0.4191723,0.15781318
12::single::audio::25,Neutral,0.10321998,0.47213465,0.42464542,0.1621952
12::single::audio::26,Neutral,0.10580079,0.4772569,0.4169423,0.15574366
12::single::audio::27,Neutral,0.1032479,0.4724204,0.42433167,0.16280377
12::single::audio::28,Neutral,0.10384828,0.47382182,0.4223299,0.16158664
12::single::audio::29,Neutral,0.10288554,0.47174484,0.42536962,0.1631689
12::single::audio::30,Neutral,0.10275996,0.4713673,0.42587265,0.16365573
12::single::audio::31,Neutral,0.10263855,0.4704216,0.4269399,0.1632906
12::single::vision::0,Neutral,0.10167236,0.46539506,0.43293256,0.15805665
12::single::vision::1,Neutral,0.10124505,0.46336168,0.43539327,0.16012602
12::single::vision::2,Neutral,0.10124626,0.46336204,0.43539166,0.16012602
12::single::vision::3,Neutral,0.10124626,0.46336204,0.43539166,0.16012602
12::single::vision::4,Neutral,0.10124626,0.46336204,0.43539166,0.16012602
12::single::vision::5,Neutral,0.10124626,0.46336204,0.43539166,0.16012602
12::single::vision::6,Neutral,0.10124626,0.46336204,0.43539166,0.16012602
12::single::vision::7,Neutral,0.10124626,0.46336204,0.43539166,0.16012602
12::single::vision::8,Neutral,0.10124626,0.46336204,0.43539166,0.16012602
12::single::vision::9,Neutral,0.10124626,0.46336204,0.43539166,0.16012602
12::single::vision::10,Neutral,0.10124626,0.46336204,0.43539166,0.16012602
12::single::vision::11,Neutral,0.10124626,0.46336204,0.43539166,0.16012602
12::single::vision::12,Neutral,0.10124626,0.46336204,0.43539166,0.16012602
12::single::vision::13,Neutral,0.10124626,0.46336204,0.43539166,0.16012602
12::single::vision::14,Neutral,0.10124626,0.46336204,0.43539166,0.16012602
12::single::vision::15,Neutral,0.10124626,0.46336204,0.43539166,0.16012602
12::single::vision::16,Neutral,0.10124626,0.46336204,0.43539166,0.16012602
12::single::vision::17,Neutral,0.10124626,0.46336204,0.43539166,0.16012602
12::single::vision::18,Neutral,0.10124626,0.46336204,0.43539166,0.16012602
12::single::vision::19,Neutral,0.10124626,0.46336204,0.43539166,0.16012602
12::single::vision::20,Neutral,0.10124626,0.46336204,0.43539166,0.16012602
12::single::vision::21,Neutral,0.10124626,0.46336204,0.43539166,0.16012602
12::single::vision::22,Neutral,0.10124626,0.46336204,0.43539166,0.16012602
12::single::vision::23,Neutral,0.10124626,0.46336204,0.43539166,0.16012602
12::single::vision::24,Neutral,0.10124626,0.46336204,0.43539166,0.16012602
12::single::vision::25,Neutral,0.10124626,0.46336204,0.43539166,0.16012602
12::single::vision::26,Neutral,0.10124626,0.46336204,0.43539166,0.16012602
12::single::vision::27,Neutral,0.10122192,0.46331838,0.43545973,0.16012602
12::single::vision::28,Neutral,0.10122192,0.46331838,0.43545973,0.16012602
12::single::vision::29,Neutral,0.10122192,0.46331838,0.43545973,0.16012602
12::single::vision::30,Neutral,0.101252265,0.46334535,0.4354024,0.16012602
12::single::vision::31,Neutral,0.10070107,0.46259016,0.43670875,0.15963912
13::single::text::0,Positive,0.02855697,0.39562058,0.57582253,0.5493957
13::single::text::1,Positive,0.028051507,0.39389312,0.5780554,0.5517549
13::single::text::2,Positive,0.025777435,0.38023221,0.5939903,0.58188903
13::single::text::3,Positive,0.02590918,0.38105547,0.5930354,0.57953906
13::single::text::4,Positive,0.023863351,0.37369004,0.60244656,0.5922198
13::single::text::5,Positive,0.029667713,0.39355412,0.57677823,0.542314
13::single::text::6,Positive,0.02985726,0.39478946,0.5753533,0.539007
13::single::text::7,Positive,0.022714382,0.37080306,0.6064826,0.6044102
13::single::text::8,Positive,0.024538057,0.3715415,0.6039205,0.59315825
13::single::text::9,Positive,0.024637053,0.37192717,0.6034358,0.59081197
13::single::text::10,Positive,0.024340253,0.377827,0.5978328,0.59175056
13::single::text::11,Positive,0.022751002,0.36863974,0.6086092,0.6039417
13::single::text::12,Positive,0.023222117,0.37181938,0.6049584,0.5959729
13::single::text::13,Positive,0.023942316,0.37794766,0.5981101,0.5842382
13::single::text::14,Positive,0.024070436,0.38044327,0.5954863,0.57953906
13::single::text::15,Positive,0.023279874,0.37666818,0.60005194,0.5912813
13::single::text::16,Positive,0.0236772,0.37414187,0.60218096,0.59315825
13::single::text::17,Positive,0.022710502,0.37081906,0.6064704,0.5964419
13::single::text::18,Positive,0.02264154,0.37089378,0.6064646,0.5959729
13::single::text::19,Positive,0.023843419,0.37511718,0.6010394,0.5889343
13::single::text::20,Positive,0.023929223,0.37562746,0.60044324,0.58658665
13::single::text::21,Positive,0.024733465,0.37764144,0.59762514,0.58564734
13::single::text::22,Positive,0.023278117,0.37239924,0.6043227,0.60534704
13::single::text::23,Positive,0.023311125,0.37278533,0.60390353,0.6044102
13::single::text::24,Positive,0.02109998,0.36482117,0.6140788,0.6221893
13::single::text::25,Positive,0.02300401,0.37366825,0.60332775,0.59550387
13::single::text::26,Positive,0.0227765,0.3725674,0.6046561,0.59691083
13::single::text::27,Positive,0.021832995,0.3665526,0.6116144,0.6072204
13::single::text::28,Positive,0.023542749,0.3776216,0.59883565,0.59081197
13::single::text::29,Positive,0.022999207,0.37523487,0.60176593,0.59691083
13::single::text::30,Positive,0.02347138,0.37553668,0.60099196,0.5922198
13::single::text::31,Positive,0.023323877,0.37703905,0.59963703,0.6039417
13::single::text::32,Positive,0.023235142,0.37647688,0.6002879,0.6058154
13::single::text::33,Positive,0.023130238,0.3625305,0.6143392,0.6133054
13::single::text::34,Positive,0.02383995,0.37397826,0.6021818,0.5847079
13::single::text::35,Positive,0.023823962,0.37357545,0.6026007,0.58564734
13::single::text::36,Positive,0.024914932,0.3712678,0.6038173,0.59503484
13::single::audio::0,Positive,0.023496682,0.3729723,0.603531,0.59691083
13::single::audio::1,Positive,0.023612738,0.3742873,0.60209996,0.59456575
13::single::audio::2,Positive,0.023594463,0.3744672,0.6019383,0.5940966
13::single::audio::3,Positive,0.023750814,0.3752864,0.6009627,0.5912813
13::single::audio::4,Positive,0.02392794,0.3763812,0.59969085,0.58752584
13::single::audio::5,Positive,0.023945289,0.37647548,0.5995792,0.5870562
13::single::audio::6,Positive,0.023931384,0.37631655,0.59975207,0.58752584
13::single::audio::7,Positive,0.023726037,0.37515682,0.6011171,0.5912813
13::single::audio::8,Positive,0.023683205,0.37456727,0.6017494,0.5940966
13::single::audio::9,Positive,0.023698743,0.37469304,0.6016082,0.59362745
13::single::audio::10,Positive,0.023990635,0.3766801,0.5993293,0.586117
13::single::audio::11,Positive,0.023690907,0.37472022,0.6015889,0.5922198
13::single::audio::12,Positive,0.023709992,0.3748125,0.6014775,0.5922198
13::single::audio::13,Positive,0.023724211,0.3749076,0.6013681,0.59175056
13::single::audio::14,Positive,0.02360207,0.37388897,0.60250896,0.59550387
13::single::audio::15,Positive,0.023591416,0.37392643,0.60248214,0.5964419
13::single::audio::16,Positive,0.023808008,0.37553418,0.60065776,0.59081197
13::single::audio::17,Positive,0.023784196,0.37511167,0.6011041,0.59315825
13::single::audio::18,Positive,0.023581253,0.37419575,0.602223,0.59456575
13::single::audio::19,Positive,0.023554161,0.37365195,0.6027939,0.59550387
13::single::audio::20,Positive,0.023458214,0.37306613,0.60347575,0.59831756
13::single::audio::21,Positive,0.023498297,0.37342635,0.6030753,0.5973798
13::single::audio::22,Positive,0.02340766,0.37316835,0.60342395,0.59831756
13::single::audio::23,Positive,0.023432983,0.37313706,0.6034299,0.59925526
13::single::audio::24,Positive,0.023329338,0.37245542,0.60421526,0.6020675
13::single::audio::25,Positive,0.02332862,0.37247628,0.60419506,0.6020675
13::single::audio::26,Positive,0.023327298,0.37244543,0.6042272,0.6020675
13::single::audio::27,Positive,0.023329338,0.37245542,0.60421526,0.6020675
13::single::audio::28,Positive,0.02341531,0.37289572,0.6036889,0.59925526
13::single::audio::29,Positive,0.023418415,0.37282124,0.6037603,0.6001928
13::single::audio::30,Positive,0.023409368,0.37289906,0.6036915,0.599724
13::single::audio::31,Positive,0.023427762,0.37302235,0.60354984,0.59925526
13::single::audio::32,Positive,0.023446448,0.37299985,0.6035537,0.599724
13::single::audio::33,Positive,0.023485826,0.3735455,0.60296863,0.5964419
13::single::audio::34,Positive,0.023504404,0.37351438,0.60298115,0.5973798
13::single::audio::35,Positive,0.023538822,0.37362686,0.6028343,0.59691083
13::single::audio::36,Positive,0.023492644,0.37305847,0.6034488,0.59691083
13::single::vision::0,Positive,0.023683589,0.37477684,0.60153955,0.5922198
13::single::vision::1,Positive,0.02360154,0.3746729,0.6017256,0.59362745
13::single::vision::2,Positive,0.023597805,0.3746959,0.60170627,0.59315825
13::single::vision::3,Positive,0.023605471,0.37466016,0.6017344,0.59362745
13::single::vision::4,Positive,0.023605835,0.37470192,0.6016922,0.59315825
13::single::vision::5,Positive,0.023607522,0.37466952,0.60172296,0.59362745
13::single::vision::6,Positive,0.023607522,0.37466952,0.60172296,0.59362745
13::single::vision::7,Positive,0.023606775,0.37469086,0.60170233,0.59315825
13::single::vision::8,Positive,0.023605835,0.37470192,0.6016922,0.59315825
13::single::vision::9,Positive,0.023622438,0.37474313,0.60163444,0.59315825
13::single::vision::10,Positive,0.023621693,0.37476447,0.6016139,0.59315825
13::single::vision::11,Positive,0.023621693,0.37476447,0.6016139,0.59315825
13::single::vision::12,Positive,0.023621693,0.37476447,0.6016139,0.59315825
13::single::vision::13,Positive,0.023621693,0.37476447,0.6016139,0.59315825
13::single::vision::14,Positive,0.023625245,0.37481487,0.6015599,0.59315825
13::single::vision::15,Positive,0.023672685,0.37499267,0.6013347,0.59175056
13::single::vision::16,Positive,0.023689888,0.3750862,0.60122395,0.5912813
13::single::vision::17,Positive,0.023725672,0.37511522,0.6011591,0.5912813
13::single::vision::18,Positive,0.023745911,0.37520725,0.60104686,0.5903426
13::single::vision::19,Positive,0.023765408,0.37532085,0.60091376,0.5898732
13::single::vision::20,Positive,0.023747215,0.3752379,0.60101485,0.59081197
13::single::vision::21,Positive,0.02365325,0.37487945,0.6014673,0.59268904
13::single::vision::22,Positive,0.023620559,0.37484896,0.6015305,0.59315825
13::single::vision::23,Positive,0.023621693,0.37476447,0.6016139,0.59315825
13::single::vision::24,Positive,0.023619257,0.37481827,0.60156244,0.59315825
13::single::vision::25,Positive,0.023620944,0.37478587,0.60159314,0.59315825
13::single::vision::26,Positive,0.023619257,0.37481827,0.60156244,0.59315825
13::single::vision::27,Positive,0.023620559,0.37484896,0.6015305,0.59315825
13::single::vision::28,Positive,0.023620944,0.37478587,0.60159314,0.59315825
13::single::vision::29,Positive,0.023636427,0.37491164,0.60145193,0.59268904
13::single::vision::30,Positive,0.023750221,0.3752362,0.60101354,0.59081197
13::single::vision::31,Positive,0.023750221,0.3752362,0.60101354,0.59081197
13::single::vision::32,Positive,0.02375192,0.37520385,0.60104424,0.59081197
13::single::vision::33,Positive,0.02376917,0.3752976,0.6009332,0.5903426
13::single::vision::34,Positive,0.023802057,0.37532854,0.6008694,0.5898732
13::single::vision::35,Positive,0.023771994,0.3752852,0.60094273,0.5903426
13::single::vision::36,Positive,0.023663944,0.37473717,0.6015988,0.5922198
14::single::text::0,Positive,0.012278018,0.033119388,0.95460254,1.430506
14::single::text::1,Positive,0.012239242,0.0330978,0.95466286,1.4327686
14::single::text::2,Positive,0.017621284,0.08367694,0.89870167,1.1433544
14::single::text::3,Positive,0.012403366,0.03656598,0.9510307,1.3686262
14::single::text::4,Positive,0.012413382,0.0365536,0.95103306,1.3678528
14::single::text::5,Positive,0.0122371875,0.042786397,0.94497645,1.3562238
14::single::text::6,Positive,0.0127207795,0.03555374,0.9517255,1.3917221
14::single::text::7,Positive,0.013180959,0.03911351,0.9477055,1.3577774
14::single::text::8,Positive,0.013194456,0.039121397,0.9476841,1.3554468
14::single::text::9,Positive,0.014245267,0.04798963,0.937765,1.3210292
14::single::text::10,Positive,0.013412858,0.039751824,0.9468353,1.3802
14::single::text::11,Positive,0.013346345,0.044517614,0.942136,1.3351623
14::single::text::12,Positive,0.013293092,0.044482045,0.9422248,1.3359452
14::single::text::13,Positive,0.012718623,0.038593948,0.94868743,1.3601059
14::single::text::14,Positive,0.015005137,0.05229216,0.93270266,1.2717916
14::single::text::15,Positive,0.01246975,0.038521245,0.94900906,1.3670793
14::single::text::16,Positive,0.012431225,0.03848414,0.9490846,1.3678528
14::single::text::17,Positive,0.013316067,0.048132632,0.9385513,1.3123562
14::single::text::18,Positive,0.01331005,0.03887137,0.9478186,1.3748055
14::single::text::19,Positive,0.013457309,0.045618262,0.94092447,1.3139352
14::single::text::20,Positive,0.013464687,0.045648903,0.94088644,1.3139352
14::single::text::21,Positive,0.014960384,0.061382886,0.9236567,1.2127304
14::single::text::22,Positive,0.013250172,0.04756419,0.9391856,1.3044481
14::single::audio::0,Positive,0.012251148,0.035510167,0.95223874,1.3917221
14::single::audio::1,Positive,0.012266949,0.035653308,0.95207983,1.3909554
14::single::audio::2,Positive,0.012266967,0.03565176,0.9520814,1.3909554
14::single::audio::3,Positive,0.012267094,0.03565918,0.95207375,1.3909554
14::single::audio::4,Positive,0.012260232,0.03561623,0.9521236,1.3917221
14::single::audio::5,Positive,0.012284983,0.035607927,0.9521072,1.3909554
14::single::audio::6,Positive,0.012284891,0.035615634,0.95209956,1.3909554
14::single::audio::7,Positive,0.012288019,0.035585236,0.95212674,1.3924882
14::single::audio::8,Positive,0.012264717,0.0355983,0.952137,1.3932543
14::single::audio::9,Positive,0.012277712,0.035600815,0.9521215,1.3917221
14::single::audio::10,Positive,0.012280647,0.03560399,0.9521155,1.3917221
14::single::audio::11,Positive,0.012283601,0.03560384,0.9521126,1.3917221
14::single::audio::12,Positive,0.0122787915,0.035629585,0.9520917,1.3901887
14::single::audio::13,Positive,0.012261646,0.035605695,0.95213276,1.3917221
14::single::audio::14,Positive,0.012307752,0.03564422,0.95204806,1.3909554
14::single::audio::15,Positive,0.012281372,0.035660382,0.9520583,1.3901887
14::single::audio::16,Positive,0.012271441,0.035645083,0.9520835,1.3901887
14::single::audio::17,Positive,0.012284958,0.03560598,0.95210916,1.3909554
14::single::audio::18,Positive,0.012281544,0.035666253,0.9520523,1.3901887
14::single::audio::19,Positive,0.012270675,0.035611566,0.95211774,1.3917221
14::single::audio::20,Positive,0.012286316,0.03562019,0.9520936,1.3909554
14::single::audio::21,Positive,0.01225876,0.035616305,0.95212495,1.3917221
14::single::audio::22,Positive,0.012252418,0.03552366,0.95222396,1.3917221
14::single::vision::0,Positive,0.01228975,0.035585053,0.95212525,1.3901887
14::single::vision::1,Positive,0.012265638,0.035548393,0.9521859,1.3917221
14::single::vision::2,Positive,0.0122626275,0.03555136,0.952186,1.3917221
14::single::vision::3,Positive,0.012276875,0.035573795,0.9521494,1.3917221
14::single::vision::4,Positive,0.012283548,0.035610273,0.9521061,1.3917221
14::single::vision::5,Positive,0.012298065,0.035612695,0.95208925,1.3917221
14::single::vision::6,Positive,0.012300828,0.035627745,0.9520714,1.3909554
14::single::vision::7,Positive,0.012263862,0.03557131,0.95216477,1.3917221
14::single::vision::8,Positive,0.0122822,0.035599537,0.9521183,1.3909554
14::single::vision::9,Positive,0.012285046,0.035608657,0.9521063,1.3909554
14::single::vision::10,Positive,0.012283585,0.035607185,0.9521092,1.3909554
14::single::vision::11,Positive,0.0122581,0.035578992,0.95216286,1.3917221
14::single::vision::12,Positive,0.012284854,0.035620503,0.9520947,1.3894218
14::single::vision::13,Positive,0.012284913,0.03561767,0.9520975,1.3901887
14::single::vision::14,Positive,0.012266705,0.03557861,0.95215464,1.3909554
14::single::vision::15,Positive,0.012241042,0.035530634,0.95222825,1.3924882
14::single::vision::16,Positive,0.012217188,0.03547082,0.952312,1.3932543
14::single::vision::17,Positive,0.012289877,0.035602186,0.952108,1.3917221
14::single::vision::18,Positive,0.012286752,0.035591856,0.95212144,1.3909554
14::single::vision::19,Positive,0.012280559,0.035615347,0.95210415,1.3909554
14::single::vision::20,Positive,0.012268631,0.035639834,0.9520916,1.3886545
14::single::vision::21,Positive,0.012599759,0.036465358,0.9509348,1.3484427
14::single::vision::22,Positive,0.012258563,0.035540495,0.9522009,1.3932543
15::single::text::0,Negative,0.95957255,0.032356612,0.008070769,-2.1379945
15::single::text::1,Negative,0.95953834,0.032406397,0.008055262,-2.137033
15::single::text::2,Negative,0.96010447,0.03159008,0.008305377,-2.1331775
15::single::text::3,Negative,0.960105,0.031601027,0.008293999,-2.1331775
15::single::text::4,Negative,0.9576277,0.033846863,0.008525424,-2.119571
15::single::text::5,Negative,0.9588382,0.0327341,0.008427664,-2.1263962
15::single::text::6,Negative,0.9588692,0.032679453,0.008451362,-2.1273675
15::single::text::7,Negative,0.9610033,0.031113707,0.007883014,-2.137033
15::single::text::8,Negative,0.9609693,0.03113218,0.007898506,-2.137033
15::single::text::9,Negative,0.95969546,0.03214947,0.008155085,-2.1312444
15::single::text::10,Negative,0.95500875,0.036684886,0.008306313,-2.07972
15::single::text::11,Negative,0.9552909,0.036393248,0.008315904,-2.0867991
15::single::text::12,Negative,0.9575949,0.034300994,0.00810411,-2.0988305
15::single::audio::0,Negative,0.9600233,0.03166341,0.008313387,-2.1293077
15::single::audio::1,Negative,0.96011925,0.031600162,0.008280633,-2.1302767
15::single::audio::2,Negative,0.96008,0.031616688,0.008303256,-2.1293077
15::single::audio::3,Negative,0.96007824,0.031604536,0.008317245,-2.1283383
15::single::audio::4,Negative,0.9600594,0.031668924,0.008271687,-2.1293077
15::single::audio::5,Negative,0.9603658,0.03157302,0.008061307,-2.1341426
15::single::audio::6,Negative,0.96029973,0.031612713,0.008087613,-2.1331775
15::single::audio::7,Negative,0.9607854,0.031238299,0.007976358,-2.138955
15::single::audio::8,Negative,0.9605006,0.03146574,0.008033611,-2.139915
15::single::audio::9,Negative,0.9599967,0.031758823,0.008244526,-2.1322112
15::single::audio::10,Negative,0.96005595,0.031711925,0.008232237,-2.1312444
15::single::audio::11,Negative,0.96033037,0.0315006,0.00816905,-2.1322112
15::single::audio::12,Negative,0.960027,0.0316609,0.008312074,-2.1283383
15::single::vision::0,Negative,0.9606663,0.031255107,0.008078607,-2.137033
15::single::vision::1,Negative,0.9603056,0.031490818,0.008203747,-2.1331775
15::single::vision::2,Negative,0.9603188,0.03149744,0.0081837755,-2.1331775
15::single::vision::3,Negative,0.9603174,0.03149888,0.008183768,-2.1331775
15::single::vision::4,Negative,0.96033394,0.03148216,0.008183898,-2.1341426
15::single::vision::5,Negative,0.96039546,0.031431377,0.00817312,-2.1331775
15::single::vision::6,Negative,0.9603895,0.03141986,0.008190616,-2.1322112
15::single::vision::7,Negative,0.96049666,0.031436905,0.008066451,-2.1331775
15::single::vision::8,Negative,0.96032095,0.031530023,0.00814904,-2.1341426
15::single::vision::9,Negative,0.96033776,0.0315242,0.008138143,-2.1331775
15::single::vision::10,Negative,0.9603379,0.0315475,0.008114647,-2.1331775
15::single::vision::11,Negative,0.9602169,0.031628393,0.00815477,-2.1331775
15::single::vision::12,Negative,0.96068656,0.031228619,0.008084825,-2.1379945
16::single::text::0,Positive,0.013971927,0.0685872,0.9174409,1.0545876
16::single::text::1,Positive,0.013968039,0.06848951,0.91754246,1.0545876
16::single::text::2,Positive,0.015416756,0.073304,0.9112792,0.9985465
16::single::text::3,Positive,0.014355015,0.06112656,0.92451847,1.0545876
16::single::text::4,Positive,0.014286584,0.0627825,0.9229309,1.0400093
16::single::text::5,Positive,0.014121456,0.058409333,0.92746913,1.0699615
16::single::text::6,Positive,0.014061365,0.06324789,0.92269075,1.0537316
16::single::text::7,Positive,0.014080983,0.06332039,0.92259866,1.0554433
16::single::text::8,Positive,0.014326715,0.061364397,0.92430896,1.0477343
16::single::text::9,Positive,0.0145316,0.06791891,0.91754943,1.0305464
16::single::text::10,Positive,0.013110073,0.061934434,0.9249555,1.075072
16::single::text::11,Positive,0.013640398,0.060133226,0.9262263,1.0631366
16::single::text::12,Positive,0.016324261,0.09486486,0.8888108,0.9147772
16::single::text::13,Positive,0.018724523,0.11109956,0.8701759,0.85907936
16::single::text::14,Positive,0.018753171,0.111163974,0.8700828,0.8595276
16::single::text::15,Positive,0.015120635,0.07201752,0.9128618,1.0115508
16::single::text::16,Positive,0.015228223,0.07190733,0.91286445,1.008087
16::single::text::17,Positive,0.012966992,0.050510745,0.93652225,1.1089582
16::single::text::18,Positive,0.012573838,0.044106554,0.94331956,1.1873012
16::single::text::19,Positive,0.014012011,0.06364776,0.9223402,1.0391499
16::single::text::20,Positive,0.013931684,0.06356899,0.9224993,1.0400093
16::single::text::21,Positive,0.013100457,0.05809644,0.9288031,1.0725178
16::single::text::22,Positive,0.013696398,0.062604286,0.9236993,1.0391499
16::single::text::23,Positive,0.014024779,0.0682559,0.91771924,1.0132815
16::single::text::24,Positive,0.014177231,0.058407955,0.9274149,1.0776247
16::single::text::25,Positive,0.016069617,0.106409326,0.87752104,0.8725077
16::single::audio::0,Positive,0.013800188,0.061690614,0.9245093,1.0485916
16::single::audio::1,Positive,0.013819419,0.06189028,0.9242903,1.0477343
16::single::audio::2,Positive,0.013850431,0.06207431,0.92407525,1.0468767
16::single::audio::3,Positive,0.013836244,0.06201838,0.9241454,1.0485916
16::single::audio::4,Positive,0.013840093,0.062015995,0.9241439,1.0485916
16::single::audio::5,Positive,0.013861378,0.061982997,0.9241556,1.0485916
16::single::audio::6,Positive,0.013793462,0.0617555,0.9244511,1.0485916
16::single::audio::7,Positive,0.013826888,0.061779916,0.9243932,1.0477343
16::single::audio::8,Positive,0.013867905,0.061923396,0.9242087,1.0468767
16::single::audio::9,Positive,0.013843484,0.061920486,0.92423606,1.0468767
16::single::audio::10,Positive,0.01383103,0.06187149,0.92429745,1.0477343
16::single::audio::11,Positive,0.013812803,0.061837025,0.9243502,1.0485916
16::single::audio::12,Positive,0.013843088,0.061944127,0.9242128,1.0468767
16::single::audio::13,Positive,0.013872834,0.061975807,0.9241513,1.0468767
16::single::audio::14,Positive,0.0138859935,0.06198192,0.9241321,1.0468767
16::single::audio::15,Positive,0.013787154,0.06179726,0.92441565,1.0503056
16::single::audio::16,Positive,0.013794295,0.06182141,0.9243843,1.0503056
16::single::audio::17,Positive,0.013802206,0.061796397,0.9244014,1.0503056
16::single::audio::18,Positive,0.013785104,0.061807133,0.9244078,1.0494487
16::single::audio::19,Positive,0.013812112,0.061992317,0.92419565,1.0494487
16::single::audio::20,Positive,0.013780504,0.06185816,0.92436135,1.0494487
16::single::audio::21,Positive,0.013789045,0.06179659,0.9244144,1.0485916
16::single::audio::22,Positive,0.013897695,0.062075406,0.9240269,1.0451609
16::single::audio::23,Positive,0.0139975995,0.062364534,0.92363787,1.0408684
16::single::audio::24,Positive,0.013958,0.06221929,0.9238227,1.0434446
16::single::audio::25,Positive,0.013733461,0.061539948,0.92472655,1.0511625
16::single::vision::0,Positive,0.013904625,0.061892726,0.9242026,1.0477343
16::single::vision::1,Positive,0.01380693,0.06185942,0.92433375,1.0477343
16::single::vision::2,Positive,0.013860728,0.06202174,0.9241175,1.0468767
16::single::vision::3,Positive,0.013920825,0.06215924,0.92392,1.0434446
16::single::vision::4,Positive,0.013928025,0.062290616,0.92378134,1.0391499
16::single::vision::5,Positive,0.013952015,0.062332742,0.92371523,1.0382905
16::single::vision::6,Positive,0.013886596,0.06216643,0.92394704,1.0443028
16::single::vision::7,Positive,0.013971299,0.062431674,0.92359704,1.0382905
16::single::vision::8,Positive,0.014043874,0.06254775,0.9234084,1.0331295
16::single::vision::9,Positive,0.01385562,0.061985195,0.9241591,1.0468767
16::single::vision::10,Positive,0.013870611,0.061994463,0.9241349,1.046019
16::single::vision::11,Positive,0.013866957,0.06198477,0.92414826,1.046019
16::single::vision::12,Positive,0.013865161,0.06197824,0.9241566,1.046019
16::single::vision::13,Positive,0.013863649,0.06195482,0.9241815,1.0468767
16::single::vision::14,Positive,0.013867128,0.061974633,0.9241582,1.0468767
16::single::vision::15,Positive,0.013837663,0.06192791,0.92423445,1.0468767
16::single::vision::16,Positive,0.013848169,0.061973505,0.9241783,1.046019
16::single::vision::17,Positive,0.013816997,0.0619227,0.9242603,1.046019
16::single::vision::18,Positive,0.013787049,0.06180316,0.92440987,1.0477343
16::single::vision::19,Positive,0.013875587,0.06205005,0.92407435,1.0468767
16::single::vision::20,Positive,0.013867193,0.06197861,0.9241542,1.0477343
16::single::vision::21,Positive,0.013867306,0.06197185,0.9241608,1.0477343
16::single::vision::22,Positive,0.01384574,0.06190735,0.92424697,1.0477343
16::single::vision::23,Positive,0.013842615,0.061865844,0.92429155,1.0477343
16::single::vision::24,Positive,0.013848863,0.061949268,0.9242019,1.0485916
16::single::vision::25,Positive,0.013873448,0.061835233,0.92429125,1.0494487
17::single::text::0,Negative,0.55768037,0.35743964,0.08488008,-0.37089556
17::single::text::1,Negative,0.55665314,0.3577264,0.085620485,-0.3665674
17::single::text::2,Negative,0.6322011,0.29902983,0.06876909,-0.49399626
17::single::text::3,Negative,0.64330924,0.29079068,0.06590012,-0.51487315
17::single::text::4,Negative,0.65574545,0.28190386,0.0623507,-0.5512831
17::single::text::5,Negative,0.65970516,0.279225,0.061069846,-0.5541134
17::single::text::6,Negative,0.68577397,0.2582429,0.055983074,-0.61236954
17::single::text::7,Negative,0.6504837,0.28496695,0.06454934,-0.52955115
17::single::text::8,Negative,0.6512515,0.2848528,0.06389573,-0.52529246
17::single::text::9,Negative,0.65481734,0.28326076,0.061921917,-0.5460917
17::single::text::10,Negative,0.6819186,0.26002204,0.05805934,-0.5959729
17::single::text::11,Negative,0.65519994,0.28192776,0.06287223,-0.5489238
17::single::text::12,Negative,0.6671423,0.27366644,0.05919131,-0.58752584
17::single::text::13,Negative,0.6676297,0.27364147,0.05872887,-0.5870562
17::single::text::14,Negative,0.69637847,0.25117907,0.052442476,-0.64271873
17::single::text::15,Negative,0.7393469,0.217106,0.04354706,-0.74576116
17::single::text::16,Negative,0.74226034,0.21610203,0.041637648,-0.7667947
17::single::text::17,Negative,0.6556816,0.28051257,0.06380582,-0.5361714
17::single::text::18,Negative,0.6945832,0.2512654,0.05415148,-0.639923
17::single::text::19,Negative,0.67882186,0.2633545,0.057823595,-0.5940966
17::single::text::20,Negative,0.6974069,0.24862911,0.053963944,-0.64225286
17::single::text::21,Negative,0.65236247,0.2825631,0.06507447,-0.51913714
17::single::text::22,Negative,0.5676842,0.34737438,0.08494141,-0.37113595
17::single::text::23,Neutral,0.43481117,0.4387765,0.12641236,-0.17095718
17::single::text::24,Negative,0.63051647,0.29938313,0.07010038,-0.48567915
17::single::text::25,Negative,0.6153215,0.31035218,0.07432634,-0.4520966
17::single::text::26,Negative,0.615973,0.3099277,0.074099325,-0.4549594
17::single::text::27,Negative,0.69700545,0.24838543,0.05460914,-0.623591
17::single::text::28,Negative,0.6698823,0.26934022,0.060777478,-0.5663659
17::single::text::29,Negative,0.6721356,0.26773494,0.060129404,-0.5738963
17::single::text::30,Negative,0.63641113,0.29510543,0.06848348,-0.4885316
17::single::text::31,Negative,0.6605326,0.27690524,0.06256209,-0.5484519
17::single::text::32,Negative,0.6468504,0.2872505,0.065899104,-0.5125033
17::single::text::33,Negative,0.6428135,0.29059532,0.066591196,-0.5125033
17::single::text::34,Negative,0.61172247,0.3138621,0.07441537,-0.4415928
17::single::text::35,Negative,0.50323313,0.39317498,0.10359186,-0.23305002
17::single::text::36,Negative,0.6540024,0.28174245,0.06425515,-0.532862
17::single::text::37,Negative,0.6557542,0.280492,0.063753754,-0.5356988
17::single::text::38,Negative,0.6552953,0.28048348,0.064221255,-0.535226
17::single::text::39,Negative,0.6575818,0.27908906,0.06332915,-0.5418416
17::single::text::40,Negative,0.6201538,0.30669558,0.073150635,-0.45472085
17::single::text::41,Negative,0.6418194,0.2914769,0.066703685,-0.5101328
17::single::text::42,Negative,0.64393055,0.29053473,0.06553472,-0.51439923
17::single::text::43,Negative,0.653307,0.2821005,0.06459255,-0.53191614
17::single::text::44,Negative,0.6784245,0.26376587,0.057809643,-0.5959729
17::single::text::45,Negative,0.66899925,0.27060378,0.06039703,-0.570132
17::single::text::46,Negative,0.6550359,0.28079808,0.06416603,-0.5342805
17::single::text::47,Negative,0.65294987,0.2819387,0.06511144,-0.5267123
17::single::text::48,Negative,0.6557735,0.27882183,0.06540464,-0.5361714
17::single::text::49,Negative,0.6481864,0.28572175,0.06609182,-0.5196108
17::single::audio::0,Negative,0.6543456,0.28115267,0.06450187,-0.53333485
17::single::audio::1,Negative,0.6545111,0.28103516,0.0644538,-0.53238904
17::single::audio::2,Negative,0.65453357,0.28104046,0.06442595,-0.532862
17::single::audio::3,Negative,0.6543777,0.28107506,0.064547285,-0.53191614
17::single::audio::4,Negative,0.65464264,0.28108585,0.0642715,-0.5347532
17::single::audio::5,Negative,0.6547603,0.28097424,0.06426544,-0.5342805
17::single::audio::6,Negative,0.65410787,0.28127304,0.06461905,-0.53238904
17::single::audio::7,Negative,0.65548885,0.28088033,0.063630804,-0.5366441
17::single::audio::8,Negative,0.65515256,0.28118283,0.06366458,-0.5366441
17::single::audio::9,Negative,0.6557889,0.28107792,0.0631332,-0.53947955
17::single::audio::10,Negative,0.6557281,0.2809556,0.06331628,-0.5385345
17::single::audio::11,Negative,0.65616816,0.28088468,0.062947206,-0.5413693
17::single::audio::12,Negative,0.6555038,0.2810408,0.06345545,-0.538062
17::single::audio::13,Negative,0.6557128,0.28100404,0.06328317,-0.53947955
17::single::audio::14,Negative,0.6558067,0.28085774,0.06333558,-0.539007
17::single::audio::15,Negative,0.655474,0.28103125,0.06349471,-0.5375893
17::single::audio::16,Negative,0.65627265,0.28078663,0.06294075,-0.5408969
17::single::audio::17,Negative,0.6561323,0.28086102,0.06300668,-0.5408969
17::single::audio::18,Negative,0.65632546,0.2807628,0.06291173,-0.5408969
17::single::audio::19,Negative,0.656083,0.28088692,0.06303004,-0.5408969
17::single::audio::20,Negative,0.65524155,0.28105164,0.06370684,-0.5366441
17::single::audio::21,Negative,0.6553593,0.28093255,0.06370815,-0.5366441
17::single::audio::22,Negative,0.6553032,0.28099364,0.06370319,-0.5366441
17::single::audio::23,Negative,0.6545895,0.28135014,0.064060375,-0.535226
17::single::audio::24,Negative,0.65481776,0.28121415,0.063968115,-0.5356988
17::single::audio::25,Negative,0.6548009,0.2812331,0.063966006,-0.5356988
17::single::audio::26,Negative,0.65480274,0.28123415,0.063963115,-0.535226
17::single::audio::27,Negative,0.654711,0.28121194,0.06407704,-0.5342805
17::single::audio::28,Negative,0.6552682,0.28109097,0.06364082,-0.5366441
17::single::audio::29,Negative,0.65493053,0.28120187,0.063867636,-0.535226
17::single::audio::30,Negative,0.6550885,0.28108752,0.063824,-0.5361714
17::single::audio::31,Negative,0.6557437,0.28095403,0.06330223,-0.538062
17::single::audio::32,Negative,0.65423256,0.2814973,0.06427015,-0.53333485
17::single::audio::33,Negative,0.6551316,0.28107604,0.06379238,-0.5356988
17::single::audio::34,Negative,0.6550181,0.28125048,0.06373148,-0.5361714
17::single::audio::35,Negative,0.6547521,0.28134066,0.063907295,-0.5356988
17::single::audio::36,Negative,0.65471303,0.28126273,0.06402424,-0.5347532
17::single::audio::37,Negative,0.6551813,0.2809301,0.06388864,-0.535226
17::single::audio::38,Negative,0.6552989,0.28091002,0.063791096,-0.5366441
17::single::audio::39,Negative,0.65575707,0.2808022,0.06344078,-0.5385345
17::single::audio::40,Negative,0.6556847,0.28075498,0.06356033,-0.5385345
17::single::audio::41,Negative,0.6550879,0.28101957,0.063892595,-0.53711677
17::single::audio::42,Negative,0.65518415,0.2808643,0.063951544,-0.5366441
17::single::audio::43,Negative,0.65618414,0.28056774,0.0632482,-0.53947955
17::single::audio::44,Negative,0.6550341,0.280916,0.06404988,-0.5356988
17::single::audio::45,Negative,0.65446025,0.28127196,0.06426778,-0.5342805
17::single::audio::46,Negative,0.6553389,0.28092098,0.06374017,-0.53711677
17::single::audio::47,Negative,0.655112,0.28102586,0.063862085,-0.5361714
17::single::audio::48,Negative,0.6549607,0.28108382,0.063955516,-0.5356988
17::single::audio::49,Negative,0.654216,0.28121573,0.06456827,-0.532862
17::single::vision::0,Negative,0.6561704,0.2803842,0.06344543,-0.54042447
17::single::vision::1,Negative,0.65537906,0.28092572,0.06369527,-0.53711677
17::single::vision::2,Negative,0.6554442,0.2808909,0.06366485,-0.5375893
17::single::vision::3,Negative,0.65559834,0.2807746,0.063627064,-0.5375893
17::single::vision::4,Negative,0.6555694,0.28080457,0.06362602,-0.5375893
17::single::vision::5,Negative,0.65559834,0.2807746,0.063627064,-0.5375893
17::single::vision::6,Negative,0.6555694,0.28080457,0.06362602,-0.5375893
17::single::vision::7,Negative,0.6555694,0.28080457,0.06362602,-0.5375893
17::single::vision::8,Negative,0.6554442,0.2808909,0.06366485,-0.5375893
17::single::vision::9,Negative,0.6554611,0.28087196,0.06366695,-0.5375893
17::single::vision::10,Negative,0.65555257,0.28082353,0.063623935,-0.5375893
17::single::vision::11,Negative,0.65555257,0.28082353,0.063623935,-0.5375893
17::single::vision::12,Negative,0.6555694,0.28080457,0.06362602,-0.5375893
17::single::vision::13,Negative,0.6554442,0.2808909,0.06366485,-0.5375893
17::single::vision::14,Negative,0.65555257,0.28082353,0.063623935,-0.5375893
17::single::vision::15,Negative,0.65555435,0.28082454,0.06362106,-0.5375893
17::single::vision::16,Negative,0.6555712,0.28080565,0.063623145,-0.5375893
17::single::vision::17,Negative,0.6555712,0.28080565,0.063623145,-0.5375893
17::single::vision::18,Negative,0.6555712,0.28080565,0.063623145,-0.5375893
17::single::vision::19,Negative,0.65559834,0.2807746,0.063627064,-0.5375893
17::single::vision::20,Negative,0.65555435,0.28082454,0.06362106,-0.5375893
17::single::vision::21,Negative,0.6555712,0.28080565,0.063623145,-0.5375893
17::single::vision::22,Negative,0.65555435,0.28082454,0.06362106,-0.5375893
17::single::vision::23,Negative,0.6558403,0.2807101,0.063449636,-0.538062
17::single::vision::24,Negative,0.6558012,0.2807238,0.063475,-0.538062
17::single::vision::25,Negative,0.65581805,0.28070492,0.06347708,-0.538062
17::single::vision::26,Negative,0.65587276,0.28070322,0.06342404,-0.5375893
17::single::vision::27,Negative,0.655731,0.2808159,0.06345305,-0.5375893
17::single::vision::28,Negative,0.65574497,0.28080586,0.06344913,-0.5375893
17::single::vision::29,Negative,0.6556278,0.28082603,0.063546166,-0.53711677
17::single::vision::30,Negative,0.6555851,0.2808166,0.06359827,-0.5375893
17::single::vision::31,Negative,0.655573,0.2808277,0.06359932,-0.5375893
17::single::vision::32,Negative,0.65555257,0.28082353,0.063623935,-0.5375893
17::single::vision::33,Negative,0.65555257,0.28082353,0.063623935,-0.5375893
17::single::vision::34,Negative,0.65540135,0.28093094,0.06366774,-0.5375893
17::single::vision::35,Negative,0.65537906,0.28092572,0.06369527,-0.53711677
17::single::vision::36,Negative,0.6554611,0.28087196,0.06366695,-0.53711677
17::single::vision::37,Negative,0.65555257,0.28082353,0.063623935,-0.53711677
17::single::vision::38,Negative,0.6554442,0.2808909,0.06366485,-0.53711677
17::single::vision::39,Negative,0.6554442,0.2808909,0.06366485,-0.5375893
17::single::vision::40,Negative,0.6555078,0.2808625,0.06362969,-0.5375893
17::single::vision::41,Negative,0.65542847,0.28089988,0.06367166,-0.5375893
17::single::vision::42,Negative,0.6554237,0.28090775,0.06366853,-0.5375893
17::single::vision::43,Negative,0.6553918,0.28094667,0.063661456,-0.53711677
17::single::vision::44,Negative,0.65519774,0.28104475,0.0637575,-0.53711677
17::single::vision::45,Negative,0.65515375,0.2810948,0.06375147,-0.53711677
17::single::vision::46,Negative,0.65509504,0.28114384,0.06376116,-0.53711677
17::single::vision::47,Negative,0.655124,0.2811138,0.06376221,-0.53711677
17::single::vision::48,Negative,0.6549829,0.28118813,0.06382895,-0.53711677
17::single::vision::49,Negative,0.6560772,0.28043157,0.0634912,-0.54042447
18::single::text::0,Negative,0.42378825,0.17820942,0.39800227,-0.070238635
18::single::text::1,Negative,0.42414993,0.17838791,0.3974622,-0.06950661
18::single::text::2,Negative,0.56535435,0.173935,0.26071063,-0.34080762
18::single::text::3,Negative,0.5591999,0.19045429,0.25034583,-0.32609907
18::single::text::4,Negative,0.68764454,0.14033413,0.17202127,-0.58846486
18::single::text::5,Positive,0.38242558,0.16781262,0.44976184,0.059165917
18::single::text::6,Positive,0.38905457,0.16777149,0.44317394,0.048122093
18::single::text::7,Negative,0.44678462,0.17123148,0.38198388,-0.068286546
18::single::text::8,Negative,0.4161294,0.17299697,0.41087362,-0.023223413
18::single::text::9,Negative,0.45205945,0.17192626,0.3760143,-0.087255664
18::single::text::10,Negative,0.43992057,0.17570454,0.38437492,-0.06853056
18::single::text::11,Negative,0.43720222,0.17568809,0.38710967,-0.06365012
18::single::text::12,Positive,0.40873373,0.17314208,0.41812417,-0.008087139
18::single::text::13,Positive,0.35273448,0.16787095,0.4793946,0.11024087
18::single::text::14,Positive,0.33228004,0.16628446,0.50143546,0.14283626
18::single::text::15,Positive,0.24022485,0.16657236,0.59320277,0.32585782
18::single::text::16,Positive,0.23983179,0.16652456,0.59364367,0.32585782
18::single::text::17,Positive,0.34517312,0.17155048,0.4832764,0.11511679
18::single::text::18,Positive,0.34449223,0.18209353,0.47341424,0.11030182
18::single::text::19,Positive,0.32632768,0.17353876,0.5001336,0.15379573
18::single::text::20,Positive,0.29916036,0.17267382,0.5281658,0.20354423
18::single::text::21,Positive,0.30888385,0.17298238,0.51813376,0.1844594
18::single::text::22,Positive,0.2701865,0.1763309,0.5534826,0.25596794
18::single::text::23,Positive,0.3962878,0.16988459,0.43382764,0.015502792
18::single::text::24,Positive,0.3390292,0.16994143,0.49102938,0.12602443
18::single::text::25,Positive,0.34526825,0.17014582,0.48458594,0.11414166
18::single::text::26,Positive,0.34591758,0.1701091,0.4839733,0.11310555
18::single::text::27,Positive,0.35468134,0.17136052,0.47395813,0.10335264
18::single::text::28,Positive,0.36872527,0.17384803,0.45742673,0.06853056
18::single::text::29,Positive,0.30946064,0.17240314,0.51813626,0.18567547
18::single::text::30,Positive,0.34177756,0.17128457,0.48693788,0.11743264
18::single::text::31,Positive,0.33995044,0.17108822,0.48896134,0.12023585
18::single::text::32,Positive,0.28991884,0.162601,0.54748017,0.23863055
18::single::text::33,Negative,0.49240425,0.16662839,0.34096736,-0.18239197
18::single::text::34,Positive,0.39493984,0.1690593,0.43600082,0.013442905
18::single::text::35,Positive,0.37553233,0.17160335,0.45286435,0.057305038
18::single::text::36,Positive,0.3746693,0.1716564,0.4536742,0.058555797
18::single::text::37,Negative,0.48671964,0.16969451,0.34358588,-0.17448547
18::single::text::38,Negative,0.4973027,0.16845487,0.33424237,-0.1899312
18::single::text::39,Negative,0.52015406,0.16384013,0.31600577,-0.24166277
18::single::text::40,Negative,0.57731223,0.15665245,0.26603532,-0.37065512
18::single::audio::0,Positive,0.37573937,0.17199916,0.45226148,0.053735703
18::single::audio::1,Positive,0.38386032,0.17241944,0.44372028,0.03802287
18::single::audio::2,Positive,0.38362962,0.17242475,0.44394568,0.038602605
18::single::audio::3,Positive,0.379793,0.17224288,0.44796413,0.046413533
18::single::audio::4,Positive,0.3791943,0.17223619,0.4485695,0.048244134
18::single::audio::5,Positive,0.37924665,0.17227566,0.44847766,0.04800006
18::single::audio::6,Positive,0.3784779,0.17227039,0.44925174,0.050105207
18::single::audio::7,Positive,0.38277444,0.17252347,0.44470206,0.04009771
18::single::audio::8,Positive,0.37781456,0.17219108,0.44999433,0.052881487
18::single::audio::9,Positive,0.38043267,0.17237934,0.44718796,0.046199962
18::single::audio::10,Positive,0.37584206,0.1723641,0.45179382,0.055657677
18::single::audio::11,Positive,0.3793629,0.17233174,0.44830537,0.048061073
18::single::audio::12,Positive,0.38271666,0.172346,0.44493732,0.04052488
18::single::audio::13,Positive,0.38260207,0.17236125,0.4450366,0.040768977
18::single::audio::14,Positive,0.38215578,0.17232084,0.44552335,0.042019956
18::single::audio::15,Positive,0.3800971,0.17225747,0.4476454,0.046077922
18::single::audio::16,Positive,0.37979534,0.17225082,0.44795385,0.04702374
18::single::audio::17,Positive,0.3781909,0.17222312,0.449586,0.049922153
18::single::audio::18,Positive,0.3784847,0.17222154,0.44929373,0.049250945
18::single::audio::19,Positive,0.37678126,0.17223923,0.45097953,0.05227132
18::single::audio::20,Positive,0.38030863,0.17231525,0.44737607,0.045101583
18::single::audio::21,Positive,0.38330576,0.17233407,0.44436014,0.03887722
18::single::audio::22,Positive,0.3805905,0.17215724,0.4472523,0.044430345
18::single::audio::23,Positive,0.38011783,0.1721074,0.4477748,0.045833837
18::single::audio::24,Positive,0.3797041,0.17212965,0.44816622,0.046810165
18::single::audio::25,Positive,0.38029948,0.17211688,0.44758365,0.046108432
18::single::audio::26,Positive,0.38049427,0.17218925,0.44731647,0.046505064
18::single::audio::27,Positive,0.379322,0.1721027,0.44857532,0.048183113
18::single::audio::28,Positive,0.37830722,0.17210872,0.44958404,0.050898436
18::single::audio::29,Positive,0.38053042,0.17222635,0.4472432,0.046260983
18::single::audio::30,Positive,0.38001594,0.172208,0.44777605,0.04757292
18::single::audio::31,Positive,0.38007766,0.17222014,0.4477022,0.04745088
18::single::audio::32,Positive,0.37786382,0.17219116,0.44994503,0.051508613
18::single::audio::33,Positive,0.3756949,0.17201659,0.4522885,0.05623731
18::single::audio::34,Positive,0.37690234,0.1720625,0.45103517,0.0537052
18::single::audio::35,Positive,0.37593272,0.171996,0.45207125,0.055566154
18::single::audio::36,Positive,0.3763257,0.172044,0.4516303,0.054528907
18::single::audio::37,Positive,0.37616923,0.17203578,0.45179495,0.054925505
18::single::audio::38,Positive,0.37790722,0.17210135,0.44999146,0.051478107
18::single::audio::39,Positive,0.3792406,0.17221941,0.44854,0.047481388
18::single::audio::40,Positive,0.3753831,0.1719841,0.45263273,0.054925505
18::single::vision::0,Positive,0.38050735,0.17222513,0.4472675,0.045742307
18::single::vision::1,Positive,0.38009644,0.17233187,0.44757167,0.046413533
18::single::vision::2,Positive,0.3798814,0.17230614,0.4478124,0.046688125
18::single::vision::3,Positive,0.37946087,0.1722009,0.44833818,0.04775598
18::single::vision::4,Positive,0.38045424,0.17237505,0.4471707,0.045711797
18::single::vision::5,Positive,0.38030022,0.17235531,0.44734445,0.04598639
18::single::vision::6,Positive,0.38006902,0.17234571,0.44758523,0.046535574
18::single::vision::7,Positive,0.38001886,0.17229906,0.44768208,0.046474554
18::single::vision::8,Positive,0.37983584,0.17226219,0.44790193,0.04699323
18::single::vision::9,Positive,0.3800206,0.17232516,0.4476542,0.046413533
18::single::vision::10,Positive,0.3797336,0.17230493,0.44796142,0.046779655
18::single::vision::11,Positive,0.37995565,0.17228943,0.44775492,0.046596594
18::single::vision::12,Positive,0.38009205,0.17233944,0.4475685,0.046230473
18::single::vision::13,Positive,0.38017452,0.17233816,0.44748732,0.04604741
18::single::vision::14,Positive,0.37982154,0.1723344,0.44784406,0.046566084
18::single::vision::15,Positive,0.37987757,0.17228314,0.44783926,0.046718635
18::single::vision::16,Positive,0.37982267,0.17228487,0.44789246,0.0469017
18::single::vision::17,Positive,0.3800368,0.17230499,0.44765824,0.046444044
18::single::vision::18,Positive,0.37995565,0.17228943,0.44775492,0.046566084
18::single::vision::19,Positive,0.38002223,0.17234859,0.44762918,0.046230473
18::single::vision::20,Positive,0.3817857,0.17252195,0.44569233,0.042782746
18::single::vision::21,Positive,0.38212252,0.1726052,0.44527233,0.041836888
18::single::vision::22,Positive,0.3824882,0.17265765,0.4448541,0.041104604
18::single::vision::23,Positive,0.38294545,0.17267165,0.44438288,0.04037232
18::single::vision::24,Positive,0.38113585,0.17246138,0.44640273,0.044064216
18::single::vision::25,Positive,0.3803177,0.1724062,0.44727612,0.045589752
18::single::vision::26,Positive,0.38021994,0.17235619,0.44742388,0.045772817
18::single::vision::27,Positive,0.38038734,0.17237511,0.4472375,0.045559242
18::single::vision::28,Positive,0.38041732,0.17240873,0.44717395,0.04549822
18::single::vision::29,Positive,0.3802074,0.1723667,0.4474259,0.045894857
18::single::vision::30,Positive,0.38015234,0.17235412,0.44749355,0.046108432
18::single::vision::31,Positive,0.38007212,0.172355,0.4475729,0.046260983
18::single::vision::32,Positive,0.38020298,0.17237428,0.44742274,0.045864347
18::single::vision::33,Positive,0.38008696,0.17235164,0.4475614,0.046199962
18::single::vision::34,Positive,0.37974477,0.17229289,0.44796234,0.04699323
18::single::vision::35,Positive,0.37912747,0.17229664,0.44857585,0.048030563
18::single::vision::36,Positive,0.37919864,0.17228904,0.44851226,0.047969542
18::single::vision::37,Positive,0.37917748,0.1723214,0.44850117,0.047878012
18::single::vision::38,Positive,0.38000754,0.17236978,0.44762266,0.046199962
18::single::vision::39,Positive,0.37993854,0.17238864,0.44767278,0.046596594
18::single::vision::40,Positive,0.38048813,0.17223603,0.44727585,0.045894857
19::single::text::0,Positive,0.010555453,0.17566568,0.8137789,0.9959405
19::single::text::1,Positive,0.010463056,0.17520332,0.81433356,0.9985465
19::single::text::2,Positive,0.011218604,0.20813558,0.7806458,0.9496263
19::single::text::3,Positive,0.0121001685,0.24820091,0.73969895,0.86221594
19::single::text::4,Positive,0.011575115,0.20892404,0.77950084,0.94391084
19::single::text::5,Positive,0.011565198,0.20903087,0.7794039,0.94259083
19::single::text::6,Positive,0.010852855,0.18854305,0.8006041,0.99333286
19::single::text::7,Positive,0.010969754,0.19034387,0.7986864,0.98549986
19::single::text::8,Positive,0.010841625,0.18892609,0.8002323,0.98549986
19::single::text::9,Positive,0.0108376,0.1888454,0.80031705,0.98549986
19::single::text::10,Positive,0.010886242,0.18872108,0.8003926,0.98811245
19::single::text::11,Positive,0.010924275,0.1877709,0.8013048,0.9907235
19::single::text::12,Positive,0.010750993,0.18442015,0.8048289,0.9994148
19::single::text::13,Positive,0.0107889995,0.18465294,0.80455804,0.9976779
19::single::text::14,Positive,0.010882508,0.18858363,0.8005339,0.98724174
19::single::text::15,Positive,0.010741726,0.18150754,0.8077507,0.99246323
19::single::text::16,Positive,0.011135986,0.1930696,0.79579437,0.96978855
19::single::text::17,Positive,0.011109609,0.19278331,0.7961071,0.97241116
19::single::text::18,Positive,0.011023332,0.19595121,0.7930255,0.9662889
19::single::text::19,Positive,0.011260988,0.2096088,0.7791302,0.9421507
19::single::text::20,Positive,0.010665662,0.1788672,0.8104671,0.9959405
19::single::text::21,Positive,0.010701033,0.17905289,0.8102461,0.9959405
19::single::text::22,Positive,0.0116470335,0.22767276,0.7606802,0.9050233
19::single::text::23,Positive,0.011378022,0.21291038,0.7757116,0.93950915
19::single::text::24,Positive,0.011110251,0.20101842,0.7878713,0.9623485
19::single::text::25,Positive,0.011127666,0.20114836,0.7877239,0.9619104
19::single::text::26,Positive,0.010710958,0.17887208,0.81041694,1.0193329
19::single::text::27,Positive,0.010964123,0.18418363,0.80485225,0.98811245
19::single::text::28,Positive,0.010886674,0.19474632,0.7943671,0.96978855
19::single::text::29,Positive,0.0108803045,0.19467127,0.7944485,0.970663
19::single::text::30,Positive,0.0108852945,0.18476959,0.80434513,0.9959405
19::single::text::31,Positive,0.0107514495,0.18810464,0.8011439,0.9950715
19::single::text::32,Positive,0.010875186,0.18962574,0.799499,0.9985465
19::single::text::33,Positive,0.010873275,0.18961486,0.79951185,0.9976779
19::single::text::34,Positive,0.0109249605,0.19670103,0.792374,0.970663
19::single::text::35,Positive,0.010902179,0.18700275,0.8020952,0.99420226
19::single::text::36,Positive,0.010912574,0.18810613,0.8009813,0.98811245
19::single::text::37,Positive,0.010875846,0.18787056,0.80125356,0.9898533
19::single::text::38,Positive,0.010884576,0.18781245,0.8013029,0.98724174
19::single::text::39,Positive,0.011273731,0.20511487,0.7836114,0.95533407
19::single::text::40,Positive,0.010903529,0.18841879,0.8006777,0.9907235
19::single::text::41,Positive,0.010909402,0.18841192,0.8006787,0.9898533
19::single::text::42,Positive,0.010954992,0.19079721,0.79824775,0.98114157
19::single::text::43,Positive,0.011045316,0.19804026,0.79091454,0.9619104
19::single::text::44,Positive,0.01099114,0.18743864,0.8015701,0.99333286
19::single::audio::0,Positive,0.010813486,0.18681563,0.8023708,0.99420226
19::single::audio::1,Positive,0.010843059,0.18738817,0.80176866,0.99159354
19::single::audio::2,Positive,0.010830392,0.18721849,0.8019511,0.99333286
19::single::audio::3,Positive,0.0108485855,0.18754163,0.80160975,0.9898533
19::single::audio::4,Positive,0.010854684,0.18751082,0.80163443,0.9898533
19::single::audio::5,Positive,0.010836488,0.1874077,0.8017558,0.99159354
19::single::audio::6,Positive,0.0108060995,0.18724132,0.8019526,0.99246323
19::single::audio::7,Positive,0.010852007,0.18753952,0.80160844,0.9907235
19::single::audio::8,Positive,0.010828508,0.18709885,0.8020726,0.99333286
19::single::audio::9,Positive,0.010836117,0.18723561,0.80192816,0.99333286
19::single::audio::10,Positive,0.010839818,0.1872264,0.8019337,0.99333286
19::single::audio::11,Positive,0.010812816,0.18708663,0.8021005,0.9950715
19::single::audio::12,Positive,0.010819192,0.18726817,0.80191255,0.99246323
19::single::audio::13,Positive,0.010887812,0.1875225,0.80158967,0.98811245
19::single::audio::14,Positive,0.010835006,0.18729597,0.801869,0.99420226
19::single::audio::15,Positive,0.010821318,0.18706419,0.80211455,0.9950715
19::single::audio::16,Positive,0.0108206365,0.18710606,0.8020733,0.99420226
19::single::audio::17,Positive,0.010835168,0.18714768,0.8020171,0.99420226
19::single::audio::18,Positive,0.010836692,0.18720613,0.8019571,0.99333286
19::single::audio::19,Positive,0.010825691,0.18724737,0.8019269,0.99333286
19::single::audio::20,Positive,0.01082403,0.18722808,0.80194783,0.99333286
19::single::audio::21,Positive,0.010816278,0.18723942,0.8019443,0.99246323
19::single::audio::22,Positive,0.010847554,0.18736768,0.8017847,0.9907235
19::single::audio::23,Positive,0.010841893,0.1873084,0.80184966,0.99246323
19::single::audio::24,Positive,0.010845735,0.18744223,0.801712,0.9907235
19::single::audio::25,Positive,0.010841902,0.1874474,0.8017106,0.99159354
19::single::audio::26,Positive,0.010847976,0.18743198,0.80172,0.9907235
19::single::audio::27,Positive,0.010867117,0.18746762,0.80166525,0.9907235
19::single::audio::28,Positive,0.010829778,0.18724659,0.8019235,0.99333286
19::single::audio::29,Positive,0.010810179,0.18713164,0.80205816,0.99333286
19::single::audio::30,Positive,0.010814649,0.18719208,0.8019932,0.99246323
19::single::audio::31,Positive,0.010819599,0.18727799,0.8019024,0.99246323
19::single::audio::32,Positive,0.010815515,0.18727875,0.80190575,0.99246323
19::single::audio::33,Positive,0.010815515,0.18727875,0.80190575,0.99246323
19::single::audio::34,Positive,0.0108134765,0.18727913,0.8019074,0.99246323
19::single::audio::35,Positive,0.010815896,0.18725908,0.80192506,0.99246323
19::single::audio::36,Positive,0.010850457,0.18761879,0.8015307,0.9898533
19::single::audio::37,Positive,0.010825336,0.18748863,0.801686,0.9907235
19::single::audio::38,Positive,0.010843809,0.18754105,0.8016151,0.9907235
19::single::audio::39,Positive,0.010839343,0.18736923,0.80179137,0.99159354
19::single::audio::40,Positive,0.01081427,0.1872117,0.801974,0.99246323
19::single::audio::41,Positive,0.010829657,0.1874793,0.80169094,0.9907235
19::single::audio::42,Positive,0.010811304,0.18718165,0.8020071,0.99246323
19::single::audio::43,Positive,0.010818906,0.1871815,0.8019995,0.99246323
19::single::audio::44,Positive,0.010813486,0.18681563,0.8023708,0.99420226
19::single::vision::0,Positive,0.010848171,0.18733951,0.80181223,0.9907235
19::single::vision::1,Positive,0.010824254,0.18720698,0.8019687,0.9907235
19::single::vision::2,Positive,0.010826289,0.1872066,0.801967,0.9907235
19::single::vision::3,Positive,0.01083883,0.18729086,0.8018702,0.99159354
19::single::vision::4,Positive,0.010830454,0.18733037,0.8018391,0.99159354
19::single::vision::5,Positive,0.010833398,0.1873887,0.80177784,0.99159354
19::single::vision::6,Positive,0.01084139,0.18750665,0.80165184,0.9898533
19::single::vision::7,Positive,0.010848223,0.1875461,0.8016056,0.9898533
19::single::vision::8,Positive,0.010863589,0.18754984,0.80158645,0.98898304
19::single::vision::9,Positive,0.010863201,0.18756963,0.801567,0.98811245
19::single::vision::10,Positive,0.010863201,0.18756963,0.801567,0.98898304
19::single::vision::11,Positive,0.010859285,0.18756053,0.8015801,0.98898304
19::single::vision::12,Positive,0.010855965,0.18755,0.80159396,0.98898304
19::single::vision::13,Positive,0.010883493,0.18764444,0.801472,0.9863709
19::single::vision::14,Positive,0.010881586,0.18763351,0.8014848,0.98724174
19::single::vision::15,Positive,0.010862508,0.187612,0.8015255,0.98724174
19::single::vision::16,Positive,0.010877274,0.1876442,0.8014784,0.98724174
19::single::vision::17,Positive,0.01087708,0.18765411,0.80146873,0.98724174
19::single::vision::18,Positive,0.010863048,0.18758091,0.80155593,0.98724174
19::single::vision::19,Positive,0.010885711,0.18763274,0.8014815,0.98724174
19::single::vision::20,Positive,0.010885711,0.18763274,0.8014815,0.98724174
19::single::vision::21,Positive,0.010885711,0.18763274,0.8014815,0.9863709
19::single::vision::22,Positive,0.010848849,0.18751773,0.8016334,0.98898304
19::single::vision::23,Positive,0.010840431,0.18741815,0.8017413,0.99159354
19::single::vision::24,Positive,0.010836151,0.18745704,0.80170673,0.99159354
19::single::vision::25,Positive,0.010833014,0.18740843,0.80175847,0.99159354
19::single::vision::26,Positive,0.010818504,0.18736659,0.8018149,0.99159354
19::single::vision::27,Positive,0.0108137205,0.18716168,0.80202466,0.99333286
19::single::vision::28,Positive,0.010819292,0.18714935,0.8020313,0.9907235
19::single::vision::29,Positive,0.010822527,0.18721436,0.80196303,0.99159354
19::single::vision::30,Positive,0.010831036,0.18727273,0.80189615,0.99246323
19::single::vision::31,Positive,0.010829757,0.18723384,0.8019363,0.99159354
19::single::vision::32,Positive,0.010829757,0.18723384,0.8019363,0.99159354
19::single::vision::33,Positive,0.010829567,0.18724366,0.80192673,0.99159354
19::single::vision::34,Positive,0.010829567,0.18724366,0.80192673,0.99159354
19::single::vision::35,Positive,0.010829757,0.18723384,0.8019363,0.99159354
19::single::vision::36,Positive,0.010833115,0.18727376,0.80189306,0.99159354
19::single::vision::37,Positive,0.010833458,0.1872527,0.80191374,0.99159354
19::single::vision::38,Positive,0.010829757,0.18723384,0.8019363,0.99159354
19::single::vision::39,Positive,0.010829224,0.1872647,0.801906,0.99159354
19::single::vision::40,Positive,0.010832924,0.18728358,0.80188346,0.9907235
19::single::vision::41,Positive,0.010829605,0.18724507,0.80192524,0.9907235
19::single::vision::42,Positive,0.010832313,0.18731168,0.8018559,0.99159354
19::single::vision::43,Positive,0.010832313,0.18731168,0.8018559,0.99159354
19::single::vision::44,Positive,0.010844061,0.18734029,0.80181557,0.9907235
