id,predicted_label,negative_probability,neutral_probability,positive_probability,predicted_intensity
0::single::text::0,Positive,0.030286014,0.20549986,0.76421416,0.5959729
0::single::text::1,Positive,0.030286014,0.20549986,0.76421416,0.5959729
0::single::text::2,Positive,0.03721556,0.18993533,0.7728491,0.62125474
0::single::text::3,Positive,0.033720445,0.1790556,0.787224,0.6473758
0::single::text::4,Positive,0.028213773,0.18983158,0.78195465,0.6044102
0::single::text::5,Positive,0.036531087,0.20841457,0.7550544,0.5531701
0::single::text::6,Positive,0.037688628,0.24249563,0.7198156,0.4873432
0::single::text::7,Positive,0.03799008,0.18355602,0.7784539,0.6193851
0::single::text::8,Positive,0.037588246,0.17827934,0.7841324,0.6464447
0::single::text::9,Positive,0.037588246,0.17827934,0.7841324,0.6464447
0::single::text::10,Positive,0.03479269,0.17000173,0.7952056,0.6441162
0::single::text::11,Positive,0.039875645,0.23080704,0.7293174,0.50538987
0::single::text::12,Positive,0.038908165,0.26722905,0.69386286,0.43681464
0::single::text::13,Positive,0.044048626,0.23384014,0.7221112,0.50681305
0::single::text::14,Positive,0.03642108,0.25646782,0.7071111,0.47949576
0::single::text::15,Positive,0.036737688,0.207893,0.7553693,0.5720144
0::single::text::16,Positive,0.0403426,0.19951536,0.7601421,0.59831756
0::single::text::17,Positive,0.0403426,0.19951536,0.7601421,0.59831756
0::single::text::18,Positive,0.03725209,0.19132191,0.77142596,0.59081197
0::single::text::19,Positive,0.0463853,0.23149738,0.7221173,0.48472816
0::single::text::20,Positive,0.035521254,0.16502388,0.7994548,0.6923765
0::single::text::21,Positive,0.046120625,0.1947019,0.75917745,0.6034732
0::single::text::22,Positive,0.039097305,0.1759294,0.78497326,0.6645784
0::single::text::23,Positive,0.04060359,0.18423393,0.77516246,0.6231238
0::single::audio::0,Positive,0.039298058,0.179664,0.7810379,0.6450477
0::single::audio::1,Positive,0.04431221,0.17270085,0.7829869,0.64830685
0::single::audio::2,Positive,0.039690506,0.18721172,0.77309775,0.63572705
0::single::audio::3,Positive,0.041112054,0.19425866,0.76462924,0.62125474
0::single::audio::4,Positive,0.038864687,0.18774496,0.7733904,0.63152856
0::single::audio::5,Positive,0.035837103,0.17766465,0.7864983,0.64970315
0::single::audio::6,Positive,0.0379198,0.188019,0.77406114,0.6324618
0::single::audio::7,Positive,0.035552163,0.20178695,0.7626609,0.6151766
0::single::audio::8,Positive,0.035962563,0.19283427,0.77120316,0.62686056
0::single::audio::9,Positive,0.03616414,0.18315431,0.7806815,0.639923
0::single::audio::10,Positive,0.037082613,0.17539544,0.78752196,0.65156436
0::single::audio::11,Positive,0.03606916,0.16737713,0.79655373,0.66550696
0::single::audio::12,Positive,0.036331315,0.16915846,0.79451025,0.66225636
0::single::audio::13,Positive,0.0369421,0.1721262,0.7909317,0.6557503
0::single::audio::14,Positive,0.037498377,0.17390838,0.78859323,0.6506338
0::single::audio::15,Positive,0.038577218,0.1722699,0.78915286,0.6543553
0::single::audio::16,Positive,0.037915427,0.17226197,0.7898226,0.6534251
0::single::audio::17,Positive,0.0372437,0.17135692,0.79139936,0.65714496
0::single::audio::18,Positive,0.03793045,0.17647293,0.7855966,0.65109915
0::single::audio::19,Positive,0.03716967,0.17300218,0.7898282,0.6548203
0::single::audio::20,Positive,0.037813276,0.17831749,0.78386927,0.64597905
0::single::audio::21,Positive,0.037591845,0.17675455,0.7856536,0.64877224
0::single::audio::22,Positive,0.038373556,0.17669508,0.78493136,0.64923775
0::single::audio::23,Positive,0.038961206,0.17849755,0.7825412,0.6473758
0::single::vision::0,Positive,0.038888182,0.18412843,0.77698344,0.6375922
0::single::vision::1,Positive,0.037905607,0.1807062,0.7813883,0.641321
0::single::vision::2,Positive,0.03737791,0.17744747,0.7851746,0.64784133
0::single::vision::3,Positive,0.03668516,0.17538962,0.78792524,0.6501685
0::single::vision::4,Positive,0.036996152,0.1767658,0.7862381,0.6464447
0::single::vision::5,Positive,0.036769647,0.17489949,0.7883308,0.65389025
0::single::vision::6,Positive,0.037691902,0.18030737,0.78200066,0.6441162
0::single::vision::7,Positive,0.038109664,0.18239748,0.7794928,0.63899076
0::single::vision::8,Positive,0.03810832,0.18234375,0.7795479,0.63945687
0::single::vision::9,Positive,0.03798944,0.18086131,0.7811492,0.64178693
0::single::vision::10,Positive,0.037687387,0.17937772,0.7829349,0.6450477
0::single::vision::11,Positive,0.037593395,0.17904603,0.7833606,0.6455134
0::single::vision::12,Positive,0.037662588,0.1792689,0.78306854,0.6450477
0::single::vision::13,Positive,0.037525352,0.1789111,0.78356355,0.6455134
0::single::vision::14,Positive,0.037652466,0.17928636,0.78306115,0.6450477
0::single::vision::15,Positive,0.03821132,0.18163054,0.7801581,0.639923
0::single::vision::16,Positive,0.037907712,0.18061537,0.78147686,0.64271873
0::single::vision::17,Positive,0.037696265,0.17829423,0.7840096,0.6469103
0::single::vision::18,Positive,0.037404977,0.17718166,0.7854134,0.64923775
0::single::vision::19,Positive,0.03734354,0.17675225,0.78590417,0.6501685
0::single::vision::20,Positive,0.03762739,0.17816049,0.7842121,0.6469103
0::single::vision::21,Positive,0.03761646,0.1783925,0.78399104,0.6464447
0::single::vision::22,Positive,0.03725016,0.17733623,0.78541356,0.64830685
0::single::vision::23,Positive,0.038923863,0.18405153,0.7770246,0.6380584
1::single::text::0,Positive,0.12785712,0.28656113,0.5855817,0.4649722
1::single::text::1,Positive,0.12785712,0.28656113,0.5855817,0.4649722
1::single::text::2,Positive,0.0815248,0.30889755,0.60957766,0.52955115
1::single::text::3,Positive,0.06410921,0.20303923,0.73285156,0.75217104
1::single::text::4,Positive,0.06410921,0.20303923,0.73285156,0.75217104
1::single::text::5,Positive,0.067051016,0.23513529,0.6978137,0.64923775
1::single::text::6,Positive,0.07744133,0.24373534,0.6788233,0.6100295
1::single::text::7,Positive,0.07744133,0.24373534,0.6788233,0.6100295
1::single::text::8,Positive,0.08791688,0.32299465,0.58908844,0.4949463
1::single::text::9,Positive,0.09014313,0.32458162,0.5852753,0.4733082
1::single::text::10,Positive,0.09014313,0.32458162,0.5852753,0.4733082
1::single::text::11,Positive,0.15958257,0.3224523,0.5179651,0.3672889
1::single::text::12,Positive,0.086340785,0.21143574,0.70222354,0.6900647
1::single::text::13,Positive,0.086340785,0.21143574,0.70222354,0.6900647
1::single::text::14,Neutral,0.14781825,0.5643351,0.28784665,0.16195178
1::single::text::15,Positive,0.07411309,0.18407962,0.7418072,0.74850917
1::single::text::16,Positive,0.07411309,0.18407962,0.7418072,0.74850917
1::single::text::17,Positive,0.060776215,0.2620434,0.67718035,0.61891764
1::single::text::18,Positive,0.053413846,0.17357017,0.773016,0.8072599
1::single::text::19,Positive,0.053413846,0.17357017,0.773016,0.8072599
1::single::text::20,Positive,0.053477373,0.16337562,0.783147,0.830307
1::single::audio::0,Positive,0.082014024,0.1810144,0.7369716,0.75217104
1::single::audio::1,Positive,0.0798975,0.19996653,0.7201359,0.7251091
1::single::audio::2,Positive,0.07929133,0.18734965,0.73335904,0.7443867
1::single::audio::3,Positive,0.077286966,0.18501058,0.7377025,0.7507981
1::single::audio::4,Positive,0.074876204,0.18308882,0.74203503,0.75308615
1::single::audio::5,Positive,0.075364254,0.18622902,0.7384067,0.75034046
1::single::audio::6,Positive,0.074806355,0.1785345,0.74665916,0.7604015
1::single::audio::7,Positive,0.080821685,0.19224797,0.7269303,0.73613274
1::single::audio::8,Positive,0.07950617,0.18974365,0.73075014,0.7402612
1::single::audio::9,Positive,0.07960118,0.189277,0.7311218,0.7411783
1::single::audio::10,Positive,0.078859136,0.19076812,0.7303728,0.7393441
1::single::audio::11,Positive,0.0781939,0.18114823,0.7406578,0.7599447
1::single::audio::12,Positive,0.07205517,0.17232803,0.7556168,0.7786476
1::single::audio::13,Positive,0.07852381,0.1889754,0.7325008,0.7425536
1::single::audio::14,Positive,0.077086344,0.18700463,0.7359091,0.74759334
1::single::audio::15,Positive,0.07817724,0.18702826,0.73479456,0.74392843
1::single::audio::16,Positive,0.078433014,0.18820181,0.7333651,0.7420952
1::single::audio::17,Positive,0.07875736,0.18785387,0.7333888,0.7425536
1::single::audio::18,Positive,0.07811671,0.18525745,0.7366258,0.74759334
1::single::audio::19,Positive,0.07790439,0.18617675,0.7359189,0.74667734
1::single::audio::20,Positive,0.08266164,0.18240316,0.73493516,0.75034046
1::single::vision::0,Positive,0.08266729,0.1917789,0.7255538,0.73291975
1::single::vision::1,Positive,0.07642636,0.18471622,0.7388574,0.75262856
1::single::vision::2,Positive,0.07770994,0.1877887,0.73450136,0.74621934
1::single::vision::3,Positive,0.07796122,0.18826915,0.73376966,0.7453031
1::single::vision::4,Positive,0.07731565,0.18679146,0.73589283,0.74759334
1::single::vision::5,Positive,0.07758506,0.18707457,0.73534036,0.7471353
1::single::vision::6,Positive,0.0775562,0.18691306,0.73553073,0.7471353
1::single::vision::7,Positive,0.07712982,0.18648382,0.7363863,0.7480513
1::single::vision::8,Positive,0.07725161,0.18663482,0.73611355,0.7480513
1::single::vision::9,Positive,0.07723911,0.18664265,0.7361183,0.7480513
1::single::vision::10,Positive,0.077128254,0.1864998,0.736372,0.7480513
1::single::vision::11,Positive,0.07741596,0.1867074,0.7358767,0.7471353
1::single::vision::12,Positive,0.07708459,0.18636861,0.73654675,0.7480513
1::single::vision::13,Positive,0.077137604,0.18652397,0.73633844,0.7480513
1::single::vision::14,Positive,0.07707997,0.18629655,0.7366235,0.74850917
1::single::vision::15,Positive,0.07779875,0.18724112,0.73496014,0.74621934
1::single::vision::16,Positive,0.07769828,0.18710634,0.7351954,0.74667734
1::single::vision::17,Positive,0.07770775,0.187127,0.73516524,0.74621934
1::single::vision::18,Positive,0.07720793,0.18650004,0.736292,0.74759334
1::single::vision::19,Positive,0.077072494,0.18709451,0.7358329,0.74759334
1::single::vision::20,Positive,0.08307838,0.1925444,0.7243772,0.73200136
2::single::text::0,Negative,0.9341159,0.03316648,0.032717608,-0.94259083
2::single::text::1,Negative,0.9341159,0.03316648,0.032717608,-0.94259083
2::single::text::2,Negative,0.8778633,0.06832664,0.05381004,-0.64597905
2::single::text::3,Negative,0.89977205,0.05358664,0.046641253,-0.72189
2::single::text::4,Negative,0.89977205,0.05358664,0.046641253,-0.72189
2::single::text::5,Negative,0.9304104,0.035591397,0.03399817,-0.9165485
2::single::text::6,Negative,0.9264168,0.038721226,0.0348619,-0.8684832
2::single::text::7,Negative,0.86513174,0.07378949,0.061078712,-0.5922198
2::single::text::8,Negative,0.86513174,0.07378949,0.061078712,-0.5922198
2::single::text::9,Negative,0.9002969,0.050431773,0.04927135,-0.7071513
2::single::text::10,Negative,0.8760726,0.066533156,0.057394303,-0.6445819
2::single::text::11,Negative,0.8760726,0.066533156,0.057394303,-0.6445819
2::single::text::12,Negative,0.812865,0.10519761,0.08193741,-0.45925185
2::single::text::13,Negative,0.8297272,0.09077392,0.079498924,-0.4752125
2::single::text::14,Negative,0.837656,0.08884643,0.073497586,-0.48995745
2::single::text::15,Negative,0.837656,0.08884643,0.073497586,-0.48995745
2::single::text::16,Negative,0.8536613,0.081770934,0.06456776,-0.54373085
2::single::text::17,Negative,0.8972912,0.053271584,0.049437225,-0.7103785
2::single::text::18,Negative,0.8972912,0.053271584,0.049437225,-0.7103785
2::single::text::19,Positive,0.19823529,0.28556278,0.5162019,0.28671986
2::single::text::20,Negative,0.6267314,0.19810176,0.17516688,-0.13041094
2::single::text::21,Negative,0.93846035,0.03126741,0.030272238,-0.970663
2::single::text::22,Negative,0.93846035,0.03126741,0.030272238,-0.970663
2::single::text::23,Negative,0.93691313,0.03186096,0.031225823,-0.95270073
2::single::text::24,Negative,0.84008193,0.08450067,0.07541731,-0.465687
2::single::text::25,Negative,0.84008193,0.08450067,0.07541731,-0.465687
2::single::text::26,Negative,0.88919723,0.057636794,0.053165976,-0.6594689
2::single::text::27,Negative,0.94830686,0.025690509,0.0260026,-1.056299
2::single::text::28,Negative,0.93471545,0.033075236,0.032209337,-0.9355439
2::single::text::29,Negative,0.93471545,0.033075236,0.032209337,-0.9355439
2::single::text::30,Negative,0.9462464,0.027314615,0.026439037,-1.0279615
2::single::text::31,Negative,0.93430966,0.03462007,0.031070221,-0.9386283
2::single::text::32,Negative,0.93430966,0.03462007,0.031070221,-0.9386283
2::single::text::33,Negative,0.9294697,0.036523454,0.034006853,-0.882777
2::single::text::34,Negative,0.93365157,0.034807827,0.031540558,-0.9094595
2::single::audio::0,Negative,0.9293978,0.0358406,0.034761578,-0.88678926
2::single::audio::1,Negative,0.9273207,0.03696697,0.03571231,-0.8751888
2::single::audio::2,Negative,0.9267858,0.037333265,0.035880886,-0.8734015
2::single::audio::3,Negative,0.92632747,0.037438575,0.03623401,-0.8698251
2::single::audio::4,Negative,0.9301975,0.0369579,0.032844625,-0.8934687
2::single::audio::5,Negative,0.9287604,0.03680353,0.034436066,-0.8863436
2::single::audio::6,Negative,0.9287751,0.036788188,0.034436654,-0.88723487
2::single::audio::7,Negative,0.9272034,0.036971286,0.03582525,-0.87652886
2::single::audio::8,Negative,0.92468756,0.039117746,0.036194656,-0.8675883
2::single::audio::9,Negative,0.92645806,0.03721323,0.03632872,-0.87206066
2::single::audio::10,Negative,0.9285246,0.03594059,0.0355349,-0.882777
2::single::audio::11,Negative,0.9270996,0.037193403,0.035707027,-0.87429523
2::single::audio::12,Negative,0.9218906,0.039212216,0.03889717,-0.8501061
2::single::audio::13,Negative,0.9278767,0.036657974,0.03546527,-0.8792076
2::single::audio::14,Negative,0.92895895,0.03599693,0.035044152,-0.8845606
2::single::audio::15,Negative,0.9283992,0.037278213,0.034322515,-0.88143873
2::single::audio::16,Negative,0.9273609,0.037869886,0.034769222,-0.8751888
2::single::audio::17,Negative,0.9336026,0.033663746,0.03273371,-0.91167605
2::single::audio::18,Negative,0.927179,0.03684616,0.03597481,-0.8756355
2::single::audio::19,Negative,0.92710966,0.03686329,0.036027044,-0.87474203
2::single::audio::20,Negative,0.9271339,0.03682055,0.036045518,-0.87474203
2::single::audio::21,Negative,0.9276612,0.036367774,0.03597103,-0.87742186
2::single::audio::22,Negative,0.9262817,0.036853064,0.03686532,-0.8684832
2::single::audio::23,Negative,0.92631805,0.037057124,0.036624838,-0.86937773
2::single::audio::24,Negative,0.9263318,0.037078053,0.036590125,-0.8702722
2::single::audio::25,Negative,0.92418784,0.038424507,0.037387665,-0.85728604
2::single::audio::26,Negative,0.924602,0.038159166,0.03723881,-0.86042386
2::single::audio::27,Negative,0.9271703,0.036938176,0.035891563,-0.87474203
2::single::audio::28,Negative,0.92805517,0.03659782,0.035347026,-0.87831485
2::single::audio::29,Negative,0.9290536,0.036094137,0.034852255,-0.8845606
2::single::audio::30,Negative,0.9263805,0.037642892,0.035976607,-0.86893046
2::single::audio::31,Negative,0.92561567,0.038202684,0.03618168,-0.86624575
2::single::audio::32,Negative,0.9270834,0.037295405,0.035621244,-0.8716136
2::single::audio::33,Negative,0.9261726,0.03775543,0.03607199,-0.86579823
2::single::audio::34,Negative,0.9287113,0.036289543,0.034999162,-0.883223
2::single::vision::0,Negative,0.9283364,0.036478925,0.035184745,-0.88188493
2::single::vision::1,Negative,0.9282998,0.036584415,0.035115775,-0.88143873
2::single::vision::2,Negative,0.9283442,0.036570355,0.035085443,-0.88143873
2::single::vision::3,Negative,0.92832017,0.036565393,0.035114355,-0.88143873
2::single::vision::4,Negative,0.92816436,0.036626562,0.035209063,-0.88054645
2::single::vision::5,Negative,0.9281008,0.03668368,0.035215452,-0.8801002
2::single::vision::6,Negative,0.9281454,0.036669593,0.035185035,-0.8801002
2::single::vision::7,Negative,0.9281123,0.036600895,0.03528682,-0.88054645
2::single::vision::8,Negative,0.9277092,0.036672562,0.0356182,-0.88054645
2::single::vision::9,Negative,0.9276803,0.036707126,0.035612576,-0.8792076
2::single::vision::10,Negative,0.92797357,0.03671043,0.035315964,-0.8796539
2::single::vision::11,Negative,0.92791396,0.03669224,0.03539379,-0.8792076
2::single::vision::12,Negative,0.927513,0.036772102,0.035714943,-0.87876123
2::single::vision::13,Negative,0.925594,0.037508897,0.036897194,-0.8716136
2::single::vision::14,Negative,0.92643833,0.037166096,0.03639549,-0.87429523
2::single::vision::15,Negative,0.9276536,0.036820963,0.035525408,-0.87742186
2::single::vision::16,Negative,0.9276337,0.036828227,0.035538033,-0.8769753
2::single::vision::17,Negative,0.9277949,0.036739014,0.035466086,-0.8778684
2::single::vision::18,Negative,0.92754924,0.03684892,0.035601806,-0.8760822
2::single::vision::19,Negative,0.92754716,0.036848873,0.035603948,-0.8760822
2::single::vision::20,Negative,0.9275641,0.036833502,0.035602417,-0.8760822
2::single::vision::21,Negative,0.9273314,0.036892176,0.03577637,-0.8756355
2::single::vision::22,Negative,0.9266405,0.037262153,0.03609731,-0.8725077
2::single::vision::23,Negative,0.9271526,0.03694503,0.0359024,-0.8751888
2::single::vision::24,Negative,0.9273404,0.036780793,0.035878792,-0.8769753
2::single::vision::25,Negative,0.9270067,0.037236545,0.03575668,-0.8778684
2::single::vision::26,Negative,0.9273732,0.037090246,0.035536647,-0.8792076
2::single::vision::27,Negative,0.9271816,0.037042405,0.03577601,-0.8756355
2::single::vision::28,Negative,0.927145,0.037112925,0.035742078,-0.87429523
2::single::vision::29,Negative,0.9269096,0.03723253,0.035857752,-0.8729546
2::single::vision::30,Negative,0.9273946,0.036946982,0.03565833,-0.87652886
2::single::vision::31,Negative,0.92697453,0.03709058,0.03593474,-0.8760822
2::single::vision::32,Negative,0.9271996,0.037067913,0.035732508,-0.87831485
2::single::vision::33,Negative,0.92738545,0.03700728,0.03560723,-0.8796539
2::single::vision::34,Negative,0.9285214,0.036371935,0.03510658,-0.882331
3::single::text::0,Positive,0.24220583,0.08303467,0.6747595,0.64784133
3::single::text::1,Positive,0.24220583,0.08303467,0.6747595,0.64784133
3::single::text::2,Positive,0.18426135,0.083212085,0.7325266,0.6928388
3::single::text::3,Positive,0.092633896,0.083196774,0.82416934,0.8316595
3::single::text::4,Positive,0.092633896,0.083196774,0.82416934,0.8316595
3::single::text::5,Positive,0.1743825,0.08427337,0.7413442,0.7223499
3::single::text::6,Positive,0.14621031,0.07176852,0.7820211,0.8527999
3::single::text::7,Positive,0.3090411,0.07786579,0.61309314,0.5800091
3::single::text::8,Positive,0.3090411,0.07786579,0.61309314,0.5800091
3::single::text::9,Positive,0.30594233,0.07899781,0.61505985,0.5847079
3::single::text::10,Positive,0.22574809,0.07513404,0.6991179,0.7195894
3::single::text::11,Positive,0.22574809,0.07513404,0.6991179,0.7195894
3::single::text::12,Positive,0.24751295,0.070884675,0.6816024,0.68960226
3::single::text::13,Positive,0.15304968,0.06871041,0.77823997,0.8393165
3::single::text::14,Positive,0.16735148,0.0943712,0.7382773,0.6352607
3::single::text::15,Positive,0.16735148,0.0943712,0.7382773,0.6352607
3::single::text::16,Positive,0.16741526,0.07731163,0.7552731,0.7954705
3::single::text::17,Positive,0.1519365,0.077534795,0.77052873,0.80272865
3::single::text::18,Positive,0.1519365,0.077534795,0.77052873,0.80272865
3::single::text::19,Positive,0.22927245,0.078775845,0.6919517,0.6988449
3::single::text::20,Positive,0.31603062,0.08151459,0.6024547,0.54042447
3::single::text::21,Positive,0.23626444,0.08035849,0.6833771,0.6343279
3::single::text::22,Positive,0.23626444,0.08035849,0.6833771,0.6343279
3::single::text::23,Positive,0.39529622,0.0755714,0.52913237,0.32995862
3::single::text::24,Positive,0.4415996,0.08234273,0.47605768,0.25645265
3::single::text::25,Positive,0.4415996,0.08234273,0.47605768,0.25645265
3::single::text::26,Positive,0.26305354,0.09160692,0.6453396,0.50016963
3::single::text::27,Negative,0.4880705,0.0821334,0.42979616,0.19211954
3::single::audio::0,Positive,0.24044652,0.07873466,0.68081886,0.6872894
3::single::audio::1,Positive,0.25884217,0.07782723,0.6633306,0.6645784
3::single::audio::2,Positive,0.24375707,0.07728366,0.6789593,0.6872894
3::single::audio::3,Positive,0.23766151,0.077816375,0.68452215,0.6905271
3::single::audio::4,Positive,0.24499908,0.0782331,0.67676777,0.68127203
3::single::audio::5,Positive,0.24454631,0.0781126,0.67734104,0.68219817
3::single::audio::6,Positive,0.2360898,0.07703601,0.6868742,0.6942253
3::single::audio::7,Positive,0.23758887,0.07671259,0.6856985,0.6928388
3::single::audio::8,Positive,0.24140716,0.079499274,0.6790936,0.67941934
3::single::audio::9,Positive,0.24396978,0.07951846,0.67651176,0.6766393
3::single::audio::10,Positive,0.25256276,0.08008719,0.66735005,0.66318524
3::single::audio::11,Positive,0.24308532,0.0794191,0.6774956,0.6849757
3::single::audio::12,Positive,0.24650323,0.082099535,0.6713972,0.67061174
3::single::audio::13,Positive,0.2536497,0.0834109,0.66293937,0.6566801
3::single::audio::14,Positive,0.2468692,0.07855417,0.67457664,0.6798825
3::single::audio::15,Positive,0.24366787,0.07844239,0.67788976,0.6849757
3::single::audio::16,Positive,0.24511193,0.07869382,0.6761942,0.68127203
3::single::audio::17,Positive,0.24917665,0.07858615,0.67223716,0.67617583
3::single::audio::18,Positive,0.2507307,0.07854102,0.67072827,0.67385805
3::single::audio::19,Positive,0.24490732,0.07801682,0.67707586,0.6817351
3::single::audio::20,Positive,0.2460543,0.078113735,0.6758319,0.68127203
3::single::audio::21,Positive,0.24150643,0.07692831,0.68156517,0.68821466
3::single::audio::22,Positive,0.24087597,0.07644539,0.6826787,0.68867725
3::single::audio::23,Positive,0.24006124,0.07652345,0.68341535,0.6891397
3::single::audio::24,Positive,0.25068456,0.07711834,0.6721971,0.6752488
3::single::audio::25,Positive,0.25251648,0.07836707,0.6691165,0.6710756
3::single::audio::26,Positive,0.2661028,0.08182643,0.65207076,0.6455134
3::single::audio::27,Positive,0.24093613,0.0791545,0.67990935,0.68590134
3::single::vision::0,Positive,0.25092888,0.07820866,0.67086244,0.6766393
3::single::vision::1,Positive,0.2609212,0.07756003,0.6615187,0.6701478
3::single::vision::2,Positive,0.24834257,0.07741724,0.6742402,0.686364
3::single::vision::3,Positive,0.24627769,0.07748318,0.67623913,0.6854385
3::single::vision::4,Positive,0.24650955,0.077747524,0.6757429,0.6849757
3::single::vision::5,Positive,0.24664184,0.078792036,0.6745661,0.6789561
3::single::vision::6,Positive,0.24623707,0.078533314,0.67522967,0.67941934
3::single::vision::7,Positive,0.24828033,0.07896654,0.6727531,0.67293066
3::single::vision::8,Positive,0.2485173,0.07922949,0.67225313,0.67385805
3::single::vision::9,Positive,0.24898714,0.0791952,0.6718177,0.67385805
3::single::vision::10,Positive,0.24556425,0.0790095,0.6754263,0.6789561
3::single::vision::11,Positive,0.24631302,0.07855971,0.67512727,0.6780294
3::single::vision::12,Positive,0.24607413,0.07866146,0.67526436,0.6775662
3::single::vision::13,Positive,0.24627733,0.07881788,0.67490476,0.6766393
3::single::vision::14,Positive,0.24506108,0.07859954,0.6763393,0.67941934
3::single::vision::15,Positive,0.24293494,0.07858636,0.6784788,0.6835871
3::single::vision::16,Positive,0.2480317,0.078483716,0.67348456,0.6798825
3::single::vision::17,Positive,0.24727757,0.078394674,0.67432773,0.6808089
3::single::vision::18,Positive,0.24665216,0.078322895,0.675025,0.68127203
3::single::vision::19,Positive,0.24903724,0.07819237,0.67277044,0.6789561
3::single::vision::20,Positive,0.24864823,0.07824957,0.6731022,0.6789561
3::single::vision::21,Positive,0.2512096,0.07806506,0.67072535,0.6752488
3::single::vision::22,Positive,0.25126758,0.07805064,0.6706818,0.6752488
3::single::vision::23,Positive,0.25098777,0.077971384,0.67104083,0.67571235
3::single::vision::24,Positive,0.25165462,0.078009516,0.6703358,0.67571235
3::single::vision::25,Positive,0.25019488,0.07827224,0.67153287,0.6775662
3::single::vision::26,Positive,0.2511391,0.07882903,0.67003185,0.67385805
3::single::vision::27,Positive,0.24897942,0.0784507,0.6725698,0.6775662
4::single::text::0,Positive,0.00978352,0.1438588,0.84635776,0.93201596
4::single::text::1,Positive,0.00978352,0.1438588,0.84635776,0.93201596
4::single::text::2,Positive,0.008411287,0.12807235,0.86351633,0.96978855
4::single::text::3,Positive,0.008411287,0.12807235,0.86351633,0.96978855
4::single::text::4,Positive,0.00829641,0.115016714,0.8766869,1.0072207
4::single::text::5,Positive,0.007955877,0.10800461,0.8840396,1.0528754
4::single::text::6,Positive,0.007955877,0.10800461,0.8840396,1.0528754
4::single::text::7,Positive,0.008495313,0.13261993,0.85888475,0.9802693
4::single::text::8,Positive,0.009010864,0.11239465,0.8785945,1.0793254
4::single::text::9,Positive,0.009010864,0.11239465,0.8785945,1.0793254
4::single::text::10,Positive,0.008181908,0.09965177,0.89216626,1.119061
4::single::text::11,Positive,0.008429218,0.11053695,0.88103384,1.0835737
4::single::text::12,Positive,0.008429218,0.11053695,0.88103384,1.0835737
4::single::text::13,Positive,0.008580328,0.10370621,0.88771343,1.0971347
4::single::text::14,Positive,0.008464589,0.10108371,0.89045167,1.1030514
4::single::text::15,Positive,0.008464589,0.10108371,0.89045167,1.1030514
4::single::text::16,Positive,0.008688498,0.11392965,0.8773818,1.0503056
4::single::audio::0,Positive,0.008965473,0.10169656,0.8893379,1.112329
4::single::audio::1,Positive,0.008481343,0.09106642,0.90045226,1.133323
4::single::audio::2,Positive,0.00852245,0.09279814,0.8986794,1.1291344
4::single::audio::3,Positive,0.008334036,0.08905013,0.9026158,1.1441891
4::single::audio::4,Positive,0.0086899875,0.10104184,0.89026815,1.108115
4::single::audio::5,Positive,0.008672923,0.103764206,0.8875629,1.0988262
4::single::audio::6,Positive,0.008658748,0.1057888,0.8855524,1.0945959
4::single::audio::7,Positive,0.008636432,0.10463652,0.88672704,1.0979805
4::single::audio::8,Positive,0.00868511,0.10198799,0.8893269,1.1022067
4::single::audio::9,Positive,0.008671987,0.10245515,0.8888729,1.1030514
4::single::audio::10,Positive,0.008666864,0.102747984,0.8885852,1.1022067
4::single::audio::11,Positive,0.0086546205,0.09893072,0.8924147,1.1131713
4::single::audio::12,Positive,0.008644486,0.104945526,0.88641006,1.0988262
4::single::audio::13,Positive,0.008597988,0.098216906,0.8931851,1.116538
4::single::audio::14,Positive,0.008646325,0.10327764,0.888076,1.1022067
4::single::audio::15,Positive,0.008623926,0.10432732,0.8870488,1.0979805
4::single::audio::16,Positive,0.008979828,0.104818344,0.88620174,1.1022067
4::single::vision::0,Positive,0.008765106,0.10401537,0.8872195,1.1005168
4::single::vision::1,Positive,0.008733787,0.10642767,0.8848386,1.0869688
4::single::vision::2,Positive,0.008712794,0.105564184,0.885723,1.0920553
4::single::vision::3,Positive,0.008730284,0.10550202,0.88576764,1.0912081
4::single::vision::4,Positive,0.008730027,0.10552381,0.8857461,1.0912081
4::single::vision::5,Positive,0.008711416,0.105714455,0.88557416,1.0903606
4::single::vision::6,Positive,0.00869537,0.10541013,0.88589454,1.0929024
4::single::vision::7,Positive,0.008695038,0.10544698,0.885858,1.0929024
4::single::vision::8,Positive,0.008667277,0.10530284,0.8860298,1.0937493
4::single::vision::9,Positive,0.008585449,0.102607735,0.8888068,1.1055841
4::single::vision::10,Positive,0.0085855,0.10260274,0.88881177,1.1055841
4::single::vision::11,Positive,0.0085477205,0.1013402,0.8901121,1.1114867
4::single::vision::12,Positive,0.008689542,0.105404936,0.8859055,1.0920553
4::single::vision::13,Positive,0.009054828,0.10715759,0.88378763,1.0912081
4::single::vision::14,Positive,0.008887398,0.10381773,0.8872948,1.1047401
4::single::vision::15,Positive,0.008852927,0.10387462,0.8872725,1.1055841
4::single::vision::16,Positive,0.0087672025,0.10357852,0.88765424,1.1030514
5::single::text::0,Positive,0.031524427,0.20608155,0.762394,0.8939136
5::single::text::1,Positive,0.031524427,0.20608155,0.762394,0.8939136
5::single::text::2,Positive,0.033748623,0.41432756,0.55192375,0.5101328
5::single::text::3,Positive,0.031160695,0.29256284,0.67627645,0.7149858
5::single::text::4,Positive,0.0347338,0.382638,0.5826282,0.5484519
5::single::text::5,Positive,0.031190515,0.27106923,0.6977402,0.7402612
5::single::text::6,Positive,0.03747329,0.34046513,0.6220616,0.59175056
5::single::text::7,Positive,0.03747329,0.34046513,0.6220616,0.59175056
5::single::text::8,Positive,0.032735888,0.25116622,0.7160979,0.7599447
5::single::text::9,Positive,0.02796976,0.24236897,0.7296613,0.8090713
5::single::text::10,Positive,0.03261456,0.30105412,0.66633123,0.64271873
5::single::text::11,Positive,0.028739916,0.19892065,0.7723394,0.9147772
5::single::text::12,Positive,0.04460311,0.31546712,0.6399298,0.6566801
5::single::text::13,Positive,0.04460311,0.31546712,0.6399298,0.6566801
5::single::text::14,Positive,0.038862776,0.30594257,0.65519464,0.68590134
5::single::text::15,Positive,0.02962177,0.21523917,0.7551391,0.85907936
5::single::text::16,Positive,0.04027631,0.31817722,0.6415465,0.639923
5::single::text::17,Positive,0.038811706,0.3174045,0.6437838,0.63899076
5::single::text::18,Positive,0.03175459,0.19516782,0.7730776,0.91389143
5::single::text::19,Positive,0.03175459,0.19516782,0.7730776,0.91389143
5::single::text::20,Positive,0.04483701,0.32640997,0.628753,0.63945687
5::single::text::21,Positive,0.041680068,0.26109588,0.6972241,0.7494249
5::single::text::22,Positive,0.03979973,0.2411462,0.7190541,0.775459
5::single::text::23,Positive,0.044975307,0.30592895,0.6490958,0.6636497
5::single::text::24,Positive,0.038932025,0.23813725,0.72293067,0.7882023
5::single::text::25,Positive,0.038932025,0.23813725,0.72293067,0.7882023
5::single::text::26,Positive,0.029739458,0.14574632,0.82451427,1.0417273
5::single::text::27,Positive,0.029182667,0.21842402,0.75239325,0.84066653
5::single::text::28,Positive,0.03528676,0.27771413,0.6869991,0.72372967
5::single::text::29,Positive,0.056852244,0.4709264,0.47222131,0.42462015
5::single::text::30,Positive,0.042317756,0.37034535,0.5873369,0.57295537
5::single::text::31,Positive,0.042317756,0.37034535,0.5873369,0.57295537
5::single::text::32,Positive,0.048238333,0.3970558,0.5547058,0.52292556
5::single::text::33,Positive,0.044996332,0.28877842,0.66622525,0.6673637
5::single::text::34,Positive,0.025702583,0.1706855,0.80361193,0.9907235
5::single::text::35,Positive,0.03583195,0.26416552,0.70000255,0.7365917
5::single::text::36,Positive,0.048041686,0.37122992,0.5807284,0.55033946
5::single::audio::0,Positive,0.039265748,0.24332097,0.71741325,0.7822895
5::single::audio::1,Positive,0.039054994,0.25106335,0.70988166,0.7727244
5::single::audio::2,Positive,0.038290076,0.24550138,0.7162086,0.78001356
5::single::audio::3,Positive,0.038574625,0.24669051,0.7147349,0.7781923
5::single::audio::4,Positive,0.038522646,0.24641718,0.7150602,0.7781923
5::single::audio::5,Positive,0.0383457,0.24641694,0.7152374,0.77910304
5::single::audio::6,Positive,0.038477123,0.2460202,0.71550274,0.77910304
5::single::audio::7,Positive,0.038502213,0.25040284,0.711095,0.7759146
5::single::audio::8,Positive,0.03819216,0.2481587,0.71364915,0.7786476
5::single::audio::9,Positive,0.039545823,0.26055452,0.6998997,0.76314235
5::single::audio::10,Positive,0.03887409,0.24382605,0.7172999,0.77910304
5::single::audio::11,Positive,0.038515277,0.24870214,0.7127826,0.7750034
5::single::audio::12,Positive,0.03867791,0.24913171,0.71219033,0.77409184
5::single::audio::13,Positive,0.03867121,0.25301364,0.70831513,0.76998836
5::single::audio::14,Positive,0.038083848,0.24339491,0.71852124,0.7813792
5::single::audio::15,Positive,0.03770483,0.24318828,0.7191069,0.7827445
5::single::audio::16,Positive,0.037877135,0.24233213,0.71979076,0.7836546
5::single::audio::17,Positive,0.038108047,0.23795652,0.7239354,0.7891114
5::single::audio::18,Positive,0.037839852,0.24275357,0.7194066,0.7836546
5::single::audio::19,Positive,0.038287908,0.24377254,0.7179395,0.7822895
5::single::audio::20,Positive,0.03845568,0.24177168,0.7197726,0.7836546
5::single::audio::21,Positive,0.0386519,0.25665173,0.70469636,0.76816356
5::single::audio::22,Positive,0.038499948,0.2526314,0.7088686,0.77226853
5::single::audio::23,Positive,0.037693884,0.2484518,0.7138543,0.7772813
5::single::audio::24,Positive,0.03806158,0.24763381,0.7143046,0.7777368
5::single::audio::25,Positive,0.03766411,0.24493474,0.71740115,0.7822895
5::single::audio::26,Positive,0.037737507,0.24240294,0.7198596,0.7845645
5::single::audio::27,Positive,0.039041884,0.2479707,0.7129874,0.7772813
5::single::audio::28,Positive,0.03756744,0.24192366,0.72050893,0.7877476
5::single::audio::29,Positive,0.038355142,0.24449342,0.7171514,0.7827445
5::single::audio::30,Positive,0.03815192,0.24426095,0.71758705,0.78319955
5::single::audio::31,Positive,0.03860173,0.24201354,0.7193847,0.7859289
5::single::audio::32,Positive,0.0377249,0.24150367,0.72077143,0.7859289
5::single::audio::33,Positive,0.037942447,0.24031278,0.7217448,0.7872931
5::single::audio::34,Positive,0.03828369,0.244333,0.7173833,0.7818344
5::single::audio::35,Positive,0.037823785,0.2442221,0.7179541,0.7822895
5::single::audio::36,Positive,0.0394819,0.24609776,0.7144204,0.77910304
5::single::vision::0,Positive,0.04718296,0.2884335,0.66438353,0.71774846
5::single::vision::1,Positive,0.036884956,0.2402161,0.7228989,0.7877476
5::single::vision::2,Positive,0.036994394,0.24116975,0.7218359,0.7850193
5::single::vision::3,Positive,0.037079178,0.24165972,0.72126114,0.7845645
5::single::vision::4,Positive,0.03707466,0.24164227,0.7212831,0.7845645
5::single::vision::5,Positive,0.03717579,0.2421276,0.7206966,0.7841095
5::single::vision::6,Positive,0.037257753,0.24174725,0.720995,0.7845645
5::single::vision::7,Positive,0.037216417,0.2411858,0.7215978,0.7859289
5::single::vision::8,Positive,0.03737316,0.24185179,0.720775,0.78547406
5::single::vision::9,Positive,0.03754831,0.24297346,0.71947825,0.7836546
5::single::vision::10,Positive,0.03771567,0.24404216,0.71824217,0.7818344
5::single::vision::11,Positive,0.03773704,0.24442492,0.717838,0.7813792
5::single::vision::12,Positive,0.037815515,0.24473602,0.7174485,0.7809241
5::single::vision::13,Positive,0.037632268,0.24420229,0.7181655,0.7813792
5::single::vision::14,Positive,0.037723914,0.24424604,0.71803,0.7818344
5::single::vision::15,Positive,0.037669256,0.24404949,0.71828127,0.7822895
5::single::vision::16,Positive,0.03771851,0.24409649,0.718185,0.7818344
5::single::vision::17,Positive,0.037641693,0.24379335,0.718565,0.7827445
5::single::vision::18,Positive,0.03757366,0.24376015,0.71866626,0.7822895
5::single::vision::19,Positive,0.037576325,0.24370405,0.71871966,0.7822895
5::single::vision::20,Positive,0.03757366,0.24376015,0.71866626,0.7822895
5::single::vision::21,Positive,0.03764896,0.24375647,0.7185946,0.7822895
5::single::vision::22,Positive,0.037624057,0.24344276,0.71893317,0.7827445
5::single::vision::23,Positive,0.037658367,0.2433446,0.71899706,0.7827445
5::single::vision::24,Positive,0.03818799,0.2457362,0.7160759,0.77910304
5::single::vision::25,Positive,0.038887836,0.25003868,0.71107346,0.7727244
5::single::vision::26,Positive,0.038299453,0.24959521,0.71210533,0.7745476
5::single::vision::27,Positive,0.037668563,0.24416733,0.71816415,0.7818344
5::single::vision::28,Positive,0.038342018,0.24828914,0.71336883,0.7750034
5::single::vision::29,Positive,0.03822568,0.24767947,0.7140949,0.775459
5::single::vision::30,Positive,0.03767891,0.24482124,0.7174999,0.7795583
5::single::vision::31,Positive,0.037398584,0.24264309,0.71995836,0.78319955
5::single::vision::32,Positive,0.037080042,0.24164401,0.7212759,0.7850193
5::single::vision::33,Positive,0.03701096,0.2409487,0.72204036,0.7859289
5::single::vision::34,Positive,0.037134886,0.24182203,0.72104305,0.7850193
5::single::vision::35,Positive,0.036912072,0.24201009,0.7210778,0.7850193
5::single::vision::36,Positive,0.047232114,0.2883415,0.6644264,0.71820873
6::single::text::0,Positive,0.011416139,0.038960166,0.9496237,1.2885649
6::single::text::1,Positive,0.011454563,0.039097972,0.94944745,1.2893612
6::single::text::2,Positive,0.011493983,0.03796532,0.9505408,1.308405
6::single::text::3,Positive,0.011573951,0.038186952,0.9502392,1.2988992
6::single::text::4,Positive,0.011714911,0.037931405,0.95035374,1.3036562
6::single::text::5,Positive,0.011615096,0.03499497,0.95338994,1.3531141
6::single::text::6,Positive,0.0112498645,0.03930941,0.9494407,1.2645731
6::single::text::7,Positive,0.011378004,0.039868083,0.94875395,1.2613591
6::single::text::8,Positive,0.011280087,0.040008128,0.94871175,1.260555
6::single::text::9,Positive,0.011352262,0.036951814,0.9516959,1.3028638
6::single::text::10,Positive,0.0114728175,0.036802888,0.9517243,1.3186665
6::single::text::11,Positive,0.011067591,0.038879894,0.9500525,1.278992
6::single::text::12,Positive,0.011040032,0.039876856,0.9490831,1.2549207
6::single::text::13,Positive,0.011387655,0.05036053,0.93825173,1.1291344
6::single::text::14,Positive,0.011683473,0.040543716,0.9477728,1.2500827
6::single::text::15,Positive,0.011671262,0.038835973,0.9494927,1.2861747
6::single::text::16,Positive,0.011292464,0.04021293,0.9484947,1.2597508
6::single::text::17,Positive,0.01146091,0.038033765,0.9505054,1.2965177
6::single::text::18,Positive,0.011357765,0.03798738,0.9506548,1.3028638
6::single::text::19,Positive,0.011276387,0.039100185,0.9496234,1.278992
6::single::text::20,Positive,0.010896685,0.04054677,0.94855654,1.2444282
6::single::text::21,Positive,0.0112841,0.039001867,0.94971406,1.2845802
6::single::text::22,Positive,0.011068457,0.04065982,0.94827163,1.2508895
6::single::text::23,Positive,0.01118836,0.039484754,0.9493269,1.2661787
6::single::text::24,Positive,0.011550343,0.038313165,0.9501364,1.2996925
6::single::text::25,Positive,0.011115734,0.03861917,0.95026505,1.2885649
6::single::text::26,Positive,0.011298544,0.03805755,0.9506439,1.3076141
6::single::text::27,Positive,0.011324221,0.037704512,0.95097136,1.3020713
6::single::text::28,Positive,0.011311631,0.038236156,0.9504522,1.2965177
6::single::text::29,Positive,0.011241714,0.0380778,0.95068055,1.2909532
6::single::text::30,Positive,0.010958052,0.03801137,0.95103055,1.2909532
6::single::text::31,Positive,0.0112073,0.036726706,0.952066,1.3123562
6::single::text::32,Positive,0.01090295,0.038067,0.95103,1.2941341
6::single::text::33,Positive,0.010987083,0.035924416,0.9530885,1.3359452
6::single::text::34,Positive,0.011367804,0.038743213,0.94988906,1.2925441
6::single::text::35,Positive,0.011372028,0.038724955,0.94990295,1.2893612
6::single::text::36,Positive,0.0113527,0.038766872,0.9498805,1.2797911
6::single::text::37,Positive,0.011489903,0.038268797,0.9502413,1.2973118
6::single::text::38,Positive,0.01136255,0.03950794,0.9491295,1.2733932
6::single::text::39,Positive,0.0111789,0.039806463,0.9490147,1.260555
6::single::text::40,Positive,0.011451773,0.03830973,0.9502385,1.2988992
6::single::text::41,Positive,0.011450408,0.039486505,0.9490631,1.2693874
6::single::text::42,Positive,0.011596402,0.03901924,0.94938445,1.2901572
6::single::text::43,Positive,0.011122029,0.040493928,0.94838405,1.2549207
6::single::text::44,Positive,0.0114514725,0.040447988,0.94810057,1.2589463
6::single::text::45,Positive,0.011183696,0.0396676,0.9491487,1.2693874
6::single::text::46,Positive,0.011279268,0.040797815,0.94792295,1.2492754
6::single::text::47,Positive,0.011163094,0.04068052,0.94815636,1.2525027
6::single::text::48,Positive,0.011646104,0.04068339,0.9476705,1.246045
6::single::text::49,Positive,0.011332087,0.040550113,0.94811785,1.2533089
6::single::audio::0,Positive,0.011296917,0.037271008,0.95143217,1.3060317
6::single::audio::1,Positive,0.011436658,0.03829598,0.9502674,1.2973118
6::single::audio::2,Positive,0.011334724,0.037334796,0.9513304,1.3044481
6::single::audio::3,Positive,0.011364882,0.03743558,0.95119953,1.3036562
6::single::audio::4,Positive,0.011355238,0.037456784,0.951188,1.3028638
6::single::audio::5,Positive,0.01135194,0.03747821,0.95116985,1.3028638
6::single::audio::6,Positive,0.011427145,0.038577843,0.94999504,1.2957234
6::single::audio::7,Positive,0.011031787,0.037879847,0.9510884,1.2917488
6::single::audio::8,Positive,0.011372942,0.03754842,0.9510788,1.3028638
6::single::audio::9,Positive,0.011256387,0.037407156,0.9513364,1.3068229
6::single::audio::10,Positive,0.011263591,0.037333243,0.95140326,1.3076141
6::single::audio::11,Positive,0.011246078,0.037232216,0.95152175,1.308405
6::single::audio::12,Positive,0.011325298,0.036258563,0.9524161,1.3155133
6::single::audio::13,Positive,0.01136191,0.037667643,0.9509705,1.3036562
6::single::audio::14,Positive,0.011413802,0.037528705,0.95105755,1.3028638
6::single::audio::15,Positive,0.011234829,0.036542777,0.9522224,1.3107765
6::single::audio::16,Positive,0.011425915,0.038404394,0.95016974,1.2965177
6::single::audio::17,Positive,0.011345411,0.037183072,0.95147157,1.3076141
6::single::audio::18,Positive,0.011362917,0.037297953,0.9513391,1.3060317
6::single::audio::19,Positive,0.011410159,0.037814997,0.95077485,1.3004857
6::single::audio::20,Positive,0.011390033,0.037957765,0.9506521,1.3004857
6::single::audio::21,Positive,0.011281331,0.03817338,0.9505453,1.2973118
6::single::audio::22,Positive,0.011949961,0.043429703,0.9446204,1.2573367
6::single::audio::23,Positive,0.011562591,0.040759437,0.94767797,1.260555
6::single::audio::24,Positive,0.01152382,0.03815778,0.95031834,1.2981056
6::single::audio::25,Positive,0.011417741,0.038297318,0.9502849,1.2965177
6::single::audio::26,Positive,0.011346823,0.038198926,0.9504543,1.2981056
6::single::audio::27,Positive,0.011582951,0.038515024,0.94990206,1.2965177
6::single::audio::28,Positive,0.011443895,0.038206533,0.95034957,1.2988992
6::single::audio::29,Positive,0.011485921,0.038659032,0.949855,1.2957234
6::single::audio::30,Positive,0.011327249,0.03743641,0.95123637,1.3036562
6::single::audio::31,Positive,0.011328632,0.037616026,0.95105535,1.3020713
6::single::audio::32,Positive,0.011419067,0.0378576,0.95072335,1.3004857
6::single::audio::33,Positive,0.011422646,0.03811032,0.9504671,1.2981056
6::single::audio::34,Positive,0.011415627,0.03816763,0.9504168,1.2988992
6::single::audio::35,Positive,0.011420218,0.038318403,0.95026135,1.2981056
6::single::audio::36,Positive,0.011360982,0.037749305,0.95088977,1.3004857
6::single::audio::37,Positive,0.011391932,0.038050525,0.9505576,1.2996925
6::single::audio::38,Positive,0.011374343,0.037667558,0.95095813,1.3020713
6::single::audio::39,Positive,0.011392639,0.038022026,0.95058537,1.2988992
6::single::audio::40,Positive,0.011392459,0.038036335,0.9505712,1.2996925
6::single::audio::41,Positive,0.011371862,0.03792294,0.95070523,1.2996925
6::single::audio::42,Positive,0.011500723,0.038448427,0.95005083,1.2965177
6::single::audio::43,Positive,0.011476735,0.03834484,0.9501784,1.2973118
6::single::audio::44,Positive,0.011448583,0.038041364,0.95051,1.2988992
6::single::audio::45,Positive,0.011448243,0.038364053,0.9501877,1.2965177
6::single::audio::46,Positive,0.011449084,0.038551655,0.94999933,1.2949289
6::single::audio::47,Positive,0.011478523,0.038746227,0.9497752,1.2949289
6::single::audio::48,Positive,0.01140779,0.037800662,0.9507916,1.3020713
6::single::audio::49,Positive,0.011291385,0.03721614,0.9514924,1.3060317
6::single::vision::0,Positive,0.014235372,0.04432212,0.9414425,1.2444282
6::single::vision::1,Positive,0.011174451,0.03755815,0.95126736,1.3044481
6::single::vision::2,Positive,0.011232024,0.03763022,0.95113766,1.3036562
6::single::vision::3,Positive,0.011232198,0.037616063,0.9511517,1.3036562
6::single::vision::4,Positive,0.011232434,0.037594877,0.9511726,1.3036562
6::single::vision::5,Positive,0.011232372,0.03760191,0.9511657,1.3036562
6::single::vision::6,Positive,0.011252794,0.03770733,0.9510398,1.3028638
6::single::vision::7,Positive,0.011122209,0.037289456,0.95158833,1.3068229
6::single::vision::8,Positive,0.011307849,0.03778319,0.9509089,1.3020713
6::single::vision::9,Positive,0.011279955,0.037791435,0.9509286,1.3020713
6::single::vision::10,Positive,0.011297927,0.037829667,0.95087236,1.3020713
6::single::vision::11,Positive,0.011295142,0.037812024,0.95089287,1.3020713
6::single::vision::12,Positive,0.01124661,0.03772882,0.9510245,1.3028638
6::single::vision::13,Positive,0.011292402,0.037783906,0.9509237,1.3028638
6::single::vision::14,Positive,0.0112898955,0.0377415,0.9509686,1.3028638
6::single::vision::15,Positive,0.011340813,0.037892174,0.950767,1.3012787
6::single::vision::16,Positive,0.011370938,0.03799792,0.95063114,1.3004857
6::single::vision::17,Positive,0.01132565,0.037861023,0.9508133,1.3020713
6::single::vision::18,Positive,0.011347537,0.03786019,0.95079225,1.3012787
6::single::vision::19,Positive,0.011408037,0.037794523,0.95079744,1.3012787
6::single::vision::20,Positive,0.011391079,0.03788705,0.95072186,1.3004857
6::single::vision::21,Positive,0.011351076,0.0378173,0.95083165,1.3012787
6::single::vision::22,Positive,0.011356289,0.037891567,0.95075214,1.3004857
6::single::vision::23,Positive,0.011374227,0.037972867,0.9506529,1.3004857
6::single::vision::24,Positive,0.011374289,0.03796579,0.95065993,1.3004857
6::single::vision::25,Positive,0.011384007,0.03794407,0.9506719,1.3004857
6::single::vision::26,Positive,0.011344157,0.03786013,0.9507957,1.3004857
6::single::vision::27,Positive,0.011404329,0.038079165,0.9505165,1.2988992
6::single::vision::28,Positive,0.011541494,0.038246736,0.9502117,1.2981056
6::single::vision::29,Positive,0.011554781,0.03819593,0.9502493,1.2988992
6::single::vision::30,Positive,0.011437215,0.03796375,0.95059896,1.3004857
6::single::vision::31,Positive,0.011384184,0.03792978,0.950686,1.3012787
6::single::vision::32,Positive,0.011374678,0.037933674,0.9506917,1.3004857
6::single::vision::33,Positive,0.0113988295,0.038036406,0.95056486,1.2996925
6::single::vision::34,Positive,0.011380747,0.037965555,0.9506537,1.3004857
6::single::vision::35,Positive,0.011380927,0.037951265,0.95066786,1.3004857
6::single::vision::36,Positive,0.011384121,0.03793685,0.950679,1.3004857
6::single::vision::37,Positive,0.011341169,0.037863657,0.9507952,1.3020713
6::single::vision::38,Positive,0.0114456555,0.038056187,0.9504982,1.2988992
6::single::vision::39,Positive,0.011340927,0.037884984,0.9507741,1.3012787
6::single::vision::40,Positive,0.011368683,0.03793039,0.950701,1.3012787
6::single::vision::41,Positive,0.011340959,0.03788145,0.9507776,1.3012787
6::single::vision::42,Positive,0.011371903,0.03791245,0.95071566,1.3012787
6::single::vision::43,Positive,0.011326119,0.037825305,0.9508486,1.3020713
6::single::vision::44,Positive,0.011362228,0.037930623,0.95070714,1.3004857
6::single::vision::45,Positive,0.01151543,0.038289964,0.9501946,1.2965177
6::single::vision::46,Positive,0.011335445,0.037832152,0.95083237,1.3012787
6::single::vision::47,Positive,0.011371546,0.03794102,0.9506875,1.3004857
6::single::vision::48,Positive,0.011256586,0.03767194,0.9510715,1.3028638
6::single::vision::49,Positive,0.014147523,0.043924686,0.9419278,1.2476606
7::single::text::0,Neutral,0.032318216,0.710223,0.25745878,0.20390877
7::single::text::1,Neutral,0.032318216,0.710223,0.25745878,0.20390877
7::single::text::2,Neutral,0.028267311,0.6911822,0.28055057,0.2048808
7::single::text::3,Neutral,0.028424166,0.7271666,0.2444092,0.21654174
7::single::text::4,Neutral,0.024773104,0.6440074,0.33121955,0.28696176
7::single::text::5,Neutral,0.024773104,0.6440074,0.33121955,0.28696176
7::single::text::6,Neutral,0.03221516,0.6920645,0.27572027,0.232322
7::single::text::7,Neutral,0.028919112,0.6967492,0.2743317,0.25427133
7::single::text::8,Neutral,0.025509289,0.6403157,0.334175,0.29204097
7::single::text::9,Neutral,0.025509289,0.6403157,0.334175,0.29204097
7::single::text::10,Neutral,0.025380613,0.64127654,0.33334282,0.29252464
7::single::text::11,Neutral,0.025270179,0.6734596,0.3012702,0.27583012
7::single::text::12,Neutral,0.025221508,0.61297774,0.36180067,0.3301998
7::single::audio::0,Neutral,0.03171557,0.6116486,0.35663587,0.3070268
7::single::audio::1,Neutral,0.031023923,0.68805075,0.2809254,0.26032993
7::single::audio::2,Neutral,0.029614383,0.64319247,0.32719314,0.29373366
7::single::audio::3,Neutral,0.029923268,0.63040406,0.33967268,0.30026087
7::single::audio::4,Neutral,0.028290924,0.62189937,0.3498097,0.3041275
7::single::audio::5,Neutral,0.025950087,0.60354084,0.3705091,0.31789392
7::single::audio::6,Neutral,0.025421167,0.59826446,0.37631434,0.32151446
7::single::audio::7,Neutral,0.028046712,0.6182794,0.35367393,0.3070268
7::single::audio::8,Neutral,0.028064813,0.58570385,0.3862313,0.323445
7::single::audio::9,Neutral,0.030410212,0.61303544,0.35655436,0.3031609
7::single::audio::10,Neutral,0.028835924,0.5870556,0.38410842,0.3207904
7::single::audio::11,Neutral,0.028501306,0.5457434,0.42575532,0.34827617
7::single::audio::12,Neutral,0.030581018,0.60733056,0.36208844,0.31089157
7::single::vision::0,Neutral,0.029968781,0.613737,0.3562942,0.3089593
7::single::vision::1,Neutral,0.028411452,0.5970288,0.37455973,0.31982496
7::single::vision::2,Neutral,0.028589314,0.60355866,0.36785203,0.31668687
7::single::vision::3,Neutral,0.029089771,0.60625386,0.36465633,0.3154797
7::single::vision::4,Neutral,0.028906105,0.6023532,0.36874068,0.3171697
7::single::vision::5,Neutral,0.029062297,0.6083875,0.36255026,0.31330657
7::single::vision::6,Neutral,0.028940681,0.6064818,0.36457753,0.31451392
7::single::vision::7,Neutral,0.028776094,0.60565466,0.3655693,0.31523827
7::single::vision::8,Neutral,0.028784752,0.6077696,0.36344564,0.31330657
7::single::vision::9,Neutral,0.029153937,0.61013526,0.36071083,0.31282362
7::single::vision::10,Neutral,0.029135985,0.60689074,0.3639732,0.31596255
7::single::vision::11,Neutral,0.028801206,0.6084616,0.3627372,0.31258214
7::single::vision::12,Neutral,0.030324755,0.60969555,0.3599797,0.314031
8::single::text::0,Negative,0.9845088,0.0048662513,0.010624964,-2.192255
8::single::text::1,Negative,0.9845088,0.0048662513,0.010624964,-2.192255
8::single::text::2,Negative,0.9891337,0.0038975307,0.0069687814,-2.266539
8::single::text::3,Negative,0.9896915,0.003793046,0.0065154894,-2.267377
8::single::text::4,Negative,0.9896915,0.003793046,0.0065154894,-2.267377
8::single::text::5,Negative,0.98877203,0.004364956,0.006863153,-2.184946
8::single::text::6,Negative,0.988545,0.0040685153,0.0073863957,-2.2538717
8::single::text::7,Negative,0.988545,0.0040685153,0.0073863957,-2.2538717
8::single::text::8,Negative,0.98904455,0.003930697,0.007024688,-2.242742
8::single::text::9,Negative,0.98898894,0.0038936392,0.0071173944,-2.2478964
8::single::text::10,Negative,0.98936236,0.0038322718,0.006805473,-2.2521687
8::single::text::11,Negative,0.98936236,0.0038322718,0.006805473,-2.2521687
8::single::text::12,Negative,0.9891677,0.0039625145,0.0068697706,-2.2461815
8::single::text::13,Negative,0.98890257,0.0040100375,0.007087335,-2.245323
8::single::text::14,Negative,0.98890257,0.0040100375,0.007087335,-2.245323
8::single::text::15,Negative,0.9893666,0.0038506119,0.006782826,-2.2657003
8::single::text::16,Negative,0.9889535,0.0045557367,0.006490818,-2.182191
8::single::text::17,Negative,0.9889535,0.0045557367,0.006490818,-2.182191
8::single::text::18,Negative,0.9891668,0.0040542805,0.0067789275,-2.2513158
8::single::text::19,Negative,0.9892058,0.0039179656,0.006876353,-2.2606509
8::single::audio::0,Negative,0.9890462,0.0038871167,0.007066647,-2.258961
8::single::audio::1,Negative,0.98946136,0.0038017402,0.006736912,-2.2657003
8::single::audio::2,Negative,0.98904943,0.0039208657,0.0070297006,-2.2581148
8::single::audio::3,Negative,0.989074,0.0039133118,0.0070127365,-2.2581148
8::single::audio::4,Negative,0.9890699,0.0039345184,0.006995707,-2.257268
8::single::audio::5,Negative,0.98876524,0.0039494797,0.0072852047,-2.2530208
8::single::audio::6,Negative,0.9890033,0.003928614,0.0070680464,-2.2598062
8::single::audio::7,Negative,0.9885034,0.00412284,0.007373763,-2.2478964
8::single::audio::8,Negative,0.98872083,0.004046433,0.007232802,-2.2521687
8::single::audio::9,Negative,0.9886708,0.004048856,0.0072803386,-2.2513158
8::single::audio::10,Negative,0.98863655,0.0040673213,0.007296161,-2.2530208
8::single::audio::11,Negative,0.9892602,0.0038512575,0.006888519,-2.2631793
8::single::audio::12,Negative,0.98896426,0.003968775,0.0070669325,-2.2581148
8::single::audio::13,Negative,0.98898804,0.00395693,0.007055036,-2.257268
8::single::audio::14,Negative,0.98873466,0.004011168,0.007254141,-2.2521687
8::single::audio::15,Negative,0.98876506,0.0039749695,0.007259963,-2.2538717
8::single::audio::16,Negative,0.988798,0.0040213093,0.0071807085,-2.257268
8::single::audio::17,Negative,0.9888084,0.0040142783,0.00717735,-2.2555714
8::single::audio::18,Negative,0.9888947,0.0040042372,0.0071009994,-2.2555714
8::single::audio::19,Negative,0.9889643,0.0039231423,0.007112564,-2.257268
8::single::vision::0,Negative,0.9888913,0.003969235,0.007139371,-2.257268
8::single::vision::1,Negative,0.988668,0.004039117,0.0072929356,-2.2538717
8::single::vision::2,Negative,0.9886245,0.0040557687,0.007319752,-2.2530208
8::single::vision::3,Negative,0.9886341,0.00405154,0.0073143523,-2.2530208
8::single::vision::4,Negative,0.98862386,0.004052918,0.0073232446,-2.2530208
8::single::vision::5,Negative,0.9886594,0.004031203,0.007309403,-2.2538717
8::single::vision::6,Negative,0.9886989,0.004021683,0.0072793765,-2.2547219
8::single::vision::7,Negative,0.9886968,0.004020266,0.007282832,-2.2538717
8::single::vision::8,Negative,0.98869896,0.0040110266,0.0072899656,-2.2547219
8::single::vision::9,Negative,0.9886785,0.0040063295,0.0073150476,-2.2547219
8::single::vision::10,Negative,0.9887505,0.003989196,0.0072602862,-2.2555714
8::single::vision::11,Negative,0.98865217,0.004008039,0.007339799,-2.2547219
8::single::vision::12,Negative,0.9886986,0.003999012,0.007302399,-2.2547219
8::single::vision::13,Negative,0.9886937,0.0040022032,0.00730403,-2.2547219
8::single::vision::14,Negative,0.9887617,0.003980064,0.007258238,-2.2555714
8::single::vision::15,Negative,0.9887667,0.0039713513,0.007262063,-2.2555714
8::single::vision::16,Negative,0.98850083,0.00405741,0.007441774,-2.2496076
8::single::vision::17,Negative,0.98866487,0.004045588,0.0072895577,-2.2538717
8::single::vision::18,Negative,0.98880696,0.004015682,0.007177336,-2.2564201
8::single::vision::19,Negative,0.98883235,0.003983135,0.007184439,-2.2564201
9::single::text::0,Negative,0.8626456,0.02227164,0.11508273,-0.7795583
9::single::text::1,Negative,0.8626456,0.02227164,0.11508273,-0.7795583
9::single::text::2,Negative,0.9331801,0.014199726,0.052620083,-1.246045
9::single::text::3,Negative,0.9339514,0.015121394,0.05092723,-1.2685856
9::single::text::4,Negative,0.9405116,0.014701922,0.044786457,-1.3616571
9::single::text::5,Negative,0.9405116,0.014701922,0.044786457,-1.3616571
9::single::text::6,Negative,0.946691,0.014222203,0.0390867,-1.4016657
9::single::text::7,Negative,0.962681,0.010365795,0.026953217,-1.5574934
9::single::text::8,Negative,0.9656923,0.009435977,0.024871673,-1.6289964
9::single::text::9,Negative,0.97080344,0.01043051,0.018766012,-1.6495453
9::single::text::10,Negative,0.97080344,0.01043051,0.018766012,-1.6495453
9::single::text::11,Negative,0.9532108,0.011890298,0.03489904,-1.4335222
9::single::text::12,Negative,0.9402868,0.01485946,0.04485363,-1.2988992
9::single::text::13,Negative,0.9356418,0.014522163,0.049836043,-1.2468529
9::single::text::14,Negative,0.9356418,0.014522163,0.049836043,-1.2468529
9::single::text::15,Negative,0.956146,0.010776181,0.033077795,-1.4731315
9::single::text::16,Negative,0.9299425,0.015698627,0.054358922,-1.1807055
9::single::text::17,Negative,0.9551677,0.011001489,0.03383077,-1.4923195
9::single::text::18,Negative,0.96964335,0.008601496,0.021755226,-1.7243207
9::single::text::19,Negative,0.96964335,0.008601496,0.021755226,-1.7243207
9::single::text::20,Negative,0.967097,0.009384251,0.023518726,-1.6563466
9::single::text::21,Negative,0.978333,0.010948752,0.010718187,-1.8153334
9::single::text::22,Negative,0.9695276,0.011916467,0.018555887,-1.6732421
9::single::text::23,Negative,0.9695276,0.011916467,0.018555887,-1.6732421
9::single::text::24,Negative,0.9621559,0.010175152,0.027669013,-1.5801971
9::single::text::25,Negative,0.90804076,0.024246035,0.06771315,-1.0106852
9::single::text::26,Negative,0.9349746,0.015265074,0.049760345,-1.2314639
9::single::text::27,Negative,0.94791734,0.011973013,0.040109675,-1.4070035
9::single::text::28,Negative,0.94791734,0.011973013,0.040109675,-1.4070035
9::single::text::29,Negative,0.9109285,0.018700633,0.070370905,-1.0468767
9::single::text::30,Negative,0.94609123,0.01248673,0.04142204,-1.4039547
9::single::text::31,Positive,0.061319526,0.040620964,0.8980595,1.5178955
9::single::audio::0,Negative,0.9513813,0.011537209,0.037081383,-1.4327686
9::single::audio::1,Negative,0.9511235,0.011589011,0.037287556,-1.4297513
9::single::audio::2,Negative,0.95164025,0.011601711,0.036758028,-1.4365345
9::single::audio::3,Negative,0.95161295,0.011595048,0.036791906,-1.4342756
9::single::audio::4,Negative,0.9514284,0.011690121,0.03688149,-1.4357818
9::single::audio::5,Negative,0.95176446,0.011661552,0.036573965,-1.4380394
9::single::audio::6,Negative,0.9519994,0.011454611,0.03654591,-1.4395434
9::single::audio::7,Negative,0.9517404,0.011509117,0.036750488,-1.4372872
9::single::audio::8,Negative,0.95103943,0.011655816,0.037304763,-1.4312603
9::single::audio::9,Negative,0.9519394,0.011346639,0.036713988,-1.4425483
9::single::audio::10,Negative,0.95177305,0.011468399,0.036758482,-1.440295
9::single::audio::11,Negative,0.95168066,0.011573272,0.036746085,-1.4372872
9::single::audio::12,Negative,0.95403934,0.010959075,0.035001572,-1.4545302
9::single::audio::13,Negative,0.9511049,0.01171826,0.0371769,-1.4289964
9::single::audio::14,Negative,0.95240515,0.011787644,0.03580719,-1.4432988
9::single::audio::15,Negative,0.95133436,0.011793827,0.03687172,-1.4335222
9::single::audio::16,Negative,0.9512931,0.011822774,0.0368841,-1.4335222
9::single::audio::17,Negative,0.95202005,0.011692249,0.03628775,-1.4372872
9::single::audio::18,Negative,0.9513242,0.011629749,0.03704608,-1.4297513
9::single::audio::19,Negative,0.951052,0.011655814,0.037292205,-1.4297513
9::single::audio::20,Negative,0.9512055,0.011628416,0.037166044,-1.4297513
9::single::audio::21,Negative,0.95094097,0.011703338,0.037355646,-1.4282415
9::single::audio::22,Negative,0.95293254,0.011212068,0.03585539,-1.4462991
9::single::audio::23,Negative,0.9525356,0.011328705,0.036135726,-1.4447994
9::single::audio::24,Negative,0.95235884,0.01134111,0.03630008,-1.4417974
9::single::audio::25,Negative,0.95232826,0.0113248825,0.036346864,-1.4410462
9::single::audio::26,Negative,0.9517469,0.011557825,0.03669528,-1.4365345
9::single::audio::27,Negative,0.9519938,0.011541117,0.036465097,-1.4395434
9::single::audio::28,Negative,0.95189816,0.011411742,0.036690056,-1.4357818
9::single::audio::29,Negative,0.95172906,0.011464001,0.036806863,-1.4350288
9::single::audio::30,Negative,0.95188254,0.011527128,0.03659037,-1.4387915
9::single::audio::31,Negative,0.9514203,0.011544013,0.037035674,-1.4327686
9::single::vision::0,Negative,0.9550587,0.010962644,0.03397863,-1.4634773
9::single::vision::1,Negative,0.950387,0.012017495,0.037595447,-1.4237059
9::single::vision::2,Negative,0.95034385,0.011986686,0.037669487,-1.4221921
9::single::vision::3,Negative,0.95043784,0.011974467,0.037587676,-1.422949
9::single::vision::4,Negative,0.95167124,0.011739518,0.036589198,-1.4357818
9::single::vision::5,Negative,0.9531167,0.01139565,0.035487663,-1.4477978
9::single::vision::6,Negative,0.95275176,0.0114388745,0.03580933,-1.4455494
9::single::vision::7,Negative,0.95231843,0.011497665,0.036183856,-1.4432988
9::single::vision::8,Negative,0.9519479,0.01154796,0.036504112,-1.4395434
9::single::vision::9,Negative,0.952,0.011564838,0.03643514,-1.440295
9::single::vision::10,Negative,0.9522921,0.011519862,0.036188062,-1.4425483
9::single::vision::11,Negative,0.95271045,0.0114350915,0.035854444,-1.4455494
9::single::vision::12,Negative,0.9524315,0.011486146,0.036082394,-1.4432988
9::single::vision::13,Negative,0.9521129,0.011530725,0.036356345,-1.4410462
9::single::vision::14,Negative,0.9527272,0.011441924,0.03583085,-1.4455494
9::single::vision::15,Negative,0.9531932,0.011348368,0.03545846,-1.4492956
9::single::vision::16,Negative,0.9529351,0.011408757,0.035656236,-1.4470487
9::single::vision::17,Negative,0.95273346,0.011422541,0.035844073,-1.4455494
9::single::vision::18,Negative,0.952654,0.011424978,0.035920985,-1.4447994
9::single::vision::19,Negative,0.95280874,0.0113983,0.03579297,-1.4462991
9::single::vision::20,Negative,0.95292383,0.011377409,0.03569874,-1.4470487
9::single::vision::21,Negative,0.952877,0.0113801705,0.035742838,-1.4470487
9::single::vision::22,Negative,0.9523683,0.011488786,0.036142908,-1.4425483
9::single::vision::23,Negative,0.9525957,0.011456147,0.035948116,-1.4462991
9::single::vision::24,Negative,0.9527446,0.011422679,0.035832725,-1.4477978
9::single::vision::25,Negative,0.95297164,0.01136192,0.035666473,-1.450044
9::single::vision::26,Negative,0.95231277,0.0115038995,0.036183294,-1.4432988
9::single::vision::27,Negative,0.9525523,0.011449436,0.03599824,-1.4447994
9::single::vision::28,Negative,0.9526735,0.011428514,0.035898052,-1.4455494
9::single::vision::29,Negative,0.9527757,0.011404551,0.035819747,-1.4470487
9::single::vision::30,Negative,0.9533748,0.011300601,0.03532467,-1.4507924
9::single::vision::31,Negative,0.95520926,0.010891356,0.033899378,-1.4649651
10::single::text::0,Negative,0.9874141,0.007667287,0.004918535,-2.125424
10::single::text::1,Negative,0.98778117,0.0075563285,0.004662457,-2.135107
10::single::text::2,Negative,0.9849345,0.009839224,0.0052262703,-2.0182588
10::single::text::3,Negative,0.9813851,0.012436434,0.0061784014,-1.9331349
10::single::text::4,Neutral,0.059675995,0.49188095,0.44844303,0.37738478
10::single::text::5,Negative,0.9858637,0.008884317,0.0052519348,-2.072596
10::single::text::6,Negative,0.9856745,0.0090711005,0.005254387,-2.0592465
10::single::text::7,Negative,0.9867971,0.008367373,0.004835541,-2.0928311
10::single::text::8,Negative,0.97203946,0.02085789,0.0071026837,-1.7197369
10::single::text::9,Negative,0.98738736,0.007912538,0.004700155,-2.0978327
10::single::text::10,Negative,0.98584694,0.008825728,0.005327278,-2.0519938
10::single::text::11,Negative,0.98818386,0.007179251,0.004636874,-2.1858625
10::single::text::12,Negative,0.9876329,0.0075539853,0.0048131854,-2.1579823
10::single::text::13,Negative,0.9882391,0.007199384,0.0045615197,-2.1775813
10::single::text::14,Negative,0.9885005,0.0071897544,0.004309712,-2.155151
10::single::text::15,Negative,0.9874141,0.007667287,0.004918535,-2.125424
10::single::audio::0,Negative,0.9877723,0.0073785614,0.0048491275,-2.1293077
10::single::audio::1,Negative,0.9873843,0.007735073,0.004880555,-2.1244507
10::single::audio::2,Negative,0.98719555,0.007758122,0.005046282,-2.1244507
10::single::audio::3,Negative,0.9872359,0.007627359,0.005136741,-2.1185925
10::single::audio::4,Negative,0.9870206,0.008018714,0.0049606636,-2.1146688
10::single::audio::5,Negative,0.98742723,0.007660819,0.0049119894,-2.125424
10::single::audio::6,Negative,0.98734564,0.007706983,0.004947343,-2.1234765
10::single::audio::7,Negative,0.9872869,0.007758068,0.0049550645,-2.1225019
10::single::audio::8,Negative,0.9873147,0.00770152,0.0049838354,-2.1244507
10::single::audio::9,Negative,0.9873343,0.0076660546,0.004999729,-2.125424
10::single::audio::10,Negative,0.9873017,0.0077393665,0.0049589328,-2.1225019
10::single::audio::11,Negative,0.9872545,0.007791261,0.0049541844,-2.1215255
10::single::audio::12,Negative,0.987387,0.0076866187,0.004926356,-2.1244507
10::single::audio::13,Negative,0.9872032,0.0077962615,0.005000597,-2.1215255
10::single::audio::14,Negative,0.98721766,0.0077719623,0.0050104335,-2.1234765
10::single::audio::15,Negative,0.98775804,0.007392955,0.0048490493,-2.1283383
10::single::vision::0,Negative,0.9890604,0.0067018894,0.004237831,-2.1494641
10::single::vision::1,Negative,0.98713005,0.0077936584,0.005076327,-2.1185925
10::single::vision::2,Negative,0.9871394,0.007785924,0.0050747003,-2.119571
10::single::vision::3,Negative,0.98716986,0.007794872,0.00503533,-2.1205487
10::single::vision::4,Negative,0.98723435,0.007747548,0.0050181947,-2.1215255
10::single::vision::5,Negative,0.9872744,0.0077148387,0.0050107846,-2.1225019
10::single::vision::6,Negative,0.98760736,0.0075273607,0.004865204,-2.1273675
10::single::vision::7,Negative,0.98751175,0.007585301,0.0049028797,-2.1263962
10::single::vision::8,Negative,0.98744786,0.007619082,0.0049330154,-2.125424
10::single::vision::9,Negative,0.9875877,0.0075340355,0.004878344,-2.1263962
10::single::vision::10,Negative,0.98763424,0.0075078243,0.0048579387,-2.1283383
10::single::vision::11,Negative,0.9875535,0.0075636804,0.0048828484,-2.1273675
10::single::vision::12,Negative,0.98746145,0.007604521,0.004934055,-2.1263962
10::single::vision::13,Negative,0.9873566,0.007673327,0.004970061,-2.1234765
10::single::vision::14,Negative,0.9873095,0.0077211917,0.0049693063,-2.1225019
10::single::vision::15,Negative,0.98907703,0.0067096115,0.0042133527,-2.1494641
11::single::text::0,Negative,0.8787105,0.084885605,0.03640395,-0.86400735
11::single::text::1,Negative,0.8787105,0.084885605,0.03640395,-0.86400735
11::single::text::2,Negative,0.79611176,0.14983898,0.054049294,-0.6226566
11::single::text::3,Negative,0.8876791,0.077135876,0.035185017,-0.91389143
11::single::text::4,Negative,0.8266268,0.12011714,0.053256087,-0.71222186
11::single::text::5,Negative,0.8266268,0.12011714,0.053256087,-0.71222186
11::single::text::6,Negative,0.8776178,0.086705565,0.035676606,-0.8599757
11::single::text::7,Negative,0.8596401,0.09667879,0.043681186,-0.79092896
11::single::text::8,Negative,0.8816593,0.084777,0.033563662,-0.87876123
11::single::text::9,Negative,0.81277156,0.13809453,0.049133927,-0.686364
11::single::text::10,Negative,0.81277156,0.13809453,0.049133927,-0.686364
11::single::text::11,Negative,0.86579895,0.09424017,0.0399609,-0.81766665
11::single::text::12,Negative,0.88200307,0.0835243,0.034472566,-0.8796539
11::single::text::13,Negative,0.84353375,0.11241908,0.04404711,-0.75537324
11::single::text::14,Negative,0.8761326,0.083316684,0.040550772,-0.8644552
11::single::text::15,Negative,0.8761326,0.083316684,0.040550772,-0.8644552
11::single::text::16,Negative,0.8235527,0.12596403,0.0504832,-0.69514954
11::single::text::17,Negative,0.83208287,0.120463364,0.0474538,-0.706229
11::single::text::18,Negative,0.8691773,0.09304559,0.03777708,-0.8212815
11::single::text::19,Negative,0.84137404,0.11176103,0.04686495,-0.7507981
11::single::text::20,Negative,0.84137404,0.11176103,0.04686495,-0.7507981
11::single::text::21,Negative,0.8852306,0.078991726,0.035777714,-0.8876804
11::single::text::22,Negative,0.8763743,0.085332006,0.038293663,-0.86266387
11::single::text::23,Negative,0.8463018,0.10710284,0.04659542,-0.7558306
11::single::text::24,Negative,0.82137656,0.12666379,0.051959652,-0.69376314
11::single::text::25,Negative,0.82137656,0.12666379,0.051959652,-0.69376314
11::single::text::26,Negative,0.8407131,0.11381674,0.045470282,-0.7333788
11::single::text::27,Negative,0.8521521,0.10532077,0.042527154,-0.7763702
11::single::text::28,Negative,0.7897763,0.15483573,0.05538795,-0.6324618
11::single::text::29,Negative,0.85510516,0.10291278,0.041982044,-0.79274607
11::single::text::30,Negative,0.85510516,0.10291278,0.041982044,-0.79274607
11::single::text::31,Negative,0.8715008,0.09172269,0.036776505,-0.8501061
11::single::text::32,Negative,0.83177656,0.1224343,0.045789145,-0.7388854
11::single::text::33,Negative,0.8846355,0.07990567,0.03545881,-0.8881259
11::single::text::34,Negative,0.8498486,0.10695916,0.043192282,-0.7654253
11::single::text::35,Negative,0.8498486,0.10695916,0.043192282,-0.7654253
11::single::text::36,Negative,0.79095256,0.15202302,0.05702441,-0.6221893
11::single::text::37,Negative,0.8761066,0.08629508,0.037598267,-0.85235107
11::single::text::38,Negative,0.8847574,0.07999951,0.035243034,-0.89124334
11::single::text::39,Negative,0.90807974,0.06330615,0.02861409,-1.0011507
11::single::text::40,Negative,0.90807974,0.06330615,0.02861409,-1.0011507
11::single::text::41,Negative,0.85119843,0.10199296,0.046808597,-0.7585736
11::single::text::42,Negative,0.836655,0.11650652,0.04683848,-0.7209698
11::single::text::43,Negative,0.8754859,0.08669844,0.03781562,-0.8483096
11::single::audio::0,Negative,0.88549566,0.07865729,0.035847127,-0.8894622
11::single::audio::1,Negative,0.88419706,0.079810634,0.035992276,-0.8850064
11::single::audio::2,Negative,0.8826124,0.08136483,0.036022794,-0.8801002
11::single::audio::3,Negative,0.8832434,0.08096338,0.035793275,-0.88188493
11::single::audio::4,Negative,0.8846312,0.08006297,0.03530582,-0.885898
11::single::audio::5,Negative,0.88429964,0.079780154,0.035920218,-0.8845606
11::single::audio::6,Negative,0.8803165,0.08125004,0.03843341,-0.8725077
11::single::audio::7,Negative,0.88280505,0.080474496,0.03672045,-0.88143873
11::single::audio::8,Negative,0.8807083,0.08160781,0.037683968,-0.8734015
11::single::audio::9,Negative,0.88855165,0.07712335,0.034325063,-0.89613765
11::single::audio::10,Negative,0.8863995,0.078742504,0.03485799,-0.8894622
11::single::audio::11,Negative,0.88405097,0.080254085,0.035694852,-0.88411474
11::single::audio::12,Negative,0.87934506,0.083548635,0.03710625,-0.8698251
11::single::audio::13,Negative,0.8797765,0.08319765,0.037025813,-0.8711666
11::single::audio::14,Negative,0.880737,0.08254719,0.036715783,-0.87429523
11::single::audio::15,Negative,0.880382,0.08179095,0.03782708,-0.87384844
11::single::audio::16,Negative,0.8854188,0.07804124,0.036539968,-0.88901687
11::single::audio::17,Negative,0.885938,0.07774226,0.03631972,-0.88901687
11::single::audio::18,Negative,0.88413477,0.07954264,0.03632259,-0.882777
11::single::audio::19,Negative,0.88453907,0.07937004,0.0360909,-0.88411474
11::single::audio::20,Negative,0.8808018,0.08209935,0.037098844,-0.8734015
11::single::audio::21,Negative,0.8813514,0.081615135,0.0370334,-0.8751888
11::single::audio::22,Negative,0.881526,0.08137343,0.03710055,-0.8756355
11::single::audio::23,Negative,0.8852848,0.078623146,0.036092125,-0.88678926
11::single::audio::24,Negative,0.883497,0.07932854,0.03717449,-0.88188493
11::single::audio::25,Negative,0.88297594,0.080631085,0.036392994,-0.88099265
11::single::audio::26,Negative,0.8850796,0.07930876,0.0356117,-0.88678926
11::single::audio::27,Negative,0.8849808,0.079402626,0.035616577,-0.885898
11::single::audio::28,Negative,0.8826566,0.081137426,0.03620605,-0.87876123
11::single::audio::29,Negative,0.88195026,0.08168319,0.036366694,-0.87742186
11::single::audio::30,Negative,0.8804563,0.08277471,0.036768947,-0.8734015
11::single::audio::31,Negative,0.8771783,0.08654973,0.036271844,-0.8666934
11::single::audio::32,Negative,0.87737584,0.08647904,0.03614516,-0.8644552
11::single::audio::33,Negative,0.87266934,0.09015925,0.037171397,-0.8527999
11::single::audio::34,Negative,0.87307215,0.08977893,0.037149,-0.8541461
11::single::audio::35,Negative,0.87321067,0.0897398,0.03704949,-0.8545948
11::single::audio::36,Negative,0.8785749,0.084394515,0.037030656,-0.86937773
11::single::audio::37,Negative,0.87649214,0.08613008,0.03737785,-0.86400735
11::single::audio::38,Negative,0.87636864,0.08609934,0.03753207,-0.8635596
11::single::audio::39,Negative,0.87978053,0.08254337,0.037676096,-0.8716136
11::single::audio::40,Negative,0.8756259,0.08504934,0.039324824,-0.85773444
11::single::audio::41,Negative,0.87651366,0.085339166,0.038147118,-0.85907936
11::single::audio::42,Negative,0.8772576,0.08439024,0.038352214,-0.86221594
11::single::audio::43,Negative,0.88599265,0.077993795,0.03601355,-0.89124334
11::single::vision::0,Negative,0.8878496,0.077749595,0.034400795,-0.8983607
11::single::vision::1,Negative,0.8825216,0.08134211,0.03613623,-0.87652886
11::single::vision::2,Negative,0.88186955,0.081831366,0.03629912,-0.8756355
11::single::vision::3,Negative,0.8817499,0.08191715,0.036332946,-0.8751888
11::single::vision::4,Negative,0.8821186,0.08159768,0.036283754,-0.8756355
11::single::vision::5,Negative,0.8819429,0.08174513,0.03631196,-0.87652886
11::single::vision::6,Negative,0.8818622,0.08180015,0.036337588,-0.87652886
11::single::vision::7,Negative,0.88174367,0.081849344,0.036407024,-0.87474203
11::single::vision::8,Negative,0.8816932,0.08190201,0.03640492,-0.87429523
11::single::vision::9,Negative,0.8815704,0.081961885,0.036467735,-0.8751888
11::single::vision::10,Negative,0.88178635,0.08179504,0.036418606,-0.87474203
11::single::vision::11,Negative,0.88150585,0.08208067,0.036413494,-0.8751888
11::single::vision::12,Negative,0.8822663,0.08156263,0.03617105,-0.88099265
11::single::vision::13,Negative,0.8813299,0.08216393,0.036506154,-0.87429523
11::single::vision::14,Negative,0.8819869,0.08167035,0.036342748,-0.8769753
11::single::vision::15,Negative,0.88229877,0.081442185,0.03625903,-0.8778684
11::single::vision::16,Negative,0.88189185,0.08174363,0.03636452,-0.8760822
11::single::vision::17,Negative,0.88177997,0.081889145,0.036330868,-0.8756355
11::single::vision::18,Negative,0.8819305,0.08175811,0.036311433,-0.8756355
11::single::vision::19,Negative,0.8819748,0.08171521,0.03630996,-0.87652886
11::single::vision::20,Negative,0.8824775,0.08135303,0.03616957,-0.87742186
11::single::vision::21,Negative,0.88269967,0.08116022,0.036140136,-0.87831485
11::single::vision::22,Negative,0.8824361,0.08134465,0.036219154,-0.8751888
11::single::vision::23,Negative,0.88202596,0.08166548,0.03630855,-0.8734015
11::single::vision::24,Negative,0.8817599,0.081858665,0.036381554,-0.8751888
11::single::vision::25,Negative,0.88172567,0.08187468,0.036399744,-0.8751888
11::single::vision::26,Negative,0.8812548,0.08221268,0.03653251,-0.8756355
11::single::vision::27,Negative,0.88152844,0.08200894,0.036462706,-0.87652886
11::single::vision::28,Negative,0.8786151,0.08419375,0.03719108,-0.8716136
11::single::vision::29,Negative,0.87936354,0.08371662,0.03691979,-0.8725077
11::single::vision::30,Negative,0.87906843,0.08390923,0.037022367,-0.8716136
11::single::vision::31,Negative,0.8806936,0.082693346,0.036612995,-0.87429523
11::single::vision::32,Negative,0.8817836,0.081898466,0.036317956,-0.87474203
11::single::vision::33,Negative,0.88290584,0.08102911,0.036065068,-0.87742186
11::single::vision::34,Negative,0.8829793,0.080994286,0.03602641,-0.8778684
11::single::vision::35,Negative,0.8830879,0.08091004,0.03600214,-0.87876123
11::single::vision::36,Negative,0.88247967,0.08131224,0.036207993,-0.87652886
11::single::vision::37,Negative,0.8817923,0.08181505,0.036392704,-0.8756355
11::single::vision::38,Negative,0.8819051,0.08174293,0.036352005,-0.8760822
11::single::vision::39,Negative,0.88236004,0.08141091,0.036228962,-0.87652886
11::single::vision::40,Negative,0.8817824,0.08186419,0.036353458,-0.8756355
11::single::vision::41,Negative,0.8820426,0.0816609,0.03629649,-0.8769753
11::single::vision::42,Negative,0.8824055,0.081447,0.036147457,-0.87652886
11::single::vision::43,Negative,0.8892636,0.07671553,0.03402088,-0.9019153
12::single::text::0,Positive,0.0218702,0.35032454,0.62780523,0.39299232
12::single::text::1,Positive,0.0218702,0.35032454,0.62780523,0.39299232
12::single::text::2,Positive,0.017796233,0.3373995,0.64480424,0.42653394
12::single::text::3,Positive,0.020141898,0.33456102,0.64529717,0.40785933
12::single::text::4,Positive,0.021609508,0.33035612,0.6480344,0.40330544
12::single::text::5,Positive,0.017712422,0.33837315,0.64391446,0.4148063
12::single::text::6,Positive,0.017923523,0.35003227,0.63204426,0.41384834
12::single::text::7,Positive,0.017923523,0.35003227,0.63204426,0.41384834
12::single::text::8,Positive,0.018270507,0.31164476,0.6700847,0.43251237
12::single::text::9,Positive,0.018143438,0.33524713,0.64660937,0.42390233
12::single::text::10,Positive,0.017650634,0.31147823,0.67087114,0.43442476
12::single::text::11,Positive,0.020254537,0.34068263,0.6390628,0.40330544
12::single::text::12,Positive,0.021197705,0.32343405,0.65536827,0.40690076
12::single::text::13,Positive,0.021197705,0.32343405,0.65536827,0.40690076
12::single::text::14,Positive,0.020707604,0.34225294,0.6370395,0.40498343
12::single::text::15,Positive,0.020503446,0.33620888,0.64328766,0.4100158
12::single::text::16,Positive,0.021005692,0.36138406,0.6176103,0.36897212
12::single::text::17,Positive,0.022454936,0.34347135,0.63407373,0.396591
12::single::text::18,Positive,0.021879025,0.3071089,0.6710121,0.41744018
12::single::text::19,Positive,0.020616325,0.3687773,0.6106063,0.38435078
12::single::text::20,Positive,0.020616325,0.3687773,0.6106063,0.38435078
12::single::text::21,Positive,0.021327928,0.36308843,0.61558366,0.36849123
12::single::text::22,Positive,0.020386057,0.33659452,0.64301944,0.396591
12::single::text::23,Positive,0.021561267,0.36664927,0.6117894,0.3821894
12::single::text::24,Positive,0.019500114,0.3489982,0.6315018,0.4035452
12::single::text::25,Positive,0.020331286,0.35044038,0.6292283,0.3797874
12::single::text::26,Positive,0.020331286,0.35044038,0.6292283,0.3797874
12::single::text::27,Positive,0.020958673,0.32713366,0.6519077,0.40761968
12::single::text::28,Positive,0.022615679,0.29935935,0.678025,0.43394664
12::single::text::29,Positive,0.021109201,0.3252861,0.6536047,0.40042832
12::single::text::30,Positive,0.01985569,0.35861892,0.62152535,0.38603157
12::single::text::31,Positive,0.021698374,0.39626178,0.58203983,0.35862845
12::single::audio::0,Positive,0.020555127,0.3216524,0.65779245,0.42079148
12::single::audio::1,Positive,0.020294074,0.3308503,0.6488556,0.41289037
12::single::audio::2,Positive,0.02023532,0.33590612,0.64385855,0.40833855
12::single::audio::3,Positive,0.020252446,0.33996788,0.6397797,0.4054628
12::single::audio::4,Positive,0.020152386,0.32944375,0.65040386,0.41217178
12::single::audio::5,Positive,0.020012772,0.34644166,0.6335455,0.39994875
12::single::audio::6,Positive,0.020538375,0.35042477,0.62903684,0.39803016
12::single::audio::7,Positive,0.020058192,0.32503393,0.65490794,0.41624302
12::single::audio::8,Positive,0.020352261,0.3227268,0.6569209,0.41887656
12::single::audio::9,Positive,0.020284366,0.32837754,0.65133804,0.41360888
12::single::audio::10,Positive,0.020113677,0.32650208,0.65338427,0.41432735
12::single::audio::11,Positive,0.02012835,0.32067364,0.659198,0.41863722
12::single::audio::12,Positive,0.020277757,0.31155685,0.66816545,0.42270595
12::single::audio::13,Positive,0.020358125,0.3147438,0.66489816,0.42366308
12::single::audio::14,Positive,0.020246621,0.3249475,0.65480584,0.41600358
12::single::audio::15,Positive,0.020223394,0.322971,0.65680563,0.4169613
12::single::audio::16,Positive,0.020442588,0.3255317,0.6540257,0.41576415
12::single::audio::17,Positive,0.020294847,0.32809058,0.6516146,0.4150458
12::single::audio::18,Positive,0.020227859,0.32316008,0.6566121,0.41839778
12::single::audio::19,Positive,0.02021992,0.3316133,0.64816684,0.4116927
12::single::audio::20,Positive,0.020385664,0.32729518,0.6523192,0.41600358
12::single::audio::21,Positive,0.020281442,0.3180486,0.66166997,0.42103076
12::single::audio::22,Positive,0.020393612,0.3289974,0.650609,0.41360888
12::single::audio::23,Positive,0.02029455,0.33042234,0.6492832,0.4116927
12::single::audio::24,Positive,0.020464348,0.34223396,0.6373017,0.4035452
12::single::audio::25,Positive,0.020378692,0.325991,0.65363026,0.4150458
12::single::audio::26,Positive,0.020649793,0.33210224,0.6472479,0.41025537
12::single::audio::27,Positive,0.020273611,0.31783304,0.66189337,0.41863722
12::single::audio::28,Positive,0.020315515,0.32331672,0.65636784,0.41767958
12::single::audio::29,Positive,0.020243026,0.31963754,0.6601195,0.41959468
12::single::audio::30,Positive,0.020286378,0.32624742,0.6534662,0.4155247
12::single::audio::31,Positive,0.020578323,0.3235759,0.65584576,0.41935533
12::single::vision::0,Positive,0.0150341885,0.25063297,0.7343328,0.48829395
12::single::vision::1,Positive,0.015628202,0.25328046,0.7310914,0.48235017
12::single::vision::2,Positive,0.015628202,0.25328046,0.7310914,0.48235017
12::single::vision::3,Positive,0.015628202,0.25328046,0.7310914,0.48235017
12::single::vision::4,Positive,0.015628202,0.25328046,0.7310914,0.48235017
12::single::vision::5,Positive,0.015628202,0.25328046,0.7310914,0.48235017
12::single::vision::6,Positive,0.015628202,0.25328046,0.7310914,0.482588
12::single::vision::7,Positive,0.015628202,0.25328046,0.7310914,0.48235017
12::single::vision::8,Positive,0.015628202,0.25328046,0.7310914,0.48235017
12::single::vision::9,Positive,0.015628202,0.25328046,0.7310914,0.48235017
12::single::vision::10,Positive,0.015628202,0.25328046,0.7310914,0.48235017
12::single::vision::11,Positive,0.015628202,0.25328046,0.7310914,0.482588
12::single::vision::12,Positive,0.015628202,0.25328046,0.7310914,0.48235017
12::single::vision::13,Positive,0.015628202,0.25328046,0.7310914,0.482588
12::single::vision::14,Positive,0.015628202,0.25328046,0.7310914,0.482588
12::single::vision::15,Positive,0.015628202,0.25328046,0.7310914,0.482588
12::single::vision::16,Positive,0.015628202,0.25328046,0.7310914,0.482588
12::single::vision::17,Positive,0.015628202,0.25328046,0.7310914,0.482588
12::single::vision::18,Positive,0.015628202,0.25328046,0.7310914,0.482588
12::single::vision::19,Positive,0.015628202,0.25328046,0.7310914,0.482588
12::single::vision::20,Positive,0.015628202,0.25328046,0.7310914,0.482588
12::single::vision::21,Positive,0.015628202,0.25328046,0.7310914,0.482588
12::single::vision::22,Positive,0.015628202,0.25328046,0.7310914,0.482588
12::single::vision::23,Positive,0.015628202,0.25328046,0.7310914,0.48235017
12::single::vision::24,Positive,0.015628202,0.25328046,0.7310914,0.48235017
12::single::vision::25,Positive,0.015628202,0.25328046,0.7310914,0.48235017
12::single::vision::26,Positive,0.015628202,0.25328046,0.7310914,0.48235017
12::single::vision::27,Positive,0.015628202,0.25328046,0.7310914,0.48235017
12::single::vision::28,Positive,0.015628202,0.25328046,0.7310914,0.482588
12::single::vision::29,Positive,0.015628202,0.25328046,0.7310914,0.48235017
12::single::vision::30,Positive,0.015628202,0.25328046,0.7310914,0.482588
12::single::vision::31,Positive,0.015194058,0.23843324,0.7463727,0.4996949
13::single::text::0,Positive,0.017473526,0.3324126,0.6501139,0.56024206
13::single::text::1,Positive,0.017473526,0.3324126,0.6501139,0.56024206
13::single::text::2,Positive,0.016789466,0.37716863,0.60604185,0.5091844
13::single::text::3,Positive,0.016789466,0.37716863,0.60604185,0.5091844
13::single::text::4,Positive,0.01827782,0.35148114,0.63024104,0.5267123
13::single::text::5,Positive,0.01742908,0.3972813,0.5852896,0.4625892
13::single::text::6,Positive,0.01742908,0.3972813,0.5852896,0.4625892
13::single::text::7,Positive,0.01572693,0.35943654,0.6248365,0.52955115
13::single::text::8,Positive,0.016175462,0.339691,0.64413357,0.5101328
13::single::text::9,Positive,0.016175462,0.339691,0.64413357,0.5101328
13::single::text::10,Positive,0.01708643,0.37022793,0.6126857,0.5087102
13::single::text::11,Positive,0.015856082,0.30131012,0.68283373,0.55552816
13::single::text::12,Positive,0.015856082,0.30131012,0.68283373,0.55552816
13::single::text::13,Positive,0.018389247,0.36410353,0.61750716,0.51439923
13::single::text::14,Positive,0.01592352,0.3526823,0.63139415,0.5196108
13::single::text::15,Positive,0.01592352,0.3526823,0.63139415,0.5196108
13::single::text::16,Positive,0.01779443,0.36570972,0.61649585,0.50823593
13::single::text::17,Positive,0.016755553,0.3300774,0.653167,0.5550566
13::single::text::18,Positive,0.016755553,0.3300774,0.653167,0.5550566
13::single::text::19,Positive,0.018373614,0.3778643,0.60376203,0.4996949
13::single::text::20,Positive,0.018373614,0.3778643,0.60376203,0.4996949
13::single::text::21,Positive,0.017023124,0.36796716,0.61500967,0.5039665
13::single::text::22,Positive,0.015223385,0.34956858,0.635208,0.53947955
13::single::text::23,Positive,0.015223385,0.34956858,0.635208,0.53947955
13::single::text::24,Positive,0.018297635,0.36431992,0.61738247,0.5139253
13::single::text::25,Positive,0.01819247,0.3450683,0.63673913,0.53144324
13::single::text::26,Positive,0.01819247,0.3450683,0.63673913,0.53144324
13::single::text::27,Positive,0.016856227,0.3477977,0.6353461,0.5347532
13::single::text::28,Positive,0.016104164,0.29557973,0.68831605,0.5898732
13::single::text::29,Positive,0.016104164,0.29557973,0.68831605,0.5898732
13::single::text::30,Positive,0.018244863,0.37368545,0.60806966,0.5087102
13::single::text::31,Positive,0.016434807,0.36707258,0.6164926,0.49423376
13::single::text::32,Positive,0.016434807,0.36707258,0.6164926,0.49423376
13::single::text::33,Positive,0.01980683,0.37280473,0.6073885,0.47973365
13::single::text::34,Positive,0.017178373,0.37371323,0.60910845,0.49067035
13::single::text::35,Positive,0.017178373,0.37371323,0.60910845,0.49067035
13::single::text::36,Positive,0.017408,0.34531695,0.6372751,0.53191614
13::single::audio::0,Positive,0.018360589,0.34402162,0.6376178,0.5243458
13::single::audio::1,Positive,0.017919093,0.34404364,0.6380373,0.5167685
13::single::audio::2,Positive,0.018354304,0.35020715,0.6314385,0.5172423
13::single::audio::3,Positive,0.018459342,0.35063577,0.6309049,0.517716
13::single::audio::4,Positive,0.01858926,0.35073483,0.6306759,0.51913714
13::single::audio::5,Positive,0.018612185,0.3507419,0.63064593,0.5186635
13::single::audio::6,Positive,0.01861706,0.35200554,0.6293774,0.5181898
13::single::audio::7,Positive,0.018496098,0.3528722,0.6286317,0.51487315
13::single::audio::8,Positive,0.018602416,0.3540125,0.6273851,0.51582086
13::single::audio::9,Positive,0.018559437,0.34941843,0.6320221,0.5196108
13::single::audio::10,Positive,0.019273428,0.40654412,0.57418245,0.47783026
13::single::audio::11,Positive,0.018698627,0.35695377,0.6243477,0.51297736
13::single::audio::12,Positive,0.018633319,0.35776684,0.6235998,0.51297736
13::single::audio::13,Positive,0.01871475,0.359828,0.6214573,0.5110811
13::single::audio::14,Positive,0.0181582,0.32994825,0.6518936,0.5361714
13::single::audio::15,Positive,0.018470384,0.34270862,0.638821,0.52481914
13::single::audio::16,Positive,0.01844151,0.34774527,0.6338132,0.5215051
13::single::audio::17,Positive,0.018659458,0.35641086,0.6249298,0.51297736
13::single::audio::18,Positive,0.01855304,0.3554734,0.6259735,0.51487315
13::single::audio::19,Positive,0.01858041,0.34671223,0.63470733,0.52103156
13::single::audio::20,Positive,0.018418191,0.34426036,0.6373215,0.5238724
13::single::audio::21,Positive,0.01839249,0.3428432,0.63876426,0.5257658
13::single::audio::22,Positive,0.018450355,0.3509747,0.63057494,0.5186635
13::single::audio::23,Positive,0.01862891,0.35616273,0.6252084,0.51582086
13::single::audio::24,Positive,0.018440466,0.3440444,0.6375151,0.5271855
13::single::audio::25,Positive,0.01846642,0.34219676,0.6393368,0.52907807
13::single::audio::26,Positive,0.018476687,0.34175807,0.6397652,0.52907807
13::single::audio::27,Positive,0.018395033,0.34047577,0.64112926,0.5304972
13::single::audio::28,Positive,0.018233988,0.347179,0.63458705,0.52529246
13::single::audio::29,Positive,0.018610124,0.34152383,0.6398661,0.52765864
13::single::audio::30,Positive,0.01853833,0.35161138,0.62985027,0.51913714
13::single::audio::31,Positive,0.018555947,0.3517021,0.6297419,0.51913714
13::single::audio::32,Positive,0.018555947,0.3517021,0.6297419,0.5186635
13::single::audio::33,Positive,0.018532945,0.35659218,0.6248749,0.5139253
13::single::audio::34,Positive,0.018474367,0.3425376,0.6389881,0.52481914
13::single::audio::35,Positive,0.018412692,0.33067232,0.6509149,0.5347532
13::single::audio::36,Positive,0.018365813,0.3380418,0.64359236,0.52907807
13::single::vision::0,Positive,0.018522447,0.3541571,0.6273204,0.51487315
13::single::vision::1,Positive,0.018576762,0.35369554,0.6277277,0.51439923
13::single::vision::2,Positive,0.018548729,0.35445866,0.62699264,0.5139253
13::single::vision::3,Positive,0.018531565,0.35389164,0.6275768,0.515347
13::single::vision::4,Positive,0.0185203,0.35362604,0.6278537,0.51582086
13::single::vision::5,Positive,0.018517002,0.35335758,0.6281254,0.5162947
13::single::vision::6,Positive,0.01851176,0.3533184,0.6281699,0.5162947
13::single::vision::7,Positive,0.018487519,0.354252,0.62726045,0.51582086
13::single::vision::8,Positive,0.018484695,0.35434297,0.6271723,0.515347
13::single::vision::9,Positive,0.018481873,0.35443395,0.62708414,0.515347
13::single::vision::10,Positive,0.018517476,0.35371694,0.62776566,0.51487315
13::single::vision::11,Positive,0.018523855,0.35349375,0.6279825,0.51487315
13::single::vision::12,Positive,0.018530406,0.3538022,0.62766737,0.51487315
13::single::vision::13,Positive,0.018523121,0.35353515,0.6279418,0.51487315
13::single::vision::14,Positive,0.0185203,0.35362604,0.6278537,0.51487315
13::single::vision::15,Positive,0.018497493,0.35447714,0.6270254,0.5134513
13::single::vision::16,Positive,0.018538648,0.35486346,0.6265979,0.51297736
13::single::vision::17,Positive,0.01853624,0.35473317,0.62673056,0.51297736
13::single::vision::18,Positive,0.018536976,0.35469174,0.6267713,0.51297736
13::single::vision::19,Positive,0.018546388,0.35602432,0.6254293,0.5110811
13::single::vision::20,Positive,0.018528312,0.3538517,0.62762,0.51439923
13::single::vision::21,Positive,0.018532958,0.3532285,0.62823856,0.51582086
13::single::vision::22,Positive,0.018532299,0.35385025,0.6276175,0.51439923
13::single::vision::23,Positive,0.018531399,0.35336003,0.6281086,0.515347
13::single::vision::24,Positive,0.018535126,0.35375935,0.6277055,0.51439923
13::single::vision::25,Positive,0.018534392,0.35380074,0.62766486,0.51439923
13::single::vision::26,Positive,0.018535126,0.35375935,0.6277055,0.51439923
13::single::vision::27,Positive,0.018534392,0.35380074,0.62766486,0.51439923
13::single::vision::28,Positive,0.018534392,0.35380074,0.62766486,0.51487315
13::single::vision::29,Positive,0.018527841,0.35349226,0.62797993,0.51487315
13::single::vision::30,Positive,0.01853624,0.35473317,0.62673056,0.5134513
13::single::vision::31,Positive,0.018522657,0.3540336,0.6274437,0.51487315
13::single::vision::32,Positive,0.018515386,0.35376644,0.6277182,0.51487315
13::single::vision::33,Positive,0.018497825,0.35488594,0.62661624,0.5134513
13::single::vision::34,Positive,0.018521536,0.35452503,0.6269534,0.5139253
13::single::vision::35,Positive,0.01850533,0.3561706,0.6253241,0.5115552
13::single::vision::36,Positive,0.018521557,0.35366672,0.6278118,0.51582086
14::single::text::0,Positive,0.018405555,0.044397064,0.93719745,1.2965177
14::single::text::1,Positive,0.018405555,0.044397064,0.93719745,1.2965177
14::single::text::2,Positive,0.015429527,0.047799323,0.93677115,1.1996313
14::single::text::3,Positive,0.01786235,0.050171785,0.9319658,1.2168126
14::single::text::4,Positive,0.01786235,0.050171785,0.9319658,1.2168126
14::single::text::5,Positive,0.015536938,0.04416077,0.94030225,1.2741936
14::single::text::6,Positive,0.018397005,0.051295906,0.9303071,1.2078247
14::single::text::7,Positive,0.019933788,0.04741173,0.9326545,1.2492754
14::single::text::8,Positive,0.019933788,0.04741173,0.9326545,1.2492754
14::single::text::9,Positive,0.018666372,0.0465141,0.93481946,1.2941341
14::single::text::10,Positive,0.016447574,0.04689659,0.93665576,1.2282141
14::single::text::11,Positive,0.017132347,0.048737302,0.9341304,1.2045499
14::single::text::12,Positive,0.017132347,0.048737302,0.9341304,1.2045499
14::single::text::13,Positive,0.016973663,0.056907576,0.92611873,1.1450236
14::single::text::14,Positive,0.018561788,0.0685873,0.9128509,1.0193329
14::single::text::15,Positive,0.019155046,0.07064193,0.91020304,1.0011507
14::single::text::16,Positive,0.019155046,0.07064193,0.91020304,1.0011507
14::single::text::17,Positive,0.016756631,0.055836365,0.9274069,1.1224221
14::single::text::18,Positive,0.01680191,0.06351754,0.9196805,1.0656974
14::single::text::19,Positive,0.017536536,0.07596058,0.90650284,0.9863709
14::single::text::20,Positive,0.017536536,0.07596058,0.90650284,0.9863709
14::single::text::21,Positive,0.017142672,0.07621496,0.9066424,0.9662889
14::single::text::22,Positive,0.019672321,0.061484326,0.9188434,1.108115
14::single::audio::0,Positive,0.018857462,0.048681166,0.9324614,1.2282141
14::single::audio::1,Positive,0.018843766,0.04991115,0.93124515,1.2208894
14::single::audio::2,Positive,0.019399207,0.05135937,0.92924136,1.2159966
14::single::audio::3,Positive,0.019689621,0.055169925,0.9251404,1.1864774
14::single::audio::4,Positive,0.019264502,0.051788855,0.92894673,1.211096
14::single::audio::5,Positive,0.019558318,0.050989166,0.92945254,1.2192594
14::single::audio::6,Positive,0.019370623,0.051195092,0.92943424,1.2176284
14::single::audio::7,Positive,0.019090073,0.050238185,0.93067175,1.2192594
14::single::audio::8,Positive,0.019006662,0.04991468,0.9310787,1.2249608
14::single::audio::9,Positive,0.019111019,0.04971853,0.93117046,1.223333
14::single::audio::10,Positive,0.019061312,0.04972758,0.9312111,1.2225187
14::single::audio::11,Positive,0.019184826,0.049816452,0.9309987,1.2217042
14::single::audio::12,Positive,0.019263383,0.050245076,0.9304915,1.2208894
14::single::audio::13,Positive,0.018933725,0.050408386,0.9306578,1.2168126
14::single::audio::14,Positive,0.01915095,0.05022482,0.93062425,1.223333
14::single::audio::15,Positive,0.019143824,0.050334774,0.93052137,1.223333
14::single::audio::16,Positive,0.019432185,0.05094617,0.92962164,1.2217042
14::single::audio::17,Positive,0.0193038,0.04962034,0.9310758,1.2249608
14::single::audio::18,Positive,0.019747833,0.051436365,0.9288157,1.218444
14::single::audio::19,Positive,0.019694403,0.05138329,0.9289223,1.2217042
14::single::audio::20,Positive,0.019527474,0.05038227,0.9300902,1.2192594
14::single::audio::21,Positive,0.018967453,0.054069623,0.92696303,1.2004515
14::single::audio::22,Positive,0.01898181,0.048807018,0.9322112,1.2282141
14::single::vision::0,Positive,0.023065355,0.05887618,0.9180585,1.161668
14::single::vision::1,Positive,0.020003896,0.051713556,0.9282825,1.2094607
14::single::vision::2,Positive,0.019982336,0.05130494,0.9287127,1.211096
14::single::vision::3,Positive,0.020003408,0.05134379,0.9286528,1.211096
14::single::vision::4,Positive,0.01995206,0.05118563,0.92886233,1.2127304
14::single::vision::5,Positive,0.019951835,0.0511995,0.9288487,1.2127304
14::single::vision::6,Positive,0.019844659,0.050865177,0.9292902,1.2151804
14::single::vision::7,Positive,0.019928638,0.051267214,0.92880416,1.2119133
14::single::vision::8,Positive,0.019830097,0.051047757,0.9291221,1.2127304
14::single::vision::9,Positive,0.019992262,0.051620316,0.9283874,1.2078247
14::single::vision::10,Positive,0.019921618,0.051086772,0.9289917,1.2135473
14::single::vision::11,Positive,0.019956373,0.051246084,0.9287975,1.2127304
14::single::vision::12,Positive,0.020123431,0.05148912,0.9283875,1.2102785
14::single::vision::13,Positive,0.020031806,0.051281527,0.9286867,1.2127304
14::single::vision::14,Positive,0.019843984,0.051169343,0.92898667,1.2102785
14::single::vision::15,Positive,0.019656098,0.050984297,0.9293596,1.2119133
14::single::vision::16,Positive,0.019987475,0.051043868,0.9289686,1.211096
14::single::vision::17,Positive,0.020840522,0.056063667,0.9230958,1.1757499
14::single::vision::18,Positive,0.019699864,0.051106222,0.92919385,1.2143639
14::single::vision::19,Positive,0.019924525,0.05160411,0.9284714,1.2102785
14::single::vision::20,Positive,0.020029083,0.05196395,0.928007,1.2053689
14::single::vision::21,Positive,0.02001541,0.053018518,0.9269661,1.1988107
14::single::vision::22,Positive,0.022029877,0.056640215,0.92132986,1.1774027
15::single::text::0,Negative,0.97775674,0.009972292,0.012270978,-2.0613105
15::single::text::1,Negative,0.97775674,0.009972292,0.012270978,-2.0613105
15::single::text::2,Negative,0.98217523,0.008354053,0.009470739,-2.1437452
15::single::text::3,Negative,0.98217523,0.008354053,0.009470739,-2.1437452
15::single::text::4,Negative,0.97861516,0.010339851,0.0110450415,-2.0988305
15::single::text::5,Negative,0.9753412,0.0108254375,0.013833422,-2.042602
15::single::text::6,Negative,0.9753412,0.0108254375,0.013833422,-2.042602
15::single::text::7,Negative,0.97793424,0.010514577,0.011551107,-2.0278435
15::single::text::8,Negative,0.97793424,0.010514577,0.011551107,-2.0278435
15::single::text::9,Negative,0.9809377,0.008621254,0.010441044,-2.0958347
15::single::text::10,Negative,0.97896695,0.011601477,0.009431529,-2.0225277
15::single::text::11,Negative,0.97896695,0.011601477,0.009431529,-2.0225277
15::single::text::12,Negative,0.98053074,0.009250976,0.01021827,-2.0736165
15::single::audio::0,Negative,0.98224473,0.008030602,0.009724651,-2.1293077
15::single::audio::1,Negative,0.98016125,0.008958471,0.010880239,-2.1028116
15::single::audio::2,Negative,0.98058057,0.008822176,0.0105972625,-2.1097445
15::single::audio::3,Negative,0.98115146,0.008545028,0.010303415,-2.1166325
15::single::audio::4,Negative,0.9814433,0.008716516,0.009840201,-2.1215255
15::single::audio::5,Negative,0.9830826,0.007962255,0.008955204,-2.139915
15::single::audio::6,Negative,0.98129207,0.008724214,0.009983726,-2.1176128
15::single::audio::7,Negative,0.98333764,0.007636024,0.009026335,-2.139915
15::single::audio::8,Negative,0.9809933,0.008697772,0.010308985,-2.1156511
15::single::audio::9,Negative,0.979804,0.009289923,0.010906069,-2.101818
15::single::audio::10,Negative,0.9797122,0.009331571,0.010956235,-2.0978327
15::single::audio::11,Negative,0.98159784,0.008444299,0.009957858,-2.1225019
15::single::audio::12,Negative,0.98170877,0.008299716,0.009991551,-2.1244507
15::single::vision::0,Negative,0.98388684,0.0075182524,0.008594911,-2.1360703
15::single::vision::1,Negative,0.98061,0.008903562,0.01048635,-2.111717
15::single::vision::2,Negative,0.98052657,0.008920175,0.01055322,-2.1107311
15::single::vision::3,Negative,0.98052657,0.008920175,0.01055322,-2.1107311
15::single::vision::4,Negative,0.98061424,0.008889148,0.010496645,-2.1107311
15::single::vision::5,Negative,0.9800599,0.009103505,0.010836636,-2.1057882
15::single::vision::6,Negative,0.98010707,0.00908131,0.01081163,-2.1057882
15::single::vision::7,Negative,0.97982174,0.009229615,0.010948624,-2.104797
15::single::vision::8,Negative,0.98093307,0.0087475935,0.0103194155,-2.112702
15::single::vision::9,Negative,0.98170114,0.008398195,0.009900644,-2.1185925
15::single::vision::10,Negative,0.98233974,0.008255025,0.009405234,-2.1234765
15::single::vision::11,Negative,0.9810152,0.008710445,0.010274316,-2.112702
15::single::vision::12,Negative,0.9835076,0.0076750773,0.008817347,-2.1331775
16::single::text::0,Positive,0.00810595,0.025787728,0.9661063,1.6227887
16::single::text::1,Positive,0.00810595,0.025787728,0.9661063,1.6227887
16::single::text::2,Positive,0.008815598,0.025362276,0.9658221,1.6481824
16::single::text::3,Positive,0.008822194,0.023700245,0.9674775,1.6859804
16::single::text::4,Positive,0.008658453,0.024074446,0.9672671,1.6853123
16::single::text::5,Positive,0.0085865,0.024742648,0.9666709,1.6671771
16::single::text::6,Positive,0.008525366,0.02505419,0.9664204,1.6386132
16::single::text::7,Positive,0.008525366,0.02505419,0.9664204,1.6386132
16::single::text::8,Positive,0.008836649,0.024367254,0.96679616,1.669875
16::single::text::9,Positive,0.0088747125,0.025172962,0.9659523,1.6509075
16::single::text::10,Positive,0.008304924,0.027971916,0.9637231,1.5717123
16::single::text::11,Positive,0.008932033,0.024910012,0.9661579,1.663123
16::single::text::12,Positive,0.008940011,0.025437707,0.9656222,1.64272
16::single::text::13,Positive,0.008311168,0.028281461,0.9634073,1.5481997
16::single::text::14,Positive,0.008311168,0.028281461,0.9634073,1.5481997
16::single::text::15,Positive,0.00772095,0.028084774,0.96419424,1.5695856
16::single::text::16,Positive,0.008225807,0.02881082,0.96296334,1.5610573
16::single::text::17,Positive,0.0075696837,0.027274685,0.96515554,1.5893497
16::single::text::18,Positive,0.0069883033,0.029562978,0.96344876,1.516442
16::single::text::19,Positive,0.007414107,0.02780147,0.9647845,1.5631925
16::single::text::20,Positive,0.007414107,0.02780147,0.9647845,1.5631925
16::single::text::21,Positive,0.008230752,0.024400473,0.9673687,1.654988
16::single::text::22,Positive,0.008619055,0.025335224,0.96604574,1.6317489
16::single::text::23,Positive,0.008126421,0.025348142,0.96652544,1.6358703
16::single::text::24,Positive,0.009020359,0.024912782,0.96606684,1.6475004
16::single::text::25,Positive,0.00817487,0.027333034,0.9644921,1.5738368
16::single::audio::0,Positive,0.008866326,0.023669548,0.9674641,1.6806276
16::single::audio::1,Positive,0.008774561,0.023982735,0.9672428,1.6766027
16::single::audio::2,Positive,0.008723804,0.024066795,0.96720934,1.6745871
16::single::audio::3,Positive,0.008822891,0.024087869,0.9670893,1.6732421
16::single::audio::4,Positive,0.008825163,0.024387557,0.9667873,1.671896
16::single::audio::5,Positive,0.0087844655,0.02378235,0.9674332,1.675931
16::single::audio::6,Positive,0.008699213,0.02389551,0.9674053,1.6745871
16::single::audio::7,Positive,0.008788054,0.024056666,0.96715534,1.6739147
16::single::audio::8,Positive,0.008805579,0.024214316,0.9669801,1.671896
16::single::audio::9,Positive,0.008802458,0.02406933,0.9671283,1.6732421
16::single::audio::10,Positive,0.008788118,0.024072334,0.9671395,1.6712226
16::single::audio::11,Positive,0.008793349,0.024064597,0.96714205,1.671896
16::single::audio::12,Positive,0.008743248,0.024173126,0.96708363,1.671896
16::single::audio::13,Positive,0.008787816,0.024086114,0.967126,1.6739147
16::single::audio::14,Positive,0.008843099,0.024408035,0.9667489,1.671896
16::single::audio::15,Positive,0.0087664435,0.023846189,0.9673874,1.6772742
16::single::audio::16,Positive,0.008799604,0.023808295,0.9673921,1.6786165
16::single::audio::17,Positive,0.008802214,0.024207802,0.96699,1.6739147
16::single::audio::18,Positive,0.008765678,0.025008881,0.9662254,1.6665022
16::single::audio::19,Positive,0.008866524,0.029134078,0.9619994,1.6461358
16::single::audio::20,Positive,0.008753468,0.024666304,0.9665802,1.6685266
16::single::audio::21,Positive,0.008819761,0.02375114,0.96742904,1.6772742
16::single::audio::22,Positive,0.008803131,0.024111306,0.9670856,1.6732421
16::single::audio::23,Positive,0.008793125,0.024564791,0.9666421,1.6692009
16::single::audio::24,Positive,0.008809492,0.024641398,0.9665491,1.6685266
16::single::audio::25,Positive,0.0088586295,0.023742918,0.96739846,1.6786165
16::single::vision::0,Positive,0.009261472,0.024713367,0.96602523,1.6658267
16::single::vision::1,Positive,0.008827919,0.024269417,0.9669026,1.6732421
16::single::vision::2,Positive,0.008775372,0.024048315,0.9671763,1.6752591
16::single::vision::3,Positive,0.008784452,0.024081856,0.96713364,1.6732421
16::single::vision::4,Positive,0.008852553,0.024275124,0.96687233,1.669875
16::single::vision::5,Positive,0.008843025,0.024289101,0.96686786,1.669875
16::single::vision::6,Positive,0.008783449,0.024099866,0.9671167,1.6745871
16::single::vision::7,Positive,0.008846531,0.024279628,0.9668739,1.6712226
16::single::vision::8,Positive,0.008757797,0.024125647,0.96711653,1.672569
16::single::vision::9,Positive,0.008804509,0.024114275,0.9670811,1.6745871
16::single::vision::10,Positive,0.008787951,0.024068132,0.96714395,1.6745871
16::single::vision::11,Positive,0.008780393,0.024059016,0.9671606,1.6739147
16::single::vision::12,Positive,0.00884334,0.024155652,0.9670011,1.6739147
16::single::vision::13,Positive,0.008824904,0.024118768,0.96705633,1.6739147
16::single::vision::14,Positive,0.008804427,0.024121432,0.96707404,1.6732421
16::single::vision::15,Positive,0.008815309,0.024141993,0.96704274,1.6739147
16::single::vision::16,Positive,0.00880749,0.024162367,0.9670301,1.6739147
16::single::vision::17,Positive,0.008773877,0.024127427,0.9670987,1.6739147
16::single::vision::18,Positive,0.008815473,0.024127668,0.9670568,1.6732421
16::single::vision::19,Positive,0.008758742,0.024018066,0.9672232,1.6752591
16::single::vision::20,Positive,0.008741633,0.024045119,0.9672133,1.6752591
16::single::vision::21,Positive,0.008749329,0.02402974,0.9672209,1.6745871
16::single::vision::22,Positive,0.00874934,0.024027575,0.96722305,1.6745871
16::single::vision::23,Positive,0.008751133,0.02401392,0.96723497,1.6745871
16::single::vision::24,Positive,0.008790871,0.024219759,0.96698934,1.671896
16::single::vision::25,Positive,0.009355103,0.024754899,0.96589,1.6644756
17::single::text::0,Neutral,0.36291233,0.56750023,0.069587395,-0.181419
17::single::text::1,Neutral,0.36291233,0.56750023,0.069587395,-0.181419
17::single::text::2,Neutral,0.3222351,0.59801924,0.07974567,-0.15196943
17::single::text::3,Neutral,0.282821,0.64341056,0.07376837,-0.13467504
17::single::text::4,Neutral,0.30893815,0.6083641,0.08269777,-0.13881682
17::single::text::5,Neutral,0.33247572,0.59354436,0.07397988,-0.16450767
17::single::text::6,Neutral,0.34056944,0.58867556,0.07075501,-0.16949704
17::single::text::7,Neutral,0.3122857,0.6074581,0.08025625,-0.1416183
17::single::text::8,Neutral,0.33537978,0.58783007,0.076790124,-0.16122149
17::single::text::9,Neutral,0.30178428,0.616361,0.081854664,-0.1327258
17::single::text::10,Neutral,0.32689345,0.5968569,0.07624968,-0.1550132
17::single::text::11,Neutral,0.30099508,0.6232827,0.075722165,-0.14149651
17::single::text::12,Neutral,0.33244395,0.59186906,0.075686954,-0.1550132
17::single::text::13,Neutral,0.33244395,0.59186906,0.075686954,-0.1550132
17::single::text::14,Neutral,0.35362914,0.5689875,0.0773834,-0.17047046
17::single::text::15,Neutral,0.30466446,0.62363803,0.07169745,-0.14965595
17::single::text::16,Neutral,0.39584762,0.51161426,0.0925381,-0.17582367
17::single::text::17,Neutral,0.27253234,0.64529234,0.08217534,-0.117920175
17::single::text::18,Neutral,0.33332175,0.57987463,0.08680359,-0.1456374
17::single::text::19,Neutral,0.30294687,0.61513686,0.081916265,-0.13016726
17::single::text::20,Neutral,0.28814757,0.6291711,0.08268132,-0.12200299
17::single::text::21,Neutral,0.22158736,0.69032025,0.08809245,-0.07359363
17::single::text::22,Neutral,0.3097809,0.60377085,0.08644826,-0.13662419
17::single::text::23,Neutral,0.13829005,0.79182094,0.069888934,-0.02862462
17::single::text::24,Neutral,0.32487333,0.59863406,0.076492615,-0.15160415
17::single::text::25,Neutral,0.34358445,0.57854897,0.077866554,-0.16535957
17::single::text::26,Neutral,0.34358445,0.57854897,0.077866554,-0.16535957
17::single::text::27,Neutral,0.27263826,0.64240116,0.0849606,-0.111033246
17::single::text::28,Neutral,0.21453676,0.69872355,0.0867397,-0.0744476
17::single::text::29,Neutral,0.24977328,0.66636086,0.083865836,-0.09432925
17::single::text::30,Neutral,0.2413026,0.67116565,0.0875318,-0.08560908
17::single::text::31,Neutral,0.28734422,0.6251341,0.08752164,-0.11493395
17::single::text::32,Neutral,0.2350557,0.68234,0.08260424,-0.08939004
17::single::text::33,Neutral,0.21806514,0.6984039,0.08353095,-0.07951018
17::single::text::34,Neutral,0.28979144,0.62549317,0.08471543,-0.11919992
17::single::text::35,Neutral,0.19485886,0.7185822,0.0865589,-0.05825074
17::single::text::36,Neutral,0.21768063,0.6996944,0.08262491,-0.07664348
17::single::text::37,Neutral,0.2290332,0.68811226,0.08285452,-0.09048769
17::single::text::38,Neutral,0.2290332,0.68811226,0.08285452,-0.09048769
17::single::text::39,Neutral,0.2939617,0.62394106,0.08209718,-0.12773034
17::single::text::40,Neutral,0.24307807,0.67269754,0.08422444,-0.1022553
17::single::text::41,Neutral,0.23107934,0.6875427,0.08137797,-0.09134139
17::single::text::42,Neutral,0.2770202,0.64130795,0.081671946,-0.11261797
17::single::text::43,Neutral,0.32850283,0.5891721,0.082325034,-0.14941242
17::single::text::44,Neutral,0.2085145,0.70606005,0.085425474,-0.06840856
17::single::text::45,Neutral,0.21477243,0.70282984,0.082397655,-0.074935585
17::single::text::46,Neutral,0.22627772,0.6898258,0.083896525,-0.08347454
17::single::text::47,Neutral,0.26489162,0.65598273,0.07912566,-0.11011896
17::single::text::48,Neutral,0.28571302,0.6331773,0.081109695,-0.12316072
17::single::text::49,Neutral,0.29005736,0.6322838,0.07765894,-0.13589327
17::single::audio::0,Neutral,0.30959034,0.6076468,0.08276284,-0.13455322
17::single::audio::1,Neutral,0.31707639,0.59980714,0.083116494,-0.13796413
17::single::audio::2,Neutral,0.31282103,0.6049245,0.08225447,-0.13711146
17::single::audio::3,Neutral,0.31700474,0.59636414,0.08663109,-0.13504052
17::single::audio::4,Neutral,0.36821833,0.51533556,0.11644611,-0.13564964
17::single::audio::5,Neutral,0.30971253,0.6095582,0.080729224,-0.13747689
17::single::audio::6,Neutral,0.30991724,0.608618,0.08146466,-0.13638055
17::single::audio::7,Neutral,0.3047349,0.6179121,0.07735297,-0.1385732
17::single::audio::8,Neutral,0.30571097,0.61384755,0.080441475,-0.13564964
17::single::audio::9,Neutral,0.3091746,0.6102813,0.080544144,-0.13662419
17::single::audio::10,Neutral,0.31394246,0.6059885,0.08006902,-0.13966948
17::single::audio::11,Neutral,0.30597952,0.6143045,0.079716,-0.13650237
17::single::audio::12,Neutral,0.3093514,0.60903704,0.08161154,-0.1361369
17::single::audio::13,Neutral,0.3099036,0.60859406,0.08150237,-0.13711146
17::single::audio::14,Neutral,0.31026018,0.60791636,0.08182345,-0.136746
17::single::audio::15,Neutral,0.30716008,0.6116943,0.081145674,-0.13589327
17::single::audio::16,Neutral,0.3088669,0.6104104,0.08072273,-0.13686782
17::single::audio::17,Neutral,0.30805618,0.6117605,0.08018326,-0.136746
17::single::audio::18,Neutral,0.30821455,0.61155105,0.08023443,-0.136746
17::single::audio::19,Neutral,0.30864653,0.6095881,0.081765436,-0.13528417
17::single::audio::20,Neutral,0.30973452,0.6083261,0.08193942,-0.13589327
17::single::audio::21,Neutral,0.30934465,0.6088296,0.081825756,-0.1360151
17::single::audio::22,Neutral,0.30845955,0.6101494,0.0813911,-0.1360151
17::single::audio::23,Neutral,0.30692202,0.6119178,0.08116022,-0.13540599
17::single::audio::24,Neutral,0.30766112,0.611132,0.08120686,-0.1360151
17::single::audio::25,Neutral,0.30789548,0.61090875,0.08119579,-0.13625874
17::single::audio::26,Neutral,0.30484626,0.61414987,0.08100388,-0.13479687
17::single::audio::27,Neutral,0.30604345,0.61255974,0.081396796,-0.13455322
17::single::audio::28,Neutral,0.3066206,0.6130625,0.08031683,-0.13638055
17::single::audio::29,Neutral,0.30689445,0.61286724,0.08023832,-0.13625874
17::single::audio::30,Neutral,0.30688763,0.6129662,0.08014622,-0.13577145
17::single::audio::31,Neutral,0.31628528,0.60310286,0.080611795,-0.13991308
17::single::audio::32,Neutral,0.3042756,0.61362183,0.08210251,-0.1330913
17::single::audio::33,Neutral,0.3102756,0.6091652,0.08055922,-0.138695
17::single::audio::34,Neutral,0.3081771,0.6112063,0.080616646,-0.13759871
17::single::audio::35,Neutral,0.301976,0.61619854,0.08182538,-0.13406593
17::single::audio::36,Neutral,0.3074833,0.610754,0.08176271,-0.13540599
17::single::audio::37,Neutral,0.30847824,0.6106116,0.08091018,-0.13638055
17::single::audio::38,Neutral,0.30908743,0.60957223,0.08134033,-0.13625874
17::single::audio::39,Neutral,0.30746192,0.6113579,0.08118016,-0.1355278
17::single::audio::40,Neutral,0.3100751,0.60934764,0.08057728,-0.13735507
17::single::audio::41,Neutral,0.30436328,0.6158372,0.07979952,-0.13516235
17::single::audio::42,Neutral,0.31254435,0.6072182,0.08023749,-0.13784233
17::single::audio::43,Neutral,0.30951357,0.61319184,0.077294566,-0.14015669
17::single::audio::44,Neutral,0.31157312,0.60644186,0.08198509,-0.13638055
17::single::audio::45,Neutral,0.30240488,0.61555827,0.08203691,-0.13126379
17::single::audio::46,Neutral,0.3009352,0.6149951,0.08406971,-0.12858328
17::single::audio::47,Neutral,0.30075443,0.6153486,0.08389702,-0.12870514
17::single::audio::48,Neutral,0.30185288,0.6126207,0.08552643,-0.12760851
17::single::audio::49,Neutral,0.3070246,0.60937494,0.08360043,-0.13236031
17::single::vision::0,Neutral,0.3197282,0.6038219,0.07644991,-0.14916888
17::single::vision::1,Neutral,0.306862,0.61186635,0.081271686,-0.1355278
17::single::vision::2,Neutral,0.3065425,0.61194205,0.08151545,-0.1355278
17::single::vision::3,Neutral,0.30702972,0.61139566,0.08157463,-0.1355278
17::single::vision::4,Neutral,0.30797866,0.6105956,0.081425734,-0.13638055
17::single::vision::5,Neutral,0.3080034,0.6105259,0.08147074,-0.13638055
17::single::vision::6,Neutral,0.30808252,0.61041677,0.08150069,-0.13638055
17::single::vision::7,Neutral,0.30696723,0.6114613,0.08157151,-0.13540599
17::single::vision::8,Neutral,0.3063476,0.6121465,0.081505954,-0.13504052
17::single::vision::9,Neutral,0.3061572,0.6122924,0.0815504,-0.1349187
17::single::vision::10,Neutral,0.30660045,0.6118546,0.08154498,-0.13504052
17::single::vision::11,Neutral,0.30663556,0.61181235,0.08155211,-0.13528417
17::single::vision::12,Neutral,0.30663267,0.61180395,0.0815634,-0.13528417
17::single::vision::13,Neutral,0.30654347,0.6118355,0.08162097,-0.13528417
17::single::vision::14,Neutral,0.30678475,0.61158097,0.08163424,-0.13528417
17::single::vision::15,Neutral,0.30761573,0.6108137,0.08157061,-0.13589327
17::single::vision::16,Neutral,0.30740786,0.6110432,0.081548914,-0.13577145
17::single::vision::17,Neutral,0.30734807,0.61109614,0.0815558,-0.13564964
17::single::vision::18,Neutral,0.3073713,0.61108124,0.08154743,-0.13577145
17::single::vision::19,Neutral,0.307307,0.61117136,0.08152165,-0.13540599
17::single::vision::20,Neutral,0.30806798,0.61059594,0.08133603,-0.13625874
17::single::vision::21,Neutral,0.30809644,0.61046624,0.0814373,-0.13625874
17::single::vision::22,Neutral,0.30812255,0.6104181,0.08145938,-0.13625874
17::single::vision::23,Neutral,0.31132504,0.60832,0.08035496,-0.138695
17::single::vision::24,Neutral,0.31084067,0.60888594,0.08027342,-0.13820776
17::single::vision::25,Neutral,0.3108822,0.6087525,0.080365285,-0.13832958
17::single::vision::26,Neutral,0.30718115,0.6119931,0.08082576,-0.13516235
17::single::vision::27,Neutral,0.30493307,0.61406565,0.08100129,-0.13370045
17::single::vision::28,Neutral,0.30585188,0.6139757,0.08017239,-0.1349187
17::single::vision::29,Neutral,0.3036323,0.6155384,0.08082927,-0.13296947
17::single::vision::30,Neutral,0.3054971,0.61310124,0.08140168,-0.13455322
17::single::vision::31,Neutral,0.30582702,0.612617,0.081555985,-0.13479687
17::single::vision::32,Neutral,0.30634797,0.61211777,0.081534274,-0.13504052
17::single::vision::33,Neutral,0.30632585,0.6121655,0.08150867,-0.13504052
17::single::vision::34,Neutral,0.3079282,0.6108146,0.08125728,-0.13650237
17::single::vision::35,Neutral,0.3069951,0.6114894,0.081515476,-0.13577145
17::single::vision::36,Neutral,0.3057952,0.61269796,0.08150681,-0.13479687
17::single::vision::37,Neutral,0.3055875,0.6130149,0.08139762,-0.13455322
17::single::vision::38,Neutral,0.30619034,0.61228585,0.08152382,-0.1349187
17::single::vision::39,Neutral,0.30650476,0.6118464,0.081648864,-0.13516235
17::single::vision::40,Neutral,0.30755863,0.61085385,0.081587516,-0.1360151
17::single::vision::41,Neutral,0.30780822,0.61062175,0.08157001,-0.1360151
17::single::vision::42,Neutral,0.30279243,0.614148,0.08305954,-0.13041094
17::single::vision::43,Neutral,0.29961067,0.61677194,0.083617404,-0.1271211
17::single::vision::44,Neutral,0.3032294,0.61499226,0.08177837,-0.13175113
17::single::vision::45,Neutral,0.2990853,0.61697024,0.08394454,-0.12675555
17::single::vision::46,Neutral,0.30339473,0.6145332,0.08207207,-0.13296947
17::single::vision::47,Neutral,0.30310997,0.6145998,0.08229016,-0.13223848
17::single::vision::48,Neutral,0.30280507,0.6152484,0.08194651,-0.13248214
17::single::vision::49,Neutral,0.32073483,0.6029803,0.07628489,-0.15014301
18::single::text::0,Negative,0.48471668,0.12921697,0.38606638,0.32247972
18::single::text::1,Negative,0.48471668,0.12921697,0.38606638,0.32247972
18::single::text::2,Positive,0.42129254,0.13560013,0.44310728,0.4116927
18::single::text::3,Negative,0.45165643,0.14177407,0.40656954,0.34562653
18::single::text::4,Negative,0.42403466,0.15789324,0.4180721,0.34707183
18::single::text::5,Positive,0.3946346,0.12692824,0.47843713,0.5049154
18::single::text::6,Positive,0.3946346,0.12692824,0.47843713,0.5049154
18::single::text::7,Negative,0.5151402,0.12540133,0.35945845,0.26905057
18::single::text::8,Positive,0.38773158,0.13709566,0.47517276,0.49827063
18::single::text::9,Positive,0.40202862,0.14416942,0.45380205,0.40258622
18::single::text::10,Positive,0.3969065,0.1241854,0.47890806,0.49114555
18::single::text::11,Positive,0.3969065,0.1241854,0.47890806,0.49114555
18::single::text::12,Positive,0.40542126,0.12138877,0.47318995,0.49423376
18::single::text::13,Positive,0.28276247,0.11930889,0.59792864,0.69514954
18::single::text::14,Positive,0.31505343,0.12170847,0.56323814,0.68219817
18::single::text::15,Positive,0.33749157,0.12754855,0.5349598,0.6095614
18::single::text::16,Positive,0.33749157,0.12754855,0.5349598,0.6095614
18::single::text::17,Positive,0.34697992,0.12806305,0.52495706,0.5964419
18::single::text::18,Negative,0.49068302,0.1053347,0.40398228,0.40833855
18::single::text::19,Positive,0.35519475,0.12487577,0.5199295,0.56683683
18::single::text::20,Positive,0.32562858,0.12829995,0.5460714,0.60768867
18::single::text::21,Positive,0.32562858,0.12829995,0.5460714,0.60768867
18::single::text::22,Positive,0.22380173,0.13217434,0.6440239,0.75262856
18::single::text::23,Positive,0.34679627,0.1313,0.52190375,0.57859886
18::single::text::24,Positive,0.33179298,0.133423,0.5347841,0.5776586
18::single::text::25,Positive,0.38898152,0.119538195,0.49148023,0.5418416
18::single::text::26,Positive,0.38898152,0.119538195,0.49148023,0.5418416
18::single::text::27,Positive,0.28936118,0.12729156,0.58334726,0.68219817
18::single::text::28,Positive,0.31729847,0.12743285,0.55526865,0.6179825
18::single::text::29,Positive,0.3462655,0.13269415,0.5210403,0.5691907
18::single::text::30,Positive,0.31344497,0.12866415,0.55789095,0.6151766
18::single::text::31,Positive,0.31344497,0.12866415,0.55789095,0.6151766
18::single::text::32,Positive,0.2757876,0.11866149,0.60555094,0.6891397
18::single::text::33,Positive,0.36266568,0.12271045,0.51462376,0.5484519
18::single::text::34,Positive,0.40254945,0.13332488,0.46412575,0.45615193
18::single::text::35,Positive,0.4216702,0.12862638,0.44970345,0.4387262
18::single::text::36,Positive,0.4216702,0.12862638,0.44970345,0.4387262
18::single::text::37,Negative,0.45752925,0.12706652,0.41540423,0.3641622
18::single::text::38,Negative,0.4405135,0.12365081,0.43583578,0.4298823
18::single::text::39,Positive,0.41308346,0.13794766,0.44896886,0.44684613
18::single::text::40,Negative,0.46732152,0.12425791,0.40842056,0.38363037
18::single::audio::0,Positive,0.3905217,0.122000724,0.48747757,0.535226
18::single::audio::1,Positive,0.3915226,0.12118199,0.4872954,0.5304972
18::single::audio::2,Positive,0.38540164,0.122515514,0.4920828,0.53711677
18::single::audio::3,Positive,0.3901984,0.12248573,0.48731583,0.53238904
18::single::audio::4,Positive,0.37281427,0.12142959,0.50575614,0.5578854
18::single::audio::5,Positive,0.3717459,0.12228964,0.50596446,0.5564711
18::single::audio::6,Positive,0.39168906,0.12634274,0.48196822,0.5219786
18::single::audio::7,Positive,0.39541167,0.12659359,0.4779948,0.5181898
18::single::audio::8,Positive,0.3955469,0.123589456,0.48086372,0.523399
18::single::audio::9,Positive,0.39823183,0.12285185,0.4789163,0.523399
18::single::audio::10,Positive,0.3992342,0.12738362,0.4733822,0.51913714
18::single::audio::11,Positive,0.40701666,0.1392755,0.4537078,0.48805627
18::single::audio::12,Positive,0.41015428,0.12507746,0.4647683,0.4996949
18::single::audio::13,Positive,0.40981498,0.124569274,0.46561572,0.501119
18::single::audio::14,Positive,0.40701917,0.12589678,0.46708405,0.503492
18::single::audio::15,Positive,0.39584583,0.12509067,0.4790635,0.517716
18::single::audio::16,Positive,0.39428556,0.12777606,0.47793835,0.51487315
18::single::audio::17,Positive,0.3906761,0.1250009,0.48432297,0.52481914
18::single::audio::18,Positive,0.39078543,0.12537448,0.4838401,0.52481914
18::single::audio::19,Positive,0.38752997,0.12540165,0.48706838,0.52907807
18::single::audio::20,Positive,0.38965157,0.12437926,0.48596922,0.528605
18::single::audio::21,Positive,0.39441082,0.124754205,0.48083502,0.52103156
18::single::audio::22,Positive,0.3929382,0.12351836,0.4835434,0.526239
18::single::audio::23,Positive,0.39647102,0.12293341,0.48059553,0.523399
18::single::audio::24,Positive,0.39750564,0.1232911,0.47920334,0.5215051
18::single::audio::25,Positive,0.39494613,0.1238519,0.48120195,0.5243458
18::single::audio::26,Positive,0.39765453,0.12340239,0.47894305,0.5215051
18::single::audio::27,Positive,0.396728,0.12257138,0.4807006,0.5243458
18::single::audio::28,Positive,0.39589685,0.12103516,0.48306796,0.52813184
18::single::audio::29,Positive,0.39965698,0.120452926,0.4798901,0.52292556
18::single::audio::30,Positive,0.39959362,0.12065405,0.47975233,0.5224521
18::single::audio::31,Positive,0.39846858,0.12078293,0.48074853,0.5238724
18::single::audio::32,Positive,0.39331645,0.12181699,0.48486656,0.52907807
18::single::audio::33,Positive,0.39233828,0.12002951,0.48763227,0.535226
18::single::audio::34,Positive,0.38863853,0.1149804,0.4963811,0.55081135
18::single::audio::35,Positive,0.39391416,0.118823774,0.48726198,0.5361714
18::single::audio::36,Positive,0.39458042,0.121985264,0.48343426,0.52907807
18::single::audio::37,Positive,0.39479548,0.12207165,0.4831329,0.528605
18::single::audio::38,Positive,0.39125293,0.12084544,0.48790163,0.5347532
18::single::audio::39,Positive,0.3866845,0.1204037,0.49291176,0.54042447
18::single::audio::40,Positive,0.3905701,0.12222455,0.48720533,0.5356988
18::single::vision::0,Negative,0.4499811,0.12058448,0.4294344,0.44827837
18::single::vision::1,Positive,0.3829304,0.1238268,0.4932428,0.542314
18::single::vision::2,Positive,0.3820529,0.12335803,0.49458906,0.54467523
18::single::vision::3,Positive,0.3910764,0.12318978,0.48573384,0.532862
18::single::vision::4,Positive,0.3848293,0.12362802,0.49154267,0.53995204
18::single::vision::5,Positive,0.38669655,0.12370822,0.4895952,0.5366441
18::single::vision::6,Positive,0.3846678,0.12364334,0.4916889,0.539007
18::single::vision::7,Positive,0.38362733,0.12354317,0.4928295,0.5413693
18::single::vision::8,Positive,0.39356375,0.12341746,0.4830189,0.52907807
18::single::vision::9,Positive,0.38627315,0.12340092,0.49032593,0.53947955
18::single::vision::10,Positive,0.3816529,0.12341848,0.49492863,0.5451474
18::single::vision::11,Positive,0.3842231,0.1234031,0.49237373,0.5408969
18::single::vision::12,Positive,0.3896213,0.12347359,0.4869051,0.53380764
18::single::vision::13,Positive,0.38966432,0.12345681,0.48687887,0.5342805
18::single::vision::14,Positive,0.38430858,0.12339784,0.49229354,0.5408969
18::single::vision::15,Positive,0.384381,0.12349513,0.49212384,0.54042447
18::single::vision::16,Positive,0.38741854,0.123455204,0.48912627,0.5366441
18::single::vision::17,Positive,0.39958778,0.12345304,0.4769592,0.5186635
18::single::vision::18,Positive,0.40034175,0.1234511,0.47620723,0.5181898
18::single::vision::19,Positive,0.38352746,0.12360105,0.49287152,0.5418416
18::single::vision::20,Positive,0.38861394,0.12437275,0.48701334,0.5309702
18::single::vision::21,Positive,0.38914847,0.12437551,0.486476,0.52955115
18::single::vision::22,Positive,0.38993967,0.12441754,0.4856428,0.52813184
18::single::vision::23,Positive,0.39317918,0.12457964,0.48224115,0.523399
18::single::vision::24,Positive,0.39392275,0.12365718,0.4824201,0.5267123
18::single::vision::25,Positive,0.3879653,0.1235926,0.48844212,0.5347532
18::single::vision::26,Positive,0.38723016,0.123655275,0.48911452,0.5361714
18::single::vision::27,Positive,0.38801888,0.123669796,0.48831135,0.535226
18::single::vision::28,Positive,0.38786647,0.12368624,0.4884473,0.5347532
18::single::vision::29,Positive,0.3876722,0.123559356,0.48876852,0.5356988
18::single::vision::30,Positive,0.38750637,0.12355989,0.48893377,0.5356988
18::single::vision::31,Positive,0.38740566,0.123581104,0.48901322,0.5361714
18::single::vision::32,Positive,0.3885773,0.12357579,0.48784694,0.5342805
18::single::vision::33,Positive,0.39084178,0.123601854,0.4855564,0.5309702
18::single::vision::34,Positive,0.39046496,0.123566404,0.4859687,0.53144324
18::single::vision::35,Positive,0.3852134,0.12385441,0.49093226,0.5366441
18::single::vision::36,Positive,0.38356656,0.12383144,0.492602,0.53947955
18::single::vision::37,Positive,0.3835349,0.12380999,0.4926551,0.53947955
18::single::vision::38,Positive,0.390515,0.12377522,0.48570973,0.5309702
18::single::vision::39,Positive,0.37977856,0.12367537,0.49654606,0.5475079
18::single::vision::40,Negative,0.4522103,0.12030474,0.42748505,0.44565243
19::single::text::0,Positive,0.013970094,0.11126474,0.87476516,0.979397
19::single::text::1,Positive,0.013970094,0.11126474,0.87476516,0.979397
19::single::text::2,Positive,0.014374448,0.11661628,0.8690094,0.9535787
19::single::text::3,Positive,0.014724426,0.132109,0.8531666,0.88099265
19::single::text::4,Positive,0.014180803,0.09641252,0.8894066,1.0827245
19::single::text::5,Positive,0.014180803,0.09641252,0.8894066,1.0827245
19::single::text::6,Positive,0.01433618,0.0891667,0.89649725,1.1140133
19::single::text::7,Positive,0.0144634675,0.095187135,0.8903494,1.0759232
19::single::text::8,Positive,0.014629035,0.0988655,0.8865055,1.064844
19::single::text::9,Positive,0.014629035,0.0988655,0.8865055,1.064844
19::single::text::10,Positive,0.0139017925,0.09799653,0.8881017,1.0614283
19::single::text::11,Positive,0.013730218,0.097951874,0.88831794,1.0571543
19::single::text::12,Positive,0.013645889,0.10197039,0.88438374,1.0305464
19::single::text::13,Positive,0.013645889,0.10197039,0.88438374,1.0305464
19::single::text::14,Positive,0.013764634,0.10193329,0.8843021,1.0417273
19::single::text::15,Positive,0.014241919,0.09907365,0.88668454,1.0434446
19::single::text::16,Positive,0.013772495,0.097549185,0.8886783,1.0503056
19::single::text::17,Positive,0.013772495,0.097549185,0.8886783,1.0503056
19::single::text::18,Positive,0.013183208,0.11178372,0.875033,0.98898304
19::single::text::19,Positive,0.01257437,0.11559034,0.87183535,0.9802693
19::single::text::20,Positive,0.013214254,0.09772794,0.8890578,1.0580095
19::single::text::21,Positive,0.013214254,0.09772794,0.8890578,1.0580095
19::single::text::22,Positive,0.01277792,0.10237151,0.88485056,1.0357108
19::single::text::23,Positive,0.013678902,0.10630369,0.8800174,1.0028859
19::single::text::24,Positive,0.014313511,0.09435426,0.89133227,1.0733695
19::single::text::25,Positive,0.014313511,0.09435426,0.89133227,1.0733695
19::single::text::26,Positive,0.013894715,0.09013048,0.89597476,1.0996716
19::single::text::27,Positive,0.014409032,0.09750645,0.88808453,1.0391499
19::single::text::28,Positive,0.013427436,0.10442199,0.88215053,1.0124162
19::single::text::29,Positive,0.013427436,0.10442199,0.88215053,1.0124162
19::single::text::30,Positive,0.012798402,0.10378892,0.8834127,1.0357108
19::single::text::31,Positive,0.013249509,0.087905616,0.89884484,1.087817
19::single::text::32,Positive,0.012541151,0.09112246,0.8963364,1.0861204
19::single::text::33,Positive,0.012541151,0.09112246,0.8963364,1.0861204
19::single::text::34,Positive,0.0138631165,0.100970045,0.8851668,1.03399
19::single::text::35,Positive,0.013314996,0.08879915,0.8978858,1.0861204
19::single::text::36,Positive,0.013612044,0.09080148,0.8955865,1.087817
19::single::text::37,Positive,0.013612044,0.09080148,0.8955865,1.087817
19::single::text::38,Positive,0.013562374,0.09691044,0.8895272,1.0511625
19::single::text::39,Positive,0.013355283,0.097225696,0.8894191,1.042586
19::single::text::40,Positive,0.013436675,0.09372063,0.89284277,1.0631366
19::single::text::41,Positive,0.013436675,0.09372063,0.89284277,1.0631366
19::single::text::42,Positive,0.014042312,0.09866452,0.8872931,1.0451609
19::single::text::43,Positive,0.013171457,0.09769404,0.8891345,1.0400093
19::single::text::44,Positive,0.014282584,0.0935536,0.8921639,1.0622826
19::single::audio::0,Positive,0.013974316,0.0943769,0.89164877,1.075072
19::single::audio::1,Positive,0.013991354,0.09340315,0.8926055,1.0767741
19::single::audio::2,Positive,0.014029067,0.09357673,0.8923943,1.0767741
19::single::audio::3,Positive,0.014003599,0.09596111,0.89003533,1.0691092
19::single::audio::4,Positive,0.014007332,0.09596008,0.89003253,1.0691092
19::single::audio::5,Positive,0.014037163,0.09554782,0.89041495,1.071666
19::single::audio::6,Positive,0.014004643,0.09566116,0.8903342,1.0699615
19::single::audio::7,Positive,0.013993533,0.09377824,0.89222825,1.0759232
19::single::audio::8,Positive,0.0140617825,0.09733733,0.8886009,1.064844
19::single::audio::9,Positive,0.014118393,0.092396684,0.8934849,1.0844228
19::single::audio::10,Positive,0.014035868,0.095350616,0.89061344,1.0708139
19::single::audio::11,Positive,0.014078527,0.095045984,0.89087546,1.0725178
19::single::audio::12,Positive,0.014012992,0.09509765,0.8908894,1.0725178
19::single::audio::13,Positive,0.014159487,0.09913103,0.8867095,1.0614283
19::single::audio::14,Positive,0.0140174115,0.09439996,0.8915826,1.0742209
19::single::audio::15,Positive,0.013928679,0.08890201,0.89716935,1.0912081
19::single::audio::16,Positive,0.0140571855,0.09350628,0.8924365,1.0776247
19::single::audio::17,Positive,0.014082875,0.0933377,0.89257944,1.0784751
19::single::audio::18,Positive,0.014071486,0.09435888,0.8915696,1.075072
19::single::audio::19,Positive,0.014039761,0.09548504,0.89047515,1.0708139
19::single::audio::20,Positive,0.014044647,0.095274866,0.89068043,1.071666
19::single::audio::21,Positive,0.014020574,0.0950889,0.89089054,1.0725178
19::single::audio::22,Positive,0.014017865,0.09488706,0.8910951,1.0725178
19::single::audio::23,Positive,0.013949311,0.09241301,0.8936377,1.0793254
19::single::audio::24,Positive,0.013990728,0.09330873,0.89270055,1.071666
19::single::audio::25,Positive,0.013989557,0.0947112,0.89129925,1.0725178
19::single::audio::26,Positive,0.013891839,0.09457194,0.8915362,1.071666
19::single::audio::27,Positive,0.013993418,0.09376566,0.8922409,1.0742209
19::single::audio::28,Positive,0.013937531,0.09462101,0.89144146,1.0725178
19::single::audio::29,Positive,0.013893351,0.090864666,0.895242,1.0844228
19::single::audio::30,Positive,0.014036679,0.09531477,0.8906485,1.071666
19::single::audio::31,Positive,0.014021424,0.09439807,0.89158046,1.0733695
19::single::audio::32,Positive,0.014019196,0.094419,0.8915618,1.0733695
19::single::audio::33,Positive,0.014019196,0.094419,0.8915618,1.0733695
19::single::audio::34,Positive,0.014019196,0.094419,0.8915618,1.0733695
19::single::audio::35,Positive,0.013999026,0.09421989,0.89178115,1.0733695
19::single::audio::36,Positive,0.013996461,0.09466083,0.8913428,1.0733695
19::single::audio::37,Positive,0.013996139,0.09583388,0.89017,1.0691092
19::single::audio::38,Positive,0.013936111,0.09419873,0.89186513,1.0725178
19::single::audio::39,Positive,0.014009064,0.09393577,0.8920552,1.075072
19::single::audio::40,Positive,0.014017339,0.09492532,0.8910574,1.0725178
19::single::audio::41,Positive,0.014002184,0.09450752,0.89149034,1.0733695
19::single::audio::42,Positive,0.014021591,0.094378255,0.89160013,1.0733695
19::single::audio::43,Positive,0.014026857,0.09404302,0.8919301,1.0742209
19::single::audio::44,Positive,0.013967778,0.09457567,0.8914566,1.0742209
19::single::vision::0,Positive,0.014216008,0.09519419,0.8905897,1.071666
19::single::vision::1,Positive,0.013981645,0.09421057,0.8918078,1.075072
19::single::vision::2,Positive,0.014001102,0.09445499,0.8915439,1.0742209
19::single::vision::3,Positive,0.014025604,0.09485763,0.8911168,1.0733695
19::single::vision::4,Positive,0.01402536,0.09487234,0.8911023,1.0725178
19::single::vision::5,Positive,0.014078271,0.09505883,0.89086294,1.071666
19::single::vision::6,Positive,0.014077397,0.09498559,0.890937,1.0708139
19::single::vision::7,Positive,0.014126978,0.09516051,0.89071256,1.0699615
19::single::vision::8,Positive,0.01409941,0.095190234,0.89071035,1.0699615
19::single::vision::9,Positive,0.014102761,0.095212564,0.8906846,1.0699615
19::single::vision::10,Positive,0.0140987635,0.09523532,0.8906659,1.0699615
19::single::vision::11,Positive,0.014125997,0.09522467,0.8906494,1.0691092
19::single::vision::12,Positive,0.014103729,0.09514652,0.89074975,1.0699615
19::single::vision::13,Positive,0.014096502,0.095254585,0.8906489,1.0691092
19::single::vision::14,Positive,0.014098375,0.09525625,0.8906454,1.0699615
19::single::vision::15,Positive,0.014098577,0.09524515,0.89065623,1.0691092
19::single::vision::16,Positive,0.014128914,0.09528605,0.89058506,1.0691092
19::single::vision::17,Positive,0.014105418,0.09528997,0.8906046,1.0691092
19::single::vision::18,Positive,0.014076629,0.095032334,0.8908911,1.0699615
19::single::vision::19,Positive,0.014099466,0.09531416,0.8905864,1.0699615
19::single::vision::20,Positive,0.014096368,0.09526573,0.8906379,1.0699615
19::single::vision::21,Positive,0.014099086,0.0953401,0.89056075,1.0691092
19::single::vision::22,Positive,0.014096821,0.09523673,0.8906664,1.0699615
19::single::vision::23,Positive,0.014200479,0.09426463,0.8915348,1.071666
19::single::vision::24,Positive,0.014187779,0.09380309,0.89200914,1.0733695
19::single::vision::25,Positive,0.014184684,0.094018936,0.89179647,1.0733695
19::single::vision::26,Positive,0.014097677,0.094013944,0.89188844,1.0733695
19::single::vision::27,Positive,0.014007382,0.095181435,0.89081115,1.071666
19::single::vision::28,Positive,0.014037616,0.09521052,0.89075184,1.0725178
19::single::vision::29,Positive,0.01406476,0.09507494,0.8908603,1.0725178
19::single::vision::30,Positive,0.013944716,0.09437318,0.89168215,1.075072
19::single::vision::31,Positive,0.013898422,0.094144374,0.89195716,1.0767741
19::single::vision::32,Positive,0.013896283,0.09415911,0.8919446,1.0767741
19::single::vision::33,Positive,0.013892621,0.09415957,0.8919478,1.0767741
19::single::vision::34,Positive,0.01389266,0.09415902,0.8919483,1.0767741
19::single::vision::35,Positive,0.013894189,0.09418146,0.8919244,1.0767741
19::single::vision::36,Positive,0.013844548,0.09393814,0.89221734,1.0776247
19::single::vision::37,Positive,0.013939843,0.09458634,0.8914739,1.0742209
19::single::vision::38,Positive,0.013891071,0.094270416,0.8918385,1.0759232
19::single::vision::39,Positive,0.013820469,0.093780175,0.8923993,1.0784751
19::single::vision::40,Positive,0.013921053,0.09431195,0.89176697,1.0759232
19::single::vision::41,Positive,0.013929194,0.09412691,0.8919438,1.0767741
19::single::vision::42,Positive,0.013949693,0.094292074,0.89175826,1.0759232
19::single::vision::43,Positive,0.013902986,0.09397613,0.8921209,1.0767741
19::single::vision::44,Positive,0.014195066,0.09490649,0.89089847,1.0733695
