id,predicted_label,negative_probability,neutral_probability,positive_probability,predicted_intensity
0::single::text::0,Neutral,0.011371775,0.9699949,0.01863326,0.074264616
0::single::text::1,Neutral,0.011371775,0.9699949,0.01863326,0.074264616
0::single::text::2,Neutral,0.017929876,0.9714059,0.010664199,0.05388825
0::single::text::3,Neutral,0.014533631,0.9692645,0.016201878,0.06889658
0::single::text::4,Neutral,0.019153552,0.94179887,0.0390476,0.09426827
0::single::text::5,Neutral,0.01767509,0.96101063,0.021314288,0.055566154
0::single::text::6,Neutral,0.06828608,0.92559993,0.0061139143,-0.050196737
0::single::text::7,Neutral,0.012312559,0.97304994,0.014637498,0.054071292
0::single::text::8,Neutral,0.013276875,0.95678437,0.029938772,0.08640188
0::single::text::9,Neutral,0.013276875,0.95678437,0.029938772,0.08640188
0::single::text::10,Neutral,0.017597802,0.9724172,0.009985016,0.04116563
0::single::text::11,Neutral,0.013260727,0.9803151,0.006424184,0.027297221
0::single::text::12,Neutral,0.015376023,0.9790547,0.0055692885,0.0072631696
0::single::text::13,Neutral,0.012399054,0.97305286,0.014548017,0.064138174
0::single::text::14,Neutral,0.015661957,0.97208464,0.01225337,0.043331947
0::single::text::15,Neutral,0.016522989,0.9714159,0.012061132,0.050684877
0::single::text::16,Neutral,0.018881673,0.97201383,0.009104453,0.05654238
0::single::text::17,Neutral,0.018881673,0.97201383,0.009104453,0.05654238
0::single::text::18,Neutral,0.016976602,0.9737032,0.009320182,0.048579738
0::single::text::19,Neutral,0.014215032,0.97415245,0.011632514,0.052881487
0::single::text::20,Neutral,0.012616283,0.9678489,0.019534798,0.07371563
0::single::text::21,Neutral,0.012663519,0.9626721,0.024664374,0.08182784
0::single::text::22,Neutral,0.015130918,0.945352,0.039517127,0.10073118
0::single::text::23,Neutral,0.015710104,0.95309615,0.031193707,0.0867068
0::single::audio::0,Neutral,0.01293698,0.967589,0.019473962,0.078595296
0::single::audio::1,Neutral,0.01469679,0.96959305,0.015710192,0.067859516
0::single::audio::2,Neutral,0.0128216,0.9693082,0.01787018,0.07585053
0::single::audio::3,Neutral,0.014095265,0.9689535,0.016951256,0.07145865
0::single::audio::4,Neutral,0.012387411,0.9690438,0.018568834,0.077070445
0::single::audio::5,Neutral,0.010329079,0.9621283,0.02754267,0.09853633
0::single::audio::6,Neutral,0.011441337,0.96834755,0.020211123,0.08103497
0::single::audio::7,Neutral,0.010612343,0.9686477,0.020739894,0.08194983
0::single::audio::8,Neutral,0.011995692,0.9675769,0.020427346,0.081339926
0::single::audio::9,Neutral,0.011932765,0.967693,0.020374287,0.0815229
0::single::audio::10,Neutral,0.012444351,0.9660715,0.021484112,0.08304763
0::single::audio::11,Neutral,0.012459865,0.9650995,0.022440583,0.085121185
0::single::audio::12,Neutral,0.012541683,0.9651079,0.022350434,0.0846333
0::single::audio::13,Neutral,0.012720715,0.964812,0.02246726,0.08451133
0::single::audio::14,Neutral,0.012841046,0.96474624,0.022412755,0.08445034
0::single::audio::15,Neutral,0.014450711,0.9650521,0.020497149,0.07829033
0::single::audio::16,Neutral,0.013946446,0.96450716,0.0215464,0.080852
0::single::audio::17,Neutral,0.0134394625,0.9648794,0.021681035,0.0826817
0::single::audio::18,Neutral,0.014813867,0.96355027,0.021635884,0.08176686
0::single::audio::19,Neutral,0.01300002,0.9646308,0.022369118,0.08451133
0::single::audio::20,Neutral,0.012905541,0.9660788,0.02101558,0.08182784
0::single::audio::21,Neutral,0.012890836,0.96592087,0.021188246,0.08237675
0::single::audio::22,Neutral,0.013547575,0.96561754,0.020834902,0.08109596
0::single::audio::23,Neutral,0.012943061,0.9672669,0.01979001,0.0793882
0::single::vision::0,Neutral,0.01335263,0.9678947,0.018752685,0.076460496
0::single::vision::1,Neutral,0.012541493,0.9668994,0.020559032,0.081156954
0::single::vision::2,Neutral,0.012577202,0.9667791,0.02064374,0.081339926
0::single::vision::3,Neutral,0.012601808,0.96694523,0.020452995,0.080912985
0::single::vision::4,Neutral,0.012595453,0.9670755,0.020328991,0.08060804
0::single::vision::5,Neutral,0.012622499,0.9669317,0.020445837,0.08042507
0::single::vision::6,Neutral,0.012633736,0.96668136,0.020684885,0.080912985
0::single::vision::7,Neutral,0.012562093,0.9670538,0.020384148,0.080912985
0::single::vision::8,Neutral,0.01273356,0.96719104,0.020075424,0.07999812
0::single::vision::9,Neutral,0.012555453,0.9669945,0.020450024,0.081217945
0::single::vision::10,Neutral,0.012432012,0.96691823,0.020649703,0.08182784
0::single::vision::11,Neutral,0.012411934,0.9669515,0.0206366,0.08182784
0::single::vision::12,Neutral,0.012411739,0.9669364,0.020651817,0.08182784
0::single::vision::13,Neutral,0.012397413,0.9669262,0.0206764,0.082010806
0::single::vision::14,Neutral,0.012414077,0.9669562,0.020629771,0.08182784
0::single::vision::15,Neutral,0.012596721,0.9671294,0.02027388,0.08079101
0::single::vision::16,Neutral,0.012642523,0.9670257,0.020331793,0.08073001
0::single::vision::17,Neutral,0.012704156,0.9668422,0.020453582,0.08079101
0::single::vision::18,Neutral,0.012652033,0.9668081,0.020539787,0.080852
0::single::vision::19,Neutral,0.012648667,0.96671534,0.02063601,0.08109596
0::single::vision::20,Neutral,0.01270866,0.96685517,0.02043616,0.08054704
0::single::vision::21,Neutral,0.012708267,0.96682477,0.020466924,0.08060804
0::single::vision::22,Neutral,0.012683222,0.9668057,0.020511117,0.080852
0::single::vision::23,Neutral,0.013360822,0.9678786,0.018760553,0.07670447
1::single::text::0,Neutral,0.05546518,0.6156463,0.32888854,0.06456523
1::single::text::1,Neutral,0.05546518,0.6156463,0.32888854,0.06456523
1::single::text::2,Positive,0.0565922,0.33667594,0.6067319,0.124927714
1::single::text::3,Positive,0.06122692,0.46697998,0.47179303,0.08243774
1::single::text::4,Positive,0.06122692,0.46697998,0.47179303,0.08243774
1::single::text::5,Positive,0.04095811,0.09557335,0.86346847,0.24663448
1::single::text::6,Positive,0.052557066,0.18469957,0.76274335,0.1416183
1::single::text::7,Positive,0.052557066,0.18469957,0.76274335,0.1416183
1::single::text::8,Neutral,0.036082815,0.8313857,0.13253146,0.010383565
1::single::text::9,Neutral,0.044684716,0.75143284,0.20388249,0.025359504
1::single::text::10,Neutral,0.044684716,0.75143284,0.20388249,0.025359504
1::single::text::11,Neutral,0.1499949,0.74966663,0.100338414,0.016860785
1::single::text::12,Positive,0.053890564,0.2238282,0.7222812,0.16876695
1::single::text::13,Positive,0.053890564,0.2238282,0.7222812,0.16876695
1::single::text::14,Neutral,0.16862644,0.75968486,0.07168871,-0.018600225
1::single::text::15,Positive,0.038901206,0.09412573,0.86697304,0.2615414
1::single::text::16,Positive,0.038901206,0.09412573,0.86697304,0.2615414
1::single::text::17,Positive,0.045893103,0.33182102,0.62228584,0.11414166
1::single::text::18,Positive,0.04710518,0.29963842,0.6532563,0.12541515
1::single::text::19,Positive,0.04710518,0.29963842,0.6532563,0.12541515
1::single::text::20,Positive,0.05794537,0.4011106,0.5409441,0.10633971
1::single::audio::0,Positive,0.054202713,0.22575244,0.72004485,0.15099536
1::single::audio::1,Positive,0.052259482,0.2270355,0.72070503,0.15294346
1::single::audio::2,Positive,0.052493244,0.2247145,0.7227922,0.15245646
1::single::audio::3,Positive,0.05077271,0.21544719,0.73378015,0.15793492
1::single::audio::4,Positive,0.047278937,0.19807605,0.75464505,0.16755007
1::single::audio::5,Positive,0.04755748,0.20753422,0.7449083,0.16487278
1::single::audio::6,Positive,0.04590604,0.19236359,0.7617303,0.169132
1::single::audio::7,Positive,0.05240574,0.23045671,0.7171376,0.15184766
1::single::audio::8,Positive,0.052113682,0.22608578,0.7218005,0.15306522
1::single::audio::9,Positive,0.052494377,0.22761345,0.7198921,0.15245646
1::single::audio::10,Positive,0.05165627,0.23055422,0.71778953,0.15245646
1::single::audio::11,Positive,0.051692218,0.22236317,0.7259447,0.15464798
1::single::audio::12,Positive,0.05201279,0.22351097,0.7244763,0.15233469
1::single::audio::13,Positive,0.05024636,0.22215499,0.7275986,0.1564741
1::single::audio::14,Positive,0.050682012,0.2199156,0.72940236,0.15525669
1::single::audio::15,Positive,0.052483086,0.21623038,0.73128647,0.1550132
1::single::audio::16,Positive,0.051879343,0.21722351,0.7308971,0.15513493
1::single::audio::17,Positive,0.05201108,0.21760345,0.7303855,0.15476969
1::single::audio::18,Positive,0.05170024,0.2137942,0.73450565,0.15586539
1::single::audio::19,Positive,0.05074473,0.21168002,0.73757523,0.15781318
1::single::audio::20,Positive,0.054007515,0.22991589,0.71607655,0.15014301
1::single::vision::0,Positive,0.050138,0.21020171,0.73966026,0.15720451
1::single::vision::1,Positive,0.04876212,0.21018519,0.7410527,0.16036944
1::single::vision::2,Positive,0.049401026,0.21213323,0.7384657,0.1586653
1::single::vision::3,Positive,0.04946339,0.2126184,0.73791814,0.15854356
1::single::vision::4,Positive,0.04902169,0.21040174,0.7405766,0.15939566
1::single::vision::5,Positive,0.049157202,0.2111164,0.73972636,0.15927392
1::single::vision::6,Positive,0.04918077,0.21073392,0.7400853,0.15927392
1::single::vision::7,Positive,0.048962962,0.20989473,0.7411422,0.15951738
1::single::vision::8,Positive,0.049028646,0.21044001,0.7405313,0.15939566
1::single::vision::9,Positive,0.049053162,0.21062045,0.74032634,0.15927392
1::single::vision::10,Positive,0.04900877,0.21018413,0.7408071,0.15939566
1::single::vision::11,Positive,0.049050763,0.21034984,0.74059933,0.15951738
1::single::vision::12,Positive,0.04895167,0.20965183,0.74139655,0.15963912
1::single::vision::13,Positive,0.048996422,0.21007988,0.74092364,0.15951738
1::single::vision::14,Positive,0.048909757,0.20930052,0.7417897,0.15988256
1::single::vision::15,Positive,0.049213767,0.21035923,0.74042696,0.15939566
1::single::vision::16,Positive,0.049112603,0.20981298,0.74107444,0.15963912
1::single::vision::17,Positive,0.04910811,0.20988664,0.7410052,0.15951738
1::single::vision::18,Positive,0.04889273,0.20900552,0.7421018,0.15976083
1::single::vision::19,Positive,0.049222983,0.21238808,0.7383889,0.15939566
1::single::vision::20,Positive,0.0505291,0.21206057,0.7374103,0.15635236
2::single::text::0,Negative,0.97693336,0.01851756,0.0045491285,-0.6946874
2::single::text::1,Negative,0.97693336,0.01851756,0.0045491285,-0.6946874
2::single::text::2,Negative,0.98500913,0.01156914,0.0034216747,-0.91211915
2::single::text::3,Negative,0.98754126,0.009116862,0.0033419444,-0.97415876
2::single::text::4,Negative,0.98754126,0.009116862,0.0033419444,-0.97415876
2::single::text::5,Negative,0.9873583,0.009384796,0.0032568441,-0.9496263
2::single::text::6,Negative,0.98349327,0.013084475,0.0034222826,-0.8501061
2::single::text::7,Negative,0.9758223,0.02028424,0.0038934324,-0.7398027
2::single::text::8,Negative,0.9758223,0.02028424,0.0038934324,-0.7398027
2::single::text::9,Negative,0.97859514,0.017644301,0.0037605148,-0.775459
2::single::text::10,Negative,0.9740788,0.021641932,0.004279256,-0.6923765
2::single::text::11,Negative,0.9740788,0.021641932,0.004279256,-0.6923765
2::single::text::12,Negative,0.89453,0.09810072,0.007369171,-0.42127007
2::single::text::13,Negative,0.9647801,0.030304868,0.0049149836,-0.6137732
2::single::text::14,Negative,0.9147508,0.078970484,0.006278591,-0.4444586
2::single::text::15,Negative,0.9147508,0.078970484,0.006278591,-0.4444586
2::single::text::16,Negative,0.98563886,0.010833637,0.0035274972,-0.87652886
2::single::text::17,Negative,0.9674155,0.028178733,0.004405714,-0.6710756
2::single::text::18,Negative,0.9674155,0.028178733,0.004405714,-0.6710756
2::single::text::19,Neutral,0.35043594,0.6378114,0.011752557,-0.13954768
2::single::text::20,Negative,0.77784574,0.21300776,0.009146506,-0.33212912
2::single::text::21,Negative,0.9831724,0.013370267,0.0034573753,-0.8541461
2::single::text::22,Negative,0.9831724,0.013370267,0.0034573753,-0.8541461
2::single::text::23,Negative,0.9860365,0.010668059,0.0032955003,-0.9107896
2::single::text::24,Negative,0.9742993,0.021681428,0.004019232,-0.7053065
2::single::text::25,Negative,0.9742993,0.021681428,0.004019232,-0.7053065
2::single::text::26,Negative,0.97418725,0.021732565,0.0040801065,-0.71130025
2::single::text::27,Negative,0.982419,0.014036013,0.0035449567,-0.83391285
2::single::text::28,Negative,0.97726274,0.018937895,0.0037994364,-0.754001
2::single::text::29,Negative,0.97726274,0.018937895,0.0037994364,-0.754001
2::single::text::30,Negative,0.97961724,0.016637897,0.0037448364,-0.7813792
2::single::text::31,Negative,0.98455757,0.011921981,0.0035203784,-0.85728604
2::single::text::32,Negative,0.98455757,0.011921981,0.0035203784,-0.85728604
2::single::text::33,Negative,0.9764693,0.019753594,0.0037771645,-0.7517135
2::single::text::34,Negative,0.98499286,0.01171581,0.0032912842,-0.8792076
2::single::audio::0,Negative,0.98112553,0.015299233,0.003575211,-0.79092896
2::single::audio::1,Negative,0.98035157,0.015972465,0.003675945,-0.78046894
2::single::audio::2,Negative,0.98032135,0.01599028,0.0036883322,-0.78001356
2::single::audio::3,Negative,0.9803675,0.015943445,0.0036890686,-0.78001356
2::single::audio::4,Negative,0.9802705,0.01608314,0.0036463926,-0.7818344
2::single::audio::5,Negative,0.9804789,0.015853034,0.0036680482,-0.78319955
2::single::audio::6,Negative,0.98037696,0.015955362,0.0036677178,-0.7818344
2::single::audio::7,Negative,0.9809611,0.015381295,0.003657675,-0.78683835
2::single::audio::8,Negative,0.9798807,0.016429443,0.003689827,-0.7786476
2::single::audio::9,Negative,0.9806041,0.015744258,0.003651628,-0.78319955
2::single::audio::10,Negative,0.9805343,0.015827244,0.0036384477,-0.78319955
2::single::audio::11,Negative,0.9805122,0.015824454,0.003663361,-0.7813792
2::single::audio::12,Negative,0.97982657,0.016421517,0.0037518847,-0.7727244
2::single::audio::13,Negative,0.9805242,0.015839204,0.0036366174,-0.7845645
2::single::audio::14,Negative,0.98063606,0.015752127,0.003611833,-0.7872931
2::single::audio::15,Negative,0.98022616,0.016163342,0.0036104778,-0.7845645
2::single::audio::16,Negative,0.9803371,0.01605272,0.0036102054,-0.78547406
2::single::audio::17,Negative,0.98051775,0.015849097,0.0036331797,-0.7850193
2::single::audio::18,Negative,0.9807116,0.01563737,0.0036510266,-0.7845645
2::single::audio::19,Negative,0.9806421,0.015688155,0.0036697036,-0.78319955
2::single::audio::20,Negative,0.98071647,0.01563318,0.003650407,-0.7841095
2::single::audio::21,Negative,0.981308,0.014975118,0.0037168418,-0.78683835
2::single::audio::22,Negative,0.9817089,0.014623266,0.0036678517,-0.7895658
2::single::audio::23,Negative,0.9818461,0.01451725,0.0036365693,-0.79728603
2::single::audio::24,Negative,0.98095965,0.015311418,0.0037289297,-0.7845645
2::single::audio::25,Negative,0.98006606,0.016093908,0.0038400635,-0.76998836
2::single::audio::26,Negative,0.9802116,0.015964633,0.003823718,-0.77181244
2::single::audio::27,Negative,0.98040986,0.015782958,0.0038072115,-0.77409184
2::single::audio::28,Negative,0.9808707,0.01549387,0.0036354838,-0.7841095
2::single::audio::29,Negative,0.9809446,0.015411021,0.003644361,-0.7850193
2::single::audio::30,Negative,0.9802169,0.016096324,0.0036867522,-0.7781923
2::single::audio::31,Negative,0.97954655,0.016705722,0.0037478218,-0.7713566
2::single::audio::32,Negative,0.9802414,0.016168011,0.0035905945,-0.7795583
2::single::audio::33,Negative,0.98025644,0.016166264,0.0035773139,-0.7795583
2::single::audio::34,Negative,0.98098135,0.0154236015,0.003595116,-0.78865683
2::single::vision::0,Negative,0.98065996,0.015696917,0.0036431015,-0.7836546
2::single::vision::1,Negative,0.98058814,0.015753496,0.0036583398,-0.7822895
2::single::vision::2,Negative,0.9805454,0.015794586,0.003660102,-0.7818344
2::single::vision::3,Negative,0.9805542,0.015786309,0.0036594956,-0.7818344
2::single::vision::4,Negative,0.9804995,0.015832856,0.00366771,-0.7813792
2::single::vision::5,Negative,0.9805094,0.01582289,0.0036677404,-0.7813792
2::single::vision::6,Negative,0.9805094,0.01582289,0.0036677404,-0.7813792
2::single::vision::7,Negative,0.9805381,0.015787523,0.003674346,-0.7818344
2::single::vision::8,Negative,0.98054385,0.015773427,0.0036828055,-0.7827445
2::single::vision::9,Negative,0.9804681,0.015848763,0.0036831868,-0.7818344
2::single::vision::10,Negative,0.98045003,0.015868776,0.0036812443,-0.7809241
2::single::vision::11,Negative,0.9804472,0.015871633,0.0036812264,-0.7809241
2::single::vision::12,Negative,0.98043966,0.015868088,0.0036922074,-0.7813792
2::single::vision::13,Negative,0.9804667,0.015839072,0.0036942412,-0.7827445
2::single::vision::14,Negative,0.9804008,0.01589461,0.003704575,-0.7818344
2::single::vision::15,Negative,0.9803486,0.015971148,0.0036802858,-0.78001356
2::single::vision::16,Negative,0.9803418,0.01597664,0.0036815386,-0.78001356
2::single::vision::17,Negative,0.98030216,0.016011078,0.0036866812,-0.78001356
2::single::vision::18,Negative,0.98034656,0.015958767,0.0036946307,-0.78046894
2::single::vision::19,Negative,0.98034775,0.015957575,0.0036946328,-0.78046894
2::single::vision::20,Negative,0.98034656,0.015958767,0.0036946307,-0.78046894
2::single::vision::21,Negative,0.9804193,0.015885789,0.0036948624,-0.7809241
2::single::vision::22,Negative,0.98036593,0.015931448,0.003702528,-0.7809241
2::single::vision::23,Negative,0.98043805,0.015867006,0.003694921,-0.7813792
2::single::vision::24,Negative,0.9805001,0.015813833,0.0036860274,-0.7818344
2::single::vision::25,Negative,0.9806511,0.015683353,0.0036656386,-0.78319955
2::single::vision::26,Negative,0.9806492,0.015683971,0.0036668913,-0.78319955
2::single::vision::27,Negative,0.980576,0.015759315,0.0036647483,-0.7813792
2::single::vision::28,Negative,0.9805304,0.015803121,0.003666493,-0.78046894
2::single::vision::29,Negative,0.9805014,0.015817942,0.0036807111,-0.78046894
2::single::vision::30,Negative,0.9805456,0.015781345,0.0036730622,-0.7813792
2::single::vision::31,Negative,0.98044753,0.015849698,0.0037027642,-0.7818344
2::single::vision::32,Negative,0.98073304,0.015621222,0.0036457486,-0.7836546
2::single::vision::33,Negative,0.9807855,0.015576972,0.0036375695,-0.78319955
2::single::vision::34,Negative,0.9806824,0.015680283,0.0036373136,-0.7836546
3::single::text::0,Positive,0.07554254,0.115687475,0.8087699,0.42390233
3::single::text::1,Positive,0.07554254,0.115687475,0.8087699,0.42390233
3::single::text::2,Positive,0.08789852,0.24767326,0.6644282,0.30750996
3::single::text::3,Positive,0.04213074,0.1820813,0.77578795,0.42390233
3::single::text::4,Positive,0.04213074,0.1820813,0.77578795,0.42390233
3::single::text::5,Positive,0.15101841,0.30203924,0.54694235,0.27437758
3::single::text::6,Positive,0.14349574,0.24861398,0.60789025,0.2830908
3::single::text::7,Positive,0.2491459,0.22924607,0.521608,0.26565975
3::single::text::8,Positive,0.2491459,0.22924607,0.521608,0.26565975
3::single::text::9,Negative,0.41992044,0.19956666,0.38051283,0.18968801
3::single::text::10,Positive,0.1272267,0.18701047,0.6857629,0.33743334
3::single::text::11,Positive,0.1272267,0.18701047,0.6857629,0.33743334
3::single::text::12,Negative,0.47215176,0.16685927,0.36098897,0.04028078
3::single::text::13,Negative,0.38039377,0.24887061,0.37073562,0.091890186
3::single::text::14,Positive,0.0918093,0.12980008,0.7783906,0.35862845
3::single::text::15,Positive,0.0918093,0.12980008,0.7783906,0.35862845
3::single::text::16,Positive,0.056939803,0.26340187,0.6796583,0.3603129
3::single::text::17,Positive,0.1429931,0.2148403,0.6421665,0.29470086
3::single::text::18,Positive,0.1429931,0.2148403,0.6421665,0.29470086
3::single::text::19,Positive,0.36134806,0.15916146,0.47949046,0.18859376
3::single::text::20,Negative,0.44373453,0.17794637,0.37831903,0.116030954
3::single::text::21,Positive,0.16814838,0.15286216,0.67898947,0.2627528
3::single::text::22,Positive,0.16814838,0.15286216,0.67898947,0.2627528
3::single::text::23,Positive,0.23940688,0.19417697,0.56641614,0.21071206
3::single::text::24,Positive,0.29937926,0.22393933,0.47668144,0.1631689
3::single::text::25,Positive,0.29937926,0.22393933,0.47668144,0.1631689
3::single::text::26,Neutral,0.21947405,0.4289744,0.35155162,0.17326888
3::single::text::27,Negative,0.47573838,0.23628435,0.28797725,0.11968742
3::single::audio::0,Positive,0.13509703,0.20355299,0.66135,0.32489273
3::single::audio::1,Positive,0.13873658,0.20238332,0.65888005,0.323445
3::single::audio::2,Positive,0.13696381,0.20268233,0.66035384,0.32465145
3::single::audio::3,Positive,0.13304292,0.20461497,0.6623422,0.32489273
3::single::audio::4,Positive,0.13362643,0.2050989,0.6612747,0.32489273
3::single::audio::5,Positive,0.13468593,0.20232442,0.6629897,0.32537526
3::single::audio::6,Positive,0.13208367,0.20000578,0.6679105,0.32778776
3::single::audio::7,Positive,0.13240615,0.19611552,0.6714782,0.32995862
3::single::audio::8,Positive,0.12706664,0.19833033,0.674603,0.33164683
3::single::audio::9,Positive,0.12789792,0.19960032,0.67250174,0.33092332
3::single::audio::10,Positive,0.12896138,0.20519117,0.66584736,0.32778776
3::single::audio::11,Positive,0.13444419,0.20668526,0.6588705,0.32392758
3::single::audio::12,Positive,0.13294855,0.20540345,0.661648,0.32272106
3::single::audio::13,Positive,0.13505569,0.20846164,0.6564826,0.32103175
3::single::audio::14,Positive,0.13624714,0.2060793,0.6576735,0.32296237
3::single::audio::15,Positive,0.13688837,0.206828,0.6562836,0.32223842
3::single::audio::16,Positive,0.13630882,0.20593736,0.65775377,0.32320368
3::single::audio::17,Positive,0.13753316,0.20468543,0.65778136,0.32296237
3::single::audio::18,Positive,0.13755195,0.2051763,0.65727174,0.32296237
3::single::audio::19,Positive,0.13524997,0.203576,0.66117394,0.3244102
3::single::audio::20,Positive,0.1349997,0.20349509,0.66150516,0.32416886
3::single::audio::21,Positive,0.1354464,0.2048251,0.65972847,0.32272106
3::single::audio::22,Positive,0.13554205,0.20464438,0.6598135,0.32272106
3::single::audio::23,Positive,0.1352081,0.20474605,0.6600458,0.32272106
3::single::audio::24,Positive,0.13754936,0.20562744,0.6568233,0.3212731
3::single::audio::25,Positive,0.13943619,0.20757523,0.65298855,0.3195836
3::single::audio::26,Positive,0.14242046,0.2121961,0.64538336,0.31523827
3::single::audio::27,Positive,0.13508514,0.20451817,0.66039664,0.3244102
3::single::vision::0,Positive,0.13605139,0.20121677,0.6627318,0.32585782
3::single::vision::1,Positive,0.14244327,0.20103307,0.6565236,0.32103175
3::single::vision::2,Positive,0.13603786,0.19865766,0.66530436,0.3289938
3::single::vision::3,Positive,0.13470037,0.19836767,0.6669319,0.32995862
3::single::vision::4,Positive,0.13476181,0.20220038,0.6630378,0.3273053
3::single::vision::5,Positive,0.13524395,0.20426254,0.66049343,0.32489273
3::single::vision::6,Positive,0.13500328,0.20352186,0.6614748,0.32465145
3::single::vision::7,Positive,0.13553947,0.20466506,0.65979546,0.32272106
3::single::vision::8,Positive,0.13526641,0.2040874,0.6606462,0.3244102
3::single::vision::9,Positive,0.1353249,0.20427023,0.66040486,0.32392758
3::single::vision::10,Positive,0.13412176,0.20386186,0.66201633,0.32561654
3::single::vision::11,Positive,0.134777,0.20342991,0.6617931,0.32465145
3::single::vision::12,Positive,0.13467559,0.20332494,0.6619994,0.32489273
3::single::vision::13,Positive,0.13493095,0.20371012,0.6613589,0.3244102
3::single::vision::14,Positive,0.13439696,0.20319602,0.662407,0.32561654
3::single::vision::15,Positive,0.13328458,0.20341925,0.6632962,0.32658157
3::single::vision::16,Positive,0.13496944,0.2026774,0.6623531,0.32658157
3::single::vision::17,Positive,0.13459685,0.20229182,0.6631113,0.32706404
3::single::vision::18,Positive,0.13443893,0.2018455,0.6637156,0.3273053
3::single::vision::19,Positive,0.135571,0.20154187,0.6628871,0.32609907
3::single::vision::20,Positive,0.13563536,0.201473,0.6628916,0.32585782
3::single::vision::21,Positive,0.13692369,0.2019484,0.66112787,0.32296237
3::single::vision::22,Positive,0.13706636,0.20173343,0.66120017,0.3236863
3::single::vision::23,Positive,0.13678998,0.20145255,0.66175747,0.32392758
3::single::vision::24,Positive,0.13720775,0.20202652,0.66076577,0.323445
3::single::vision::25,Positive,0.1364372,0.20236719,0.66119564,0.3244102
3::single::vision::26,Positive,0.13711445,0.20503627,0.65784925,0.32223842
3::single::vision::27,Positive,0.13522968,0.20302266,0.66174763,0.32561654
4::single::text::0,Positive,0.010780987,0.1210608,0.8681582,0.6803458
4::single::text::1,Positive,0.010780987,0.1210608,0.8681582,0.6803458
4::single::text::2,Positive,0.008672608,0.04412994,0.94719744,0.8402165
4::single::text::3,Positive,0.008672608,0.04412994,0.94719744,0.8402165
4::single::text::4,Positive,0.008413578,0.032917682,0.9586687,0.947429
4::single::text::5,Positive,0.009150918,0.040300958,0.9505482,0.85773444
4::single::text::6,Positive,0.009150918,0.040300958,0.9505482,0.85773444
4::single::text::7,Positive,0.010867913,0.11361283,0.87551916,0.701615
4::single::text::8,Positive,0.00814991,0.024156697,0.9676934,1.0124162
4::single::text::9,Positive,0.00814991,0.024156697,0.9676934,1.0124162
4::single::text::10,Positive,0.009763169,0.08000093,0.910236,0.713604
4::single::text::11,Positive,0.008268048,0.023160646,0.9685713,1.0270996
4::single::text::12,Positive,0.008268048,0.023160646,0.9685713,1.0270996
4::single::text::13,Positive,0.008792739,0.04052077,0.9506865,0.89969397
4::single::text::14,Positive,0.008494471,0.033545442,0.9579601,0.93201596
4::single::text::15,Positive,0.008494471,0.033545442,0.9579601,0.93201596
4::single::text::16,Neutral,0.012296295,0.5388631,0.4488405,0.4200734
4::single::audio::0,Positive,0.009108478,0.040860314,0.95003116,0.8845606
4::single::audio::1,Positive,0.00853196,0.032786533,0.9586816,0.9222999
4::single::audio::2,Positive,0.008599771,0.03325432,0.9581459,0.92053103
4::single::audio::3,Positive,0.009249593,0.037988514,0.9527619,0.90457946
4::single::audio::4,Positive,0.00881104,0.03998603,0.9512029,0.8885714
4::single::audio::5,Positive,0.008743247,0.039947033,0.9513097,0.8894622
4::single::audio::6,Positive,0.008762575,0.03972309,0.9515143,0.8916884
4::single::audio::7,Positive,0.008746574,0.039415065,0.9518383,0.8930237
4::single::audio::8,Positive,0.008801779,0.039267603,0.9519305,0.8894622
4::single::audio::9,Positive,0.008798784,0.04017668,0.95102453,0.89035285
4::single::audio::10,Positive,0.008772149,0.039997704,0.9512301,0.89035285
4::single::audio::11,Positive,0.0088428175,0.038839206,0.95231795,0.89524823
4::single::audio::12,Positive,0.008598465,0.03767313,0.9537285,0.9050233
4::single::audio::13,Positive,0.008732241,0.037630875,0.9536369,0.8992497
4::single::audio::14,Positive,0.008662176,0.03757564,0.9537621,0.90147114
4::single::audio::15,Positive,0.008602299,0.037228953,0.9541688,0.90235937
4::single::audio::16,Positive,0.0090493765,0.041252807,0.94969785,0.883223
4::single::vision::0,Positive,0.00878812,0.039947547,0.9512643,0.89035285
4::single::vision::1,Positive,0.008869451,0.040801622,0.9503288,0.87831485
4::single::vision::2,Positive,0.0088429535,0.04030793,0.9508491,0.882331
4::single::vision::3,Positive,0.008866474,0.04046056,0.9506729,0.88143873
4::single::vision::4,Positive,0.008865023,0.040422756,0.9507122,0.88143873
4::single::vision::5,Positive,0.008858658,0.040479906,0.9506614,0.88188493
4::single::vision::6,Positive,0.008795133,0.039946526,0.9512583,0.88678926
4::single::vision::7,Positive,0.008801779,0.040055424,0.9511428,0.8863436
4::single::vision::8,Positive,0.008757326,0.039714426,0.9515283,0.89035285
4::single::vision::9,Positive,0.008611394,0.03814065,0.95324796,0.9032476
4::single::vision::10,Positive,0.008611368,0.03814586,0.9532428,0.9032476
4::single::vision::11,Positive,0.008562415,0.037566293,0.95387125,0.9081291
4::single::vision::12,Positive,0.0087411795,0.03947278,0.951786,0.890798
4::single::vision::13,Positive,0.008926586,0.040147148,0.9509262,0.8899075
4::single::vision::14,Positive,0.008809688,0.039121214,0.95206904,0.8970271
4::single::vision::15,Positive,0.0088566495,0.039692707,0.95145065,0.89480335
4::single::vision::16,Positive,0.008771286,0.039724592,0.9515042,0.8916884
5::single::text::0,Positive,0.009590037,0.017524952,0.972885,1.0511625
5::single::text::1,Positive,0.009590037,0.017524952,0.972885,1.0511625
5::single::text::2,Positive,0.0111524295,0.051778287,0.93706924,0.7667947
5::single::text::3,Positive,0.010199396,0.036692485,0.95310813,0.8532486
5::single::text::4,Positive,0.012090315,0.07330534,0.9146043,0.65993345
5::single::text::5,Positive,0.011036509,0.036969744,0.95199376,0.80363524
5::single::text::6,Positive,0.013234083,0.060014747,0.92675114,0.7402612
5::single::text::7,Positive,0.013234083,0.060014747,0.92675114,0.7402612
5::single::text::8,Positive,0.010152035,0.025108287,0.9647397,0.9346621
5::single::text::9,Positive,0.009594569,0.02318097,0.9672245,0.99333286
5::single::text::10,Positive,0.010040585,0.03485331,0.95510614,0.858631
5::single::text::11,Positive,0.009285234,0.020688906,0.9700258,1.0245124
5::single::text::12,Positive,0.010929392,0.03235975,0.9567109,0.89035285
5::single::text::13,Positive,0.010929392,0.03235975,0.9567109,0.89035285
5::single::text::14,Positive,0.010693032,0.04690446,0.9424025,0.7759146
5::single::text::15,Positive,0.0101592755,0.042279832,0.94756085,0.763599
5::single::text::16,Positive,0.009675654,0.030829404,0.9594948,0.88143873
5::single::text::17,Positive,0.009823805,0.032233052,0.95794314,0.8939136
5::single::text::18,Positive,0.009804065,0.022795092,0.9674008,1.0046206
5::single::text::19,Positive,0.009804065,0.022795092,0.9674008,1.0046206
5::single::text::20,Positive,0.009668629,0.028344002,0.9619873,0.8925786
5::single::text::21,Positive,0.009714334,0.023607166,0.9666785,0.979397
5::single::text::22,Positive,0.009599987,0.022714844,0.96768516,0.9645381
5::single::text::23,Positive,0.010013597,0.026959086,0.96302724,0.96278656
5::single::text::24,Positive,0.009743739,0.026000679,0.9642555,0.9548954
5::single::text::25,Positive,0.009743739,0.026000679,0.9642555,0.9548954
5::single::text::26,Positive,0.009775626,0.020497672,0.9697267,0.95884275
5::single::text::27,Positive,0.00951628,0.02155232,0.9689314,0.9863709
5::single::text::28,Positive,0.009774245,0.024017222,0.9662085,0.94347084
5::single::text::29,Positive,0.010421984,0.03964414,0.9499339,0.7604015
5::single::text::30,Positive,0.0116128065,0.07465993,0.9137272,0.6710756
5::single::text::31,Positive,0.0116128065,0.07465993,0.9137272,0.6710756
5::single::text::32,Positive,0.010901315,0.05535791,0.93374085,0.7126826
5::single::text::33,Positive,0.009515623,0.021405965,0.96907836,0.9802693
5::single::text::34,Positive,0.008765357,0.016331162,0.9749034,1.1047401
5::single::text::35,Positive,0.009246402,0.02333075,0.96742284,0.9802693
5::single::text::36,Positive,0.010602047,0.0439965,0.94540143,0.8185706
5::single::audio::0,Positive,0.0096498225,0.022723854,0.96762633,0.98462844
5::single::audio::1,Positive,0.009665576,0.022926006,0.9674084,0.98288536
5::single::audio::2,Positive,0.009588629,0.022558924,0.96785235,0.98462844
5::single::audio::3,Positive,0.009610847,0.022621138,0.967768,0.98462844
5::single::audio::4,Positive,0.009608199,0.022594023,0.96779776,0.98462844
5::single::audio::5,Positive,0.009607824,0.022660224,0.96773195,0.98462844
5::single::audio::6,Positive,0.009611932,0.022654617,0.96773344,0.98462844
5::single::audio::7,Positive,0.009608307,0.022761483,0.96763027,0.98375714
5::single::audio::8,Positive,0.0096027395,0.022739783,0.9676575,0.98375714
5::single::audio::9,Positive,0.009620462,0.022843685,0.9675358,0.9820136
5::single::audio::10,Positive,0.009614951,0.02223894,0.96814615,0.9820136
5::single::audio::11,Positive,0.009629974,0.022737587,0.9676324,0.98375714
5::single::audio::12,Positive,0.0096046,0.022698358,0.96769696,0.98375714
5::single::audio::13,Positive,0.00960168,0.022722848,0.9676754,0.98375714
5::single::audio::14,Positive,0.009575312,0.022436183,0.9679885,0.98462844
5::single::audio::15,Positive,0.009596448,0.022488546,0.96791494,0.98549986
5::single::audio::16,Positive,0.009595407,0.022600774,0.9678037,0.98462844
5::single::audio::17,Positive,0.0095665,0.022261608,0.96817183,0.98549986
5::single::audio::18,Positive,0.009586052,0.022532571,0.9678813,0.98462844
5::single::audio::19,Positive,0.009584803,0.022517188,0.9678979,0.98549986
5::single::audio::20,Positive,0.009567157,0.022408536,0.9680243,0.98549986
5::single::audio::21,Positive,0.009611174,0.022821533,0.9675672,0.98375714
5::single::audio::22,Positive,0.009583332,0.022737432,0.9676792,0.98375714
5::single::audio::23,Positive,0.009573054,0.022617359,0.96780956,0.98462844
5::single::audio::24,Positive,0.009575431,0.022662733,0.96776175,0.98462844
5::single::audio::25,Positive,0.009583023,0.022595018,0.96782184,0.98462844
5::single::audio::26,Positive,0.0095453,0.022331744,0.968123,0.9863709
5::single::audio::27,Positive,0.009624171,0.022599712,0.967776,0.98549986
5::single::audio::28,Positive,0.009567259,0.022436937,0.96799576,0.98724174
5::single::audio::29,Positive,0.009597916,0.022477392,0.9679246,0.9863709
5::single::audio::30,Positive,0.009551864,0.022387175,0.96806103,0.9863709
5::single::audio::31,Positive,0.009579234,0.022292398,0.9681284,0.98724174
5::single::audio::32,Positive,0.0095534865,0.022335945,0.96811056,0.9863709
5::single::audio::33,Positive,0.009562289,0.02228642,0.9681512,0.9863709
5::single::audio::34,Positive,0.009600438,0.022493761,0.96790576,0.98549986
5::single::audio::35,Positive,0.009603764,0.022632793,0.9677634,0.98462844
5::single::audio::36,Positive,0.009666276,0.022814231,0.9675194,0.98375714
5::single::vision::0,Positive,0.010433528,0.025029052,0.9645374,0.9548954
5::single::vision::1,Positive,0.009522851,0.022355312,0.9681219,0.98549986
5::single::vision::2,Positive,0.009586727,0.022485986,0.9679272,0.98288536
5::single::vision::3,Positive,0.009586649,0.022492405,0.96792084,0.98288536
5::single::vision::4,Positive,0.009586638,0.022495138,0.96791816,0.98288536
5::single::vision::5,Positive,0.009603517,0.022519741,0.9678767,0.98288536
5::single::vision::6,Positive,0.009586842,0.022470986,0.96794206,0.98288536
5::single::vision::7,Positive,0.009576891,0.022475494,0.96794754,0.98288536
5::single::vision::8,Positive,0.009585283,0.022496747,0.96791786,0.98288536
5::single::vision::9,Positive,0.009605795,0.022586295,0.9678078,0.98288536
5::single::vision::10,Positive,0.009604438,0.02258713,0.96780837,0.98288536
5::single::vision::11,Positive,0.009604352,0.022595141,0.9678004,0.98288536
5::single::vision::12,Positive,0.009605698,0.022597056,0.96779716,0.98288536
5::single::vision::13,Positive,0.009586326,0.02253278,0.96788085,0.98288536
5::single::vision::14,Positive,0.009603189,0.022561327,0.9678354,0.98288536
5::single::vision::15,Positive,0.009603084,0.022574032,0.9678228,0.98288536
5::single::vision::16,Positive,0.009604341,0.022583954,0.9678116,0.98288536
5::single::vision::17,Positive,0.009606928,0.022615237,0.9677777,0.9820136
5::single::vision::18,Positive,0.009604327,0.022587476,0.9678081,0.98288536
5::single::vision::19,Positive,0.009607021,0.022605646,0.9677872,0.98288536
5::single::vision::20,Positive,0.009605686,0.022600196,0.967794,0.98288536
5::single::vision::21,Positive,0.009601858,0.022556687,0.9678414,0.98288536
5::single::vision::22,Positive,0.009603194,0.022560155,0.96783656,0.98288536
5::single::vision::23,Positive,0.0096044205,0.022577897,0.96781754,0.9820136
5::single::vision::24,Positive,0.009643249,0.022699554,0.96765715,0.9802693
5::single::vision::25,Positive,0.009690764,0.02281674,0.96749246,0.97852445
5::single::vision::26,Positive,0.009679406,0.0228168,0.9675038,0.97852445
5::single::vision::27,Positive,0.009643356,0.02268638,0.9676702,0.98114157
5::single::vision::28,Positive,0.009707532,0.022884052,0.9674084,0.97852445
5::single::vision::29,Positive,0.009716186,0.022880549,0.96740323,0.9776517
5::single::vision::30,Positive,0.009688098,0.022811892,0.9675,0.97852445
5::single::vision::31,Positive,0.009616848,0.022613611,0.96776956,0.98114157
5::single::vision::32,Positive,0.009615785,0.022580193,0.96780396,0.9820136
5::single::vision::33,Positive,0.009605795,0.022586295,0.9678078,0.9820136
5::single::vision::34,Positive,0.009603258,0.02255762,0.967839,0.9820136
5::single::vision::35,Positive,0.009569107,0.022575248,0.9678556,0.98375714
5::single::vision::36,Positive,0.010424953,0.02513662,0.9644384,0.9540176
6::single::text::0,Positive,0.021092173,0.018687211,0.9602207,0.8563891
6::single::text::1,Positive,0.020163793,0.015304161,0.96453196,0.9645381
6::single::text::2,Positive,0.020782063,0.01698147,0.9622365,0.9085727
6::single::text::3,Positive,0.02035879,0.015751317,0.9638898,0.9496263
6::single::text::4,Positive,0.021102935,0.0168158,0.9620813,0.9222999
6::single::text::5,Positive,0.021013713,0.014198903,0.9647873,1.0201967
6::single::text::6,Positive,0.02351984,0.022329837,0.9541504,0.76314235
6::single::text::7,Positive,0.021017984,0.017291537,0.9616904,0.8916884
6::single::text::8,Positive,0.020867761,0.018386547,0.96074563,0.87429523
6::single::text::9,Positive,0.020935148,0.016687553,0.9623773,0.9276023
6::single::text::10,Positive,0.020561837,0.016355034,0.9630831,0.9324572
6::single::text::11,Positive,0.021157324,0.015732467,0.9631102,0.93598455
6::single::text::12,Positive,0.022512821,0.0318514,0.9456358,0.6464447
6::single::text::13,Positive,0.02655493,0.04835838,0.9250866,0.49827063
6::single::text::14,Positive,0.021136988,0.01863706,0.96022594,0.8370657
6::single::text::15,Positive,0.020478036,0.017493136,0.9620288,0.890798
6::single::text::16,Positive,0.020683639,0.020076627,0.95923966,0.8276011
6::single::text::17,Positive,0.020864487,0.016405238,0.9627303,0.9222999
6::single::text::18,Positive,0.020986358,0.017330056,0.96168345,0.9209733
6::single::text::19,Positive,0.02066043,0.016959293,0.96238023,0.9222999
6::single::text::20,Positive,0.021018473,0.018029697,0.9609518,0.88723487
6::single::text::21,Positive,0.020143757,0.0168056,0.96305066,0.91300535
6::single::text::22,Positive,0.020218698,0.017117787,0.96266353,0.89969397
6::single::text::23,Positive,0.020119347,0.016689966,0.9631907,0.91211915
6::single::text::24,Positive,0.020908102,0.017074632,0.9620173,0.90635467
6::single::text::25,Positive,0.021297643,0.018829374,0.95987296,0.86893046
6::single::text::26,Positive,0.020222727,0.016209958,0.9635673,0.9386283
6::single::text::27,Positive,0.020522032,0.01764131,0.9618366,0.9032476
6::single::text::28,Positive,0.020581614,0.018246602,0.9611716,0.87206066
6::single::text::29,Positive,0.02040253,0.017336067,0.96226144,0.8863436
6::single::text::30,Positive,0.02086836,0.017455634,0.96167594,0.88723487
6::single::text::31,Positive,0.020574143,0.01728757,0.9621383,0.90102696
6::single::text::32,Positive,0.020391034,0.01728049,0.9623285,0.9028035
6::single::text::33,Positive,0.022169482,0.016339986,0.96149063,0.95138335
6::single::text::34,Positive,0.020752616,0.017291956,0.9619554,0.8974716
6::single::text::35,Positive,0.020792726,0.017030956,0.9621763,0.90990293
6::single::text::36,Positive,0.020522024,0.01638247,0.96309555,0.9209733
6::single::text::37,Positive,0.020563383,0.017272908,0.96216375,0.8943585
6::single::text::38,Positive,0.020620937,0.016290875,0.9630881,0.92406803
6::single::text::39,Positive,0.020246632,0.016807463,0.9629459,0.90679824
6::single::text::40,Positive,0.020666594,0.017971728,0.96136165,0.8850064
6::single::text::41,Positive,0.020710342,0.017902758,0.9613869,0.87831485
6::single::text::42,Positive,0.02035722,0.01847342,0.9611693,0.8729546
6::single::text::43,Positive,0.02057971,0.017893162,0.9615272,0.88143873
6::single::text::44,Positive,0.020806352,0.018718572,0.9604751,0.8541461
6::single::text::45,Positive,0.020502567,0.016791841,0.96270555,0.91167605
6::single::text::46,Positive,0.020494329,0.017845703,0.9616601,0.8876804
6::single::text::47,Positive,0.020685058,0.018202333,0.9611126,0.86937773
6::single::text::48,Positive,0.021116354,0.018425636,0.9604579,0.8599757
6::single::text::49,Positive,0.02056837,0.017963981,0.9614677,0.883223
6::single::audio::0,Positive,0.020793105,0.017049411,0.9621575,0.9112328
6::single::audio::1,Positive,0.020711329,0.017038913,0.9622497,0.9112328
6::single::audio::2,Positive,0.020458095,0.016653428,0.96288854,0.915663
6::single::audio::3,Positive,0.020536292,0.016702257,0.9627614,0.9147772
6::single::audio::4,Positive,0.020533666,0.016704306,0.962762,0.9147772
6::single::audio::5,Positive,0.02050393,0.016700715,0.9627954,0.91522014
6::single::audio::6,Positive,0.02058462,0.016962986,0.9624524,0.9125624
6::single::audio::7,Positive,0.020845938,0.017077617,0.9620764,0.90147114
6::single::audio::8,Positive,0.020612128,0.016755309,0.96263254,0.91522014
6::single::audio::9,Positive,0.020053668,0.016774008,0.96317226,0.9178764
6::single::audio::10,Positive,0.020090654,0.016755292,0.963154,0.91831887
6::single::audio::11,Positive,0.020025732,0.016748633,0.9632257,0.9178764
6::single::audio::12,Positive,0.021271009,0.016942956,0.96178603,0.9107896
6::single::audio::13,Positive,0.020604279,0.016811233,0.9625845,0.9143344
6::single::audio::14,Positive,0.020716097,0.016917497,0.96236634,0.91300535
6::single::audio::15,Positive,0.02067061,0.016799303,0.96253,0.91389143
6::single::audio::16,Positive,0.020451779,0.016855568,0.96269274,0.91300535
6::single::audio::17,Positive,0.020766865,0.016972406,0.9622607,0.9112328
6::single::audio::18,Positive,0.020750917,0.016976781,0.9622723,0.91167605
6::single::audio::19,Positive,0.020611646,0.016852172,0.9625362,0.91300535
6::single::audio::20,Positive,0.020643175,0.016990392,0.9623664,0.9112328
6::single::audio::21,Positive,0.020457748,0.01693865,0.9626037,0.91211915
6::single::audio::22,Positive,0.020386137,0.01702239,0.96259147,0.9112328
6::single::audio::23,Positive,0.020434732,0.016902192,0.9626631,0.9112328
6::single::audio::24,Positive,0.020760788,0.017070847,0.9621684,0.91034627
6::single::audio::25,Positive,0.020647515,0.017029261,0.9623231,0.9107896
6::single::audio::26,Positive,0.020586535,0.017063426,0.96235,0.91034627
6::single::audio::27,Positive,0.02081543,0.017055333,0.96212924,0.9107896
6::single::audio::28,Positive,0.020610847,0.016948488,0.96244067,0.91211915
6::single::audio::29,Positive,0.02065145,0.01699736,0.9623512,0.91167605
6::single::audio::30,Positive,0.020480264,0.016807996,0.96271175,0.91389143
6::single::audio::31,Positive,0.020048983,0.016572185,0.96337885,0.91610575
6::single::audio::32,Positive,0.020508071,0.016822059,0.9626699,0.91344833
6::single::audio::33,Positive,0.02058412,0.016940376,0.96247536,0.91211915
6::single::audio::34,Positive,0.020424068,0.016919337,0.9626567,0.9125624
6::single::audio::35,Positive,0.020417921,0.01693504,0.962647,0.9125624
6::single::audio::36,Positive,0.020674964,0.016942604,0.96238244,0.9107896
6::single::audio::37,Positive,0.020423874,0.016890462,0.96268564,0.9125624
6::single::audio::38,Positive,0.020561134,0.01685346,0.96258545,0.91344833
6::single::audio::39,Positive,0.020444758,0.016829116,0.9627262,0.91344833
6::single::audio::40,Positive,0.020464428,0.016824652,0.962711,0.91389143
6::single::audio::41,Positive,0.020466642,0.016802212,0.9627311,0.91389143
6::single::audio::42,Positive,0.020866664,0.01707711,0.9620562,0.91034627
6::single::audio::43,Positive,0.020848252,0.017073128,0.96207863,0.9107896
6::single::audio::44,Positive,0.02080742,0.017000055,0.9621925,0.91167605
6::single::audio::45,Positive,0.020703804,0.017022667,0.9622736,0.9107896
6::single::audio::46,Positive,0.020572398,0.017021175,0.9624064,0.9112328
6::single::audio::47,Positive,0.020645842,0.017077569,0.9622765,0.9112328
6::single::audio::48,Positive,0.020529889,0.016872087,0.9625981,0.91300535
6::single::audio::49,Positive,0.020808613,0.017061817,0.9621296,0.9112328
6::single::vision::0,Positive,0.022121288,0.017863221,0.9600155,0.89524823
6::single::vision::1,Positive,0.020161243,0.016741676,0.9630971,0.91610575
6::single::vision::2,Positive,0.02033278,0.01679658,0.96287066,0.9147772
6::single::vision::3,Positive,0.020315884,0.016796874,0.9628873,0.9147772
6::single::vision::4,Positive,0.020315884,0.016796874,0.9628873,0.9143344
6::single::vision::5,Positive,0.020315884,0.016796874,0.9628873,0.9147772
6::single::vision::6,Positive,0.020315392,0.01681346,0.9628712,0.91389143
6::single::vision::7,Positive,0.020335574,0.0167825,0.9628819,0.91389143
6::single::vision::8,Positive,0.02038335,0.01684628,0.96277034,0.9143344
6::single::vision::9,Positive,0.02031519,0.016825441,0.9628594,0.9143344
6::single::vision::10,Positive,0.020322852,0.016823271,0.9628539,0.9143344
6::single::vision::11,Positive,0.020320317,0.016823301,0.9628564,0.9143344
6::single::vision::12,Positive,0.020352146,0.01688318,0.96276474,0.91344833
6::single::vision::13,Positive,0.020252816,0.016782243,0.9629649,0.91522014
6::single::vision::14,Positive,0.020302812,0.016811533,0.9628857,0.9147772
6::single::vision::15,Positive,0.02030078,0.016827783,0.9628714,0.9147772
6::single::vision::16,Positive,0.020372413,0.016882932,0.9627447,0.91389143
6::single::vision::17,Positive,0.020397082,0.016921055,0.9626819,0.91211915
6::single::vision::18,Positive,0.020404475,0.016933028,0.9626626,0.9112328
6::single::vision::19,Positive,0.02031245,0.016795203,0.96289235,0.91300535
6::single::vision::20,Positive,0.020287294,0.016829941,0.96288276,0.91389143
6::single::vision::21,Positive,0.020232616,0.016784566,0.9629828,0.9143344
6::single::vision::22,Positive,0.020319872,0.01684362,0.96283656,0.91389143
6::single::vision::23,Positive,0.020314744,0.016845766,0.96283954,0.91389143
6::single::vision::24,Positive,0.020317275,0.016845735,0.96283704,0.91389143
6::single::vision::25,Positive,0.020310007,0.016829666,0.96286035,0.91389143
6::single::vision::26,Positive,0.020239899,0.016798513,0.96296155,0.91389143
6::single::vision::27,Positive,0.020369552,0.016899174,0.96273136,0.9125624
6::single::vision::28,Positive,0.020560782,0.016993102,0.96244603,0.9112328
6::single::vision::29,Positive,0.020561175,0.016974725,0.96246403,0.9112328
6::single::vision::30,Positive,0.020525727,0.016912388,0.96256185,0.91211915
6::single::vision::31,Positive,0.020397691,0.016848091,0.96275425,0.91344833
6::single::vision::32,Positive,0.020375403,0.016862553,0.9627621,0.91389143
6::single::vision::33,Positive,0.020405063,0.016862104,0.96273285,0.91344833
6::single::vision::34,Positive,0.020377882,0.016864598,0.9627576,0.91389143
6::single::vision::35,Positive,0.020378144,0.016850494,0.9627714,0.91389143
6::single::vision::36,Positive,0.020375665,0.016848449,0.96277595,0.91389143
6::single::vision::37,Positive,0.020334866,0.016816815,0.9628483,0.9143344
6::single::vision::38,Positive,0.02038335,0.01684628,0.96277034,0.91344833
6::single::vision::39,Positive,0.020375216,0.016868785,0.96275604,0.91389143
6::single::vision::40,Positive,0.0203447,0.016827073,0.96282816,0.9143344
6::single::vision::41,Positive,0.020344563,0.016836993,0.9628185,0.91389143
6::single::vision::42,Positive,0.020334803,0.016818888,0.9628463,0.91389143
6::single::vision::43,Positive,0.020344824,0.016822916,0.9628322,0.9143344
6::single::vision::44,Positive,0.020375665,0.016848449,0.96277595,0.91389143
6::single::vision::45,Positive,0.020362983,0.016848601,0.96278846,0.91389143
6::single::vision::46,Positive,0.02028549,0.016832134,0.9628823,0.9143344
6::single::vision::47,Positive,0.020324942,0.01684356,0.96283156,0.91389143
6::single::vision::48,Positive,0.020185793,0.016765784,0.9630484,0.9165485
6::single::vision::49,Positive,0.022034643,0.017781522,0.9601838,0.8970271
7::single::text::0,Neutral,0.011523057,0.9759384,0.012538647,0.021987522
7::single::text::1,Neutral,0.011523057,0.9759384,0.012538647,0.021987522
7::single::text::2,Neutral,0.015545159,0.95385534,0.030599423,0.046535574
7::single::text::3,Neutral,0.011183438,0.97907674,0.009739863,0.0014925002
7::single::text::4,Neutral,0.009354717,0.9800348,0.010610369,0.010337789
7::single::text::5,Neutral,0.009354717,0.9800348,0.010610369,0.010337789
7::single::text::6,Neutral,0.009907302,0.9802635,0.009829206,0.030577555
7::single::text::7,Neutral,0.0107241925,0.9744854,0.0147904195,0.03771774
7::single::text::8,Neutral,0.0142304655,0.9446366,0.041132905,0.05986754
7::single::text::9,Neutral,0.0142304655,0.9446366,0.041132905,0.05986754
7::single::text::10,Neutral,0.012593601,0.96720755,0.020198883,0.037382096
7::single::text::11,Neutral,0.010607529,0.9770291,0.012363374,0.03069961
7::single::text::12,Neutral,0.014906421,0.9432585,0.041834988,0.06651742
7::single::audio::0,Neutral,0.012661673,0.9662727,0.021065574,0.048640758
7::single::audio::1,Neutral,0.011418294,0.9707006,0.017881058,0.04308786
7::single::audio::2,Neutral,0.011579028,0.96782947,0.020591477,0.049159415
7::single::audio::3,Neutral,0.011942356,0.9674001,0.020657513,0.048396684
7::single::audio::4,Neutral,0.011530539,0.96802115,0.020448267,0.048549227
7::single::audio::5,Neutral,0.011458896,0.9676461,0.020894974,0.04952553
7::single::audio::6,Neutral,0.011280375,0.9682022,0.020517461,0.048823815
7::single::audio::7,Neutral,0.012015756,0.96572846,0.022255806,0.051569633
7::single::audio::8,Neutral,0.012702944,0.9641057,0.023191301,0.054711953
7::single::audio::9,Neutral,0.0130818,0.9663246,0.020593612,0.048122093
7::single::audio::10,Neutral,0.013020978,0.9653475,0.021631483,0.049342476
7::single::audio::11,Neutral,0.012775913,0.9631797,0.024044447,0.053644188
7::single::audio::12,Neutral,0.012401842,0.9675193,0.020078897,0.046962716
7::single::vision::0,Neutral,0.012448957,0.96754473,0.020006277,0.048152603
7::single::vision::1,Neutral,0.012154715,0.9666024,0.021242902,0.051142506
7::single::vision::2,Neutral,0.012174008,0.9667029,0.021123135,0.0507764
7::single::vision::3,Neutral,0.012141074,0.9670781,0.020780815,0.050928947
7::single::vision::4,Neutral,0.012375582,0.9664988,0.021125617,0.050562844
7::single::vision::5,Neutral,0.01226366,0.9670845,0.020651875,0.049922153
7::single::vision::6,Neutral,0.012247739,0.96704984,0.020702414,0.049922153
7::single::vision::7,Neutral,0.012178546,0.967002,0.020819487,0.050379787
7::single::vision::8,Neutral,0.01215683,0.9670507,0.020792458,0.050013684
7::single::vision::9,Neutral,0.012135537,0.96722573,0.020638753,0.04958655
7::single::vision::10,Neutral,0.01210658,0.9670989,0.020794423,0.05022724
7::single::vision::11,Neutral,0.011999729,0.9676184,0.020381855,0.050349277
7::single::vision::12,Neutral,0.01256723,0.9673962,0.020036539,0.049403496
8::single::text::0,Negative,0.9891141,0.0045702416,0.0063155857,-2.233214
8::single::text::1,Negative,0.9891141,0.0045702416,0.0063155857,-2.233214
8::single::text::2,Negative,0.9899562,0.004558431,0.0054853386,-2.241017
8::single::text::3,Negative,0.9904434,0.004435319,0.0051213563,-2.2218215
8::single::text::4,Negative,0.9904434,0.004435319,0.0051213563,-2.2218215
8::single::text::5,Negative,0.9908991,0.003756831,0.0053440817,-1.973633
8::single::text::6,Negative,0.9898958,0.00431545,0.0057886504,-2.2004116
8::single::text::7,Negative,0.9898958,0.00431545,0.0057886504,-2.2004116
8::single::text::8,Negative,0.9893011,0.0046896413,0.0060091796,-2.2366905
8::single::text::9,Negative,0.99003303,0.004474509,0.0054924763,-2.21207
8::single::text::10,Negative,0.99084115,0.0041543655,0.0050043166,-2.1757314
8::single::text::11,Negative,0.99084115,0.0041543655,0.0050043166,-2.1757314
8::single::text::12,Negative,0.99070334,0.004230894,0.005065816,-2.1931648
8::single::text::13,Negative,0.9895731,0.0045975177,0.005829381,-2.2349539
8::single::text::14,Negative,0.9895731,0.0045975177,0.005829381,-2.2349539
8::single::text::15,Negative,0.9902845,0.004376238,0.0053393496,-2.2200563
8::single::text::16,Negative,0.991273,0.003961261,0.004765758,-2.0289035
8::single::text::17,Negative,0.991273,0.003961261,0.004765758,-2.0289035
8::single::text::18,Negative,0.9905586,0.0042589456,0.005182434,-2.1831102
8::single::text::19,Negative,0.9899803,0.0045444313,0.0054753358,-2.2461815
8::single::audio::0,Negative,0.9903481,0.00435788,0.005294027,-2.2384236
8::single::audio::1,Negative,0.9903332,0.004368791,0.005298055,-2.2358227
8::single::audio::2,Negative,0.99013764,0.004443687,0.005418653,-2.2366905
8::single::audio::3,Negative,0.99013764,0.004443687,0.005418653,-2.2366905
8::single::audio::4,Negative,0.9901557,0.004446951,0.0053972877,-2.2366905
8::single::audio::5,Negative,0.99009037,0.0044307495,0.0054788003,-2.2366905
8::single::audio::6,Negative,0.99009633,0.0044585764,0.0054450743,-2.2384236
8::single::audio::7,Negative,0.9894807,0.004681125,0.0058380854,-2.233214
8::single::audio::8,Negative,0.9900452,0.004498232,0.005456553,-2.2366905
8::single::audio::9,Negative,0.98994666,0.0045281015,0.0055252034,-2.2366905
8::single::audio::10,Negative,0.9899448,0.0045411536,0.0055139847,-2.2375574
8::single::audio::11,Negative,0.99022746,0.004404039,0.0053685005,-2.2358227
8::single::audio::12,Negative,0.99005103,0.004494357,0.005454557,-2.2375574
8::single::audio::13,Negative,0.9901161,0.004484497,0.005399417,-2.2375574
8::single::audio::14,Negative,0.99000233,0.0045114974,0.005486174,-2.2358227
8::single::audio::15,Negative,0.99010783,0.004462789,0.0054294006,-2.2375574
8::single::audio::16,Negative,0.98986036,0.004597068,0.005542553,-2.241017
8::single::audio::17,Negative,0.9899429,0.0045421273,0.0055148946,-2.239289
8::single::audio::18,Negative,0.99014306,0.0044762595,0.005380661,-2.2349539
8::single::audio::19,Negative,0.9903318,0.0043930183,0.00527521,-2.2384236
8::single::vision::0,Negative,0.9899116,0.0045409324,0.0055474215,-2.2375574
8::single::vision::1,Negative,0.9898621,0.0045773294,0.005560588,-2.2375574
8::single::vision::2,Negative,0.9898195,0.00458677,0.0055937315,-2.2375574
8::single::vision::3,Negative,0.9898195,0.00458677,0.0055937315,-2.2366905
8::single::vision::4,Negative,0.9898238,0.0045867874,0.005589463,-2.2375574
8::single::vision::5,Negative,0.98980176,0.004579928,0.005618277,-2.2375574
8::single::vision::6,Negative,0.9898435,0.004566498,0.0055899695,-2.2375574
8::single::vision::7,Negative,0.9898443,0.004563283,0.00559232,-2.2366905
8::single::vision::8,Negative,0.98985314,0.0045502065,0.0055966675,-2.2375574
8::single::vision::9,Negative,0.9898236,0.0045507965,0.005625502,-2.2375574
8::single::vision::10,Negative,0.9898565,0.0045445436,0.005599039,-2.2375574
8::single::vision::11,Negative,0.98982435,0.0045434292,0.005632198,-2.2375574
8::single::vision::12,Negative,0.989833,0.004548396,0.0056184633,-2.2375574
8::single::vision::13,Negative,0.9898282,0.004550829,0.0056207944,-2.2375574
8::single::vision::14,Negative,0.9898324,0.004555792,0.0056117913,-2.2375574
8::single::vision::15,Negative,0.9898243,0.004545885,0.0056298207,-2.2375574
8::single::vision::16,Negative,0.9897434,0.004575415,0.005681173,-2.2366905
8::single::vision::17,Negative,0.9898921,0.004557862,0.0055499137,-2.2375574
8::single::vision::18,Negative,0.9899707,0.004552924,0.005476348,-2.2384236
8::single::vision::19,Negative,0.9898518,0.004561619,0.0055866,-2.2375574
9::single::text::0,Negative,0.98366433,0.007250713,0.009084958,-1.8688617
9::single::text::1,Negative,0.98366433,0.007250713,0.009084958,-1.8688617
9::single::text::2,Negative,0.9879845,0.0059271976,0.0060883644,-1.9456404
9::single::text::3,Negative,0.9891622,0.0054183924,0.0054194224,-1.9835647
9::single::text::4,Negative,0.9901953,0.005010201,0.0047944663,-1.9923288
9::single::text::5,Negative,0.9901953,0.005010201,0.0047944663,-1.9923288
9::single::text::6,Negative,0.98927253,0.0053197565,0.0054076863,-1.9780566
9::single::text::7,Negative,0.9906473,0.004860439,0.004492229,-1.973633
9::single::text::8,Negative,0.9903243,0.0049418947,0.0047337865,-2.0139747
9::single::text::9,Negative,0.9919876,0.004228599,0.0037837352,-1.9955996
9::single::text::10,Negative,0.9919876,0.004228599,0.0037837352,-1.9955996
9::single::text::11,Negative,0.9897795,0.0051445854,0.0050758175,-1.9725248
9::single::text::12,Negative,0.9893788,0.005413222,0.0052079447,-1.9158947
9::single::text::13,Negative,0.98757714,0.006119896,0.006302938,-1.9399703
9::single::text::14,Negative,0.98757714,0.006119896,0.006302938,-1.9399703
9::single::text::15,Negative,0.986999,0.006290905,0.0067101205,-1.8760153
9::single::text::16,Negative,0.98108935,0.0080719385,0.010838645,-1.8712499
9::single::text::17,Negative,0.9901038,0.005083485,0.0048127524,-1.9791601
9::single::text::18,Negative,0.98991954,0.0050926646,0.0049877255,-2.042602
9::single::text::19,Negative,0.98991954,0.0050926646,0.0049877255,-2.042602
9::single::text::20,Negative,0.98872155,0.005561443,0.005717022,-2.0075204
9::single::text::21,Negative,0.9923749,0.004116753,0.0035083506,-1.982465
9::single::text::22,Negative,0.9926144,0.004161699,0.0032238807,-1.9868584
9::single::text::23,Negative,0.9926144,0.004161699,0.0032238807,-1.9868584
9::single::text::24,Negative,0.988919,0.0056230654,0.005457873,-2.0064416
9::single::text::25,Negative,0.9758996,0.011476707,0.012623713,-1.5865378
9::single::text::26,Negative,0.9872841,0.006351807,0.00636395,-1.8532423
9::single::text::27,Negative,0.984141,0.007539987,0.008319002,-1.8878603
9::single::text::28,Negative,0.984141,0.007539987,0.008319002,-1.8878603
9::single::text::29,Negative,0.98637605,0.006888997,0.006735004,-1.8029047
9::single::text::30,Negative,0.9866997,0.0066263196,0.006673869,-1.9228166
9::single::text::31,Positive,0.017101347,0.014504442,0.96839416,1.4664521
9::single::audio::0,Negative,0.9888525,0.0055868537,0.0055606477,-1.9557863
9::single::audio::1,Negative,0.9889076,0.0055816616,0.0055106822,-1.956909
9::single::audio::2,Negative,0.988851,0.005605597,0.005543434,-1.956909
9::single::audio::3,Negative,0.9888551,0.0056077517,0.0055371057,-1.956909
9::single::audio::4,Negative,0.9887952,0.0056252563,0.0055794963,-1.956909
9::single::audio::5,Negative,0.98885804,0.0055991015,0.0055427863,-1.9591513
9::single::audio::6,Negative,0.9887745,0.0056082737,0.005617272,-1.956909
9::single::audio::7,Negative,0.9887827,0.0055934857,0.0056237746,-1.9557863
9::single::audio::8,Negative,0.9886167,0.005640945,0.0057422994,-1.9557863
9::single::audio::9,Negative,0.9889052,0.005585922,0.005508789,-1.9580305
9::single::audio::10,Negative,0.9888292,0.005622988,0.0055477843,-1.9580305
9::single::audio::11,Negative,0.98881865,0.0056469496,0.005534324,-1.9557863
9::single::audio::12,Negative,0.98892915,0.005528871,0.00554198,-1.9580305
9::single::audio::13,Negative,0.98857856,0.0056582983,0.0057632267,-1.9535383
9::single::audio::14,Negative,0.9885953,0.005750788,0.005653942,-1.9557863
9::single::audio::15,Negative,0.98858917,0.0057159592,0.005694882,-1.9557863
9::single::audio::16,Negative,0.98855805,0.0057314876,0.005710435,-1.9557863
9::single::audio::17,Negative,0.9887186,0.005645639,0.0056357356,-1.9546627
9::single::audio::18,Negative,0.98867434,0.005624285,0.0057012783,-1.9546627
9::single::audio::19,Negative,0.9885773,0.0056607565,0.0057619074,-1.9546627
9::single::audio::20,Negative,0.98855925,0.00567172,0.005769074,-1.9546627
9::single::audio::21,Negative,0.98851705,0.005691626,0.005791405,-1.9535383
9::single::audio::22,Negative,0.98893404,0.0054470506,0.005618869,-1.9557863
9::single::audio::23,Negative,0.98892295,0.005581883,0.005495096,-1.9591513
9::single::audio::24,Negative,0.98891634,0.005554338,0.0055292193,-1.9580305
9::single::audio::25,Negative,0.9889197,0.0055308733,0.00554949,-1.9580305
9::single::audio::26,Negative,0.98884726,0.0055996086,0.0055530723,-1.956909
9::single::audio::27,Negative,0.988866,0.0055949073,0.0055390485,-1.9580305
9::single::audio::28,Negative,0.9888229,0.005576318,0.0056008063,-1.9557863
9::single::audio::29,Negative,0.98886234,0.0055108606,0.0056268107,-1.9557863
9::single::audio::30,Negative,0.9889102,0.0055709146,0.005518911,-1.9591513
9::single::audio::31,Negative,0.9888398,0.0055932836,0.005566958,-1.9557863
9::single::vision::0,Negative,0.9888653,0.0055822777,0.00555234,-1.9546627
9::single::vision::1,Negative,0.9886053,0.0056977402,0.005696923,-1.9535383
9::single::vision::2,Negative,0.98857844,0.0057044695,0.0057170815,-1.9535383
9::single::vision::3,Negative,0.98857653,0.005704458,0.0057190526,-1.9524128
9::single::vision::4,Negative,0.9887439,0.0056621362,0.005593951,-1.9546627
9::single::vision::5,Negative,0.9888316,0.0056207133,0.0055476907,-1.9557863
9::single::vision::6,Negative,0.9888058,0.005623009,0.005571179,-1.9557863
9::single::vision::7,Negative,0.98874146,0.0056446474,0.0056138826,-1.9557863
9::single::vision::8,Negative,0.9886838,0.005664264,0.0056518447,-1.9557863
9::single::vision::9,Negative,0.988703,0.0056620594,0.005635025,-1.9557863
9::single::vision::10,Negative,0.98874295,0.00564697,0.0056100064,-1.9557863
9::single::vision::11,Negative,0.988782,0.00562961,0.0055883545,-1.956909
9::single::vision::12,Negative,0.98877347,0.005631687,0.005594734,-1.956909
9::single::vision::13,Negative,0.98870915,0.0056578144,0.0056331004,-1.9557863
9::single::vision::14,Negative,0.9887799,0.005631724,0.005588343,-1.9557863
9::single::vision::15,Negative,0.9888096,0.005623032,0.0055673607,-1.9557863
9::single::vision::16,Negative,0.9888032,0.005622995,0.0055737244,-1.9557863
9::single::vision::17,Negative,0.9887839,0.0056296214,0.005586436,-1.9557863
9::single::vision::18,Negative,0.9887695,0.005633794,0.0055966484,-1.9557863
9::single::vision::19,Negative,0.98877156,0.0056316755,0.00559666,-1.9557863
9::single::vision::20,Negative,0.98877394,0.005633819,0.0055921795,-1.9557863
9::single::vision::21,Negative,0.98877156,0.0056316755,0.00559666,-1.9557863
9::single::vision::22,Negative,0.98876524,0.0056360774,0.005598564,-1.956909
9::single::vision::23,Negative,0.98880786,0.0056164693,0.0055756713,-1.956909
9::single::vision::24,Negative,0.9888162,0.005609975,0.005573797,-1.9580305
9::single::vision::25,Negative,0.9888205,0.005612122,0.005567422,-1.956909
9::single::vision::26,Negative,0.9887712,0.005629549,0.0055992184,-1.956909
9::single::vision::27,Negative,0.98875606,0.005638342,0.0056055724,-1.956909
9::single::vision::28,Negative,0.9887756,0.005629573,0.0055947453,-1.956909
9::single::vision::29,Negative,0.98880994,0.0056143594,0.005575683,-1.956909
9::single::vision::30,Negative,0.9887904,0.005623103,0.005586473,-1.956909
9::single::vision::31,Negative,0.9888318,0.0055929995,0.0055751787,-1.9535383
10::single::text::0,Negative,0.9898762,0.007415831,0.0027079338,-1.4657087
10::single::text::1,Negative,0.9868977,0.009908613,0.0031937421,-1.3178785
10::single::text::2,Negative,0.98421407,0.012080446,0.0037055276,-1.1848295
10::single::text::3,Negative,0.9483571,0.04705838,0.0045845783,-0.9399495
10::single::text::4,Neutral,0.009567564,0.97756976,0.012862679,-0.02052275
10::single::text::5,Negative,0.9879885,0.009397404,0.0026140853,-1.4864327
10::single::text::6,Negative,0.9831491,0.013909599,0.0029412215,-1.2957234
10::single::text::7,Negative,0.97942984,0.017080097,0.0034900578,-1.120742
10::single::text::8,Negative,0.9901099,0.0072070956,0.0026829685,-1.4842212
10::single::text::9,Negative,0.990284,0.0070035015,0.00271248,-1.5128038
10::single::text::10,Negative,0.991698,0.0054114447,0.0028904544,-1.6739147
10::single::text::11,Negative,0.9902818,0.0070051686,0.0027128772,-1.5574934
10::single::text::12,Negative,0.99016106,0.0071751373,0.0026637525,-1.5316569
10::single::text::13,Negative,0.9901969,0.0071865423,0.002616539,-1.5142597
10::single::text::14,Negative,0.9894604,0.007795145,0.0027444675,-1.4507924
10::single::text::15,Negative,0.9898762,0.007415831,0.0027079338,-1.4657087
10::single::audio::0,Negative,0.9901918,0.007150922,0.0026571562,-1.4709072
10::single::audio::1,Negative,0.9898201,0.00747953,0.0027003994,-1.4657087
10::single::audio::2,Negative,0.98965055,0.0075849374,0.0027645165,-1.4634773
10::single::audio::3,Negative,0.99091417,0.0063891774,0.0026967009,-1.489378
10::single::audio::4,Negative,0.9896271,0.0076669957,0.0027058849,-1.4507924
10::single::audio::5,Negative,0.99011767,0.007202593,0.0026796996,-1.4731315
10::single::audio::6,Negative,0.98998207,0.007303904,0.0027140137,-1.4709072
10::single::audio::7,Negative,0.99002236,0.0072651184,0.0027124637,-1.4709072
10::single::audio::8,Negative,0.98996186,0.00732266,0.0027154607,-1.4701651
10::single::audio::9,Negative,0.9900487,0.0072147907,0.0027364993,-1.4701651
10::single::audio::10,Negative,0.98996514,0.007318319,0.0027165194,-1.4671952
10::single::audio::11,Negative,0.9898763,0.0074084457,0.0027152458,-1.4657087
10::single::audio::12,Negative,0.98989487,0.0073859673,0.0027191066,-1.4664521
10::single::audio::13,Negative,0.9899553,0.0073248968,0.0027197844,-1.4671952
10::single::audio::14,Negative,0.9899417,0.00733269,0.0027256415,-1.469423
10::single::audio::15,Negative,0.99016684,0.007181693,0.002651419,-1.4716488
10::single::vision::0,Negative,0.9907608,0.0067333886,0.0025057893,-1.4871694
10::single::vision::1,Negative,0.9898663,0.007391017,0.0027425827,-1.4642214
10::single::vision::2,Negative,0.9898263,0.0074252104,0.0027484028,-1.4657087
10::single::vision::3,Negative,0.9899146,0.0073704133,0.002714963,-1.4679381
10::single::vision::4,Negative,0.9899354,0.00734907,0.0027155622,-1.4679381
10::single::vision::5,Negative,0.98990405,0.007368163,0.0027277656,-1.4671952
10::single::vision::6,Negative,0.99003905,0.0072631286,0.00269774,-1.469423
10::single::vision::7,Negative,0.99002403,0.007278707,0.0026971633,-1.469423
10::single::vision::8,Negative,0.9900337,0.0072737755,0.0026924745,-1.469423
10::single::vision::9,Negative,0.9900618,0.0072461255,0.0026919888,-1.4709072
10::single::vision::10,Negative,0.9900822,0.0072351936,0.0026826286,-1.4709072
10::single::vision::11,Negative,0.99004835,0.0072591715,0.0026925032,-1.4709072
10::single::vision::12,Negative,0.99004734,0.0072475215,0.0027052152,-1.4701651
10::single::vision::13,Negative,0.9900807,0.0072186245,0.0027005714,-1.4701651
10::single::vision::14,Negative,0.99000096,0.007288671,0.0027103962,-1.4664521
10::single::vision::15,Negative,0.9907837,0.0067134053,0.0025028966,-1.4864327
11::single::text::0,Negative,0.99120605,0.005999256,0.0027946606,-1.1114867
11::single::text::1,Negative,0.99120605,0.005999256,0.0027946606,-1.1114867
11::single::text::2,Negative,0.9894321,0.007617922,0.0029499922,-0.98811245
11::single::text::3,Negative,0.99203753,0.00529572,0.0026667146,-1.3107765
11::single::text::4,Negative,0.9921821,0.005167363,0.0026505028,-1.3288898
11::single::text::5,Negative,0.9921821,0.005167363,0.0026505028,-1.3288898
11::single::text::6,Negative,0.9922373,0.005196251,0.0025663495,-1.275794
11::single::text::7,Negative,0.99122095,0.0060877427,0.0026912903,-1.2159966
11::single::text::8,Negative,0.9911963,0.006116154,0.00268758,-1.1938832
11::single::text::9,Negative,0.990638,0.00661846,0.0027435392,-1.218444
11::single::text::10,Negative,0.990638,0.00661846,0.0027435392,-1.218444
11::single::text::11,Negative,0.99285465,0.0044536632,0.0026916526,-1.3978457
11::single::text::12,Negative,0.9923297,0.005201238,0.002469042,-1.308405
11::single::text::13,Negative,0.99193656,0.005285755,0.0027777434,-1.3036562
11::single::text::14,Negative,0.9927468,0.004634667,0.0026185564,-1.3429823
11::single::text::15,Negative,0.9927468,0.004634667,0.0026185564,-1.3429823
11::single::text::16,Negative,0.9916505,0.0057330574,0.0026164507,-1.2411923
11::single::text::17,Negative,0.9916001,0.005764916,0.0026350417,-1.2549207
11::single::text::18,Negative,0.9921969,0.005250274,0.0025528213,-1.2805898
11::single::text::19,Negative,0.99228555,0.0051851557,0.00252928,-1.3060317
11::single::text::20,Negative,0.99228555,0.0051851557,0.00252928,-1.3060317
11::single::text::21,Negative,0.99275196,0.0046402295,0.0026077814,-1.3554468
11::single::text::22,Negative,0.9924227,0.0049706,0.0026067507,-1.2957234
11::single::text::23,Negative,0.9919621,0.005368557,0.0026693295,-1.2565316
11::single::text::24,Negative,0.9915552,0.0056915525,0.002753109,-1.19799
11::single::text::25,Negative,0.9915552,0.0056915525,0.002753109,-1.19799
11::single::text::26,Negative,0.99195147,0.005426117,0.0026224975,-1.2557263
11::single::text::27,Negative,0.9919343,0.0054631378,0.002602497,-1.2452368
11::single::text::28,Negative,0.9904388,0.0066740313,0.0028871628,-1.1641574
11::single::text::29,Negative,0.9913576,0.0059154574,0.0027269493,-1.1856534
11::single::text::30,Negative,0.9913576,0.0059154574,0.0027269493,-1.1856534
11::single::text::31,Negative,0.9920821,0.005272206,0.0026456905,-1.2589463
11::single::text::32,Negative,0.99236965,0.0051065963,0.0025237685,-1.3655311
11::single::text::33,Negative,0.9923911,0.0048707505,0.002738125,-1.2733932
11::single::text::34,Negative,0.99178326,0.0054084556,0.0028082791,-1.2621629
11::single::text::35,Negative,0.99178326,0.0054084556,0.0028082791,-1.2621629
11::single::text::36,Negative,0.992085,0.005190303,0.002724724,-1.2436197
11::single::text::37,Negative,0.9921122,0.005204583,0.0026832293,-1.2387632
11::single::text::38,Negative,0.99199796,0.0053180777,0.0026839366,-1.2853775
11::single::text::39,Negative,0.9921945,0.0051876255,0.002617951,-1.2573367
11::single::text::40,Negative,0.9921945,0.0051876255,0.002617951,-1.2573367
11::single::text::41,Negative,0.9919347,0.005375007,0.0026902491,-1.246045
11::single::text::42,Negative,0.9913596,0.005941864,0.0026985314,-1.1641574
11::single::text::43,Negative,0.99223286,0.0050995317,0.0026676268,-1.2403829
11::single::audio::0,Negative,0.99227506,0.0051294947,0.0025954153,-1.265376
11::single::audio::1,Negative,0.99227464,0.005117684,0.0026076443,-1.2661787
11::single::audio::2,Negative,0.99230283,0.005101177,0.0025959574,-1.2661787
11::single::audio::3,Negative,0.9922836,0.00510953,0.0026068636,-1.265376
11::single::audio::4,Negative,0.9922929,0.0051260456,0.0025810862,-1.265376
11::single::audio::5,Negative,0.99229693,0.005116118,0.0025869259,-1.2661787
11::single::audio::6,Negative,0.992273,0.0050919508,0.0026351307,-1.2637699
11::single::audio::7,Negative,0.99232686,0.005088028,0.002585107,-1.2677834
11::single::audio::8,Negative,0.9922809,0.005093347,0.0026256845,-1.2629666
11::single::audio::9,Negative,0.9924524,0.0049827583,0.0025648437,-1.2693874
11::single::audio::10,Negative,0.99233115,0.005083382,0.0025854376,-1.2661787
11::single::audio::11,Negative,0.9922852,0.00513107,0.002583763,-1.2661787
11::single::audio::12,Negative,0.99223226,0.0051429323,0.0026247576,-1.2621629
11::single::audio::13,Negative,0.9922355,0.0051396783,0.002624765,-1.2621629
11::single::audio::14,Negative,0.9922335,0.005165965,0.0026003867,-1.2637699
11::single::audio::15,Negative,0.9922522,0.0051229997,0.0026248088,-1.2637699
11::single::audio::16,Negative,0.9923977,0.0049958657,0.0026063463,-1.2677834
11::single::audio::17,Negative,0.99241674,0.004981216,0.0026021092,-1.2669812
11::single::audio::18,Negative,0.99237114,0.0050409217,0.0025878937,-1.2661787
11::single::audio::19,Negative,0.9923998,0.005024639,0.002575531,-1.2685856
11::single::audio::20,Negative,0.9923286,0.005062507,0.0026088702,-1.265376
11::single::audio::21,Negative,0.99227107,0.005109977,0.0026189345,-1.2637699
11::single::audio::22,Negative,0.99226254,0.005111808,0.0026256335,-1.2629666
11::single::audio::23,Negative,0.99238294,0.0050041145,0.0026130057,-1.2661787
11::single::audio::24,Negative,0.99240786,0.004969869,0.0026222272,-1.2685856
11::single::audio::25,Negative,0.9922541,0.005124633,0.0026212973,-1.2629666
11::single::audio::26,Negative,0.9922745,0.005104886,0.0026205457,-1.2629666
11::single::audio::27,Negative,0.99228203,0.005103305,0.002614652,-1.2637699
11::single::audio::28,Negative,0.9923069,0.005090136,0.002602935,-1.2645731
11::single::audio::29,Negative,0.99230707,0.0050966283,0.00259628,-1.2645731
11::single::audio::30,Negative,0.9922933,0.0051002633,0.0026064005,-1.2637699
11::single::audio::31,Negative,0.9921873,0.0052349465,0.002577703,-1.2621629
11::single::audio::32,Negative,0.9921445,0.0051966957,0.0026587192,-1.2565316
11::single::audio::33,Negative,0.9920096,0.0053527514,0.0026377004,-1.2557263
11::single::audio::34,Negative,0.9920165,0.0053458335,0.0026377176,-1.2557263
11::single::audio::35,Negative,0.99201906,0.0053441175,0.0026369137,-1.2557263
11::single::audio::36,Negative,0.9922163,0.0051792846,0.0026043018,-1.2645731
11::single::audio::37,Negative,0.99222875,0.005186052,0.0025851866,-1.2645731
11::single::audio::38,Negative,0.9922735,0.005119348,0.0026071537,-1.265376
11::single::audio::39,Negative,0.9922649,0.0051016062,0.0026335057,-1.2629666
11::single::audio::40,Negative,0.9922032,0.0051452415,0.0026515736,-1.2597508
11::single::audio::41,Negative,0.9920602,0.005282959,0.0026567732,-1.2597508
11::single::audio::42,Negative,0.9921455,0.0052114874,0.0026430655,-1.2629666
11::single::audio::43,Negative,0.99231184,0.0050950414,0.0025931518,-1.2669812
11::single::vision::0,Negative,0.9922478,0.0051493337,0.0026027914,-1.2637699
11::single::vision::1,Negative,0.992198,0.005179663,0.0026222712,-1.2597508
11::single::vision::2,Negative,0.9921856,0.0051929345,0.0026214453,-1.260555
11::single::vision::3,Negative,0.9921746,0.0051997043,0.0026257446,-1.260555
11::single::vision::4,Negative,0.99220216,0.005176286,0.002621486,-1.260555
11::single::vision::5,Negative,0.99219143,0.0051862397,0.0026222563,-1.260555
11::single::vision::6,Negative,0.9921948,0.005182855,0.0026222656,-1.2613591
11::single::vision::7,Negative,0.9921981,0.0051795635,0.002622273,-1.260555
11::single::vision::8,Negative,0.99221265,0.0051694443,0.002617992,-1.260555
11::single::vision::9,Negative,0.99221426,0.005167801,0.0026179957,-1.2621629
11::single::vision::10,Negative,0.99221426,0.005167801,0.0026179957,-1.2621629
11::single::vision::11,Negative,0.9922101,0.005171169,0.0026187825,-1.2613591
11::single::vision::12,Negative,0.99223435,0.005156087,0.002609434,-1.2645731
11::single::vision::13,Negative,0.9921997,0.00517792,0.0026222768,-1.2613591
11::single::vision::14,Negative,0.9921981,0.0051795635,0.002622273,-1.2613591
11::single::vision::15,Negative,0.99223346,0.00515279,0.0026137335,-1.2629666
11::single::vision::16,Negative,0.9922209,0.005161146,0.0026180125,-1.2621629
11::single::vision::17,Negative,0.992211,0.0051710894,0.0026179883,-1.2613591
11::single::vision::18,Negative,0.99221265,0.0051694443,0.002617992,-1.2613591
11::single::vision::19,Negative,0.99221426,0.005167801,0.0026179957,-1.2613591
11::single::vision::20,Negative,0.9922118,0.005171097,0.0026171939,-1.2613591
11::single::vision::21,Negative,0.9922184,0.005164436,0.0026172106,-1.2621629
11::single::vision::22,Negative,0.9922175,0.005166174,0.0026164122,-1.260555
11::single::vision::23,Negative,0.9922167,0.0051661665,0.002617205,-1.260555
11::single::vision::24,Negative,0.99221426,0.005167801,0.0026179957,-1.2613591
11::single::vision::25,Negative,0.99221426,0.005167801,0.0026179957,-1.2613591
11::single::vision::26,Negative,0.9922192,0.0051627867,0.0026180088,-1.2629666
11::single::vision::27,Negative,0.9922192,0.0051627867,0.0026180088,-1.2629666
11::single::vision::28,Negative,0.9922128,0.0051677017,0.0026195908,-1.2637699
11::single::vision::29,Negative,0.9922087,0.005176037,0.0026152702,-1.2637699
11::single::vision::30,Negative,0.9922011,0.005179394,0.0026195613,-1.2637699
11::single::vision::31,Negative,0.9922036,0.005176089,0.0026203678,-1.2629666
11::single::vision::32,Negative,0.99218893,0.0051895455,0.0026214544,-1.2613591
11::single::vision::33,Negative,0.9922092,0.00517448,0.002616392,-1.2613591
11::single::vision::34,Negative,0.9922092,0.00517448,0.002616392,-1.2613591
11::single::vision::35,Negative,0.9922108,0.0051728347,0.0026163957,-1.2613591
11::single::vision::36,Negative,0.9922013,0.0051779347,0.0026206896,-1.2613591
11::single::vision::37,Negative,0.99220467,0.0051728953,0.0026222898,-1.2613591
11::single::vision::38,Negative,0.99220145,0.0051761805,0.0026222824,-1.2613591
11::single::vision::39,Negative,0.99221265,0.0051694443,0.002617992,-1.2613591
11::single::vision::40,Negative,0.992198,0.005181223,0.0026206821,-1.2613591
11::single::vision::41,Negative,0.99221265,0.0051694443,0.002617992,-1.2613591
11::single::vision::42,Negative,0.992211,0.0051710894,0.0026179883,-1.2613591
11::single::vision::43,Negative,0.9922602,0.0051377127,0.002602031,-1.2645731
12::single::text::0,Neutral,0.012187327,0.97508115,0.012731524,-0.011276193
12::single::text::1,Neutral,0.012187327,0.97508115,0.012731524,-0.011276193
12::single::text::2,Neutral,0.012896449,0.9806063,0.006497179,-0.052362844
12::single::text::3,Neutral,0.011173096,0.9811458,0.0076811095,-0.036619276
12::single::text::4,Neutral,0.012991596,0.9698087,0.01719961,0.0035381303
12::single::text::5,Neutral,0.009441043,0.977607,0.0129519,-0.00767134
12::single::text::6,Neutral,0.009327233,0.984726,0.0059467056,-0.040768977
12::single::text::7,Neutral,0.009327233,0.984726,0.0059467056,-0.040768977
12::single::text::8,Neutral,0.008748478,0.98106724,0.010184249,-0.010795547
12::single::text::9,Neutral,0.010295191,0.9824323,0.007272511,-0.03344588
12::single::text::10,Neutral,0.010743429,0.9807219,0.008534714,-0.022292681
12::single::text::11,Neutral,0.01568851,0.9763829,0.007928579,-0.037931327
12::single::text::12,Neutral,0.02328005,0.9692664,0.00745353,-0.062124908
12::single::text::13,Neutral,0.02328005,0.9692664,0.00745353,-0.062124908
12::single::text::14,Neutral,0.012909308,0.9797433,0.0073474194,-0.037931327
12::single::text::15,Neutral,0.010151534,0.9806731,0.009175384,-0.015579084
12::single::text::16,Neutral,0.013564251,0.9760566,0.010379134,-0.028044838
12::single::text::17,Neutral,0.013593116,0.9733854,0.013021456,-0.012275629
12::single::text::18,Neutral,0.011933318,0.9708993,0.017167356,-0.0027694693
12::single::text::19,Neutral,0.01129072,0.9828227,0.0058865626,-0.044826988
12::single::text::20,Neutral,0.01129072,0.9828227,0.0058865626,-0.044826988
12::single::text::21,Neutral,0.017335305,0.9777268,0.004937931,-0.067554496
12::single::text::22,Neutral,0.015826918,0.9779759,0.0061970837,-0.062490962
12::single::text::23,Neutral,0.0116382865,0.9770981,0.011263505,-0.01718121
12::single::text::24,Neutral,0.010695198,0.98091304,0.008391798,-0.026793722
12::single::text::25,Neutral,0.012162877,0.9798048,0.008032305,-0.03384256
12::single::text::26,Neutral,0.012162877,0.9798048,0.008032305,-0.03384256
12::single::text::27,Neutral,0.010850743,0.97922826,0.0099209305,-0.021392459
12::single::text::28,Neutral,0.013300319,0.9785074,0.008192235,-0.026030842
12::single::text::29,Neutral,0.018663319,0.9746182,0.006718431,-0.060782693
12::single::text::30,Neutral,0.014401334,0.9797367,0.005862007,-0.06191138
12::single::text::31,Neutral,0.013343974,0.9792894,0.007366527,-0.039365415
12::single::audio::0,Neutral,0.012681163,0.97711587,0.010202959,-0.020629559
12::single::audio::1,Neutral,0.012446388,0.9776695,0.009884113,-0.021545041
12::single::audio::2,Neutral,0.012430056,0.977815,0.009754928,-0.021484008
12::single::audio::3,Neutral,0.0123928515,0.9779399,0.00966715,-0.021743393
12::single::audio::4,Neutral,0.012690742,0.97713137,0.010177856,-0.021056782
12::single::audio::5,Neutral,0.012299628,0.9778956,0.0098047275,-0.021346686
12::single::audio::6,Neutral,0.012594248,0.977621,0.009784716,-0.022552066
12::single::audio::7,Neutral,0.0123678725,0.9776329,0.009999263,-0.020629559
12::single::audio::8,Neutral,0.012819034,0.97682065,0.0103602735,-0.020126041
12::single::audio::9,Neutral,0.012596592,0.9773145,0.010088959,-0.021133075
12::single::audio::10,Neutral,0.01236967,0.97736514,0.010265192,-0.019805621
12::single::audio::11,Neutral,0.012479629,0.97700965,0.0105106,-0.018356094
12::single::audio::12,Neutral,0.013472608,0.97549385,0.011033575,-0.019866653
12::single::audio::13,Neutral,0.013398827,0.97562784,0.01097332,-0.020278621
12::single::audio::14,Neutral,0.012633519,0.97718847,0.010178041,-0.020736365
12::single::audio::15,Neutral,0.012672711,0.97704566,0.010281542,-0.02053801
12::single::audio::16,Neutral,0.012829894,0.97689253,0.010277535,-0.020995753
12::single::audio::17,Neutral,0.0127078425,0.97709346,0.010198708,-0.02046172
12::single::audio::18,Neutral,0.012686273,0.9772301,0.010083599,-0.021194106
12::single::audio::19,Neutral,0.012516442,0.9774208,0.010062717,-0.020888945
12::single::audio::20,Neutral,0.012657154,0.9772184,0.010124503,-0.021072041
12::single::audio::21,Neutral,0.012622379,0.97728544,0.010092088,-0.020965235
12::single::audio::22,Neutral,0.012528233,0.9777036,0.009768121,-0.022414744
12::single::audio::23,Neutral,0.012390988,0.9776622,0.009946838,-0.021102557
12::single::audio::24,Neutral,0.012456336,0.97770226,0.009841422,-0.021529783
12::single::audio::25,Neutral,0.01276246,0.97683334,0.0104041705,-0.019775104
12::single::audio::26,Neutral,0.012739463,0.97719836,0.010062171,-0.02140772
12::single::audio::27,Neutral,0.012937754,0.9763977,0.01066452,-0.019592008
12::single::audio::28,Neutral,0.012599711,0.97704244,0.010357925,-0.020019233
12::single::audio::29,Neutral,0.012677212,0.9768777,0.010445115,-0.01965304
12::single::audio::30,Neutral,0.012527906,0.97716564,0.010306384,-0.020034494
12::single::audio::31,Neutral,0.012668403,0.9772712,0.010060405,-0.0210873
12::single::vision::0,Neutral,0.010784733,0.97689265,0.0123226065,-0.0065040486
12::single::vision::1,Neutral,0.011753602,0.9768127,0.011433661,-0.010909987
12::single::vision::2,Neutral,0.011756191,0.9768182,0.011425605,-0.010971021
12::single::vision::3,Neutral,0.011756191,0.9768182,0.011425605,-0.010971021
12::single::vision::4,Neutral,0.0117561,0.9768102,0.011433618,-0.010971021
12::single::vision::5,Neutral,0.011756191,0.9768182,0.011425605,-0.010971021
12::single::vision::6,Neutral,0.011756191,0.9768182,0.011425605,-0.010971021
12::single::vision::7,Neutral,0.011756191,0.9768182,0.011425605,-0.010971021
12::single::vision::8,Neutral,0.011756191,0.9768182,0.011425605,-0.010971021
12::single::vision::9,Neutral,0.011756191,0.9768182,0.011425605,-0.010971021
12::single::vision::10,Neutral,0.011756191,0.9768182,0.011425605,-0.010971021
12::single::vision::11,Neutral,0.011756191,0.9768182,0.011425605,-0.010971021
12::single::vision::12,Neutral,0.011756191,0.9768182,0.011425605,-0.010971021
12::single::vision::13,Neutral,0.011756191,0.9768182,0.011425605,-0.010971021
12::single::vision::14,Neutral,0.011756191,0.9768182,0.011425605,-0.010971021
12::single::vision::15,Neutral,0.011756191,0.9768182,0.011425605,-0.010971021
12::single::vision::16,Neutral,0.011756191,0.9768182,0.011425605,-0.010971021
12::single::vision::17,Neutral,0.011756191,0.9768182,0.011425605,-0.010971021
12::single::vision::18,Neutral,0.011756191,0.9768182,0.011425605,-0.010971021
12::single::vision::19,Neutral,0.011756191,0.9768182,0.011425605,-0.010971021
12::single::vision::20,Neutral,0.011756191,0.9768182,0.011425605,-0.010971021
12::single::vision::21,Neutral,0.011756191,0.9768182,0.011425605,-0.010971021
12::single::vision::22,Neutral,0.011756191,0.9768182,0.011425605,-0.010971021
12::single::vision::23,Neutral,0.011756191,0.9768182,0.011425605,-0.010971021
12::single::vision::24,Neutral,0.011756191,0.9768182,0.011425605,-0.010971021
12::single::vision::25,Neutral,0.011756191,0.9768182,0.011425605,-0.010971021
12::single::vision::26,Neutral,0.011756191,0.9768182,0.011425605,-0.010971021
12::single::vision::27,Neutral,0.011756191,0.9768182,0.011425605,-0.010971021
12::single::vision::28,Neutral,0.011756191,0.9768182,0.011425605,-0.010971021
12::single::vision::29,Neutral,0.011756191,0.9768182,0.011425605,-0.010971021
12::single::vision::30,Neutral,0.0117561,0.9768102,0.011433618,-0.010925245
12::single::vision::31,Neutral,0.011561196,0.97619337,0.01224545,-0.010681108
13::single::text::0,Neutral,0.007843751,0.8795757,0.11258048,0.27123004
13::single::text::1,Neutral,0.007843751,0.8795757,0.11258048,0.27123004
13::single::text::2,Neutral,0.0065687257,0.917032,0.07639925,0.24517947
13::single::text::3,Neutral,0.0065687257,0.917032,0.07639925,0.24517947
13::single::text::4,Neutral,0.008198347,0.85823387,0.13356774,0.2971185
13::single::text::5,Neutral,0.007983216,0.87653685,0.115479946,0.26251054
13::single::text::6,Neutral,0.007983216,0.87653685,0.115479946,0.26251054
13::single::text::7,Neutral,0.007406899,0.8985221,0.09407102,0.25742206
13::single::text::8,Neutral,0.00851059,0.8327192,0.15877014,0.3031609
13::single::text::9,Neutral,0.00851059,0.8327192,0.15877014,0.3031609
13::single::text::10,Neutral,0.008513789,0.8433466,0.14813957,0.30557722
13::single::text::11,Neutral,0.011065332,0.6842996,0.30463502,0.37522215
13::single::text::12,Neutral,0.011065332,0.6842996,0.30463502,0.37522215
13::single::text::13,Neutral,0.008207937,0.85509926,0.13669276,0.29470086
13::single::text::14,Neutral,0.006220413,0.928354,0.06542549,0.22054866
13::single::text::15,Neutral,0.006220413,0.928354,0.06542549,0.22054866
13::single::text::16,Neutral,0.00707775,0.8991975,0.09372479,0.26251054
13::single::text::17,Neutral,0.008313178,0.85268813,0.13899872,0.29325008
13::single::text::18,Neutral,0.008313178,0.85268813,0.13899872,0.29325008
13::single::text::19,Neutral,0.0071169715,0.905461,0.08742196,0.25208968
13::single::text::20,Neutral,0.0071169715,0.905461,0.08742196,0.25208968
13::single::text::21,Neutral,0.0065329885,0.920327,0.073139966,0.23329268
13::single::text::22,Neutral,0.010439854,0.7486571,0.24090299,0.34755358
13::single::text::23,Neutral,0.010439854,0.7486571,0.24090299,0.34755358
13::single::text::24,Neutral,0.008068698,0.8644228,0.12750852,0.28720367
13::single::text::25,Neutral,0.008796796,0.836579,0.15462416,0.3070268
13::single::text::26,Neutral,0.008796796,0.836579,0.15462416,0.3070268
13::single::text::27,Neutral,0.008491421,0.84354377,0.14796485,0.29736024
13::single::text::28,Neutral,0.008589451,0.8333067,0.15810382,0.3060604
13::single::text::29,Neutral,0.008589451,0.8333067,0.15810382,0.3060604
13::single::text::30,Neutral,0.008093281,0.86292994,0.12897679,0.2983272
13::single::text::31,Neutral,0.007612758,0.8945835,0.0978037,0.26662862
13::single::text::32,Neutral,0.007612758,0.8945835,0.0978037,0.26662862
13::single::text::33,Neutral,0.0065675755,0.91952163,0.07391075,0.23535521
13::single::text::34,Neutral,0.006252338,0.9320091,0.06173854,0.21071206
13::single::text::35,Neutral,0.006252338,0.9320091,0.06173854,0.21071206
13::single::text::36,Neutral,0.006141467,0.9309027,0.06295581,0.21034765
13::single::audio::0,Neutral,0.007946397,0.87508386,0.11696975,0.27752456
13::single::audio::1,Neutral,0.007744451,0.88423055,0.10802497,0.26517528
13::single::audio::2,Neutral,0.007966305,0.87202084,0.12001279,0.28018692
13::single::audio::3,Neutral,0.007997589,0.87183785,0.1201646,0.28042895
13::single::audio::4,Neutral,0.0079458915,0.8740235,0.118030556,0.2789768
13::single::audio::5,Neutral,0.007981186,0.8727686,0.11925021,0.2799449
13::single::audio::6,Neutral,0.00796346,0.87350893,0.11852756,0.27921885
13::single::audio::7,Neutral,0.007951025,0.8718027,0.12024622,0.28018692
13::single::audio::8,Neutral,0.007985477,0.8714851,0.120529376,0.28115493
13::single::audio::9,Neutral,0.00805029,0.8690312,0.12291855,0.2830908
13::single::audio::10,Neutral,0.007559711,0.88702786,0.10541241,0.26759744
13::single::audio::11,Neutral,0.007936766,0.87344444,0.11861883,0.27946088
13::single::audio::12,Neutral,0.007947066,0.8728738,0.11917914,0.27970287
13::single::audio::13,Neutral,0.00791811,0.8743445,0.11773738,0.27849275
13::single::audio::14,Neutral,0.0081512565,0.8632152,0.12863351,0.2874456
13::single::audio::15,Neutral,0.0082678255,0.860765,0.13096716,0.28938064
13::single::audio::16,Neutral,0.007939774,0.8722738,0.11978643,0.27946088
13::single::audio::17,Neutral,0.00821999,0.8641299,0.1276501,0.28551027
13::single::audio::18,Neutral,0.007927014,0.8738419,0.118231125,0.2787348
13::single::audio::19,Neutral,0.008180897,0.8644583,0.12736079,0.28526837
13::single::audio::20,Neutral,0.008079348,0.8641778,0.12774284,0.28623602
13::single::audio::21,Neutral,0.008063489,0.8651293,0.12680721,0.28647795
13::single::audio::22,Neutral,0.007974986,0.87047964,0.121545345,0.28042895
13::single::audio::23,Neutral,0.007976659,0.86743903,0.12458424,0.28478447
13::single::audio::24,Neutral,0.008182272,0.8614625,0.13035516,0.2908318
13::single::audio::25,Neutral,0.0082078995,0.86057377,0.1312183,0.2917992
13::single::audio::26,Neutral,0.008224321,0.8605976,0.13117813,0.2915573
13::single::audio::27,Neutral,0.008229103,0.85965675,0.1321142,0.29228282
13::single::audio::28,Neutral,0.008161902,0.85900486,0.13283326,0.29349187
13::single::audio::29,Neutral,0.0081728175,0.86110663,0.13072057,0.28962255
13::single::audio::30,Neutral,0.007997705,0.8705754,0.12142688,0.28260684
13::single::audio::31,Neutral,0.007992377,0.86998606,0.12202158,0.2830908
13::single::audio::32,Neutral,0.008002583,0.86963904,0.12235837,0.28333274
13::single::audio::33,Neutral,0.007889897,0.87308836,0.11902173,0.28018692
13::single::audio::34,Neutral,0.008064852,0.87008595,0.12184917,0.28091294
13::single::audio::35,Neutral,0.008097559,0.8702554,0.12164697,0.28115493
13::single::audio::36,Neutral,0.008026705,0.8704387,0.12153463,0.28212288
13::single::vision::0,Neutral,0.0079099005,0.8723707,0.11971934,0.27970287
13::single::vision::1,Neutral,0.007924913,0.87207633,0.11999872,0.2799449
13::single::vision::2,Neutral,0.007923066,0.87211096,0.11996603,0.27970287
13::single::vision::3,Neutral,0.00793371,0.8718189,0.120247364,0.2799449
13::single::vision::4,Neutral,0.0079326965,0.8717068,0.12036051,0.28018692
13::single::vision::5,Neutral,0.0079328865,0.87172663,0.12034049,0.28018692
13::single::vision::6,Neutral,0.0079326965,0.8717068,0.12036051,0.28018692
13::single::vision::7,Neutral,0.007921396,0.8719297,0.120148875,0.28018692
13::single::vision::8,Neutral,0.007921802,0.87196624,0.12011197,0.2799449
13::single::vision::9,Neutral,0.007921802,0.87196624,0.12011197,0.2799449
13::single::vision::10,Neutral,0.007921963,0.87198913,0.12008892,0.2799449
13::single::vision::11,Neutral,0.007924067,0.87198734,0.1200886,0.2799449
13::single::vision::12,Neutral,0.007924067,0.87198734,0.1200886,0.2799449
13::single::vision::13,Neutral,0.007937409,0.87174976,0.12031284,0.2799449
13::single::vision::14,Neutral,0.007925782,0.87192667,0.12014747,0.2799449
13::single::vision::15,Neutral,0.007915621,0.8722677,0.119816676,0.27946088
13::single::vision::16,Neutral,0.0079040285,0.8726978,0.11939818,0.2787348
13::single::vision::17,Neutral,0.00790623,0.8727058,0.11938792,0.27849275
13::single::vision::18,Neutral,0.007920453,0.8728054,0.11927411,0.2780087
13::single::vision::19,Neutral,0.007900109,0.8734819,0.1186179,0.27728254
13::single::vision::20,Neutral,0.007918576,0.8723546,0.119726755,0.2789768
13::single::vision::21,Neutral,0.007927638,0.87189215,0.12018024,0.28018692
13::single::vision::22,Neutral,0.007926766,0.8720418,0.120031424,0.27970287
13::single::vision::23,Neutral,0.007939195,0.87170213,0.1203587,0.28018692
13::single::vision::24,Neutral,0.007926766,0.8720418,0.120031424,0.27970287
13::single::vision::25,Neutral,0.007926673,0.8720319,0.12004141,0.27970287
13::single::vision::26,Neutral,0.007926673,0.8720319,0.12004141,0.2799449
13::single::vision::27,Neutral,0.007926673,0.8720319,0.12004141,0.27970287
13::single::vision::28,Neutral,0.007926766,0.8720418,0.120031424,0.2799449
13::single::vision::29,Neutral,0.007927894,0.8719249,0.12014715,0.2799449
13::single::vision::30,Neutral,0.007907577,0.8726059,0.11948647,0.27849275
13::single::vision::31,Neutral,0.007918201,0.8723152,0.11976657,0.2789768
13::single::vision::32,Neutral,0.00791792,0.87228566,0.11979643,0.27921885
13::single::vision::33,Neutral,0.007909186,0.8730233,0.11906748,0.2780087
13::single::vision::34,Neutral,0.007910975,0.8729758,0.11911318,0.2782507
13::single::vision::35,Neutral,0.00788294,0.87353307,0.11858399,0.27728254
13::single::vision::36,Neutral,0.007909646,0.87233806,0.1197523,0.27970287
14::single::text::0,Positive,0.017876418,0.016091762,0.9660318,0.82805216
14::single::text::1,Positive,0.017876418,0.016091762,0.9660318,0.82805216
14::single::text::2,Positive,0.019938488,0.033624787,0.94643676,0.54373085
14::single::text::3,Positive,0.016895574,0.014718367,0.968386,0.8644552
14::single::text::4,Positive,0.016895574,0.014718367,0.968386,0.8644552
14::single::text::5,Positive,0.01930004,0.032047994,0.94865197,0.6165797
14::single::text::6,Positive,0.018460717,0.020404132,0.9611351,0.75491595
14::single::text::7,Positive,0.018662294,0.014469448,0.9668682,0.8725077
14::single::text::8,Positive,0.018662294,0.014469448,0.9668682,0.8725077
14::single::text::9,Positive,0.02230879,0.028401047,0.94929016,0.5366441
14::single::text::10,Positive,0.019000974,0.01844267,0.96255624,0.73613274
14::single::text::11,Positive,0.018224206,0.017807484,0.9639683,0.76907605
14::single::text::12,Positive,0.018224206,0.017807484,0.9639683,0.76907605
14::single::text::13,Positive,0.016608153,0.020782368,0.96260947,0.7089957
14::single::text::14,Positive,0.020182053,0.022375673,0.95744216,0.62125474
14::single::text::15,Positive,0.016537273,0.02027601,0.96318674,0.7126826
14::single::text::16,Positive,0.016537273,0.02027601,0.96318674,0.7126826
14::single::text::17,Positive,0.019687235,0.023143604,0.9571692,0.6310619
14::single::text::18,Positive,0.019498255,0.02521408,0.9552877,0.6375922
14::single::text::19,Positive,0.017550064,0.017250193,0.9651997,0.78547406
14::single::text::20,Positive,0.017550064,0.017250193,0.9651997,0.78547406
14::single::text::21,Positive,0.017325219,0.021831388,0.9608433,0.69376314
14::single::text::22,Positive,0.017739384,0.01689712,0.96536344,0.8018219
14::single::audio::0,Positive,0.016916662,0.01576669,0.9673166,0.8474109
14::single::audio::1,Positive,0.016817484,0.015961114,0.9672214,0.8402165
14::single::audio::2,Positive,0.01718067,0.016090153,0.96672916,0.8393165
14::single::audio::3,Positive,0.016885575,0.016409552,0.9667048,0.8316595
14::single::audio::4,Positive,0.017236289,0.016536085,0.96622753,0.830758
14::single::audio::5,Positive,0.017248355,0.016232438,0.9665192,0.8384162
14::single::audio::6,Positive,0.017156487,0.01618475,0.9666587,0.8393165
14::single::audio::7,Positive,0.017095089,0.015996646,0.9669082,0.8420161
14::single::audio::8,Positive,0.016977454,0.016174577,0.966848,0.8384162
14::single::audio::9,Positive,0.017092327,0.015961116,0.9669466,0.8415663
14::single::audio::10,Positive,0.017147314,0.016011931,0.9668407,0.8411164
14::single::audio::11,Positive,0.017174851,0.015953345,0.9668718,0.8415663
14::single::audio::12,Positive,0.017414449,0.01620222,0.96638334,0.8370657
14::single::audio::13,Positive,0.01679749,0.015905766,0.9672967,0.8402165
14::single::audio::14,Positive,0.017206766,0.016221283,0.9665719,0.8361651
14::single::audio::15,Positive,0.017166862,0.015955912,0.9668771,0.8420161
14::single::audio::16,Positive,0.017301314,0.016170632,0.96652806,0.83976656
14::single::audio::17,Positive,0.01723557,0.015988762,0.96677566,0.84246594
14::single::audio::18,Positive,0.01739836,0.016389664,0.966212,0.8352643
14::single::audio::19,Positive,0.016894316,0.016003473,0.9671022,0.84246594
14::single::audio::20,Positive,0.017347913,0.016173763,0.9664784,0.837516
14::single::audio::21,Positive,0.016851433,0.016268494,0.9668801,0.83661544
14::single::audio::22,Positive,0.016962484,0.01577795,0.9672596,0.8478602
14::single::vision::0,Positive,0.017317034,0.01602246,0.9666605,0.83976656
14::single::vision::1,Positive,0.01657531,0.015397719,0.96802694,0.8519021
14::single::vision::2,Positive,0.01666627,0.015485313,0.9678484,0.8505552
14::single::vision::3,Positive,0.0166731,0.015456319,0.9678706,0.8505552
14::single::vision::4,Positive,0.016695237,0.015480194,0.9678246,0.8501061
14::single::vision::5,Positive,0.016762545,0.015482317,0.9677551,0.8496571
14::single::vision::6,Positive,0.01675933,0.015477698,0.96776295,0.8496571
14::single::vision::7,Positive,0.016671464,0.015458672,0.9678699,0.8505552
14::single::vision::8,Positive,0.01664999,0.015505165,0.9678447,0.8501061
14::single::vision::9,Positive,0.016654944,0.015491018,0.96785396,0.8501061
14::single::vision::10,Positive,0.016679334,0.015468766,0.96785194,0.8501061
14::single::vision::11,Positive,0.016725022,0.015512695,0.9677623,0.8496571
14::single::vision::12,Positive,0.016746815,0.01545839,0.96779484,0.8501061
14::single::vision::13,Positive,0.016762804,0.015467441,0.96776974,0.8496571
14::single::vision::14,Positive,0.016616145,0.0153319035,0.9680519,0.8514532
14::single::vision::15,Positive,0.016486429,0.015412451,0.96810114,0.8527999
14::single::vision::16,Positive,0.016438402,0.01546181,0.9680998,0.8563891
14::single::vision::17,Positive,0.016942976,0.015676983,0.96738005,0.8474109
14::single::vision::18,Positive,0.01678208,0.015562185,0.9676558,0.8474109
14::single::vision::19,Positive,0.016801285,0.01566752,0.9675312,0.8478602
14::single::vision::20,Positive,0.016847715,0.015704101,0.96744823,0.8456134
14::single::vision::21,Positive,0.017035067,0.016005019,0.9669599,0.8402165
14::single::vision::22,Positive,0.01727334,0.01604335,0.9666833,0.8411164
15::single::text::0,Negative,0.9840674,0.00893537,0.0069972477,-2.277367
15::single::text::1,Negative,0.9840674,0.00893537,0.0069972477,-2.277367
15::single::text::2,Negative,0.9822191,0.009993256,0.007787601,-2.2831402
15::single::text::3,Negative,0.9822191,0.009993256,0.007787601,-2.2831402
15::single::text::4,Negative,0.98614556,0.007825372,0.006029057,-2.2606509
15::single::text::5,Negative,0.9846129,0.008708356,0.0066787573,-2.245323
15::single::text::6,Negative,0.9846129,0.008708356,0.0066787573,-2.245323
15::single::text::7,Negative,0.9824666,0.009896808,0.0076366374,-2.2864215
15::single::text::8,Negative,0.9824666,0.009896808,0.0076366374,-2.2864215
15::single::text::9,Negative,0.98216766,0.010009691,0.007822637,-2.2839618
15::single::text::10,Negative,0.98826116,0.006753102,0.004985699,-2.1504142
15::single::text::11,Negative,0.98826116,0.006753102,0.004985699,-2.1504142
15::single::text::12,Negative,0.98105335,0.01023397,0.008712691,-2.1701608
15::single::audio::0,Negative,0.9855871,0.008510042,0.005902812,-2.2690501
15::single::audio::1,Negative,0.98422885,0.009102098,0.0066690636,-2.2781944
15::single::audio::2,Negative,0.9838529,0.009220459,0.0069266465,-2.2765393
15::single::audio::3,Negative,0.98412126,0.009061011,0.0068177483,-2.2765393
15::single::audio::4,Negative,0.9844892,0.008976137,0.006534625,-2.2748806
15::single::audio::5,Negative,0.98493725,0.008812261,0.006250532,-2.2748806
15::single::audio::6,Negative,0.98417157,0.009230144,0.0065983403,-2.2765393
15::single::audio::7,Negative,0.985382,0.008382405,0.0062355804,-2.2698853
15::single::audio::8,Negative,0.9835179,0.009490849,0.0069912844,-2.271554
15::single::audio::9,Negative,0.98344433,0.009527436,0.0070282323,-2.2723866
15::single::audio::10,Negative,0.9834244,0.009514062,0.00706145,-2.2723866
15::single::audio::11,Negative,0.98453003,0.008978359,0.006491599,-2.2723866
15::single::audio::12,Negative,0.985623,0.008485492,0.0058914907,-2.2698853
15::single::vision::0,Negative,0.9841763,0.009003432,0.0068203155,-2.2698853
15::single::vision::1,Negative,0.98311234,0.009637036,0.0072506154,-2.2723866
15::single::vision::2,Negative,0.9831518,0.009605702,0.007242485,-2.2723866
15::single::vision::3,Negative,0.9831281,0.009615439,0.007256457,-2.2723866
15::single::vision::4,Negative,0.9831508,0.009608637,0.007240571,-2.2723866
15::single::vision::5,Negative,0.98269594,0.009819304,0.0074847983,-2.2748806
15::single::vision::6,Negative,0.98264503,0.009847574,0.007507383,-2.2748806
15::single::vision::7,Negative,0.98264384,0.009829813,0.0075263414,-2.27571
15::single::vision::8,Negative,0.9832026,0.0095629115,0.0072344523,-2.271554
15::single::vision::9,Negative,0.9834792,0.009406028,0.0071148295,-2.2698853
15::single::vision::10,Negative,0.98384434,0.009191688,0.006963936,-2.266539
15::single::vision::11,Negative,0.9832088,0.00960527,0.007185997,-2.27072
15::single::vision::12,Negative,0.9840313,0.009084282,0.00688444,-2.27072
16::single::text::0,Positive,0.013973448,0.020186804,0.96583974,0.73613274
16::single::text::1,Positive,0.013973448,0.020186804,0.96583974,0.73613274
16::single::text::2,Positive,0.012635657,0.01424735,0.97311705,0.907242
16::single::text::3,Positive,0.0130950995,0.013918276,0.97298664,0.9377473
16::single::text::4,Positive,0.012821049,0.01200433,0.97517455,1.056299
16::single::text::5,Positive,0.012381878,0.013789124,0.973829,0.9715371
16::single::text::6,Positive,0.013208871,0.015216092,0.971575,0.8635596
16::single::text::7,Positive,0.013208871,0.015216092,0.971575,0.8635596
16::single::text::8,Positive,0.012510215,0.011675648,0.9758141,1.046019
16::single::text::9,Positive,0.01270836,0.0135950595,0.9736966,0.9584043
16::single::text::10,Positive,0.013184179,0.020311207,0.96650463,0.77226853
16::single::text::11,Positive,0.012010485,0.01346585,0.97452354,0.97590566
16::single::text::12,Positive,0.012408148,0.018232008,0.96935976,0.8072599
16::single::text::13,Positive,0.012595999,0.02219758,0.9652065,0.713604
16::single::text::14,Positive,0.012595999,0.02219758,0.9652065,0.713604
16::single::text::15,Positive,0.012864349,0.013823625,0.973312,0.92936826
16::single::text::16,Positive,0.01230218,0.01197985,0.9757181,1.03399
16::single::text::17,Positive,0.012660053,0.013058694,0.9742813,0.9619104
16::single::text::18,Positive,0.013230455,0.01284311,0.9739263,0.95445645
16::single::text::19,Positive,0.013943631,0.015954638,0.9701018,0.8393165
16::single::text::20,Positive,0.013943631,0.015954638,0.9701018,0.8393165
16::single::text::21,Positive,0.01251218,0.012022907,0.97546494,1.0201967
16::single::text::22,Positive,0.01256822,0.011956074,0.97547567,1.0382905
16::single::text::23,Positive,0.012455208,0.012720764,0.97482395,0.9994148
16::single::text::24,Positive,0.012906543,0.012780447,0.9743131,0.99680936
16::single::text::25,Positive,0.014454777,0.020716418,0.96482885,0.73842674
16::single::audio::0,Positive,0.012731404,0.012519148,0.9747495,1.0106852
16::single::audio::1,Positive,0.0125983525,0.012399804,0.97500175,1.0115508
16::single::audio::2,Positive,0.012640735,0.0124838855,0.97487533,1.0115508
16::single::audio::3,Positive,0.0127685405,0.0126131615,0.9746182,1.008087
16::single::audio::4,Positive,0.012673724,0.012564667,0.97476166,1.0106852
16::single::audio::5,Positive,0.012702217,0.012422987,0.97487473,1.0115508
16::single::audio::6,Positive,0.0123154875,0.012063937,0.97562057,1.0141466
16::single::audio::7,Positive,0.012572888,0.012269979,0.9751572,1.0132815
16::single::audio::8,Positive,0.012545374,0.01234001,0.97511464,1.0124162
16::single::audio::9,Positive,0.012602521,0.012382755,0.9750146,1.0124162
16::single::audio::10,Positive,0.012586643,0.012364675,0.97504866,1.0115508
16::single::audio::11,Positive,0.012535359,0.012273764,0.9751909,1.0124162
16::single::audio::12,Positive,0.012562234,0.0123827625,0.975055,1.0124162
16::single::audio::13,Positive,0.012543883,0.012354051,0.97510207,1.0132815
16::single::audio::14,Positive,0.01258422,0.012461721,0.974954,1.0124162
16::single::audio::15,Positive,0.012496291,0.012321064,0.9751828,1.0132815
16::single::audio::16,Positive,0.012484959,0.012259081,0.9752559,1.0150114
16::single::audio::17,Positive,0.012506705,0.012331529,0.97516185,1.0141466
16::single::audio::18,Positive,0.012457926,0.012302869,0.97523916,1.0141466
16::single::audio::19,Positive,0.012408151,0.012574151,0.9750177,1.0141466
16::single::audio::20,Positive,0.012259027,0.0122770835,0.9754639,1.0167406
16::single::audio::21,Positive,0.012581678,0.012324821,0.9750935,1.0132815
16::single::audio::22,Positive,0.012727594,0.012462189,0.9748101,1.0106852
16::single::audio::23,Positive,0.012669008,0.012478603,0.9748524,1.0106852
16::single::audio::24,Positive,0.012698414,0.012518682,0.9747829,1.0106852
16::single::audio::25,Positive,0.012642269,0.012462213,0.9748955,1.0124162
16::single::vision::0,Positive,0.014821634,0.013722347,0.97145605,0.970663
16::single::vision::1,Positive,0.012053825,0.0117908325,0.9761554,1.025375
16::single::vision::2,Positive,0.012140057,0.011917631,0.97594225,1.0227866
16::single::vision::3,Positive,0.0120152645,0.01174989,0.97623485,1.0262372
16::single::vision::4,Positive,0.0124699585,0.012090413,0.9754396,1.0132815
16::single::vision::5,Positive,0.012585994,0.012142567,0.97527146,1.0106852
16::single::vision::6,Positive,0.012296997,0.012067468,0.9756355,1.0184689
16::single::vision::7,Positive,0.012467853,0.012159076,0.9753731,1.0141466
16::single::vision::8,Positive,0.012214479,0.011950582,0.97583485,1.0201967
16::single::vision::9,Positive,0.012219079,0.011919388,0.9758616,1.0210601
16::single::vision::10,Positive,0.01220124,0.011904068,0.9758946,1.0210601
16::single::vision::11,Positive,0.012132899,0.0118422005,0.97602487,1.0227866
16::single::vision::12,Positive,0.012394671,0.012102019,0.9755033,1.015876
16::single::vision::13,Positive,0.012286635,0.011981667,0.97573173,1.0176048
16::single::vision::14,Positive,0.0122491205,0.011941439,0.9758094,1.0184689
16::single::vision::15,Positive,0.012293588,0.0120791495,0.9756273,1.0167406
16::single::vision::16,Positive,0.012294294,0.012179679,0.9755259,1.015876
16::single::vision::17,Positive,0.012208509,0.012138823,0.9756526,1.0167406
16::single::vision::18,Positive,0.012110287,0.012004459,0.9758852,1.0201967
16::single::vision::19,Positive,0.0120510105,0.01176546,0.9761835,1.025375
16::single::vision::20,Positive,0.012012862,0.011743896,0.97624326,1.0270996
16::single::vision::21,Positive,0.012063868,0.011765309,0.9761709,1.0245124
16::single::vision::22,Positive,0.012029267,0.01174703,0.97622365,1.025375
16::single::vision::23,Positive,0.012023285,0.011735768,0.97624093,1.0262372
16::single::vision::24,Positive,0.012080908,0.011770466,0.97614866,1.0236496
16::single::vision::25,Positive,0.014935865,0.01371971,0.9713445,0.96891385
17::single::text::0,Neutral,0.2379201,0.7506355,0.011444386,-0.14648986
17::single::text::1,Neutral,0.2379201,0.7506355,0.011444386,-0.14648986
17::single::text::2,Neutral,0.27288917,0.714483,0.01262784,-0.14892533
17::single::text::3,Neutral,0.1357716,0.85210514,0.01212324,-0.09499997
17::single::text::4,Neutral,0.13063323,0.85265,0.01671673,-0.055749193
17::single::text::5,Neutral,0.20076452,0.7858007,0.013434764,-0.11889522
17::single::text::6,Neutral,0.19208975,0.797876,0.010034271,-0.12870514
17::single::text::7,Neutral,0.13181125,0.85433316,0.013855581,-0.07145865
17::single::text::8,Neutral,0.17589645,0.8080679,0.016035547,-0.08030308
17::single::text::9,Neutral,0.10744465,0.87469023,0.017865088,-0.043789618
17::single::text::10,Neutral,0.20327967,0.78487957,0.0118408,-0.13564964
17::single::text::11,Neutral,0.16793266,0.8191891,0.012878327,-0.09999957
17::single::text::12,Neutral,0.09403842,0.89565504,0.010306544,-0.069079585
17::single::text::13,Neutral,0.09403842,0.89565504,0.010306544,-0.069079585
17::single::text::14,Neutral,0.14195153,0.8461473,0.01190121,-0.08194983
17::single::text::15,Neutral,0.37109455,0.61851525,0.010390218,-0.18312168
17::single::text::16,Negative,0.5474715,0.43973827,0.012790162,-0.24554324
17::single::text::17,Neutral,0.09670293,0.89152956,0.011767494,-0.0602336
17::single::text::18,Neutral,0.13312957,0.8493312,0.017539224,-0.053918757
17::single::text::19,Neutral,0.0987814,0.8900187,0.011199882,-0.05901339
17::single::text::20,Neutral,0.07488828,0.9136319,0.011479826,-0.0472068
17::single::text::21,Neutral,0.0758565,0.90868354,0.015459898,-0.036924407
17::single::text::22,Neutral,0.04590889,0.9455042,0.008586903,-0.024611875
17::single::text::23,Neutral,0.015815806,0.97849554,0.0056886813,-0.016296227
17::single::text::24,Neutral,0.105413914,0.88273644,0.011849553,-0.06468724
17::single::text::25,Neutral,0.10834627,0.88101894,0.010634742,-0.07999812
17::single::text::26,Neutral,0.10834627,0.88101894,0.010634742,-0.07999812
17::single::text::27,Neutral,0.05918368,0.92708135,0.01373492,-0.025298472
17::single::text::28,Neutral,0.05698499,0.92952543,0.013489628,-0.031340413
17::single::text::29,Neutral,0.08230318,0.9058757,0.011821133,-0.055322103
17::single::text::30,Neutral,0.042776454,0.9433529,0.013870702,-0.016342001
17::single::text::31,Neutral,0.07670412,0.9080499,0.015245998,-0.033232283
17::single::text::32,Neutral,0.08294484,0.9068496,0.010205481,-0.06840856
17::single::text::33,Neutral,0.053371288,0.9316621,0.014966601,-0.023726925
17::single::text::34,Neutral,0.0781908,0.90733445,0.014474774,-0.03677184
17::single::text::35,Neutral,0.05181205,0.9413954,0.0067925113,-0.05269844
17::single::text::36,Neutral,0.11590054,0.87138355,0.012715908,-0.07725342
17::single::text::37,Neutral,0.14516455,0.83633316,0.018502384,-0.064138174
17::single::text::38,Neutral,0.14516455,0.83633316,0.018502384,-0.064138174
17::single::text::39,Neutral,0.11637387,0.86931217,0.014313977,-0.060569163
17::single::text::40,Neutral,0.14286149,0.8427692,0.014369253,-0.08560908
17::single::text::41,Neutral,0.11581862,0.872651,0.01153041,-0.09231704
17::single::text::42,Neutral,0.12587954,0.8618179,0.012302525,-0.07365464
17::single::text::43,Neutral,0.13655332,0.8495608,0.013885885,-0.077802375
17::single::text::44,Neutral,0.10175952,0.8869739,0.011266591,-0.08176686
17::single::text::45,Neutral,0.1111828,0.87729055,0.011526599,-0.089816906
17::single::text::46,Neutral,0.10804379,0.880599,0.011357124,-0.088780224
17::single::text::47,Neutral,0.06925064,0.9210488,0.009700499,-0.059959054
17::single::text::48,Neutral,0.10568993,0.8814067,0.012903348,-0.064138174
17::single::text::49,Neutral,0.10355062,0.88353705,0.012912273,-0.062673986
17::single::audio::0,Neutral,0.10850477,0.8778509,0.013644439,-0.057427067
17::single::audio::1,Neutral,0.11401777,0.8714523,0.014529988,-0.057427067
17::single::audio::2,Neutral,0.11097857,0.8748003,0.01422111,-0.056847442
17::single::audio::3,Neutral,0.10926981,0.87664664,0.014083477,-0.056481365
17::single::audio::4,Neutral,0.11220983,0.871559,0.016231108,-0.051874716
17::single::audio::5,Neutral,0.10621959,0.8803257,0.01345468,-0.057976183
17::single::audio::6,Neutral,0.10717194,0.87894726,0.013880858,-0.056328833
17::single::audio::7,Neutral,0.1087971,0.8784899,0.012712956,-0.06316205
17::single::audio::8,Neutral,0.103478804,0.8834107,0.013110469,-0.057183012
17::single::audio::9,Neutral,0.10814649,0.87860274,0.013250764,-0.05986754
17::single::audio::10,Neutral,0.10946131,0.87710047,0.013438217,-0.059440468
17::single::audio::11,Neutral,0.10495417,0.88206774,0.0129780965,-0.058799844
17::single::audio::12,Neutral,0.106818676,0.87970513,0.013476167,-0.057884663
17::single::audio::13,Neutral,0.10791232,0.8786074,0.013480295,-0.058738828
17::single::audio::14,Neutral,0.10820512,0.8782466,0.013548303,-0.058555797
17::single::audio::15,Neutral,0.1076054,0.8788969,0.013497701,-0.05831175
17::single::audio::16,Neutral,0.108425006,0.87817514,0.013399769,-0.059165917
17::single::audio::17,Neutral,0.10845957,0.87817454,0.013365956,-0.05931844
17::single::audio::18,Neutral,0.10822004,0.8784208,0.013359175,-0.059165917
17::single::audio::19,Neutral,0.108196616,0.87824726,0.013556108,-0.05822023
17::single::audio::20,Neutral,0.10791483,0.87842256,0.013662609,-0.057701625
17::single::audio::21,Neutral,0.10815133,0.87816346,0.013685185,-0.057701625
17::single::audio::22,Neutral,0.1076787,0.8787023,0.0136190895,-0.05782365
17::single::audio::23,Neutral,0.10555488,0.8809466,0.013498523,-0.05690846
17::single::audio::24,Neutral,0.10620414,0.88026583,0.013530015,-0.05724403
17::single::audio::25,Neutral,0.106459156,0.87999654,0.01354429,-0.057305038
17::single::audio::26,Neutral,0.10669175,0.8797911,0.0135171395,-0.05754909
17::single::audio::27,Neutral,0.10566741,0.8807943,0.013538184,-0.05654238
17::single::audio::28,Neutral,0.107216544,0.8794497,0.0133337155,-0.058891363
17::single::audio::29,Neutral,0.10712966,0.87954307,0.013327193,-0.058921866
17::single::audio::30,Neutral,0.10886468,0.8777369,0.013398366,-0.059440468
17::single::audio::31,Neutral,0.10904108,0.87768626,0.013272669,-0.062338438
17::single::audio::32,Neutral,0.109124854,0.877142,0.013733144,-0.058982883
17::single::audio::33,Neutral,0.11236946,0.8739999,0.0136306165,-0.0614233
17::single::audio::34,Neutral,0.1065077,0.88008857,0.01340364,-0.058464278
17::single::audio::35,Neutral,0.10664187,0.87972,0.013638117,-0.057915166
17::single::audio::36,Neutral,0.10831116,0.87800646,0.0136823375,-0.057701625
17::single::audio::37,Neutral,0.10801077,0.87842476,0.013564503,-0.05812871
17::single::audio::38,Neutral,0.10809939,0.87833744,0.013563115,-0.05825074
17::single::audio::39,Neutral,0.10555863,0.8810749,0.0133665195,-0.057335548
17::single::audio::40,Neutral,0.11051517,0.87585795,0.0136268865,-0.058860853
17::single::audio::41,Neutral,0.103055686,0.88401854,0.012925747,-0.05736605
17::single::audio::42,Neutral,0.108293235,0.8780612,0.013645536,-0.057457574
17::single::audio::43,Neutral,0.11074694,0.87603927,0.013213857,-0.060203098
17::single::audio::44,Neutral,0.10911339,0.8763894,0.014497217,-0.05327809
17::single::audio::45,Neutral,0.101208225,0.8853541,0.013437711,-0.053247582
17::single::audio::46,Neutral,0.10154459,0.8837921,0.014663331,-0.049037382
17::single::audio::47,Neutral,0.10089618,0.88438964,0.014714189,-0.048366174
17::single::audio::48,Neutral,0.101181,0.88408434,0.014734622,-0.048671268
17::single::audio::49,Neutral,0.10657556,0.87984926,0.013575162,-0.056603394
17::single::vision::0,Neutral,0.10858993,0.87802523,0.0133847855,-0.060203098
17::single::vision::1,Neutral,0.106399715,0.88001823,0.01358205,-0.05690846
17::single::vision::2,Neutral,0.10635346,0.8800689,0.0135776,-0.05690846
17::single::vision::3,Neutral,0.106430136,0.87997,0.01359981,-0.056877952
17::single::vision::4,Neutral,0.10643336,0.8799825,0.0135842245,-0.05703048
17::single::vision::5,Neutral,0.106470466,0.87994856,0.013580971,-0.057091497
17::single::vision::6,Neutral,0.106461294,0.87995493,0.013583818,-0.05706099
17::single::vision::7,Neutral,0.106441714,0.87996376,0.013594508,-0.05696947
17::single::vision::8,Neutral,0.10639511,0.88002,0.01358478,-0.05693896
17::single::vision::9,Neutral,0.10634367,0.88006026,0.013596035,-0.056816936
17::single::vision::10,Neutral,0.10639104,0.8800137,0.013595244,-0.056847442
17::single::vision::11,Neutral,0.10642664,0.8799787,0.013594678,-0.05690846
17::single::vision::12,Neutral,0.10641166,0.8800038,0.013584541,-0.05696947
17::single::vision::13,Neutral,0.106398284,0.88000655,0.01359514,-0.056877952
17::single::vision::14,Neutral,0.10644001,0.87996024,0.013599716,-0.05690846
17::single::vision::15,Neutral,0.10649152,0.8799226,0.013585844,-0.05706099
17::single::vision::16,Neutral,0.10649715,0.87991714,0.013585711,-0.057091497
17::single::vision::17,Neutral,0.106499225,0.8799151,0.013585681,-0.05703048
17::single::vision::18,Neutral,0.10648842,0.87992567,0.013585889,-0.05706099
17::single::vision::19,Neutral,0.106538385,0.87987655,0.013585011,-0.05706099
17::single::vision::20,Neutral,0.10655397,0.8798715,0.013574492,-0.057183012
17::single::vision::21,Neutral,0.10657889,0.87983656,0.0135845225,-0.057183012
17::single::vision::22,Neutral,0.10644047,0.8799781,0.013581407,-0.057091497
17::single::vision::23,Neutral,0.10670464,0.87972873,0.013566675,-0.057671115
17::single::vision::24,Neutral,0.106631935,0.8797975,0.013570594,-0.057640612
17::single::vision::25,Neutral,0.10679729,0.87961376,0.0135889305,-0.057579596
17::single::vision::26,Neutral,0.10647319,0.87995386,0.01357295,-0.057274535
17::single::vision::27,Neutral,0.1062495,0.88021314,0.013537287,-0.05706099
17::single::vision::28,Neutral,0.1063611,0.88013196,0.013506909,-0.057457574
17::single::vision::29,Neutral,0.10626584,0.8802128,0.013521383,-0.057183012
17::single::vision::30,Neutral,0.10621734,0.8802317,0.01355098,-0.05706099
17::single::vision::31,Neutral,0.10618298,0.8802471,0.013569849,-0.05690846
17::single::vision::32,Neutral,0.10620511,0.880228,0.01356686,-0.05693896
17::single::vision::33,Neutral,0.10649553,0.8799187,0.013585685,-0.05693896
17::single::vision::34,Neutral,0.10654617,0.87988186,0.013571939,-0.05721352
17::single::vision::35,Neutral,0.10647978,0.87993944,0.013580836,-0.05703048
17::single::vision::36,Neutral,0.10637767,0.8800452,0.013577199,-0.05690846
17::single::vision::37,Neutral,0.10632448,0.8800949,0.013580631,-0.056877952
17::single::vision::38,Neutral,0.106394015,0.88001597,0.013590031,-0.05690846
17::single::vision::39,Neutral,0.10629627,0.8801043,0.01359944,-0.056816936
17::single::vision::40,Neutral,0.10639213,0.88000464,0.013603185,-0.05693896
17::single::vision::41,Neutral,0.10630345,0.880126,0.0135705145,-0.05690846
17::single::vision::42,Neutral,0.10518482,0.88123786,0.013577279,-0.05547463
17::single::vision::43,Neutral,0.10403615,0.8824079,0.013555917,-0.054223835
17::single::vision::44,Neutral,0.10576548,0.88075507,0.013479472,-0.05638984
17::single::vision::45,Neutral,0.103888504,0.8825713,0.013540187,-0.054193325
17::single::vision::46,Neutral,0.10558613,0.8808737,0.01354011,-0.056267817
17::single::vision::47,Neutral,0.10568988,0.8807508,0.0135593265,-0.056298323
17::single::vision::48,Neutral,0.10528253,0.8811935,0.013523968,-0.056084774
17::single::vision::49,Neutral,0.10873733,0.8778803,0.01338239,-0.060447145
18::single::text::0,Positive,0.01756094,0.022843966,0.9595951,0.94611
18::single::text::1,Positive,0.01756094,0.022843966,0.9595951,0.94611
18::single::text::2,Positive,0.018930236,0.028510071,0.9525597,0.8370657
18::single::text::3,Positive,0.035103228,0.107181,0.8577157,0.49589622
18::single::text::4,Positive,0.023029136,0.04147393,0.935497,0.7159068
18::single::text::5,Positive,0.01563114,0.018720346,0.96564853,1.0485916
18::single::text::6,Positive,0.01563114,0.018720346,0.96564853,1.0485916
18::single::text::7,Positive,0.015703673,0.020041034,0.9642552,0.95313966
18::single::text::8,Positive,0.017020203,0.023533642,0.9594462,0.9196463
18::single::text::9,Positive,0.018731955,0.027461015,0.95380706,0.8429158
18::single::text::10,Positive,0.018386433,0.025446858,0.95616674,0.8725077
18::single::text::11,Positive,0.018386433,0.025446858,0.95616674,0.8725077
18::single::text::12,Positive,0.018777259,0.024739811,0.9564829,0.8925786
18::single::text::13,Positive,0.019750033,0.02080691,0.9594431,0.9623485
18::single::text::14,Positive,0.015685355,0.01828185,0.96603274,1.0054874
18::single::text::15,Positive,0.016554385,0.01642047,0.96702516,1.0184689
18::single::text::16,Positive,0.016554385,0.01642047,0.96702516,1.0184689
18::single::text::17,Positive,0.018926552,0.020886565,0.9601869,0.92406803
18::single::text::18,Positive,0.024068959,0.034019053,0.941912,0.80635405
18::single::text::19,Positive,0.022674518,0.027740134,0.9495853,0.8478602
18::single::text::20,Positive,0.022946276,0.032775283,0.9442784,0.7809241
18::single::text::21,Positive,0.022946276,0.032775283,0.9442784,0.7809241
18::single::text::22,Positive,0.01799005,0.025556477,0.95645344,0.8684832
18::single::text::23,Positive,0.01958759,0.0215491,0.9588634,0.9249519
18::single::text::24,Positive,0.015197307,0.018677777,0.9661249,0.9610342
18::single::text::25,Positive,0.014341842,0.016478252,0.96917987,1.0511625
18::single::text::26,Positive,0.014341842,0.016478252,0.96917987,1.0511625
18::single::text::27,Positive,0.017241707,0.022565043,0.9601932,0.91743374
18::single::text::28,Positive,0.019324489,0.023243774,0.9574317,0.89569294
18::single::text::29,Positive,0.015036752,0.017393528,0.9675697,1.0184689
18::single::text::30,Positive,0.014380204,0.016700396,0.96891934,1.0124162
18::single::text::31,Positive,0.014380204,0.016700396,0.96891934,1.0124162
18::single::text::32,Positive,0.023703719,0.025897525,0.9503987,0.8671409
18::single::text::33,Positive,0.11576248,0.103290275,0.78094727,0.32947624
18::single::text::34,Positive,0.023345593,0.031306867,0.94534755,0.82579625
18::single::text::35,Positive,0.02002406,0.030455746,0.9495201,0.8289542
18::single::text::36,Positive,0.02002406,0.030455746,0.9495201,0.8289542
18::single::text::37,Positive,0.07602633,0.11519828,0.80877537,0.42174876
18::single::text::38,Positive,0.1074267,0.1922252,0.7003481,0.29615152
18::single::text::39,Positive,0.0347218,0.05044116,0.914837,0.7080736
18::single::text::40,Positive,0.019437628,0.02207661,0.95848566,0.9403899
18::single::audio::0,Positive,0.017737044,0.02107989,0.96118295,0.96278656
18::single::audio::1,Positive,0.017709732,0.02111276,0.96117747,0.9605961
18::single::audio::2,Positive,0.017745892,0.020927701,0.96132636,0.9614724
18::single::audio::3,Positive,0.017519552,0.020741243,0.9617392,0.9645381
18::single::audio::4,Positive,0.017065575,0.020466808,0.9624677,0.96891385
18::single::audio::5,Positive,0.017050197,0.020521924,0.9624279,0.96716416
18::single::audio::6,Positive,0.017466491,0.021041602,0.96149194,0.9614724
18::single::audio::7,Positive,0.017660204,0.021252181,0.9610875,0.9605961
18::single::audio::8,Positive,0.017703721,0.021000251,0.96129596,0.96322453
18::single::audio::9,Positive,0.01777132,0.021137688,0.961091,0.9623485
18::single::audio::10,Positive,0.017730033,0.021193238,0.96107674,0.9623485
18::single::audio::11,Positive,0.018030033,0.021977384,0.9599925,0.95621157
18::single::audio::12,Positive,0.018086521,0.021816896,0.96009654,0.9548954
18::single::audio::13,Positive,0.01810218,0.021797858,0.96009994,0.95533407
18::single::audio::14,Positive,0.017942261,0.021783214,0.96027446,0.95533407
18::single::audio::15,Positive,0.017548092,0.020851571,0.96160024,0.96322453
18::single::audio::16,Positive,0.01736505,0.02081579,0.9618192,0.96322453
18::single::audio::17,Positive,0.017631039,0.021037957,0.96133095,0.9619104
18::single::audio::18,Positive,0.017623395,0.021034122,0.96134245,0.9623485
18::single::audio::19,Positive,0.017392386,0.020793198,0.9618144,0.9636624
18::single::audio::20,Positive,0.017554138,0.02103762,0.96140814,0.9623485
18::single::audio::21,Positive,0.017719613,0.021358812,0.9609215,0.95884275
18::single::audio::22,Positive,0.017744461,0.02110996,0.9611455,0.9614724
18::single::audio::23,Positive,0.017835453,0.021172617,0.9609919,0.9614724
18::single::audio::24,Positive,0.01783366,0.02110001,0.96106625,0.9619104
18::single::audio::25,Positive,0.017734574,0.021112213,0.96115315,0.9623485
18::single::audio::26,Positive,0.01782552,0.021177009,0.9609975,0.9614724
18::single::audio::27,Positive,0.017690478,0.02101655,0.961293,0.9636624
18::single::audio::28,Positive,0.017678022,0.02082322,0.9614988,0.9654137
18::single::audio::29,Positive,0.017894024,0.021052811,0.96105313,0.9614724
18::single::audio::30,Positive,0.017860321,0.021027239,0.9611124,0.9619104
18::single::audio::31,Positive,0.017862272,0.021029186,0.9611085,0.9619104
18::single::audio::32,Positive,0.017722514,0.020761272,0.96151614,0.9645381
18::single::audio::33,Positive,0.017625958,0.020426203,0.9619477,0.96978855
18::single::audio::34,Positive,0.017518066,0.019906914,0.962575,0.97677875
18::single::audio::35,Positive,0.017652433,0.020435125,0.96191233,0.970663
18::single::audio::36,Positive,0.017641174,0.020768538,0.96159023,0.96716416
18::single::audio::37,Positive,0.017631806,0.020786377,0.9615817,0.9662889
18::single::audio::38,Positive,0.01751915,0.020322865,0.9621581,0.970663
18::single::audio::39,Positive,0.017681364,0.020972699,0.961346,0.9623485
18::single::audio::40,Positive,0.017763507,0.02110551,0.9611309,0.9623485
18::single::vision::0,Positive,0.018113587,0.02097832,0.960908,0.9636624
18::single::vision::1,Positive,0.017518874,0.020902127,0.96157897,0.9623485
18::single::vision::2,Positive,0.0173622,0.02072634,0.96191144,0.9662889
18::single::vision::3,Positive,0.01743785,0.020748554,0.96181357,0.96716416
18::single::vision::4,Positive,0.017500628,0.020874603,0.9616248,0.96322453
18::single::vision::5,Positive,0.017518874,0.020902127,0.96157897,0.96278656
18::single::vision::6,Positive,0.017468024,0.020827405,0.9617046,0.96410036
18::single::vision::7,Positive,0.017418828,0.020774739,0.96180636,0.9645381
18::single::vision::8,Positive,0.017470272,0.020807458,0.96172225,0.9662889
18::single::vision::9,Positive,0.017437434,0.020774346,0.9617882,0.9654137
18::single::vision::10,Positive,0.017347349,0.020734577,0.9619181,0.9662889
18::single::vision::11,Positive,0.01741885,0.020772759,0.9618083,0.9654137
18::single::vision::12,Positive,0.01746613,0.02082745,0.9617064,0.9654137
18::single::vision::13,Positive,0.017466107,0.020829434,0.9617045,0.9654137
18::single::vision::14,Positive,0.017416894,0.02077875,0.9618043,0.9654137
18::single::vision::15,Positive,0.017464323,0.020819562,0.9617161,0.9645381
18::single::vision::16,Positive,0.01748262,0.020839084,0.96167827,0.96410036
18::single::vision::17,Positive,0.017534642,0.020848002,0.96161735,0.96410036
18::single::vision::18,Positive,0.017536147,0.020871866,0.96159196,0.96410036
18::single::vision::19,Positive,0.017465446,0.020865329,0.96166927,0.96278656
18::single::vision::20,Positive,0.017755626,0.021205138,0.9610392,0.95665014
18::single::vision::21,Positive,0.017817236,0.02127271,0.9609101,0.95533407
18::single::vision::22,Positive,0.01787101,0.021350965,0.96077794,0.95445645
18::single::vision::23,Positive,0.017919416,0.02140917,0.9606714,0.9535787
18::single::vision::24,Positive,0.017674707,0.021107538,0.9612177,0.9619104
18::single::vision::25,Positive,0.017563222,0.020913377,0.9615234,0.96322453
18::single::vision::26,Positive,0.017537717,0.020889804,0.9615724,0.96278656
18::single::vision::27,Positive,0.017568827,0.02092316,0.961508,0.96278656
18::single::vision::28,Positive,0.017568871,0.02091919,0.9615119,0.9623485
18::single::vision::29,Positive,0.017543865,0.020863766,0.9615923,0.96322453
18::single::vision::30,Positive,0.017540047,0.020863853,0.961596,0.96322453
18::single::vision::31,Positive,0.017540047,0.020863853,0.961596,0.96322453
18::single::vision::32,Positive,0.017591551,0.020910777,0.9614976,0.9623485
18::single::vision::33,Positive,0.017628148,0.020964082,0.9614077,0.9619104
18::single::vision::34,Positive,0.017643875,0.020921744,0.96143436,0.9623485
18::single::vision::35,Positive,0.017504342,0.020882461,0.96161324,0.96278656
18::single::vision::36,Positive,0.017418347,0.020806532,0.96177506,0.9645381
18::single::vision::37,Positive,0.017418783,0.020778704,0.9618024,0.9645381
18::single::vision::38,Positive,0.017518476,0.020926107,0.9615555,0.9636624
18::single::vision::39,Positive,0.017297942,0.020719841,0.9619822,0.96803916
18::single::vision::40,Positive,0.018090352,0.0209672,0.9609424,0.9645381
19::single::text::0,Positive,0.008967324,0.03943073,0.951602,0.7507981
19::single::text::1,Positive,0.008967324,0.03943073,0.951602,0.7507981
19::single::text::2,Positive,0.009834576,0.0672021,0.9229633,0.65528536
19::single::text::3,Positive,0.009130126,0.04829854,0.9425713,0.71912926
19::single::text::4,Positive,0.009603552,0.04047612,0.9499203,0.74850917
19::single::text::5,Positive,0.009603552,0.04047612,0.9499203,0.74850917
19::single::text::6,Positive,0.008564666,0.028754245,0.96268106,0.8361651
19::single::text::7,Positive,0.008528347,0.02843976,0.96303195,0.83391285
19::single::text::8,Positive,0.008889696,0.03586153,0.95524883,0.78683835
19::single::text::9,Positive,0.008889696,0.03586153,0.95524883,0.78683835
19::single::text::10,Positive,0.0095758205,0.049329873,0.9410943,0.71774846
19::single::text::11,Positive,0.009339946,0.04538535,0.9452747,0.7255689
19::single::text::12,Positive,0.008846034,0.032217894,0.95893604,0.81042945
19::single::text::13,Positive,0.008846034,0.032217894,0.95893604,0.81042945
19::single::text::14,Positive,0.008812665,0.030332815,0.96085453,0.8086184
19::single::text::15,Positive,0.008759293,0.028996537,0.9622443,0.8149539
19::single::text::16,Positive,0.009266804,0.036633242,0.9540999,0.7704444
19::single::text::17,Positive,0.009266804,0.036633242,0.9540999,0.7704444
19::single::text::18,Positive,0.00946104,0.049821675,0.9407172,0.71083945
19::single::text::19,Positive,0.009136467,0.04441156,0.946452,0.7411783
19::single::text::20,Positive,0.008557323,0.030481504,0.9609612,0.81811863
19::single::text::21,Positive,0.008557323,0.030481504,0.9609612,0.81811863
19::single::text::22,Positive,0.008921206,0.029201217,0.96187747,0.82805216
19::single::text::23,Positive,0.00897989,0.036167838,0.9548522,0.78319955
19::single::text::24,Positive,0.009274428,0.040627778,0.9500978,0.75262856
19::single::text::25,Positive,0.009274428,0.040627778,0.9500978,0.75262856
19::single::text::26,Positive,0.009075693,0.04463367,0.94629055,0.75034046
19::single::text::27,Positive,0.009048798,0.038818225,0.952133,0.767251
19::single::text::28,Positive,0.010269976,0.06948088,0.9202491,0.6594689
19::single::text::29,Positive,0.010269976,0.06948088,0.9202491,0.6594689
19::single::text::30,Positive,0.009507876,0.05047918,0.94001293,0.71130025
19::single::text::31,Positive,0.008551563,0.027258739,0.96418977,0.830758
19::single::text::32,Positive,0.008701716,0.03071725,0.96058106,0.80454165
19::single::text::33,Positive,0.008701716,0.03071725,0.96058106,0.80454165
19::single::text::34,Positive,0.009126133,0.0393463,0.9515276,0.75217104
19::single::text::35,Positive,0.008489216,0.025829613,0.9656812,0.8334623
19::single::text::36,Positive,0.008948961,0.035454962,0.9555961,0.77226853
19::single::text::37,Positive,0.008948961,0.035454962,0.9555961,0.77226853
19::single::text::38,Positive,0.008907625,0.040669348,0.950423,0.7562878
19::single::text::39,Positive,0.010511465,0.0819981,0.9074904,0.6436504
19::single::text::40,Positive,0.0091768745,0.041871786,0.94895136,0.74392843
19::single::text::41,Positive,0.0091768745,0.041871786,0.94895136,0.74392843
19::single::text::42,Positive,0.008722723,0.034142163,0.9571351,0.79864717
19::single::text::43,Positive,0.008651019,0.03344595,0.95790297,0.79637825
19::single::text::44,Positive,0.00869618,0.03147539,0.95982844,0.81042945
19::single::audio::0,Positive,0.008814072,0.033969283,0.9572167,0.79637825
19::single::audio::1,Positive,0.008797627,0.03321306,0.9579893,0.79955447
19::single::audio::2,Positive,0.008816516,0.032671176,0.9585123,0.80318195
19::single::audio::3,Positive,0.008822754,0.03453703,0.9566402,0.7932002
19::single::audio::4,Positive,0.008821915,0.03437006,0.956808,0.7941085
19::single::audio::5,Positive,0.00880659,0.033910975,0.9572825,0.79728603
19::single::audio::6,Positive,0.008760802,0.03390555,0.9573337,0.79728603
19::single::audio::7,Positive,0.008846695,0.033936944,0.9572163,0.79637825
19::single::audio::8,Positive,0.008779721,0.03393449,0.95728576,0.7968322
19::single::audio::9,Positive,0.008704108,0.030963562,0.96033233,0.81585836
19::single::audio::10,Positive,0.008797611,0.03443301,0.95676935,0.79456246
19::single::audio::11,Positive,0.008807658,0.033705473,0.95748687,0.79773974
19::single::audio::12,Positive,0.008805268,0.034065068,0.9571297,0.7959244
19::single::audio::13,Positive,0.008822169,0.034881163,0.9562966,0.7922918
19::single::audio::14,Positive,0.008721447,0.032298774,0.95897985,0.80635405
19::single::audio::15,Positive,0.008713735,0.03276003,0.9585262,0.8040885
19::single::audio::16,Positive,0.008757303,0.03259991,0.95864284,0.8072599
19::single::audio::17,Positive,0.008766824,0.032606944,0.9586262,0.80635405
19::single::audio::18,Positive,0.008800075,0.033738844,0.9574611,0.79773974
19::single::audio::19,Positive,0.0088071665,0.034112304,0.9570806,0.7954705
19::single::audio::20,Positive,0.008801021,0.03396456,0.9572344,0.79637825
19::single::audio::21,Positive,0.008798915,0.03394781,0.9572533,0.79637825
19::single::audio::22,Positive,0.008776763,0.03375589,0.95746744,0.79819345
19::single::audio::23,Positive,0.008753435,0.03183335,0.95941323,0.80499476
19::single::audio::24,Positive,0.008890766,0.0344068,0.95670235,0.7786476
19::single::audio::25,Positive,0.008779827,0.033382352,0.9578378,0.7968322
19::single::audio::26,Positive,0.008841129,0.033711217,0.95744765,0.7959244
19::single::audio::27,Positive,0.008862244,0.034420688,0.9567171,0.7895658
19::single::audio::28,Positive,0.008789297,0.033936713,0.95727396,0.79637825
19::single::audio::29,Positive,0.008616266,0.030840408,0.9605434,0.8149539
19::single::audio::30,Positive,0.008793417,0.03432827,0.9568783,0.79456246
19::single::audio::31,Positive,0.008787057,0.033668615,0.9575444,0.79728603
19::single::audio::32,Positive,0.008779408,0.033699196,0.95752144,0.79728603
19::single::audio::33,Positive,0.008786896,0.033687897,0.95752525,0.79728603
19::single::audio::34,Positive,0.008786789,0.033699308,0.957514,0.79728603
19::single::audio::35,Positive,0.00877096,0.03356313,0.9576658,0.79773974
19::single::audio::36,Positive,0.00881773,0.034269374,0.9569128,0.79456246
19::single::audio::37,Positive,0.008809974,0.034039542,0.95715046,0.7954705
19::single::audio::38,Positive,0.008811511,0.033580087,0.95760846,0.7968322
19::single::audio::39,Positive,0.008816154,0.034178276,0.95700556,0.79456246
19::single::audio::40,Positive,0.008785065,0.033904865,0.9573101,0.79637825
19::single::audio::41,Positive,0.008799343,0.03389813,0.9573025,0.79728603
19::single::audio::42,Positive,0.008790482,0.033533696,0.9576758,0.79819345
19::single::audio::43,Positive,0.008790404,0.03354531,0.9576643,0.79773974
19::single::audio::44,Positive,0.008823229,0.03408731,0.9570895,0.7959244
19::single::vision::0,Positive,0.008792002,0.033547804,0.95766014,0.79819345
19::single::vision::1,Positive,0.008741811,0.033275213,0.95798296,0.80046153
19::single::vision::2,Positive,0.008759836,0.03341416,0.957826,0.79955447
19::single::vision::3,Positive,0.008793879,0.033659328,0.9575468,0.79773974
19::single::vision::4,Positive,0.008793743,0.03367482,0.95753145,0.79773974
19::single::vision::5,Positive,0.008816316,0.033812426,0.95737123,0.7954705
19::single::vision::6,Positive,0.008828287,0.033869587,0.9573021,0.7941085
19::single::vision::7,Positive,0.008828184,0.033880126,0.9572916,0.7936543
19::single::vision::8,Positive,0.008848965,0.03398361,0.95716745,0.7932002
19::single::vision::9,Positive,0.008846579,0.033995904,0.9571576,0.7932002
19::single::vision::10,Positive,0.008848705,0.03401268,0.9571386,0.79274607
19::single::vision::11,Positive,0.008848994,0.03397949,0.95717156,0.79274607
19::single::vision::12,Positive,0.008849214,0.033951838,0.95719904,0.7932002
19::single::vision::13,Positive,0.008867112,0.03412467,0.95700824,0.79183763
19::single::vision::14,Positive,0.0088485,0.034033522,0.957118,0.79274607
19::single::vision::15,Positive,0.008846367,0.034018002,0.9571356,0.7922918
19::single::vision::16,Positive,0.008860832,0.03405804,0.95708114,0.79183763
19::single::vision::17,Positive,0.008862993,0.034069773,0.95706725,0.79183763
19::single::vision::18,Positive,0.008846674,0.033981964,0.95717144,0.7932002
19::single::vision::19,Positive,0.008865065,0.034095146,0.95703983,0.79274607
19::single::vision::20,Positive,0.0088483095,0.034057114,0.95709467,0.79274607
19::single::vision::21,Positive,0.008862595,0.034118913,0.95701855,0.79274607
19::single::vision::22,Positive,0.00882797,0.033907093,0.95726484,0.7936543
19::single::vision::23,Positive,0.008832896,0.033597153,0.95756996,0.7950165
19::single::vision::24,Positive,0.008828915,0.03346735,0.9577037,0.7954705
19::single::vision::25,Positive,0.008828474,0.03352319,0.9576483,0.7954705
19::single::vision::26,Positive,0.008816369,0.0335389,0.9576448,0.7954705
19::single::vision::27,Positive,0.008692445,0.03321263,0.95809495,0.80318195
19::single::vision::28,Positive,0.008674484,0.03310573,0.95821977,0.80590093
19::single::vision::29,Positive,0.008716636,0.03320909,0.9580743,0.8040885
19::single::vision::30,Positive,0.008734876,0.033301353,0.95796376,0.8018219
19::single::vision::31,Positive,0.008713389,0.03325177,0.9580349,0.80363524
19::single::vision::32,Positive,0.008713484,0.033242073,0.9580444,0.80363524
19::single::vision::33,Positive,0.008713488,0.033241447,0.958045,0.80363524
19::single::vision::34,Positive,0.008713482,0.033242382,0.9580441,0.80363524
19::single::vision::35,Positive,0.008713497,0.033240203,0.95804626,0.80363524
19::single::vision::36,Positive,0.008711242,0.033246256,0.9580425,0.80318195
19::single::vision::37,Positive,0.008728979,0.033399034,0.957872,0.80272865
19::single::vision::38,Positive,0.008729198,0.033375487,0.9578953,0.80227536
19::single::vision::39,Positive,0.0087112235,0.033249065,0.95803964,0.8040885
19::single::vision::40,Positive,0.008722601,0.033297025,0.95798033,0.80363524
19::single::vision::41,Positive,0.008729233,0.033370174,0.9579006,0.8018219
19::single::vision::42,Positive,0.00877328,0.033555076,0.95767164,0.800008
19::single::vision::43,Positive,0.008756968,0.03348564,0.95775735,0.80046153
19::single::vision::44,Positive,0.00879238,0.03350559,0.95770204,0.79910076
