id,predicted_label,negative_probability,neutral_probability,positive_probability,predicted_intensity
0::single::text::0,Positive,0.020167636,0.17213704,0.8076953,0.4320342
0::single::text::1,Positive,0.020167636,0.17213704,0.8076953,0.4320342
0::single::text::2,Positive,0.022983704,0.13595155,0.8410648,0.48330143
0::single::text::3,Positive,0.021155061,0.12837389,0.850471,0.5125033
0::single::text::4,Positive,0.018524492,0.13383472,0.8476408,0.482588
0::single::text::5,Positive,0.022968765,0.17855221,0.7984791,0.38266975
0::single::text::6,Positive,0.02373419,0.21040145,0.7658643,0.336228
0::single::text::7,Positive,0.024596833,0.14098327,0.83441985,0.47402233
0::single::text::8,Positive,0.025122972,0.13606745,0.83880955,0.49114555
0::single::text::9,Positive,0.025122972,0.13606745,0.83880955,0.49114555
0::single::text::10,Positive,0.02248391,0.12600224,0.85151386,0.4873432
0::single::text::11,Positive,0.024940085,0.19440655,0.78065336,0.36560538
0::single::text::12,Positive,0.02441692,0.23784336,0.7377397,0.296635
0::single::text::13,Positive,0.027363654,0.20095424,0.7716821,0.3497212
0::single::text::14,Positive,0.02293247,0.21796209,0.75910544,0.3427354
0::single::text::15,Positive,0.023804275,0.16527589,0.81091976,0.42270595
0::single::text::16,Positive,0.025609307,0.15005507,0.82433563,0.45161945
0::single::text::17,Positive,0.025609307,0.15005507,0.82433563,0.45161945
0::single::text::18,Positive,0.023439676,0.14054258,0.8360177,0.45018768
0::single::text::19,Positive,0.028901903,0.19070747,0.7803906,0.34225348
0::single::text::20,Positive,0.022976242,0.11681938,0.86020434,0.5517549
0::single::text::21,Positive,0.028343182,0.13857163,0.8330852,0.47592652
0::single::text::22,Positive,0.024412155,0.12187046,0.85371745,0.5408969
0::single::text::23,Positive,0.02547447,0.1303908,0.84413475,0.4951838
0::single::audio::0,Positive,0.024893692,0.12992737,0.84517896,0.50254285
0::single::audio::1,Positive,0.026319973,0.14315085,0.83052915,0.47116536
0::single::audio::2,Positive,0.024099523,0.14344914,0.83245134,0.4871055
0::single::audio::3,Positive,0.026640283,0.15100625,0.8223535,0.4673547
0::single::audio::4,Positive,0.02451707,0.13452494,0.8409581,0.4951838
0::single::audio::5,Positive,0.023600388,0.12489044,0.8515092,0.51439923
0::single::audio::6,Positive,0.024333451,0.14204927,0.83361727,0.48472816
0::single::audio::7,Positive,0.023630591,0.13487297,0.84149647,0.49470884
0::single::audio::8,Positive,0.023877947,0.13476592,0.84135616,0.4951838
0::single::audio::9,Positive,0.023641512,0.13345487,0.8429036,0.49684605
0::single::audio::10,Positive,0.024036558,0.12963694,0.8463265,0.504441
0::single::audio::11,Positive,0.023262782,0.12351341,0.8532238,0.5167685
0::single::audio::12,Positive,0.023676943,0.12463808,0.85168505,0.5134513
0::single::audio::13,Positive,0.02392629,0.12701856,0.8490552,0.50681305
0::single::audio::14,Positive,0.024249593,0.12607196,0.8496784,0.504441
0::single::audio::15,Positive,0.02570807,0.13494298,0.8393489,0.49280858
0::single::audio::16,Positive,0.025152486,0.13158569,0.8432618,0.4951838
0::single::audio::17,Positive,0.024287386,0.124577895,0.8511347,0.5110811
0::single::audio::18,Positive,0.024519932,0.13120288,0.84427714,0.5030174
0::single::audio::19,Positive,0.024181183,0.12987499,0.8459439,0.503492
0::single::audio::20,Positive,0.02437489,0.13141516,0.8442099,0.4996949
0::single::audio::21,Positive,0.0242582,0.13112377,0.844618,0.501119
0::single::audio::22,Positive,0.025107143,0.1310822,0.8438107,0.5006443
0::single::audio::23,Positive,0.025138339,0.12886478,0.84599686,0.5039665
0::single::vision::0,Positive,0.02611648,0.13949049,0.834393,0.4923335
0::single::vision::1,Positive,0.024108775,0.13454802,0.8413433,0.4932837
0::single::vision::2,Positive,0.023940917,0.12979944,0.8462596,0.50254285
0::single::vision::3,Positive,0.023940971,0.12960595,0.8464531,0.5015937
0::single::vision::4,Positive,0.023864722,0.13134483,0.84479046,0.49827063
0::single::vision::5,Positive,0.023977583,0.1296034,0.84641904,0.5015937
0::single::vision::6,Positive,0.023975614,0.12696113,0.8490632,0.50776166
0::single::vision::7,Positive,0.0241829,0.13367352,0.8421436,0.49589622
0::single::vision::8,Positive,0.024480948,0.13468173,0.8408373,0.49637115
0::single::vision::9,Positive,0.024234455,0.13324966,0.8425158,0.49827063
0::single::vision::10,Positive,0.02418493,0.13232659,0.8434886,0.49922016
0::single::vision::11,Positive,0.024161601,0.13229941,0.843539,0.4987454
0::single::vision::12,Positive,0.024192175,0.13265991,0.84314793,0.49827063
0::single::vision::13,Positive,0.024156319,0.13234052,0.8435032,0.49827063
0::single::vision::14,Positive,0.024099715,0.1319713,0.843929,0.49922016
0::single::vision::15,Positive,0.024366021,0.13452168,0.84111226,0.49589622
0::single::vision::16,Positive,0.024219582,0.13257132,0.84320915,0.49922016
0::single::vision::17,Positive,0.024199286,0.12996934,0.8458314,0.5039665
0::single::vision::18,Positive,0.024062313,0.12908034,0.8468573,0.50538987
0::single::vision::19,Positive,0.02405028,0.12891906,0.84703064,0.5058643
0::single::vision::20,Positive,0.024138847,0.12959391,0.8462673,0.504441
0::single::vision::21,Positive,0.024135726,0.1295326,0.84633166,0.504441
0::single::vision::22,Positive,0.024026899,0.12853669,0.8474364,0.50633866
0::single::vision::23,Positive,0.026210776,0.13911732,0.834672,0.4949463
1::single::text::0,Positive,0.067220286,0.18236946,0.7504102,0.55033946
1::single::text::1,Positive,0.067220286,0.18236946,0.7504102,0.55033946
1::single::text::2,Positive,0.048523344,0.19013909,0.7613376,0.579069
1::single::text::3,Positive,0.04114204,0.116046906,0.8428111,0.8316595
1::single::text::4,Positive,0.04114204,0.116046906,0.8428111,0.8316595
1::single::text::5,Positive,0.04171995,0.13083619,0.8274438,0.73750925
1::single::text::6,Positive,0.045348298,0.14118086,0.81347084,0.68404996
1::single::text::7,Positive,0.045348298,0.14118086,0.81347084,0.68404996
1::single::text::8,Positive,0.04915455,0.21096298,0.73988247,0.5583568
1::single::text::9,Positive,0.054368936,0.21404067,0.7315904,0.51297736
1::single::text::10,Positive,0.054368936,0.21404067,0.7315904,0.51297736
1::single::text::11,Positive,0.07974286,0.22082911,0.6994281,0.44851702
1::single::text::12,Positive,0.047704823,0.12712742,0.8251678,0.7763702
1::single::text::13,Positive,0.047704823,0.12712742,0.8251678,0.7763702
1::single::text::14,Neutral,0.066642225,0.6189535,0.3144043,0.14795117
1::single::text::15,Positive,0.0451786,0.106463894,0.8483575,0.832561
1::single::text::16,Positive,0.0451786,0.106463894,0.8483575,0.832561
1::single::text::17,Positive,0.038097613,0.15985948,0.802043,0.68404996
1::single::text::18,Positive,0.036659814,0.10342278,0.8599174,0.86535054
1::single::text::19,Positive,0.036659814,0.10342278,0.8599174,0.86535054
1::single::text::20,Positive,0.036801547,0.1018248,0.8613737,0.8581828
1::single::audio::0,Positive,0.04804923,0.10541849,0.8465323,0.8469617
1::single::audio::1,Positive,0.048232887,0.112687275,0.8390798,0.830307
1::single::audio::2,Positive,0.04700007,0.10888837,0.8441115,0.84066653
1::single::audio::3,Positive,0.046372283,0.10646751,0.8471602,0.8460629
1::single::audio::4,Positive,0.045957956,0.10835513,0.845687,0.83391285
1::single::audio::5,Positive,0.04521473,0.10807876,0.84670657,0.8429158
1::single::audio::6,Positive,0.04634992,0.106640294,0.8470098,0.8433654
1::single::audio::7,Positive,0.048299074,0.11206617,0.8396348,0.8330116
1::single::audio::8,Positive,0.047761604,0.11153644,0.84070194,0.83436334
1::single::audio::9,Positive,0.04770248,0.111003034,0.8412945,0.8357147
1::single::audio::10,Positive,0.047186032,0.11073356,0.8420805,0.837516
1::single::audio::11,Positive,0.04625858,0.106968015,0.8467735,0.8465122
1::single::audio::12,Positive,0.043942604,0.10325555,0.85280186,0.8550434
1::single::audio::13,Positive,0.047217686,0.10973731,0.84304494,0.8388665
1::single::audio::14,Positive,0.047091175,0.11048953,0.84241927,0.8357147
1::single::audio::15,Positive,0.047211327,0.10936523,0.8434235,0.8357147
1::single::audio::16,Positive,0.04729633,0.11000663,0.8426971,0.83436334
1::single::audio::17,Positive,0.04744436,0.10992737,0.8426283,0.83481383
1::single::audio::18,Positive,0.04710304,0.10835188,0.8445451,0.8388665
1::single::audio::19,Positive,0.04742821,0.11007921,0.8424926,0.8357147
1::single::audio::20,Positive,0.04801718,0.10656235,0.8454204,0.8451638
1::single::vision::0,Positive,0.047845416,0.104341134,0.8478135,0.8505552
1::single::vision::1,Positive,0.046285484,0.10752339,0.84619117,0.8402165
1::single::vision::2,Positive,0.04679063,0.10711697,0.8460924,0.84246594
1::single::vision::3,Positive,0.046834394,0.10735107,0.84581447,0.8420161
1::single::vision::4,Positive,0.04664083,0.106684655,0.84667444,0.8438151
1::single::vision::5,Positive,0.046639442,0.106963456,0.84639704,0.8429158
1::single::vision::6,Positive,0.046680287,0.106878705,0.846441,0.8433654
1::single::vision::7,Positive,0.04660344,0.10658391,0.84681267,0.8438151
1::single::vision::8,Positive,0.046597045,0.10658445,0.8468185,0.8438151
1::single::vision::9,Positive,0.046595957,0.10660431,0.8467998,0.8438151
1::single::vision::10,Positive,0.046598133,0.10656461,0.84683734,0.84426475
1::single::vision::11,Positive,0.046604533,0.10655696,0.8468385,0.8438151
1::single::vision::12,Positive,0.04656797,0.106436126,0.84699583,0.84426475
1::single::vision::13,Positive,0.046599496,0.106530935,0.84686965,0.84426475
1::single::vision::14,Positive,0.046543796,0.10619539,0.8472608,0.84471434
1::single::vision::15,Positive,0.04670735,0.10659801,0.8466946,0.84426475
1::single::vision::16,Positive,0.04670147,0.10658513,0.84671336,0.84426475
1::single::vision::17,Positive,0.04670147,0.10658513,0.84671336,0.84426475
1::single::vision::18,Positive,0.046609286,0.10633841,0.84705234,0.84471434
1::single::vision::19,Positive,0.046474934,0.10743479,0.84609026,0.8402165
1::single::vision::20,Positive,0.047925062,0.10448918,0.8475858,0.85100424
2::single::text::0,Negative,0.9389144,0.029453032,0.031632587,-0.5809491
2::single::text::1,Negative,0.9389144,0.029453032,0.031632587,-0.5809491
2::single::text::2,Negative,0.85480857,0.08952611,0.05566539,-0.28260684
2::single::text::3,Negative,0.8970923,0.058370765,0.04453699,-0.35357374
2::single::text::4,Negative,0.8970923,0.058370765,0.04453699,-0.35357374
2::single::text::5,Negative,0.9319671,0.034434497,0.033598434,-0.5219786
2::single::text::6,Negative,0.9248477,0.04031534,0.03483692,-0.4694984
2::single::text::7,Negative,0.8500536,0.09034582,0.059600573,-0.26226825
2::single::text::8,Negative,0.8500536,0.09034582,0.059600573,-0.26226825
2::single::text::9,Negative,0.90841377,0.04707808,0.04450814,-0.3946718
2::single::text::10,Negative,0.8609016,0.079978324,0.059120078,-0.2978437
2::single::text::11,Negative,0.8609016,0.079978324,0.059120078,-0.2978437
2::single::text::12,Negative,0.76459694,0.1488768,0.08652624,-0.14600272
2::single::text::13,Negative,0.82599586,0.10124805,0.07275605,-0.20512378
2::single::text::14,Negative,0.82697475,0.105229594,0.067795634,-0.1800811
2::single::text::15,Negative,0.82697475,0.105229594,0.067795634,-0.1800811
2::single::text::16,Negative,0.8161919,0.11639137,0.067416765,-0.20925438
2::single::text::17,Negative,0.89655447,0.056951366,0.04649411,-0.36295944
2::single::text::18,Negative,0.89655447,0.056951366,0.04649411,-0.36295944
2::single::text::19,Neutral,0.157395,0.4927652,0.34983975,0.18506745
2::single::text::20,Negative,0.53465843,0.31203604,0.15330556,0.038266968
2::single::text::21,Negative,0.94395834,0.027848396,0.02819325,-0.5973798
2::single::text::22,Negative,0.94395834,0.027848396,0.02819325,-0.5973798
2::single::text::23,Negative,0.9439439,0.02735161,0.028704396,-0.59362745
2::single::text::24,Negative,0.81229496,0.11129125,0.07641374,-0.1708355
2::single::text::25,Negative,0.81229496,0.11129125,0.07641374,-0.1708355
2::single::text::26,Negative,0.8900623,0.059668876,0.050268892,-0.3436992
2::single::text::27,Negative,0.95535696,0.021310648,0.023332354,-0.6849757
2::single::text::28,Negative,0.9379174,0.030887943,0.031194605,-0.5583568
2::single::text::29,Negative,0.9379174,0.030887943,0.031194605,-0.5583568
2::single::text::30,Negative,0.95445883,0.021988306,0.023552926,-0.66225636
2::single::text::31,Negative,0.93635094,0.033520456,0.030128706,-0.5342805
2::single::text::32,Negative,0.93635094,0.033520456,0.030128706,-0.5342805
2::single::text::33,Negative,0.93017936,0.03634609,0.033474587,-0.4987454
2::single::text::34,Negative,0.9427774,0.02940856,0.027814053,-0.55741405
2::single::audio::0,Negative,0.93660164,0.032001603,0.0313968,-0.5243458
2::single::audio::1,Negative,0.9345107,0.03341128,0.03207799,-0.51439923
2::single::audio::2,Negative,0.93249714,0.03424964,0.03325319,-0.5058643
2::single::audio::3,Negative,0.9324746,0.034098055,0.033427354,-0.50538987
2::single::audio::4,Negative,0.9349821,0.034507003,0.030510886,-0.5196108
2::single::audio::5,Negative,0.9345174,0.033756927,0.031725686,-0.5167685
2::single::audio::6,Negative,0.9343112,0.033935606,0.03175315,-0.5162947
2::single::audio::7,Negative,0.9338746,0.033512518,0.032612845,-0.5125033
2::single::audio::8,Negative,0.92911184,0.03598472,0.03490343,-0.49470884
2::single::audio::9,Negative,0.93442893,0.033024557,0.032546572,-0.51487315
2::single::audio::10,Negative,0.93461657,0.033062197,0.032321174,-0.51582086
2::single::audio::11,Negative,0.93288964,0.03415455,0.0329558,-0.5058643
2::single::audio::12,Negative,0.9276014,0.03536764,0.03703092,-0.48829395
2::single::audio::13,Negative,0.9356749,0.03255342,0.031771705,-0.523399
2::single::audio::14,Negative,0.93569535,0.032665454,0.031639148,-0.5215051
2::single::audio::15,Negative,0.9342591,0.03444864,0.031292185,-0.51297736
2::single::audio::16,Negative,0.9321957,0.03561143,0.032192882,-0.5039665
2::single::audio::17,Negative,0.9387282,0.03134979,0.029921954,-0.532862
2::single::audio::18,Negative,0.9341179,0.03324686,0.032635346,-0.5139253
2::single::audio::19,Negative,0.93369365,0.03342379,0.032882527,-0.5115552
2::single::audio::20,Negative,0.9330543,0.033573605,0.033372063,-0.5091844
2::single::audio::21,Negative,0.9343208,0.032457836,0.033221364,-0.51439923
2::single::audio::22,Negative,0.9320353,0.0331311,0.034833632,-0.50254285
2::single::audio::23,Negative,0.93261725,0.033053048,0.03432961,-0.5058643
2::single::audio::24,Negative,0.93294543,0.033157103,0.033897445,-0.5072874
2::single::audio::25,Negative,0.9299072,0.035006754,0.035085946,-0.49280858
2::single::audio::26,Negative,0.9307929,0.034573577,0.034633394,-0.49732095
2::single::audio::27,Negative,0.9334724,0.033490267,0.033037376,-0.50965863
2::single::audio::28,Negative,0.93472975,0.032780927,0.032489423,-0.515347
2::single::audio::29,Negative,0.9355977,0.032397773,0.03200446,-0.5196108
2::single::audio::30,Negative,0.93328893,0.03399773,0.03271333,-0.5091844
2::single::audio::31,Negative,0.9298403,0.035812773,0.0343469,-0.4944713
2::single::audio::32,Negative,0.9336623,0.03459136,0.0317463,-0.50681305
2::single::audio::33,Negative,0.9323667,0.035475507,0.032157753,-0.4996949
2::single::audio::34,Negative,0.9346334,0.032873593,0.032492917,-0.515347
2::single::vision::0,Negative,0.93321437,0.033664573,0.03312107,-0.5087102
2::single::vision::1,Negative,0.93277466,0.03388023,0.0333451,-0.5072874
2::single::vision::2,Negative,0.9328114,0.03387485,0.033313807,-0.50681305
2::single::vision::3,Negative,0.932805,0.03388132,0.033313684,-0.50681305
2::single::vision::4,Negative,0.9326969,0.033870406,0.033432677,-0.50633866
2::single::vision::5,Negative,0.932847,0.03378341,0.033369623,-0.5072874
2::single::vision::6,Negative,0.9329566,0.03373141,0.033312,-0.5072874
2::single::vision::7,Negative,0.93322086,0.033500966,0.033278223,-0.5091844
2::single::vision::8,Negative,0.93304396,0.033481393,0.03347472,-0.5101328
2::single::vision::9,Negative,0.9326736,0.033773523,0.03355293,-0.50823593
2::single::vision::10,Negative,0.93286836,0.03375118,0.03338043,-0.5072874
2::single::vision::11,Negative,0.9326602,0.033869065,0.033470698,-0.50681305
2::single::vision::12,Negative,0.9319589,0.034102123,0.033938967,-0.50538987
2::single::vision::13,Negative,0.9308674,0.03460871,0.03452387,-0.5030174
2::single::vision::14,Negative,0.9310857,0.03449544,0.03441887,-0.50254285
2::single::vision::15,Negative,0.93171227,0.034539565,0.033748195,-0.5015937
2::single::vision::16,Negative,0.93156284,0.034631945,0.033805247,-0.501119
2::single::vision::17,Negative,0.9313574,0.034742672,0.033899978,-0.50016963
2::single::vision::18,Negative,0.9315739,0.03445636,0.03396965,-0.501119
2::single::vision::19,Negative,0.93172014,0.03436429,0.033915598,-0.5015937
2::single::vision::20,Negative,0.93170786,0.034390707,0.033901487,-0.5015937
2::single::vision::21,Negative,0.9319357,0.03413463,0.03392961,-0.503492
2::single::vision::22,Negative,0.9317689,0.034175243,0.034055814,-0.50254285
2::single::vision::23,Negative,0.9319706,0.034069344,0.03396004,-0.5039665
2::single::vision::24,Negative,0.93193626,0.03414802,0.03391572,-0.5049154
2::single::vision::25,Negative,0.9333626,0.033303708,0.033333756,-0.5110811
2::single::vision::26,Negative,0.9333564,0.03330347,0.033340197,-0.5110811
2::single::vision::27,Negative,0.93246907,0.03392476,0.033606116,-0.5049154
2::single::vision::28,Negative,0.9321454,0.034135636,0.03371891,-0.50254285
2::single::vision::29,Negative,0.93216187,0.034049705,0.033788364,-0.5030174
2::single::vision::30,Negative,0.9321085,0.034134276,0.033757214,-0.5039665
2::single::vision::31,Negative,0.9323694,0.033798944,0.033831753,-0.5072874
2::single::vision::32,Negative,0.9337865,0.033208564,0.033004876,-0.5134513
2::single::vision::33,Negative,0.9341477,0.033024076,0.0328282,-0.51439923
2::single::vision::34,Negative,0.9332352,0.03366858,0.03309617,-0.5087102
3::single::text::0,Positive,0.09567176,0.044773825,0.8595544,0.74576116
3::single::text::1,Positive,0.09567176,0.044773825,0.8595544,0.74576116
3::single::text::2,Positive,0.06006334,0.042871613,0.89706504,0.7795583
3::single::text::3,Positive,0.030670729,0.039579783,0.92974937,0.8289542
3::single::text::4,Positive,0.030670729,0.039579783,0.92974937,0.8289542
3::single::text::5,Positive,0.052259993,0.039517377,0.90822256,0.8388665
3::single::text::6,Positive,0.046412773,0.032807354,0.9207798,0.93333924
3::single::text::7,Positive,0.11562103,0.042805243,0.8415737,0.7759146
3::single::text::8,Positive,0.11562103,0.042805243,0.8415737,0.7759146
3::single::text::9,Positive,0.108369835,0.04248402,0.8491461,0.7882023
3::single::text::10,Positive,0.0801347,0.038335223,0.8815301,0.8415663
3::single::text::11,Positive,0.0801347,0.038335223,0.8815301,0.8415663
3::single::text::12,Positive,0.09479379,0.03805705,0.86714923,0.80590093
3::single::text::13,Positive,0.056011252,0.03401152,0.90997726,0.8876804
3::single::text::14,Positive,0.062456854,0.05207526,0.88546795,0.6524948
3::single::text::15,Positive,0.062456854,0.05207526,0.88546795,0.6524948
3::single::text::16,Positive,0.05718368,0.03702215,0.90579414,0.882331
3::single::text::17,Positive,0.05469929,0.036390778,0.9089099,0.88143873
3::single::text::18,Positive,0.05469929,0.036390778,0.9089099,0.88143873
3::single::text::19,Positive,0.08368524,0.04017971,0.87613505,0.83391285
3::single::text::20,Positive,0.1190102,0.04603208,0.83495784,0.72694784
3::single::text::21,Positive,0.085422724,0.041264035,0.8733133,0.7763702
3::single::text::22,Positive,0.085422724,0.041264035,0.8733133,0.7763702
3::single::text::23,Positive,0.19092387,0.048333853,0.7607423,0.5257658
3::single::text::24,Positive,0.2585686,0.05592549,0.68550587,0.4100158
3::single::text::25,Positive,0.2585686,0.05592549,0.68550587,0.4100158
3::single::text::26,Positive,0.10369689,0.052630875,0.8436723,0.623591
3::single::text::27,Positive,0.26796013,0.060612395,0.6714275,0.41336936
3::single::audio::0,Positive,0.09062665,0.040997583,0.8683758,0.8167625
3::single::audio::1,Positive,0.09812617,0.04130282,0.86057097,0.80318195
3::single::audio::2,Positive,0.09139898,0.04074297,0.86785805,0.81404924
3::single::audio::3,Positive,0.087940305,0.04043931,0.8716204,0.8185706
3::single::audio::4,Positive,0.091880135,0.041028883,0.86709094,0.81223965
3::single::audio::5,Positive,0.0909299,0.040869866,0.8682002,0.81269205
3::single::audio::6,Positive,0.086709365,0.03997401,0.87331665,0.8185706
3::single::audio::7,Positive,0.08736182,0.039766252,0.87287194,0.81766665
3::single::audio::8,Positive,0.08990328,0.041289445,0.8688072,0.8117872
3::single::audio::9,Positive,0.09276558,0.04149095,0.8657434,0.8077128
3::single::audio::10,Positive,0.0908659,0.040732674,0.8684014,0.8117872
3::single::audio::11,Positive,0.090080895,0.04124977,0.8686694,0.82263637
3::single::audio::12,Positive,0.09153013,0.042310916,0.866159,0.81042945
3::single::audio::13,Positive,0.09038045,0.04184158,0.86777794,0.81766665
3::single::audio::14,Positive,0.087680034,0.040789213,0.8715308,0.8230879
3::single::audio::15,Positive,0.086155884,0.040713187,0.87313086,0.82579625
3::single::audio::16,Positive,0.08731036,0.04080964,0.87188,0.82263637
3::single::audio::17,Positive,0.09134947,0.0410605,0.86759,0.81450164
3::single::audio::18,Positive,0.09209134,0.041045878,0.86686283,0.81314456
3::single::audio::19,Positive,0.09092812,0.040789098,0.8682828,0.81450164
3::single::audio::20,Positive,0.09233943,0.041096907,0.8665636,0.81269205
3::single::audio::21,Positive,0.09187065,0.040933214,0.86719614,0.81223965
3::single::audio::22,Positive,0.09187885,0.04075004,0.8673711,0.8113346
3::single::audio::23,Positive,0.091141164,0.04071642,0.8681425,0.8117872
3::single::audio::24,Positive,0.093058616,0.04109017,0.86585116,0.8068069
3::single::audio::25,Positive,0.095325746,0.0413134,0.8633608,0.80590093
3::single::audio::26,Positive,0.118511274,0.047729068,0.8337597,0.75537324
3::single::audio::27,Positive,0.09075332,0.041111846,0.86813486,0.81766665
3::single::vision::0,Positive,0.08948397,0.040725723,0.8697903,0.8230879
3::single::vision::1,Positive,0.091715574,0.040604148,0.86768025,0.82850325
3::single::vision::2,Positive,0.08939025,0.04029356,0.87031615,0.82805216
3::single::vision::3,Positive,0.08919212,0.04030879,0.8704991,0.82444227
3::single::vision::4,Positive,0.08901666,0.04038235,0.87060094,0.82444227
3::single::vision::5,Positive,0.088694446,0.040672254,0.8706333,0.82263637
3::single::vision::6,Positive,0.08829052,0.04054261,0.8711668,0.8239909
3::single::vision::7,Positive,0.08953609,0.04115626,0.8693077,0.81585836
3::single::vision::8,Positive,0.09039251,0.041340604,0.86826694,0.81450164
3::single::vision::9,Positive,0.09041316,0.041301146,0.86828566,0.8149539
3::single::vision::10,Positive,0.08991045,0.04121571,0.86887383,0.81585836
3::single::vision::11,Positive,0.089032724,0.041207906,0.8697594,0.81404924
3::single::vision::12,Positive,0.089020826,0.041204322,0.8697749,0.81450164
3::single::vision::13,Positive,0.08911158,0.04126955,0.8696189,0.81404924
3::single::vision::14,Positive,0.08874628,0.04112867,0.87012506,0.81585836
3::single::vision::15,Positive,0.08835423,0.04097157,0.8706742,0.81811863
3::single::vision::16,Positive,0.08963596,0.040643975,0.8697201,0.8235394
3::single::vision::17,Positive,0.08889223,0.04065394,0.8704539,0.8235394
3::single::vision::18,Positive,0.088812545,0.04061628,0.8705711,0.8230879
3::single::vision::19,Positive,0.08928703,0.040662955,0.8700501,0.8221847
3::single::vision::20,Positive,0.08921713,0.040632203,0.8701507,0.82263637
3::single::vision::21,Positive,0.090058625,0.04081095,0.8691304,0.82037795
3::single::vision::22,Positive,0.090092435,0.04080927,0.86909825,0.82082975
3::single::vision::23,Positive,0.09002201,0.040778447,0.8691996,0.82037795
3::single::vision::24,Positive,0.08979982,0.040671207,0.86952895,0.82263637
3::single::vision::25,Positive,0.08972579,0.040707998,0.86956626,0.82263637
3::single::vision::26,Positive,0.08994555,0.041029155,0.86902535,0.82082975
3::single::vision::27,Positive,0.08938761,0.040924404,0.869688,0.82037795
4::single::text::0,Positive,0.0061564595,0.079974845,0.9138687,0.83661544
4::single::text::1,Positive,0.0061564595,0.079974845,0.9138687,0.83661544
4::single::text::2,Positive,0.0055577247,0.069048606,0.9253937,0.88901687
4::single::text::3,Positive,0.0055577247,0.069048606,0.9253937,0.88901687
4::single::text::4,Positive,0.005649516,0.057134252,0.9372162,0.9403899
4::single::text::5,Positive,0.005494065,0.053991664,0.9405144,0.9985465
4::single::text::6,Positive,0.005494065,0.053991664,0.9405144,0.9985465
4::single::text::7,Positive,0.005755509,0.0764831,0.9177613,0.88678926
4::single::text::8,Positive,0.006093161,0.05555425,0.9383525,1.0141466
4::single::text::9,Positive,0.006093161,0.05555425,0.9383525,1.0141466
4::single::text::10,Positive,0.0058836495,0.04925842,0.94485795,1.0682565
4::single::text::11,Positive,0.0059963535,0.05798054,0.93602306,1.0176048
4::single::text::12,Positive,0.0059963535,0.05798054,0.93602306,1.0176048
4::single::text::13,Positive,0.006086685,0.050655562,0.94325775,1.0545876
4::single::text::14,Positive,0.0061016907,0.04998486,0.94391346,1.0588645
4::single::text::15,Positive,0.0061016907,0.04998486,0.94391346,1.0588645
4::single::text::16,Positive,0.006041675,0.058755256,0.9352032,0.98811245
4::single::audio::0,Positive,0.006348523,0.04865052,0.9450009,1.0622826
4::single::audio::1,Positive,0.0060635847,0.04652708,0.9474094,1.0597193
4::single::audio::2,Positive,0.005986523,0.04594133,0.9480722,1.0622826
4::single::audio::3,Positive,0.005766699,0.040402375,0.9538309,1.112329
4::single::audio::4,Positive,0.0062544467,0.054015372,0.9397302,1.0219235
4::single::audio::5,Positive,0.0060624555,0.052577034,0.94136053,1.0270996
4::single::audio::6,Positive,0.0059895245,0.05137531,0.9426352,1.0382905
4::single::audio::7,Positive,0.006001638,0.051180284,0.9428181,1.0391499
4::single::audio::8,Positive,0.0059926664,0.05003698,0.9439704,1.0408684
4::single::audio::9,Positive,0.0060210563,0.049781337,0.9441976,1.046019
4::single::audio::10,Positive,0.0060183886,0.05014855,0.9438331,1.0434446
4::single::audio::11,Positive,0.006001636,0.048576165,0.94542223,1.0511625
4::single::audio::12,Positive,0.0059918687,0.05267995,0.9413281,1.0348506
4::single::audio::13,Positive,0.0060191513,0.048452195,0.9455286,1.0511625
4::single::audio::14,Positive,0.0060060997,0.049648125,0.9443457,1.0451609
4::single::audio::15,Positive,0.005968507,0.050406747,0.94362473,1.0408684
4::single::audio::16,Positive,0.0062663103,0.049808547,0.9439252,1.0537316
4::single::vision::0,Positive,0.0060091475,0.050582897,0.94340795,1.0443028
4::single::vision::1,Positive,0.0060546137,0.053430215,0.94051516,1.0201967
4::single::vision::2,Positive,0.0060279984,0.05236414,0.94160783,1.0279615
4::single::vision::3,Positive,0.0060366425,0.052767254,0.94119614,1.0262372
4::single::vision::4,Positive,0.006036806,0.05273457,0.9412286,1.0262372
4::single::vision::5,Positive,0.00603728,0.052750606,0.9412122,1.025375
4::single::vision::6,Positive,0.006010541,0.05170776,0.9422817,1.0322686
4::single::vision::7,Positive,0.0060202423,0.051921304,0.94205856,1.0314076
4::single::vision::8,Positive,0.0059909723,0.051083446,0.9429256,1.0365709
4::single::vision::9,Positive,0.005936743,0.04909267,0.9449706,1.0503056
4::single::vision::10,Positive,0.005937233,0.04913132,0.94493145,1.0503056
4::single::vision::11,Positive,0.005898747,0.048230015,0.94587123,1.056299
4::single::vision::12,Positive,0.0059973877,0.050521024,0.94348156,1.0382905
4::single::vision::13,Positive,0.0061237835,0.049918734,0.9439574,1.0477343
4::single::vision::14,Positive,0.0060509862,0.04879729,0.94515175,1.0580095
4::single::vision::15,Positive,0.0060361624,0.049115375,0.9448484,1.0571543
4::single::vision::16,Positive,0.0060014483,0.050141905,0.9438566,1.0477343
5::single::text::0,Positive,0.02630492,0.19753394,0.77616113,0.76268566
5::single::text::1,Positive,0.02630492,0.19753394,0.77616113,0.76268566
5::single::text::2,Neutral,0.023625875,0.50437653,0.47199762,0.36801028
5::single::text::3,Positive,0.024772724,0.32222682,0.6530005,0.56542414
5::single::text::4,Positive,0.025798311,0.4274481,0.5467536,0.4095366
5::single::text::5,Positive,0.025308339,0.2907251,0.6839666,0.5847079
5::single::text::6,Positive,0.027718417,0.4026612,0.5696204,0.43059963
5::single::text::7,Positive,0.027718417,0.4026612,0.5696204,0.43059963
5::single::text::8,Positive,0.026211182,0.2625131,0.71127576,0.6062838
5::single::text::9,Positive,0.023349479,0.24449205,0.73215854,0.6715394
5::single::text::10,Positive,0.024837842,0.3145271,0.6606351,0.5030174
5::single::text::11,Positive,0.02472041,0.20286459,0.772415,0.75674504
5::single::text::12,Positive,0.032552645,0.35194588,0.61550146,0.50776166
5::single::text::13,Positive,0.032552645,0.35194588,0.61550146,0.50776166
5::single::text::14,Positive,0.029478138,0.34162223,0.62889963,0.52907807
5::single::text::15,Positive,0.02476091,0.22284627,0.75239277,0.6928388
5::single::text::16,Positive,0.029173186,0.34549463,0.6253321,0.5030174
5::single::text::17,Positive,0.028069785,0.34835026,0.62358,0.49304616
5::single::text::18,Positive,0.026651828,0.20244671,0.7709015,0.7512558
5::single::text::19,Positive,0.026651828,0.20244671,0.7709015,0.7512558
5::single::text::20,Positive,0.03316177,0.35881573,0.6080225,0.5058643
5::single::text::21,Positive,0.03157413,0.27912542,0.6893005,0.6025361
5::single::text::22,Positive,0.03092241,0.25839704,0.7106806,0.6226566
5::single::text::23,Positive,0.031643026,0.3312441,0.63711286,0.528605
5::single::text::24,Positive,0.030557416,0.25256926,0.71687335,0.63665974
5::single::text::25,Positive,0.030557416,0.25256926,0.71687335,0.63665974
5::single::text::26,Positive,0.026304567,0.13981037,0.8338851,0.89613765
5::single::text::27,Positive,0.024920862,0.21979906,0.7552801,0.6928388
5::single::text::28,Positive,0.027828896,0.30556673,0.66660434,0.570132
5::single::text::29,Neutral,0.034290273,0.5477695,0.41794023,0.32151446
5::single::text::30,Positive,0.029281348,0.4114523,0.5592663,0.45328957
5::single::text::31,Positive,0.029281348,0.4114523,0.5592663,0.45328957
5::single::text::32,Positive,0.032709077,0.4346403,0.53265065,0.42031276
5::single::text::33,Positive,0.032947354,0.3046496,0.66240305,0.5375893
5::single::text::34,Positive,0.02309687,0.1611338,0.8157693,0.8501061
5::single::text::35,Positive,0.027731195,0.2671149,0.7051538,0.6030047
5::single::text::36,Positive,0.03163369,0.38669983,0.5816665,0.44732356
5::single::audio::0,Positive,0.031543832,0.26081136,0.7076449,0.629195
5::single::audio::1,Positive,0.031320512,0.27399558,0.69468397,0.6161121
5::single::audio::2,Positive,0.030424735,0.26443475,0.7051406,0.62639356
5::single::audio::3,Positive,0.030885711,0.2681035,0.70101076,0.6221893
5::single::audio::4,Positive,0.030784372,0.2679818,0.7012338,0.6226566
5::single::audio::5,Positive,0.030689774,0.2674486,0.7018616,0.6231238
5::single::audio::6,Positive,0.030628553,0.26407653,0.70529497,0.62592655
5::single::audio::7,Positive,0.030752283,0.26475108,0.7044966,0.62592655
5::single::audio::8,Positive,0.031063436,0.2643042,0.7046324,0.62592655
5::single::audio::9,Positive,0.032120142,0.27074617,0.6971337,0.61704737
5::single::audio::10,Positive,0.031319164,0.26085725,0.7078236,0.62592655
5::single::audio::11,Positive,0.030833825,0.2669368,0.70222944,0.6221893
5::single::audio::12,Positive,0.030916817,0.26640794,0.7026753,0.6226566
5::single::audio::13,Positive,0.03061061,0.2695023,0.69988704,0.62031996
5::single::audio::14,Positive,0.030441646,0.26187456,0.70768386,0.62686056
5::single::audio::15,Positive,0.030477807,0.26151922,0.7080029,0.62826127
5::single::audio::16,Positive,0.030470515,0.25653702,0.7129925,0.6301285
5::single::audio::17,Positive,0.03070075,0.25713056,0.7121687,0.6305952
5::single::audio::18,Positive,0.030335015,0.26229787,0.7073671,0.6273275
5::single::audio::19,Positive,0.030933527,0.26403463,0.7050319,0.62499243
5::single::audio::20,Positive,0.030912692,0.2619103,0.707177,0.6273275
5::single::audio::21,Positive,0.030343704,0.28323483,0.6864214,0.61190164
5::single::audio::22,Positive,0.030143674,0.27066195,0.6991944,0.6226566
5::single::audio::23,Positive,0.028248116,0.27648506,0.69526684,0.62031996
5::single::audio::24,Positive,0.029798362,0.26443577,0.7057659,0.6273275
5::single::audio::25,Positive,0.029455945,0.26392817,0.70661587,0.629195
5::single::audio::26,Positive,0.029832054,0.26157814,0.7085898,0.6305952
5::single::audio::27,Positive,0.03137641,0.2676231,0.70100045,0.623591
5::single::audio::28,Positive,0.030083263,0.25855333,0.71136343,0.6329284
5::single::audio::29,Positive,0.030981619,0.26350147,0.7055169,0.62686056
5::single::audio::30,Positive,0.030611591,0.2630386,0.70634985,0.62826127
5::single::audio::31,Positive,0.031007681,0.26248533,0.70650697,0.62872815
5::single::audio::32,Positive,0.029871073,0.25929108,0.71083784,0.6310619
5::single::audio::33,Positive,0.030125378,0.25816286,0.71171176,0.6324618
5::single::audio::34,Positive,0.030565206,0.26297796,0.70645684,0.6273275
5::single::audio::35,Positive,0.030269863,0.26358494,0.7061451,0.62639356
5::single::audio::36,Positive,0.031726632,0.26452675,0.70374656,0.6254595
5::single::vision::0,Positive,0.031113693,0.26299027,0.7058961,0.6301285
5::single::vision::1,Positive,0.029514471,0.26340586,0.7070797,0.62686056
5::single::vision::2,Positive,0.029666957,0.26125026,0.7090828,0.62826127
5::single::vision::3,Positive,0.029678062,0.2616194,0.70870256,0.6277944
5::single::vision::4,Positive,0.029674727,0.26169404,0.7086313,0.6277944
5::single::vision::5,Positive,0.029706823,0.26105374,0.7092395,0.62826127
5::single::vision::6,Positive,0.029735077,0.2608243,0.70944065,0.629195
5::single::vision::7,Positive,0.029629514,0.2601112,0.71025926,0.6301285
5::single::vision::8,Positive,0.029583482,0.25944117,0.71097535,0.6310619
5::single::vision::9,Positive,0.0295774,0.26040912,0.7100135,0.6301285
5::single::vision::10,Positive,0.029625418,0.26128638,0.70908815,0.62872815
5::single::vision::11,Positive,0.029620502,0.26218104,0.7081985,0.6277944
5::single::vision::12,Positive,0.029620502,0.26218104,0.7081985,0.6277944
5::single::vision::13,Positive,0.029597817,0.26192558,0.70847666,0.6277944
5::single::vision::14,Positive,0.029613107,0.2600049,0.71038204,0.6301285
5::single::vision::15,Positive,0.029610602,0.26015574,0.7102337,0.6301285
5::single::vision::16,Positive,0.029635597,0.25948003,0.71088433,0.6310619
5::single::vision::17,Positive,0.029635362,0.25862756,0.7117371,0.63152856
5::single::vision::18,Positive,0.029621894,0.26044875,0.70992935,0.62966174
5::single::vision::19,Positive,0.029623903,0.26039225,0.7099839,0.62966174
5::single::vision::20,Positive,0.029623903,0.26039225,0.7099839,0.62966174
5::single::vision::21,Positive,0.029596029,0.26066145,0.70974255,0.62966174
5::single::vision::22,Positive,0.029577337,0.2602782,0.71014446,0.6301285
5::single::vision::23,Positive,0.029611036,0.25993058,0.7104584,0.62966174
5::single::vision::24,Positive,0.029727284,0.25881726,0.7114554,0.6305952
5::single::vision::25,Positive,0.029825164,0.25978562,0.71038926,0.62966174
5::single::vision::26,Positive,0.02973192,0.261463,0.7088051,0.62872815
5::single::vision::27,Positive,0.029634053,0.26077497,0.7095909,0.62872815
5::single::vision::28,Positive,0.029808477,0.2627697,0.7074218,0.6273275
5::single::vision::29,Positive,0.029765049,0.26181233,0.7084227,0.6277944
5::single::vision::30,Positive,0.029700842,0.26118013,0.709119,0.62872815
5::single::vision::31,Positive,0.029516468,0.2588832,0.7116003,0.6305952
5::single::vision::32,Positive,0.02953984,0.2604893,0.70997083,0.629195
5::single::vision::33,Positive,0.02947925,0.259003,0.7115177,0.6305952
5::single::vision::34,Positive,0.029454319,0.25941658,0.71112907,0.6305952
5::single::vision::35,Positive,0.02946756,0.26264843,0.707884,0.6277944
5::single::vision::36,Positive,0.031115778,0.26222497,0.70665926,0.6310619
6::single::text::0,Positive,0.020680951,0.0952114,0.88410765,0.8456134
6::single::text::1,Positive,0.020875596,0.09495208,0.8841723,0.85235107
6::single::text::2,Positive,0.020773992,0.09132963,0.88789636,0.8751888
6::single::text::3,Positive,0.021010801,0.09323509,0.8857541,0.8581828
6::single::text::4,Positive,0.021126786,0.091846704,0.88702655,0.86893046
6::single::text::5,Positive,0.020651251,0.079554476,0.8997943,0.9421507
6::single::text::6,Positive,0.020540418,0.100557804,0.8789017,0.8040885
6::single::text::7,Positive,0.02085811,0.10252858,0.8766133,0.80046153
6::single::text::8,Positive,0.020675719,0.1023783,0.876946,0.8054479
6::single::text::9,Positive,0.0204916,0.087354176,0.8921542,0.87742186
6::single::text::10,Positive,0.020577742,0.086234294,0.893188,0.8934687
6::single::text::11,Positive,0.019904174,0.09459328,0.88550246,0.8388665
6::single::text::12,Positive,0.019797256,0.09827785,0.8819249,0.8068069
6::single::text::13,Positive,0.0213947,0.13986467,0.83874065,0.6534251
6::single::text::14,Positive,0.021447895,0.10139538,0.87715673,0.800008
6::single::text::15,Positive,0.02117716,0.09563339,0.88318944,0.8388665
6::single::text::16,Positive,0.020617949,0.09990692,0.8794752,0.81088203
6::single::text::17,Positive,0.02076293,0.09210738,0.8871297,0.8563891
6::single::text::18,Positive,0.02060534,0.093119994,0.8862747,0.8631118
6::single::text::19,Positive,0.020550586,0.09865382,0.8807957,0.82850325
6::single::text::20,Positive,0.020000843,0.103977494,0.87602174,0.7836546
6::single::text::21,Positive,0.020438645,0.09716036,0.882401,0.8357147
6::single::text::22,Positive,0.020353546,0.10352671,0.87611973,0.7932002
6::single::text::23,Positive,0.020349072,0.100353226,0.8792976,0.8077128
6::single::text::24,Positive,0.021016696,0.093880504,0.8851028,0.85907936
6::single::text::25,Positive,0.020073725,0.09508761,0.8848386,0.8438151
6::single::text::26,Positive,0.020411566,0.09198837,0.88760006,0.8725077
6::single::text::27,Positive,0.0205947,0.09064293,0.88876235,0.86490285
6::single::text::28,Positive,0.020327846,0.09156364,0.88810843,0.8631118
6::single::text::29,Positive,0.020458091,0.09428108,0.88526076,0.8415663
6::single::text::30,Positive,0.019997045,0.09426643,0.88573647,0.8411164
6::single::text::31,Positive,0.020068148,0.08561289,0.89431894,0.88411474
6::single::text::32,Positive,0.019621113,0.091388315,0.88899064,0.8568376
6::single::text::33,Positive,0.019308422,0.084285975,0.8964056,0.9054671
6::single::text::34,Positive,0.020621639,0.09472523,0.88465315,0.8519021
6::single::text::35,Positive,0.020648137,0.09542938,0.8839224,0.84875876
6::single::text::36,Positive,0.020780059,0.093954384,0.8852656,0.8429158
6::single::text::37,Positive,0.020757427,0.091548465,0.887694,0.86624575
6::single::text::38,Positive,0.020861633,0.100397244,0.87874115,0.81947434
6::single::text::39,Positive,0.020528506,0.102337174,0.87713426,0.80363524
6::single::text::40,Positive,0.020770824,0.09394974,0.8852794,0.8568376
6::single::text::41,Positive,0.020951023,0.10080365,0.87824535,0.8117872
6::single::text::42,Positive,0.020984039,0.094931245,0.88408476,0.8527999
6::single::text::43,Positive,0.020429965,0.103464484,0.87610555,0.7968322
6::single::text::44,Positive,0.020995364,0.10400425,0.87500036,0.79773974
6::single::text::45,Positive,0.020492312,0.10037255,0.87913513,0.81631047
6::single::text::46,Positive,0.020716708,0.10436954,0.8749138,0.7941085
6::single::text::47,Positive,0.020484256,0.10325942,0.8762563,0.7968322
6::single::text::48,Positive,0.02134987,0.10354,0.8751101,0.79047465
6::single::text::49,Positive,0.020777715,0.101843,0.8773793,0.80499476
6::single::audio::0,Positive,0.020053571,0.0828484,0.89709806,0.8894622
6::single::audio::1,Positive,0.020968327,0.09689117,0.8821405,0.84920794
6::single::audio::2,Positive,0.02044545,0.08917573,0.8903788,0.8698251
6::single::audio::3,Positive,0.02050063,0.08984386,0.8896556,0.8675883
6::single::audio::4,Positive,0.020530218,0.09010428,0.88936543,0.8671409
6::single::audio::5,Positive,0.020493831,0.08980561,0.8897006,0.8675883
6::single::audio::6,Positive,0.020771218,0.0938705,0.88535833,0.85728604
6::single::audio::7,Positive,0.019594926,0.10431209,0.87609303,0.82082975
6::single::audio::8,Positive,0.020779865,0.092845246,0.8863749,0.8599757
6::single::audio::9,Positive,0.020587577,0.094001874,0.8854105,0.8568376
6::single::audio::10,Positive,0.02066763,0.09400041,0.8853319,0.85728604
6::single::audio::11,Positive,0.020615384,0.09398156,0.8854031,0.8568376
6::single::audio::12,Positive,0.020946529,0.08895987,0.8900936,0.8711666
6::single::audio::13,Positive,0.021181315,0.095876545,0.88294214,0.8514532
6::single::audio::14,Positive,0.020653633,0.090598226,0.88874817,0.86535054
6::single::audio::15,Positive,0.02030057,0.08807127,0.89162815,0.8725077
6::single::audio::16,Positive,0.020853654,0.09524252,0.88390386,0.8519021
6::single::audio::17,Positive,0.020710828,0.091149196,0.8881399,0.86400735
6::single::audio::18,Positive,0.020762973,0.091268115,0.8879689,0.8635596
6::single::audio::19,Positive,0.020879744,0.09233165,0.8867886,0.8599757
6::single::audio::20,Positive,0.021046154,0.09511662,0.88383734,0.8532486
6::single::audio::21,Positive,0.020757338,0.09579585,0.8834468,0.8505552
6::single::audio::22,Positive,0.022127628,0.119046345,0.85882604,0.800008
6::single::audio::23,Positive,0.020737618,0.10502615,0.8742362,0.81766665
6::single::audio::24,Positive,0.02108551,0.09261912,0.8862954,0.8599757
6::single::audio::25,Positive,0.020554857,0.093511716,0.8859334,0.8554921
6::single::audio::26,Positive,0.020221714,0.09192306,0.8878552,0.8599757
6::single::audio::27,Positive,0.02119423,0.094717704,0.88408804,0.8550434
6::single::audio::28,Positive,0.020591855,0.09166588,0.8877423,0.8631118
6::single::audio::29,Positive,0.02076296,0.093167804,0.8860693,0.85907936
6::single::audio::30,Positive,0.020220086,0.0885962,0.89118373,0.8711666
6::single::audio::31,Positive,0.01969618,0.08238055,0.8979233,0.88678926
6::single::audio::32,Positive,0.020725785,0.091818556,0.8874556,0.861768
6::single::audio::33,Positive,0.020574423,0.09083045,0.88859504,0.86400735
6::single::audio::34,Positive,0.020504614,0.09173829,0.88775706,0.861768
6::single::audio::35,Positive,0.020561824,0.09188375,0.8875544,0.861768
6::single::audio::36,Positive,0.020303171,0.087654084,0.89204264,0.8716136
6::single::audio::37,Positive,0.02054081,0.092136115,0.8873231,0.86042386
6::single::audio::38,Positive,0.020439815,0.09021826,0.88934183,0.86624575
6::single::audio::39,Positive,0.020609615,0.092194185,0.8871963,0.8599757
6::single::audio::40,Positive,0.020616146,0.09215668,0.88722724,0.860872
6::single::audio::41,Positive,0.020580838,0.091728985,0.8876902,0.86221594
6::single::audio::42,Positive,0.020958288,0.09368341,0.8853583,0.8563891
6::single::audio::43,Positive,0.020894583,0.09378323,0.8853222,0.8568376
6::single::audio::44,Positive,0.02078543,0.09211227,0.8871023,0.86042386
6::single::audio::45,Positive,0.020718785,0.092827454,0.88645375,0.858631
6::single::audio::46,Positive,0.02073406,0.09443008,0.88483584,0.8536974
6::single::audio::47,Positive,0.020908307,0.0956582,0.8834335,0.8514532
6::single::audio::48,Positive,0.020924805,0.09479049,0.8842848,0.8541461
6::single::audio::49,Positive,0.019961111,0.08245438,0.89758456,0.8899075
6::single::vision::0,Positive,0.021824334,0.0941872,0.8839885,0.8527999
6::single::vision::1,Positive,0.020452268,0.092537984,0.8870097,0.8595276
6::single::vision::2,Positive,0.020539515,0.09225592,0.8872045,0.86042386
6::single::vision::3,Positive,0.020540345,0.09222285,0.88723683,0.86042386
6::single::vision::4,Positive,0.02053993,0.09223939,0.8872206,0.86042386
6::single::vision::5,Positive,0.020539885,0.09224329,0.8872168,0.86042386
6::single::vision::6,Positive,0.020534357,0.09267522,0.8867904,0.8595276
6::single::vision::7,Positive,0.02052122,0.0923045,0.88717425,0.86042386
6::single::vision::8,Positive,0.0205384,0.09212683,0.88733476,0.860872
6::single::vision::9,Positive,0.020552209,0.0924794,0.8869684,0.8599757
6::single::vision::10,Positive,0.020551791,0.09249597,0.8869523,0.8595276
6::single::vision::11,Positive,0.02056625,0.09245948,0.88697433,0.8595276
6::single::vision::12,Positive,0.020569889,0.09246692,0.8869632,0.8595276
6::single::vision::13,Positive,0.020589713,0.09236774,0.8870425,0.8599757
6::single::vision::14,Positive,0.02060711,0.09219701,0.8871959,0.860872
6::single::vision::15,Positive,0.020588744,0.09241259,0.88699865,0.8599757
6::single::vision::16,Positive,0.020618351,0.092657186,0.8867244,0.8595276
6::single::vision::17,Positive,0.020692162,0.09265244,0.8866554,0.85907936
6::single::vision::18,Positive,0.02074757,0.09289431,0.8863581,0.8581828
6::single::vision::19,Positive,0.020950502,0.092106,0.88694346,0.8599757
6::single::vision::20,Positive,0.020685703,0.092324816,0.88698953,0.8599757
6::single::vision::21,Positive,0.02061061,0.09219764,0.88719183,0.86042386
6::single::vision::22,Positive,0.020573031,0.092498794,0.88692826,0.8595276
6::single::vision::23,Positive,0.020602973,0.09273085,0.88666624,0.85907936
6::single::vision::24,Positive,0.020568317,0.09252546,0.88690627,0.85907936
6::single::vision::25,Positive,0.020587217,0.09246719,0.8869456,0.8595276
6::single::vision::26,Positive,0.02054672,0.09253531,0.88691807,0.8595276
6::single::vision::27,Positive,0.020617697,0.09267481,0.88670754,0.8595276
6::single::vision::28,Positive,0.020662185,0.09243099,0.8869068,0.8599757
6::single::vision::29,Positive,0.020681914,0.09234742,0.8869706,0.86042386
6::single::vision::30,Positive,0.020686064,0.092434525,0.88687944,0.8599757
6::single::vision::31,Positive,0.020647291,0.092480026,0.88687265,0.8599757
6::single::vision::32,Positive,0.020623572,0.092587456,0.88678896,0.8595276
6::single::vision::33,Positive,0.020626443,0.09264277,0.8867308,0.85907936
6::single::vision::34,Positive,0.020644508,0.09262155,0.8867339,0.8595276
6::single::vision::35,Positive,0.020644464,0.092625454,0.88673,0.8595276
6::single::vision::36,Positive,0.020642012,0.09255358,0.8868044,0.8595276
6::single::vision::37,Positive,0.020643359,0.09249598,0.8868606,0.8595276
6::single::vision::38,Positive,0.020661356,0.09248262,0.886856,0.8595276
6::single::vision::39,Positive,0.020641457,0.09258188,0.8867766,0.85907936
6::single::vision::40,Positive,0.020642012,0.09255358,0.8868044,0.8595276
6::single::vision::41,Positive,0.020638645,0.09254124,0.8868201,0.8595276
6::single::vision::42,Positive,0.020661728,0.09246992,0.88686836,0.8595276
6::single::vision::43,Positive,0.02066089,0.09250311,0.886836,0.8595276
6::single::vision::44,Positive,0.020661311,0.092486516,0.8868522,0.8595276
6::single::vision::45,Positive,0.020698488,0.09256682,0.88673466,0.8595276
6::single::vision::46,Positive,0.020656563,0.09234983,0.8869935,0.8599757
6::single::vision::47,Positive,0.02066284,0.09241337,0.8869238,0.8599757
6::single::vision::48,Positive,0.020579744,0.092386186,0.88703406,0.8599757
6::single::vision::49,Positive,0.021789713,0.093525596,0.8846846,0.8536974
7::single::text::0,Neutral,0.028289184,0.8045439,0.16716689,0.09560971
7::single::text::1,Neutral,0.028289184,0.8045439,0.16716689,0.09560971
7::single::text::2,Neutral,0.025996875,0.7408563,0.23314685,0.10457189
7::single::text::3,Neutral,0.024133662,0.81300116,0.16286522,0.1169451
7::single::text::4,Neutral,0.022012565,0.72843003,0.24955744,0.15927392
7::single::text::5,Neutral,0.022012565,0.72843003,0.24955744,0.15927392
7::single::text::6,Neutral,0.027144043,0.76354516,0.20931077,0.1278522
7::single::text::7,Neutral,0.025017593,0.7792596,0.19572273,0.15367398
7::single::text::8,Neutral,0.024150487,0.70013595,0.27571353,0.19248426
7::single::text::9,Neutral,0.024150487,0.70013595,0.27571353,0.19248426
7::single::text::10,Neutral,0.023780758,0.7156807,0.26053852,0.17983784
7::single::text::11,Neutral,0.022752397,0.75458616,0.22266144,0.16998377
7::single::text::12,Neutral,0.02463691,0.6756296,0.29973343,0.2101047
7::single::audio::0,Neutral,0.030112047,0.64140403,0.32848397,0.20257214
7::single::audio::1,Neutral,0.026095897,0.7270475,0.24685657,0.17071381
7::single::audio::2,Neutral,0.027999893,0.6880076,0.2839925,0.18774262
7::single::audio::3,Neutral,0.028708134,0.67885804,0.29243386,0.19163324
7::single::audio::4,Neutral,0.02719,0.6822324,0.2905777,0.18956643
7::single::audio::5,Neutral,0.025312278,0.6585791,0.3161086,0.20123546
7::single::audio::6,Neutral,0.024838906,0.65076226,0.32439885,0.20500228
7::single::audio::7,Neutral,0.026494334,0.64682615,0.3266796,0.20281518
7::single::audio::8,Neutral,0.026821785,0.655892,0.3172862,0.2003848
7::single::audio::9,Neutral,0.02830844,0.72325975,0.24843174,0.17071381
7::single::audio::10,Neutral,0.028215442,0.66892105,0.30286357,0.19722492
7::single::audio::11,Neutral,0.029079296,0.67571044,0.29521027,0.19272739
7::single::audio::12,Neutral,0.029473366,0.6432703,0.32725632,0.2031797
7::single::vision::0,Neutral,0.03131453,0.64565337,0.32303208,0.21338418
7::single::vision::1,Neutral,0.029801756,0.63886327,0.331335,0.21532734
7::single::vision::2,Neutral,0.029478993,0.6470212,0.3234998,0.20986176
7::single::vision::3,Neutral,0.02960176,0.6487224,0.32167584,0.21046913
7::single::vision::4,Neutral,0.030097164,0.64462376,0.3252791,0.21204816
7::single::vision::5,Neutral,0.029472642,0.65239424,0.31813312,0.20816109
7::single::vision::6,Neutral,0.02950339,0.6500256,0.32047093,0.20937586
7::single::vision::7,Neutral,0.029441344,0.6505601,0.3199986,0.20888996
7::single::vision::8,Neutral,0.029203923,0.65392965,0.31686646,0.20646024
7::single::vision::9,Neutral,0.029099975,0.65465754,0.3162425,0.20743217
7::single::vision::10,Neutral,0.029443413,0.64996004,0.32059652,0.2101047
7::single::vision::11,Neutral,0.028704496,0.65657496,0.31472057,0.2046378
7::single::vision::12,Neutral,0.03140213,0.64227563,0.32632226,0.21508446
8::single::text::0,Negative,0.98522687,0.0036838958,0.011089193,-2.1542053
8::single::text::1,Negative,0.98522687,0.0036838958,0.011089193,-2.1542053
8::single::text::2,Negative,0.989876,0.0029103633,0.007213712,-2.2058105
8::single::text::3,Negative,0.9904125,0.002825725,0.006761783,-2.1940737
8::single::text::4,Negative,0.9904125,0.002825725,0.006761783,-2.1940737
8::single::text::5,Negative,0.9886044,0.0036074948,0.0077880146,-2.0193274
8::single::text::6,Negative,0.9893795,0.0030369833,0.007583478,-2.1895208
8::single::text::7,Negative,0.9893795,0.0030369833,0.007583478,-2.1895208
8::single::text::8,Negative,0.9899773,0.0028669282,0.007155797,-2.1748052
8::single::text::9,Negative,0.9898931,0.0028600213,0.0072468556,-2.190433
8::single::text::10,Negative,0.9903197,0.0028130126,0.0068672867,-2.1794279
8::single::text::11,Negative,0.9903197,0.0028130126,0.0068672867,-2.1794279
8::single::text::12,Negative,0.99019843,0.0028936586,0.006907886,-2.162684
8::single::text::13,Negative,0.98999166,0.0028917752,0.007116583,-2.1858625
8::single::text::14,Negative,0.98999166,0.0028917752,0.007116583,-2.1858625
8::single::text::15,Negative,0.9898884,0.002940114,0.0071714856,-2.1876934
8::single::text::16,Negative,0.98959625,0.0035249568,0.0068787797,-2.047829
8::single::text::17,Negative,0.98959625,0.0035249568,0.0068787797,-2.047829
8::single::text::18,Negative,0.9899139,0.0030240729,0.007061975,-2.162684
8::single::text::19,Negative,0.9901438,0.0028602306,0.00699599,-2.2013135
8::single::audio::0,Negative,0.99046975,0.0026681453,0.006862249,-2.21207
8::single::audio::1,Negative,0.9904476,0.002710942,0.0068414295,-2.2102857
8::single::audio::2,Negative,0.9900538,0.0028177325,0.007128432,-2.2049127
8::single::audio::3,Negative,0.99003655,0.0028200638,0.007143387,-2.2049127
8::single::audio::4,Negative,0.9900274,0.0028326628,0.007139863,-2.203115
8::single::audio::5,Negative,0.98986906,0.002846475,0.0072844257,-2.2013135
8::single::audio::6,Negative,0.9903899,0.0027238647,0.006886255,-2.21207
8::single::audio::7,Negative,0.98950994,0.0030053507,0.00748471,-2.1913445
8::single::audio::8,Negative,0.98979396,0.0029269473,0.007279085,-2.2013135
8::single::audio::9,Negative,0.98969245,0.0029445675,0.0073630232,-2.2004116
8::single::audio::10,Negative,0.98953277,0.0029870616,0.0074802455,-2.198605
8::single::audio::11,Negative,0.9904869,0.0027652397,0.006747839,-2.2129607
8::single::audio::12,Negative,0.99014944,0.0028285242,0.007022056,-2.2067072
8::single::audio::13,Negative,0.9901419,0.002821221,0.0070369197,-2.2058105
8::single::audio::14,Negative,0.9897251,0.0029249275,0.00735,-2.1995087
8::single::audio::15,Negative,0.9898974,0.0028712386,0.007231433,-2.2049127
8::single::audio::16,Negative,0.9898619,0.0028655138,0.007272573,-2.203115
8::single::audio::17,Negative,0.9899579,0.0028395243,0.007202595,-2.2040143
8::single::audio::18,Negative,0.99004126,0.0028557957,0.007102972,-2.2040143
8::single::audio::19,Negative,0.9902361,0.0027452984,0.0070186188,-2.2084982
8::single::vision::0,Negative,0.98989195,0.002906127,0.007201948,-2.2040143
8::single::vision::1,Negative,0.9897158,0.0029544937,0.0073296437,-2.2013135
8::single::vision::2,Negative,0.98965335,0.0029575145,0.0073891003,-2.2004116
8::single::vision::3,Negative,0.9896694,0.0029534488,0.0073772436,-2.2004116
8::single::vision::4,Negative,0.98965335,0.0029575145,0.0073891003,-2.2004116
8::single::vision::5,Negative,0.9896891,0.0029394897,0.0073714056,-2.2013135
8::single::vision::6,Negative,0.9897342,0.0029323008,0.007333544,-2.2022145
8::single::vision::7,Negative,0.98973083,0.0029356023,0.0073335217,-2.2013135
8::single::vision::8,Negative,0.98976463,0.0029242611,0.007311102,-2.2022145
8::single::vision::9,Negative,0.9897787,0.0029112492,0.0073101483,-2.203115
8::single::vision::10,Negative,0.9898172,0.0029106322,0.0072722575,-2.2040143
8::single::vision::11,Negative,0.989748,0.0029159847,0.0073360843,-2.203115
8::single::vision::12,Negative,0.9897835,0.0029112715,0.0073053176,-2.203115
8::single::vision::13,Negative,0.9897618,0.0029152608,0.007322942,-2.203115
8::single::vision::14,Negative,0.9898153,0.0029065986,0.007278144,-2.2040143
8::single::vision::15,Negative,0.9898355,0.0028838746,0.0072806925,-2.2040143
8::single::vision::16,Negative,0.9896576,0.0029434876,0.007398936,-2.2013135
8::single::vision::17,Negative,0.98977613,0.0029424136,0.0072813574,-2.203115
8::single::vision::18,Negative,0.9898401,0.0029254227,0.007234512,-2.203115
8::single::vision::19,Negative,0.9898004,0.002914636,0.0072850394,-2.203115
9::single::text::0,Negative,0.7409927,0.040375873,0.2186314,-0.4277299
9::single::text::1,Negative,0.7409927,0.040375873,0.2186314,-0.4277299
9::single::text::2,Negative,0.9077239,0.018221617,0.07405437,-0.9950715
9::single::text::3,Negative,0.9023173,0.020684985,0.07699768,-0.9623485
9::single::text::4,Negative,0.9206574,0.018070292,0.06127231,-1.0869688
9::single::text::5,Negative,0.9206574,0.018070292,0.06127231,-1.0869688
9::single::text::6,Negative,0.9373696,0.015423514,0.04720693,-1.1716144
9::single::text::7,Negative,0.9605439,0.009770013,0.029686088,-1.3288898
9::single::text::8,Negative,0.9649793,0.008600326,0.026420355,-1.4161279
9::single::text::9,Negative,0.97160304,0.008929936,0.019467067,-1.4077653
9::single::text::10,Negative,0.97160304,0.008929936,0.019467067,-1.4077653
9::single::text::11,Negative,0.9416195,0.013507143,0.04487329,-1.1790545
9::single::text::12,Negative,0.91965276,0.018283255,0.06206399,-1.0288234
9::single::text::13,Negative,0.90956175,0.01889909,0.07153919,-0.97677875
9::single::text::14,Negative,0.90956175,0.01889909,0.07153919,-0.97677875
9::single::text::15,Negative,0.9480088,0.011575737,0.040415443,-1.2298394
9::single::text::16,Negative,0.8901324,0.02261694,0.08725056,-0.8563891
9::single::text::17,Negative,0.94749236,0.011565936,0.040941697,-1.2573367
9::single::text::18,Negative,0.97111845,0.0071013933,0.02178017,-1.5624809
9::single::text::19,Negative,0.97111845,0.0071013933,0.02178017,-1.5624809
9::single::text::20,Negative,0.9677476,0.008011758,0.024240568,-1.4790525
9::single::text::21,Negative,0.9799391,0.009445435,0.010615417,-1.5055094
9::single::text::22,Negative,0.9715968,0.01008333,0.018319894,-1.4267304
9::single::text::23,Negative,0.9715968,0.01008333,0.018319894,-1.4267304
9::single::text::24,Negative,0.9576638,0.010150438,0.032185838,-1.34142
9::single::text::25,Negative,0.8733727,0.032269116,0.09435826,-0.7727244
9::single::text::26,Negative,0.9067316,0.020820621,0.072447814,-0.92008865
9::single::text::27,Negative,0.9354525,0.013718804,0.050828643,-1.1707867
9::single::text::28,Negative,0.9354525,0.013718804,0.050828643,-1.1707867
9::single::text::29,Negative,0.85572404,0.028922077,0.11535382,-0.74621934
9::single::text::30,Negative,0.9346998,0.013721406,0.051578864,-1.2045499
9::single::text::31,Positive,0.036054753,0.045416046,0.9185292,1.3131459
9::single::audio::0,Negative,0.94031125,0.012755485,0.04693328,-1.1864774
9::single::audio::1,Negative,0.9395402,0.013115248,0.04734453,-1.1815307
9::single::audio::2,Negative,0.94002897,0.013130176,0.046840798,-1.1848295
9::single::audio::3,Negative,0.93979955,0.013214627,0.04698576,-1.1815307
9::single::audio::4,Negative,0.94072044,0.012974016,0.046305545,-1.1873012
9::single::audio::5,Negative,0.9411752,0.012874238,0.045950536,-1.1922389
9::single::audio::6,Negative,0.9415958,0.012759961,0.045644216,-1.194705
9::single::audio::7,Negative,0.9407791,0.012878811,0.04634207,-1.1881247
9::single::audio::8,Negative,0.9407145,0.012878233,0.04640734,-1.1889479
9::single::audio::9,Negative,0.94116855,0.012864511,0.045966934,-1.1955266
9::single::audio::10,Negative,0.9430808,0.012636162,0.044283092,-1.2086428
9::single::audio::11,Negative,0.9406438,0.01309603,0.046260104,-1.1914165
9::single::audio::12,Negative,0.9468325,0.011474966,0.041692525,-1.226588
9::single::audio::13,Negative,0.9393993,0.013195814,0.047404945,-1.1782287
9::single::audio::14,Negative,0.9396664,0.013772702,0.04656091,-1.1807055
9::single::audio::15,Negative,0.9383701,0.013570516,0.048059322,-1.1732693
9::single::audio::16,Negative,0.9385734,0.013570953,0.04785564,-1.1740963
9::single::audio::17,Negative,0.9401367,0.013369813,0.04649346,-1.1807055
9::single::audio::18,Negative,0.93900275,0.01326289,0.04773424,-1.1732693
9::single::audio::19,Negative,0.94024897,0.0130413,0.046709757,-1.1823558
9::single::audio::20,Negative,0.9407629,0.012954631,0.046282433,-1.1848295
9::single::audio::21,Negative,0.94027257,0.013074685,0.04665273,-1.1831805
9::single::audio::22,Negative,0.9427348,0.012382333,0.04488287,-1.1996313
9::single::audio::23,Negative,0.9418279,0.012718564,0.04545355,-1.196348
9::single::audio::24,Negative,0.9421383,0.01259878,0.04526293,-1.1971691
9::single::audio::25,Negative,0.9417847,0.012633261,0.04558206,-1.1955266
9::single::audio::26,Negative,0.9406205,0.012967493,0.046412,-1.1873012
9::single::audio::27,Negative,0.9414515,0.0128454575,0.045703035,-1.1922389
9::single::audio::28,Negative,0.94171953,0.012598945,0.045681495,-1.1914165
9::single::audio::29,Negative,0.94059694,0.012816508,0.046586514,-1.1864774
9::single::audio::30,Negative,0.9429337,0.012660622,0.04440569,-1.2029111
9::single::audio::31,Negative,0.94048285,0.012770058,0.046747044,-1.1864774
9::single::vision::0,Negative,0.9415605,0.0128853535,0.045554154,-1.189771
9::single::vision::1,Negative,0.93672585,0.013606682,0.049667403,-1.1583457
9::single::vision::2,Negative,0.9371711,0.013483407,0.049345456,-1.1608377
9::single::vision::3,Negative,0.9370178,0.013507531,0.049474664,-1.1600072
9::single::vision::4,Negative,0.93780917,0.01380814,0.04838276,-1.1699588
9::single::vision::5,Negative,0.9405311,0.0133718075,0.046097167,-1.1889479
9::single::vision::6,Negative,0.9407599,0.013197052,0.04604304,-1.189771
9::single::vision::7,Negative,0.94003487,0.013218651,0.046746425,-1.1864774
9::single::vision::8,Negative,0.93934345,0.013311682,0.047344893,-1.1823558
9::single::vision::9,Negative,0.9399004,0.013257805,0.046841834,-1.1856534
9::single::vision::10,Negative,0.9400934,0.013281939,0.046624657,-1.1864774
9::single::vision::11,Negative,0.9404484,0.013209382,0.04634217,-1.1881247
9::single::vision::12,Negative,0.9404615,0.013183412,0.046355076,-1.1881247
9::single::vision::13,Negative,0.9401858,0.013205167,0.046609048,-1.1864774
9::single::vision::14,Negative,0.9409255,0.013147389,0.045927197,-1.1905938
9::single::vision::15,Negative,0.9411945,0.013134219,0.04567136,-1.1922389
9::single::vision::16,Negative,0.9408692,0.01317245,0.045958333,-1.1905938
9::single::vision::17,Negative,0.94059557,0.013178622,0.046225745,-1.189771
9::single::vision::18,Negative,0.9401018,0.013264111,0.046634085,-1.1873012
9::single::vision::19,Negative,0.9403449,0.013210872,0.046444137,-1.1889479
9::single::vision::20,Negative,0.94051313,0.013198193,0.046288654,-1.189771
9::single::vision::21,Negative,0.9403497,0.013206077,0.04644426,-1.1889479
9::single::vision::22,Negative,0.9397417,0.013307708,0.046950486,-1.1856534
9::single::vision::23,Negative,0.9416935,0.012927758,0.045378726,-1.196348
9::single::vision::24,Negative,0.94149077,0.012973321,0.04553589,-1.196348
9::single::vision::25,Negative,0.94146097,0.013021921,0.045517065,-1.196348
9::single::vision::26,Negative,0.94051707,0.013156146,0.046326786,-1.1889479
9::single::vision::27,Negative,0.94058,0.013138948,0.046281014,-1.1889479
9::single::vision::28,Negative,0.940729,0.013128656,0.046142377,-1.189771
9::single::vision::29,Negative,0.94124615,0.013031155,0.045722637,-1.1930611
9::single::vision::30,Negative,0.94178927,0.0129604135,0.045250267,-1.194705
9::single::vision::31,Negative,0.9417498,0.012817949,0.04543227,-1.1905938
10::single::text::0,Negative,0.9934634,0.0028000916,0.0037365325,-2.0457408
10::single::text::1,Negative,0.993689,0.0027609821,0.003550016,-2.0561438
10::single::text::2,Negative,0.9929376,0.0033827578,0.0036796306,-1.9319923
10::single::text::3,Negative,0.9923227,0.0037360755,0.003941168,-1.8807646
10::single::text::4,Neutral,0.04672908,0.48421827,0.46905267,0.2639641
10::single::text::5,Negative,0.9930823,0.0031168656,0.0038008618,-1.9977754
10::single::text::6,Negative,0.9930597,0.0030610368,0.0038792924,-2.002116
10::single::text::7,Negative,0.9935508,0.002926561,0.003522592,-2.0235927
10::single::text::8,Negative,0.9887072,0.006900346,0.004392422,-1.6200235
10::single::text::9,Negative,0.9937021,0.002861639,0.0034362585,-2.017189
10::single::text::10,Negative,0.9927173,0.0032491032,0.0040335576,-1.970305
10::single::text::11,Negative,0.99371415,0.0027456144,0.0035402607,-2.1185925
10::single::text::12,Negative,0.9936352,0.0027611256,0.0036037378,-2.0867991
10::single::text::13,Negative,0.9937321,0.0027612871,0.003506642,-2.0988305
10::single::text::14,Negative,0.99388593,0.0027653803,0.0033486586,-2.0561438
10::single::text::15,Negative,0.9934634,0.0028000916,0.0037365325,-2.0457408
10::single::audio::0,Negative,0.9935213,0.00273574,0.0037430236,-2.0467854
10::single::audio::1,Negative,0.9933733,0.0028860508,0.0037407645,-2.0446954
10::single::audio::2,Negative,0.99337006,0.002851363,0.0037786057,-2.0446954
10::single::audio::3,Negative,0.99339706,0.002780658,0.003822313,-2.0457408
10::single::audio::4,Negative,0.9934272,0.002902389,0.0036704214,-2.042602
10::single::audio::5,Negative,0.993418,0.0028348472,0.0037472069,-2.0457408
10::single::audio::6,Negative,0.99343514,0.0028196457,0.0037452742,-2.0457408
10::single::audio::7,Negative,0.9934312,0.002816142,0.0037525774,-2.0457408
10::single::audio::8,Negative,0.9934257,0.0028184578,0.0037557292,-2.0457408
10::single::audio::9,Negative,0.9934589,0.0027831895,0.003757811,-2.0457408
10::single::audio::10,Negative,0.9934521,0.0028023378,0.0037455251,-2.0457408
10::single::audio::11,Negative,0.993482,0.0027910343,0.003726962,-2.0457408
10::single::audio::12,Negative,0.99345577,0.0028058137,0.0037384583,-2.0457408
10::single::audio::13,Negative,0.99344003,0.002808071,0.0037518223,-2.0457408
10::single::audio::14,Negative,0.9934193,0.0028313196,0.0037493804,-2.0457408
10::single::audio::15,Negative,0.99352115,0.0027447853,0.0037340901,-2.0467854
10::single::vision::0,Negative,0.99370897,0.0027211867,0.0035698405,-2.0488715
10::single::vision::1,Negative,0.9933488,0.0028356626,0.003815569,-2.0415537
10::single::vision::2,Negative,0.993343,0.0028287186,0.0038282543,-2.0415537
10::single::vision::3,Negative,0.99333733,0.002848149,0.0038145254,-2.0415537
10::single::vision::4,Negative,0.9933609,0.002838551,0.0038005672,-2.042602
10::single::vision::5,Negative,0.9933302,0.002848116,0.0038217646,-2.0415537
10::single::vision::6,Negative,0.99340564,0.0028062444,0.0037880945,-2.0436494
10::single::vision::7,Negative,0.9933969,0.0028255708,0.0037774965,-2.0436494
10::single::vision::8,Negative,0.9933619,0.0028511365,0.0037869485,-2.0436494
10::single::vision::9,Negative,0.99340373,0.002830251,0.0037659772,-2.0436494
10::single::vision::10,Negative,0.9934259,0.0028239395,0.0037502113,-2.0446954
10::single::vision::11,Negative,0.99342436,0.0028181132,0.003757531,-2.0446954
10::single::vision::12,Negative,0.99339795,0.002815147,0.0037868894,-2.0436494
10::single::vision::13,Negative,0.9933398,0.0028425935,0.0038175634,-2.042602
10::single::vision::14,Negative,0.9934037,0.0028062314,0.003790101,-2.042602
10::single::vision::15,Negative,0.9936832,0.0027366197,0.0035801847,-2.0488715
11::single::text::0,Negative,0.96382326,0.022308325,0.01386841,-0.84066653
11::single::text::1,Negative,0.96382326,0.022308325,0.01386841,-0.84066653
11::single::text::2,Negative,0.9388401,0.042256586,0.018903257,-0.629195
11::single::text::3,Negative,0.9644648,0.021313598,0.0142216375,-0.88723487
11::single::text::4,Negative,0.9388242,0.038495045,0.02268075,-0.6798825
11::single::text::5,Negative,0.9388242,0.038495045,0.02268075,-0.6798825
11::single::text::6,Negative,0.9620613,0.023819186,0.014119422,-0.82534504
11::single::text::7,Negative,0.95817804,0.025643397,0.016178535,-0.79864717
11::single::text::8,Negative,0.9643308,0.022849418,0.012819728,-0.8465122
11::single::text::9,Negative,0.93512344,0.045547687,0.019328823,-0.66179186
11::single::text::10,Negative,0.93512344,0.045547687,0.019328823,-0.66179186
11::single::text::11,Negative,0.9618774,0.02382408,0.01429847,-0.8393165
11::single::text::12,Negative,0.9644968,0.021731663,0.013771523,-0.8411164
11::single::text::13,Negative,0.95433587,0.03016809,0.0154959895,-0.7736361
11::single::text::14,Negative,0.95865226,0.023830904,0.017516848,-0.79955447
11::single::text::15,Negative,0.95865226,0.023830904,0.017516848,-0.79955447
11::single::text::16,Negative,0.9313094,0.045869425,0.022821205,-0.6361934
11::single::text::17,Negative,0.9437464,0.037565824,0.01868783,-0.6808089
11::single::text::18,Negative,0.9583918,0.02661364,0.014994541,-0.7954705
11::single::text::19,Negative,0.9454078,0.035123885,0.019468296,-0.72464937
11::single::text::20,Negative,0.9454078,0.035123885,0.019468296,-0.72464937
11::single::text::21,Negative,0.963771,0.021697527,0.014531471,-0.8415663
11::single::text::22,Negative,0.96058536,0.023746494,0.015668174,-0.8217331
11::single::text::23,Negative,0.9457884,0.03413105,0.02008061,-0.70207655
11::single::text::24,Negative,0.9335555,0.04359945,0.022845088,-0.63945687
11::single::text::25,Negative,0.9335555,0.04359945,0.022845088,-0.63945687
11::single::text::26,Negative,0.9479983,0.03409903,0.017902683,-0.71083945
11::single::text::27,Negative,0.9519272,0.031135708,0.0169371,-0.7507981
11::single::text::28,Negative,0.91887,0.057414047,0.023715988,-0.5912813
11::single::text::29,Negative,0.9518926,0.03105509,0.017052196,-0.7517135
11::single::text::30,Negative,0.9518926,0.03105509,0.017052196,-0.7517135
11::single::text::31,Negative,0.9576834,0.027108971,0.015207659,-0.80272865
11::single::text::32,Negative,0.9382401,0.04199592,0.019763933,-0.69330096
11::single::text::33,Negative,0.9659026,0.020360751,0.013736647,-0.86579823
11::single::text::34,Negative,0.9488956,0.032917507,0.018186916,-0.72142994
11::single::text::35,Negative,0.9488956,0.032917507,0.018186916,-0.72142994
11::single::text::36,Negative,0.92436427,0.05234585,0.02328986,-0.58564734
11::single::text::37,Negative,0.9637788,0.022224396,0.013996746,-0.8456134
11::single::text::38,Negative,0.96620154,0.020109713,0.01368875,-0.86266387
11::single::text::39,Negative,0.9732212,0.015647905,0.011130805,-0.9570888
11::single::text::40,Negative,0.9732212,0.015647905,0.011130805,-0.9570888
11::single::text::41,Negative,0.95166695,0.030029919,0.018303145,-0.7402612
11::single::text::42,Negative,0.9519019,0.030644793,0.01745333,-0.7080736
11::single::text::43,Negative,0.9639968,0.022107312,0.013895823,-0.8379662
11::single::audio::0,Negative,0.96437985,0.02126899,0.014351205,-0.8483096
11::single::audio::1,Negative,0.96489877,0.021047266,0.014053944,-0.8559406
11::single::audio::2,Negative,0.9643183,0.021560175,0.014121541,-0.84920794
11::single::audio::3,Negative,0.9645914,0.021378022,0.014030527,-0.8514532
11::single::audio::4,Negative,0.9647067,0.021294119,0.013999112,-0.85235107
11::single::audio::5,Negative,0.96454746,0.021249557,0.014202981,-0.8501061
11::single::audio::6,Negative,0.9640057,0.021267869,0.014726471,-0.8451638
11::single::audio::7,Negative,0.9647224,0.021103922,0.014173575,-0.8527999
11::single::audio::8,Negative,0.9637752,0.02164729,0.014577469,-0.8433654
11::single::audio::9,Negative,0.9656423,0.020581068,0.01377671,-0.858631
11::single::audio::10,Negative,0.96509063,0.020944182,0.013965234,-0.8536974
11::single::audio::11,Negative,0.96442914,0.021429125,0.014141687,-0.8496571
11::single::audio::12,Negative,0.9635658,0.021958832,0.014475327,-0.84246594
11::single::audio::13,Negative,0.9640561,0.021645362,0.014298518,-0.8456134
11::single::audio::14,Negative,0.9639145,0.021717422,0.014368028,-0.8451638
11::single::audio::15,Negative,0.96421206,0.021187069,0.014600816,-0.8469617
11::single::audio::16,Negative,0.9651425,0.020451766,0.01440573,-0.8550434
11::single::audio::17,Negative,0.9648758,0.020787206,0.014337037,-0.8519021
11::single::audio::18,Negative,0.9645257,0.021150783,0.014323599,-0.84875876
11::single::audio::19,Negative,0.9646115,0.021122083,0.014266503,-0.8501061
11::single::audio::20,Negative,0.96418816,0.021446515,0.014365328,-0.8465122
11::single::audio::21,Negative,0.96405476,0.021519877,0.0144253615,-0.8451638
11::single::audio::22,Negative,0.9640661,0.021487191,0.014446658,-0.8456134
11::single::audio::23,Negative,0.9647021,0.02100053,0.014297345,-0.85100424
11::single::audio::24,Negative,0.9637852,0.021407278,0.014807539,-0.8433654
11::single::audio::25,Negative,0.9639939,0.021533089,0.014472939,-0.8460629
11::single::audio::26,Negative,0.9645264,0.021206487,0.014267099,-0.8501061
11::single::audio::27,Negative,0.9645814,0.021224175,0.014194469,-0.8501061
11::single::audio::28,Negative,0.9644893,0.021270962,0.014239775,-0.8483096
11::single::audio::29,Negative,0.964714,0.021189017,0.014097019,-0.8519021
11::single::audio::30,Negative,0.9644215,0.021369753,0.014208758,-0.8496571
11::single::audio::31,Negative,0.9647465,0.021421555,0.013831957,-0.85728604
11::single::audio::32,Negative,0.9647115,0.021704586,0.013583888,-0.8532486
11::single::audio::33,Negative,0.96246725,0.0231789,0.014353828,-0.83391285
11::single::audio::34,Negative,0.96244603,0.023150153,0.014403726,-0.8330116
11::single::audio::35,Negative,0.96250504,0.023130942,0.014364001,-0.83391285
11::single::audio::36,Negative,0.9637042,0.021953454,0.014342272,-0.8433654
11::single::audio::37,Negative,0.9623195,0.022909684,0.014770714,-0.8321103
11::single::audio::38,Negative,0.96277404,0.022646394,0.014579627,-0.8357147
11::single::audio::39,Negative,0.963542,0.02189428,0.014563744,-0.8411164
11::single::audio::40,Negative,0.96264243,0.022406293,0.014951249,-0.830758
11::single::audio::41,Negative,0.96168166,0.023484996,0.014833412,-0.81992626
11::single::audio::42,Negative,0.96200264,0.023209544,0.014787713,-0.82444227
11::single::audio::43,Negative,0.964315,0.021222554,0.014462427,-0.8483096
11::single::vision::0,Negative,0.9665163,0.019919146,0.0135644665,-0.8684832
11::single::vision::1,Negative,0.96474004,0.020935446,0.014324568,-0.84246594
11::single::vision::2,Negative,0.9646253,0.02106146,0.014313207,-0.84471434
11::single::vision::3,Negative,0.96462905,0.021054812,0.014316083,-0.8438151
11::single::vision::4,Negative,0.96463746,0.021004604,0.014357975,-0.8429158
11::single::vision::5,Negative,0.96464026,0.021012904,0.014346936,-0.84426475
11::single::vision::6,Negative,0.96471375,0.020964772,0.014321489,-0.84471434
11::single::vision::7,Negative,0.96472776,0.020953503,0.014318752,-0.8438151
11::single::vision::8,Negative,0.96461964,0.021037996,0.014342374,-0.8433654
11::single::vision::9,Negative,0.9647113,0.020986876,0.014301784,-0.8451638
11::single::vision::10,Negative,0.96479654,0.020908691,0.014294742,-0.84426475
11::single::vision::11,Negative,0.96462065,0.021063441,0.014315906,-0.84471434
11::single::vision::12,Negative,0.96505666,0.02079432,0.014148941,-0.8505552
11::single::vision::13,Negative,0.9643438,0.0212268,0.014429415,-0.8411164
11::single::vision::14,Negative,0.9645176,0.021108977,0.014373337,-0.8438151
11::single::vision::15,Negative,0.96489024,0.020852491,0.01425725,-0.8469617
11::single::vision::16,Negative,0.964723,0.020975024,0.014301988,-0.8451638
11::single::vision::17,Negative,0.964687,0.021026798,0.014286194,-0.84426475
11::single::vision::18,Negative,0.9644927,0.021135718,0.014371591,-0.84246594
11::single::vision::19,Negative,0.96458024,0.02108591,0.014333742,-0.8438151
11::single::vision::20,Negative,0.9645991,0.021055851,0.014345055,-0.8433654
11::single::vision::21,Negative,0.9645616,0.021082764,0.014355594,-0.84426475
11::single::vision::22,Negative,0.9647173,0.020930856,0.014351728,-0.8429158
11::single::vision::23,Negative,0.9647024,0.020945966,0.014351497,-0.84246594
11::single::vision::24,Negative,0.96464247,0.021016378,0.014341247,-0.8438151
11::single::vision::25,Negative,0.9646626,0.021008454,0.014328936,-0.84471434
11::single::vision::26,Negative,0.9647423,0.020979382,0.014278273,-0.8474109
11::single::vision::27,Negative,0.9646822,0.021027826,0.014289901,-0.8474109
11::single::vision::28,Negative,0.96464145,0.02109966,0.014258852,-0.8501061
11::single::vision::29,Negative,0.96464145,0.021130271,0.014228313,-0.8496571
11::single::vision::30,Negative,0.9645533,0.021151684,0.014295018,-0.8474109
11::single::vision::31,Negative,0.9645234,0.021160979,0.014315685,-0.84471434
11::single::vision::32,Negative,0.9643034,0.021297056,0.014399587,-0.8415663
11::single::vision::33,Negative,0.96461844,0.02105296,0.01432846,-0.8429158
11::single::vision::34,Negative,0.96463513,0.02103617,0.014328707,-0.8433654
11::single::vision::35,Negative,0.96464163,0.021029638,0.014328761,-0.8438151
11::single::vision::36,Negative,0.9645802,0.021036047,0.014383725,-0.8429158
11::single::vision::37,Negative,0.9647327,0.020949837,0.014317474,-0.8456134
11::single::vision::38,Negative,0.96472776,0.020994037,0.014278152,-0.8456134
11::single::vision::39,Negative,0.96481794,0.020927586,0.014254469,-0.8460629
11::single::vision::40,Negative,0.96467435,0.021020502,0.01430522,-0.8451638
11::single::vision::41,Negative,0.96474314,0.020990994,0.014265851,-0.8465122
11::single::vision::42,Negative,0.96470416,0.02103715,0.014258654,-0.8456134
11::single::vision::43,Negative,0.9667987,0.019730091,0.013471083,-0.87206066
12::single::text::0,Neutral,0.020217003,0.8734354,0.106347635,0.09640235
12::single::text::1,Neutral,0.020217003,0.8734354,0.106347635,0.09640235
12::single::text::2,Neutral,0.016292425,0.8586638,0.12504376,0.111033246
12::single::text::3,Neutral,0.018669311,0.85540193,0.12592874,0.104206115
12::single::text::4,Neutral,0.02060916,0.8469999,0.13239092,0.10073118
12::single::text::5,Neutral,0.015980145,0.8465557,0.13746415,0.11804205
12::single::text::6,Neutral,0.015929522,0.86645967,0.11761083,0.113532186
12::single::text::7,Neutral,0.015929522,0.86645967,0.11761083,0.113532186
12::single::text::8,Neutral,0.017643686,0.83246857,0.14988774,0.1069493
12::single::text::9,Neutral,0.016442364,0.8589517,0.12460596,0.11115515
12::single::text::10,Neutral,0.016685471,0.8386575,0.14465697,0.11091134
12::single::text::11,Neutral,0.017516337,0.8585967,0.123887025,0.10402323
12::single::text::12,Neutral,0.019937903,0.8517472,0.12831488,0.09634139
12::single::text::13,Neutral,0.019937903,0.8517472,0.12831488,0.09634139
12::single::text::14,Neutral,0.01837603,0.8615254,0.1200986,0.10243819
12::single::text::15,Neutral,0.018598458,0.853956,0.12744549,0.107985556
12::single::text::16,Neutral,0.01832168,0.8732282,0.10845008,0.08615795
12::single::text::17,Neutral,0.020634536,0.8648801,0.11448534,0.0946951
12::single::text::18,Neutral,0.022731178,0.831043,0.14622578,0.0965243
12::single::text::19,Neutral,0.017708173,0.88478184,0.09751,0.100792125
12::single::text::20,Neutral,0.017708173,0.88478184,0.09751,0.100792125
12::single::text::21,Neutral,0.018375035,0.8809252,0.10069977,0.084206395
12::single::text::22,Neutral,0.018965077,0.8635685,0.11746649,0.09365852
12::single::text::23,Neutral,0.018829126,0.88293046,0.09824042,0.09756081
12::single::text::24,Neutral,0.017093685,0.8772547,0.10565157,0.10097504
12::single::text::25,Neutral,0.01837294,0.8662916,0.11533549,0.08963396
12::single::text::26,Neutral,0.01837294,0.8662916,0.11533549,0.08963396
12::single::text::27,Neutral,0.02044047,0.8450853,0.1344742,0.10231626
12::single::text::28,Neutral,0.023886645,0.82832396,0.14778943,0.100609235
12::single::text::29,Neutral,0.020496119,0.8530499,0.12645404,0.09006082
12::single::text::30,Neutral,0.017653905,0.8775865,0.10475968,0.094146326
12::single::text::31,Neutral,0.018960414,0.901937,0.07910253,0.08835335
12::single::audio::0,Neutral,0.019842694,0.85076195,0.12939529,0.10597396
12::single::audio::1,Neutral,0.018940277,0.8626753,0.118384376,0.10097504
12::single::audio::2,Neutral,0.018294545,0.8681649,0.113540635,0.09804857
12::single::audio::3,Neutral,0.018200364,0.869779,0.11202068,0.09725596
12::single::audio::4,Neutral,0.018843085,0.862613,0.11854392,0.09951182
12::single::audio::5,Neutral,0.018056436,0.8668091,0.11513444,0.096646234
12::single::audio::6,Neutral,0.018613352,0.8703479,0.111038744,0.09646332
12::single::audio::7,Neutral,0.018766036,0.8615667,0.119667195,0.101218894
12::single::audio::8,Neutral,0.019485185,0.85403717,0.1264776,0.10469379
12::single::audio::9,Neutral,0.019018494,0.8602809,0.12070068,0.10170662
12::single::audio::10,Neutral,0.018836128,0.8601527,0.12101117,0.101218894
12::single::audio::11,Neutral,0.01942431,0.854332,0.12624373,0.103962265
12::single::audio::12,Neutral,0.02052296,0.84491974,0.13455735,0.10688833
12::single::audio::13,Neutral,0.019982262,0.85302764,0.12699005,0.10481572
12::single::audio::14,Neutral,0.01922604,0.8590549,0.121719,0.10201145
12::single::audio::15,Neutral,0.019270906,0.85810333,0.1226258,0.1022553
12::single::audio::16,Neutral,0.019838765,0.85406226,0.12609908,0.104267076
12::single::audio::17,Neutral,0.01945718,0.856641,0.123901755,0.10408418
12::single::audio::18,Neutral,0.019568188,0.85423684,0.12619495,0.10469379
12::single::audio::19,Neutral,0.01926694,0.85414904,0.12658407,0.10481572
12::single::audio::20,Neutral,0.01938981,0.85682493,0.12378518,0.104206115
12::single::audio::21,Neutral,0.01966024,0.8518438,0.12849596,0.10609587
12::single::audio::22,Neutral,0.019124713,0.856241,0.12463426,0.103779376
12::single::audio::23,Neutral,0.018785637,0.8593093,0.121905036,0.10201145
12::single::audio::24,Neutral,0.018691951,0.86380345,0.11750456,0.10018247
12::single::audio::25,Neutral,0.01921587,0.8591387,0.121645406,0.10256012
12::single::audio::26,Neutral,0.018776452,0.8665154,0.11470817,0.09884117
12::single::audio::27,Neutral,0.019322097,0.85474235,0.12593554,0.10298687
12::single::audio::28,Neutral,0.018989414,0.85969454,0.12131603,0.10201145
12::single::audio::29,Neutral,0.019351233,0.8553376,0.12531114,0.103962265
12::single::audio::30,Neutral,0.018921377,0.85974824,0.12133031,0.1022553
12::single::audio::31,Neutral,0.01977124,0.8507252,0.12950355,0.10579108
12::single::vision::0,Neutral,0.019608002,0.84504694,0.1353451,0.09804857
12::single::vision::1,Neutral,0.021065162,0.84679323,0.1321416,0.097804695
12::single::vision::2,Neutral,0.021045914,0.8469709,0.13198312,0.097743705
12::single::vision::3,Neutral,0.021045914,0.8469709,0.13198312,0.097743705
12::single::vision::4,Neutral,0.021045914,0.8469709,0.13198312,0.097743705
12::single::vision::5,Neutral,0.021045914,0.8469709,0.13198312,0.097743705
12::single::vision::6,Neutral,0.021045914,0.8469709,0.13198312,0.097743705
12::single::vision::7,Neutral,0.021045914,0.8469709,0.13198312,0.097743705
12::single::vision::8,Neutral,0.021045914,0.8469709,0.13198312,0.097743705
12::single::vision::9,Neutral,0.021045914,0.8469709,0.13198312,0.097743705
12::single::vision::10,Neutral,0.021045914,0.8469709,0.13198312,0.097743705
12::single::vision::11,Neutral,0.021045914,0.8469709,0.13198312,0.097743705
12::single::vision::12,Neutral,0.021045914,0.8469709,0.13198312,0.097743705
12::single::vision::13,Neutral,0.021045914,0.8469709,0.13198312,0.097743705
12::single::vision::14,Neutral,0.021045914,0.8469709,0.13198312,0.097743705
12::single::vision::15,Neutral,0.021045914,0.8469709,0.13198312,0.097743705
12::single::vision::16,Neutral,0.021045914,0.8469709,0.13198312,0.097743705
12::single::vision::17,Neutral,0.021045914,0.8469709,0.13198312,0.097743705
12::single::vision::18,Neutral,0.021045914,0.8469709,0.13198312,0.097743705
12::single::vision::19,Neutral,0.021045914,0.8469709,0.13198312,0.097743705
12::single::vision::20,Neutral,0.021045914,0.8469709,0.13198312,0.097743705
12::single::vision::21,Neutral,0.021045914,0.8469709,0.13198312,0.097743705
12::single::vision::22,Neutral,0.021045914,0.8469709,0.13198312,0.097743705
12::single::vision::23,Neutral,0.021045914,0.8469709,0.13198312,0.097743705
12::single::vision::24,Neutral,0.021045914,0.8469709,0.13198312,0.097743705
12::single::vision::25,Neutral,0.021045914,0.8469709,0.13198312,0.097743705
12::single::vision::26,Neutral,0.021045914,0.8469709,0.13198312,0.097743705
12::single::vision::27,Neutral,0.021045914,0.8469709,0.13198312,0.097743705
12::single::vision::28,Neutral,0.021045914,0.8469709,0.13198312,0.097743705
12::single::vision::29,Neutral,0.021045914,0.8469709,0.13198312,0.097743705
12::single::vision::30,Neutral,0.021064771,0.84677696,0.13215826,0.097743705
12::single::vision::31,Neutral,0.020743605,0.8397069,0.1395495,0.098414384
13::single::text::0,Positive,0.011407001,0.20649827,0.7820948,0.5427863
13::single::text::1,Positive,0.011407001,0.20649827,0.7820948,0.5427863
13::single::text::2,Positive,0.0112079745,0.25955254,0.72923946,0.47973365
13::single::text::3,Positive,0.0112079745,0.25955254,0.72923946,0.47973365
13::single::text::4,Positive,0.011975811,0.23676904,0.75125515,0.49732095
13::single::text::5,Positive,0.011477498,0.27391875,0.7146038,0.4346637
13::single::text::6,Positive,0.011477498,0.27391875,0.7146038,0.4346637
13::single::text::7,Positive,0.010628585,0.25705293,0.73231846,0.49684605
13::single::text::8,Positive,0.011323645,0.24124804,0.7474283,0.4687839
13::single::text::9,Positive,0.011323645,0.24124804,0.7474283,0.4687839
13::single::text::10,Positive,0.011529048,0.26926625,0.7192047,0.4771164
13::single::text::11,Positive,0.011050898,0.19885576,0.7900933,0.51297736
13::single::text::12,Positive,0.011050898,0.19885576,0.7900933,0.51297736
13::single::text::13,Positive,0.011982273,0.24787715,0.7401406,0.48544145
13::single::text::14,Positive,0.010872801,0.23941901,0.7497082,0.48805627
13::single::text::15,Positive,0.010872801,0.23941901,0.7497082,0.48805627
13::single::text::16,Positive,0.011856237,0.2626307,0.72551304,0.4683075
13::single::text::17,Positive,0.011248011,0.22197443,0.7667776,0.5186635
13::single::text::18,Positive,0.011248011,0.22197443,0.7667776,0.5186635
13::single::text::19,Positive,0.012216308,0.27198276,0.715801,0.46806931
13::single::text::20,Positive,0.012216308,0.27198276,0.715801,0.46806931
13::single::text::21,Positive,0.011402916,0.26233423,0.72626287,0.4742604
13::single::text::22,Positive,0.010652711,0.24512762,0.74421966,0.50538987
13::single::text::23,Positive,0.010652711,0.24512762,0.74421966,0.50538987
13::single::text::24,Positive,0.012013783,0.25565583,0.73233044,0.47878206
13::single::text::25,Positive,0.012169464,0.23283447,0.75499606,0.501119
13::single::text::26,Positive,0.012169464,0.23283447,0.75499606,0.501119
13::single::text::27,Positive,0.011371498,0.23001595,0.7586125,0.5072874
13::single::text::28,Positive,0.011054464,0.18998405,0.79896146,0.5460917
13::single::text::29,Positive,0.011054464,0.18998405,0.79896146,0.5460917
13::single::text::30,Positive,0.012147929,0.26534665,0.72250545,0.47973365
13::single::text::31,Positive,0.0112247,0.27023378,0.71854144,0.45185804
13::single::text::32,Positive,0.0112247,0.27023378,0.71854144,0.45185804
13::single::text::33,Positive,0.012408267,0.26439497,0.7231968,0.44923306
13::single::text::34,Positive,0.011374963,0.27114305,0.717482,0.4520966
13::single::text::35,Positive,0.011374963,0.27114305,0.717482,0.4520966
13::single::text::36,Positive,0.011651298,0.23679931,0.75154936,0.48971987
13::single::audio::0,Positive,0.0121990945,0.24358627,0.74421465,0.48377705
13::single::audio::1,Positive,0.012465303,0.29315796,0.69437677,0.4387262
13::single::audio::2,Positive,0.012229666,0.2514244,0.73634595,0.47592652
13::single::audio::3,Positive,0.012168071,0.24526599,0.7425659,0.48092306
13::single::audio::4,Positive,0.012307746,0.2512253,0.73646694,0.47759235
13::single::audio::5,Positive,0.012362562,0.25263155,0.73500586,0.47616452
13::single::audio::6,Positive,0.012420984,0.25404888,0.73353016,0.47616452
13::single::audio::7,Positive,0.012044594,0.2507857,0.7371697,0.47283202
13::single::audio::8,Positive,0.012238178,0.24917808,0.7385838,0.4785441
13::single::audio::9,Positive,0.012275171,0.24453083,0.74319404,0.48306364
13::single::audio::10,Positive,0.012360101,0.30800962,0.6796302,0.43824834
13::single::audio::11,Positive,0.0123752095,0.25684786,0.7307769,0.47116536
13::single::audio::12,Positive,0.01232478,0.2536295,0.7340456,0.47449842
13::single::audio::13,Positive,0.012347601,0.25450733,0.73314506,0.47378433
13::single::audio::14,Positive,0.012151713,0.22998938,0.7578589,0.49637115
13::single::audio::15,Positive,0.01226574,0.24300016,0.74473405,0.48353922
13::single::audio::16,Positive,0.012256401,0.2477486,0.739995,0.47997156
13::single::audio::17,Positive,0.012448678,0.25112438,0.73642695,0.47616452
13::single::audio::18,Positive,0.012206203,0.24827346,0.73952043,0.47973365
13::single::audio::19,Positive,0.012330947,0.24552473,0.7421443,0.48020947
13::single::audio::20,Positive,0.012225967,0.24249133,0.7452827,0.4844904
13::single::audio::21,Positive,0.012159432,0.23951921,0.7483213,0.4873432
13::single::audio::22,Positive,0.012122861,0.24924448,0.7386326,0.47973365
13::single::audio::23,Positive,0.012223725,0.24716438,0.7406118,0.48353922
13::single::audio::24,Positive,0.012197664,0.2317333,0.75606894,0.4987454
13::single::audio::25,Positive,0.012222053,0.23082978,0.7569482,0.4996949
13::single::audio::26,Positive,0.012243107,0.23048657,0.75727034,0.4996949
13::single::audio::27,Positive,0.012176771,0.22930974,0.75851345,0.501119
13::single::audio::28,Positive,0.011950172,0.2363781,0.7516718,0.4951838
13::single::audio::29,Positive,0.012264438,0.23832092,0.7494147,0.48971987
13::single::audio::30,Positive,0.01221724,0.24613476,0.741648,0.4840148
13::single::audio::31,Positive,0.012243754,0.24576472,0.7419915,0.48425257
13::single::audio::32,Positive,0.012234712,0.24501579,0.7427495,0.48496586
13::single::audio::33,Positive,0.012206513,0.25317314,0.7346204,0.47664046
13::single::audio::34,Positive,0.012444662,0.25148755,0.7360678,0.4771164
13::single::audio::35,Positive,0.012474436,0.2490935,0.73843205,0.47925782
13::single::audio::36,Positive,0.012163789,0.23517413,0.75266206,0.49114555
13::single::vision::0,Positive,0.01218426,0.24501948,0.7427963,0.48116094
13::single::vision::1,Positive,0.012210691,0.24475467,0.7430346,0.48116094
13::single::vision::2,Positive,0.012186195,0.24497715,0.7428366,0.48044735
13::single::vision::3,Positive,0.012181535,0.24447843,0.74333996,0.48163667
13::single::vision::4,Positive,0.012168082,0.2440198,0.743812,0.48235017
13::single::vision::5,Positive,0.012168082,0.2440198,0.743812,0.48235017
13::single::vision::6,Positive,0.0121678,0.24387448,0.74395776,0.48235017
13::single::vision::7,Positive,0.012170562,0.24451852,0.743311,0.48163667
13::single::vision::8,Positive,0.012177449,0.24472931,0.7430933,0.48139876
13::single::vision::9,Positive,0.012183078,0.24501145,0.7428055,0.48116094
13::single::vision::10,Positive,0.012172143,0.24440989,0.743418,0.48163667
13::single::vision::11,Positive,0.012173393,0.24433884,0.7434878,0.4818745
13::single::vision::12,Positive,0.012175905,0.24455084,0.74327326,0.48139876
13::single::vision::13,Positive,0.012169015,0.24434017,0.7434909,0.48163667
13::single::vision::14,Positive,0.012179032,0.2446206,0.7432003,0.48139876
13::single::vision::15,Positive,0.012190232,0.24536836,0.7424414,0.47973365
13::single::vision::16,Positive,0.012210146,0.24636653,0.74142325,0.47901994
13::single::vision::17,Positive,0.01222345,0.24557728,0.7421993,0.47925782
13::single::vision::18,Positive,0.012223784,0.24553965,0.7422366,0.47901994
13::single::vision::19,Positive,0.0122623835,0.24750645,0.7402312,0.47664046
13::single::vision::20,Positive,0.012211356,0.24467959,0.743109,0.48092306
13::single::vision::21,Positive,0.012190649,0.24404758,0.7437618,0.482588
13::single::vision::22,Positive,0.012209435,0.24482583,0.7429648,0.48092306
13::single::vision::23,Positive,0.012195023,0.2442963,0.7435087,0.4818745
13::single::vision::24,Positive,0.012209435,0.24482583,0.7429648,0.48116094
13::single::vision::25,Positive,0.012202866,0.2445774,0.74321973,0.48139876
13::single::vision::26,Positive,0.012202866,0.2445774,0.74321973,0.48116094
13::single::vision::27,Positive,0.012202866,0.2445774,0.74321973,0.48116094
13::single::vision::28,Positive,0.012202534,0.24461494,0.74318254,0.48139876
13::single::vision::29,Positive,0.012179695,0.24454552,0.74327475,0.48139876
13::single::vision::30,Positive,0.012223784,0.24553965,0.7422366,0.47925782
13::single::vision::31,Positive,0.012211636,0.24482515,0.74296325,0.48092306
13::single::vision::32,Positive,0.012204786,0.24443123,0.7433639,0.48116094
13::single::vision::33,Positive,0.012232885,0.24575046,0.7420167,0.47925782
13::single::vision::34,Positive,0.012248377,0.24542114,0.74233055,0.47997156
13::single::vision::35,Positive,0.012265946,0.24724984,0.74048424,0.47687843
13::single::vision::36,Positive,0.01216086,0.24384709,0.7439921,0.48306364
14::single::text::0,Positive,0.028813811,0.05686219,0.91432405,1.0614283
14::single::text::1,Positive,0.028813811,0.05686219,0.91432405,1.0614283
14::single::text::2,Positive,0.02446775,0.060647417,0.9148848,0.9557728
14::single::text::3,Positive,0.027185254,0.064035565,0.9087792,0.9750322
14::single::text::4,Positive,0.027185254,0.064035565,0.9087792,0.9750322
14::single::text::5,Positive,0.02448684,0.052989107,0.9225241,1.0494487
14::single::text::6,Positive,0.02832572,0.06641787,0.9052564,0.97328514
14::single::text::7,Positive,0.030298086,0.057593025,0.9121089,1.0262372
14::single::text::8,Positive,0.030298086,0.057593025,0.9121089,1.0262372
14::single::text::9,Positive,0.030003956,0.05956487,0.9104311,1.052019
14::single::text::10,Positive,0.025747694,0.061590567,0.91266173,0.95884275
14::single::text::11,Positive,0.027912823,0.06480714,0.9072801,0.9522616
14::single::text::12,Positive,0.027912823,0.06480714,0.9072801,0.9522616
14::single::text::13,Positive,0.027377132,0.07627837,0.89634454,0.8965825
14::single::text::14,Positive,0.030357905,0.0973598,0.8722822,0.7365917
14::single::text::15,Positive,0.030349022,0.10467119,0.86497974,0.71912926
14::single::text::16,Positive,0.030349022,0.10467119,0.86497974,0.71912926
14::single::text::17,Positive,0.026221398,0.07452269,0.89925593,0.85907936
14::single::text::18,Positive,0.02695814,0.08672924,0.88631266,0.8086184
14::single::text::19,Positive,0.030301135,0.11739834,0.8523005,0.71820873
14::single::text::20,Positive,0.030301135,0.11739834,0.8523005,0.71820873
14::single::text::21,Positive,0.02793713,0.11268949,0.8593734,0.7071513
14::single::text::22,Positive,0.029906563,0.082650974,0.8874424,0.8635596
14::single::audio::0,Positive,0.027586197,0.05831942,0.91409445,1.0072207
14::single::audio::1,Positive,0.03043777,0.07062279,0.89893943,0.9597194
14::single::audio::2,Positive,0.030233245,0.06832667,0.90144014,0.96978855
14::single::audio::3,Positive,0.031092778,0.07336175,0.89554554,0.94654965
14::single::audio::4,Positive,0.03104713,0.07281772,0.89613515,0.9505049
14::single::audio::5,Positive,0.030764943,0.06822675,0.90100825,0.97241116
14::single::audio::6,Positive,0.030510575,0.0686161,0.9008733,0.970663
14::single::audio::7,Positive,0.030299544,0.068156555,0.90154386,0.96978855
14::single::audio::8,Positive,0.03059361,0.07197405,0.8974323,0.95621157
14::single::audio::9,Positive,0.030101884,0.068353385,0.9015447,0.96716416
14::single::audio::10,Positive,0.029827671,0.06715228,0.90302,0.97328514
14::single::audio::11,Positive,0.030119818,0.06715065,0.90272945,0.97241116
14::single::audio::12,Positive,0.030234633,0.067239836,0.9025255,0.9776517
14::single::audio::13,Positive,0.026760677,0.05711877,0.9161205,1.0028859
14::single::audio::14,Positive,0.030568095,0.07110668,0.8983252,0.9575274
14::single::audio::15,Positive,0.030174097,0.070059426,0.89976645,0.96278656
14::single::audio::16,Positive,0.030340884,0.068938956,0.9007202,0.96978855
14::single::audio::17,Positive,0.029659308,0.06538411,0.9049566,0.9802693
14::single::audio::18,Positive,0.030417534,0.06843495,0.90114754,0.96978855
14::single::audio::19,Positive,0.03073712,0.07250429,0.8967586,0.9570888
14::single::audio::20,Positive,0.030608166,0.06822192,0.90116996,0.96803916
14::single::audio::21,Positive,0.031649567,0.08339518,0.8849552,0.9187614
14::single::audio::22,Positive,0.028036427,0.059459154,0.91250443,1.0037533
14::single::vision::0,Positive,0.030928021,0.06868637,0.9003856,0.9662889
14::single::vision::1,Positive,0.029160153,0.06435876,0.90648115,0.98288536
14::single::vision::2,Positive,0.029202027,0.06444091,0.9063571,0.9820136
14::single::vision::3,Positive,0.02935194,0.06445284,0.90619516,0.9820136
14::single::vision::4,Positive,0.029320763,0.0644797,0.9061995,0.98288536
14::single::vision::5,Positive,0.02948738,0.0644565,0.90605605,0.9820136
14::single::vision::6,Positive,0.029518953,0.06441589,0.90606517,0.98288536
14::single::vision::7,Positive,0.029502904,0.06477275,0.9057244,0.98114157
14::single::vision::8,Positive,0.029119462,0.064532995,0.9063475,0.98114157
14::single::vision::9,Positive,0.029400904,0.06483064,0.9057684,0.9802693
14::single::vision::10,Positive,0.029540826,0.06485889,0.90560025,0.98114157
14::single::vision::11,Positive,0.029617926,0.06496912,0.9054129,0.98114157
14::single::vision::12,Positive,0.02962364,0.06444659,0.90592974,0.98288536
14::single::vision::13,Positive,0.029486723,0.064467624,0.9060457,0.98288536
14::single::vision::14,Positive,0.029510204,0.06435051,0.9061393,0.98288536
14::single::vision::15,Positive,0.028958349,0.06543506,0.9056066,0.97677875
14::single::vision::16,Positive,0.028501,0.06361214,0.9078868,0.98549986
14::single::vision::17,Positive,0.030116221,0.06633144,0.9035523,0.97852445
14::single::vision::18,Positive,0.029584773,0.064901024,0.9055142,0.98114157
14::single::vision::19,Positive,0.029423939,0.065082654,0.9054934,0.9802693
14::single::vision::20,Positive,0.02937553,0.06487254,0.90575194,0.9802693
14::single::vision::21,Positive,0.029549269,0.06581929,0.9046314,0.97590566
14::single::vision::22,Positive,0.030898811,0.06895099,0.90015024,0.9662889
15::single::text::0,Negative,0.989326,0.0042966846,0.0063772737,-2.0958347
15::single::text::1,Negative,0.989326,0.0042966846,0.0063772737,-2.0958347
15::single::text::2,Negative,0.9910542,0.0034804842,0.005465277,-2.1831102
15::single::text::3,Negative,0.9910542,0.0034804842,0.005465277,-2.1831102
15::single::text::4,Negative,0.98935807,0.004514863,0.0061270054,-2.1185925
15::single::text::5,Negative,0.9881568,0.0043785493,0.007464589,-2.0633707
15::single::text::6,Negative,0.9881568,0.0043785493,0.007464589,-2.0633707
15::single::text::7,Negative,0.9888131,0.004782555,0.006404395,-2.0182588
15::single::text::8,Negative,0.9888131,0.004782555,0.006404395,-2.0182588
15::single::text::9,Negative,0.98946685,0.0041953074,0.0063379128,-2.0827594
15::single::text::10,Negative,0.9897879,0.005052277,0.0051598283,-1.9934199
15::single::text::11,Negative,0.9897879,0.005052277,0.0051598283,-1.9934199
15::single::text::12,Negative,0.9901773,0.003911021,0.005911796,-2.047829
15::single::audio::0,Negative,0.9903645,0.0037275564,0.005907963,-2.1273675
15::single::audio::1,Negative,0.99013364,0.0038360327,0.006030378,-2.125424
15::single::audio::2,Negative,0.9901426,0.0038466197,0.0060107545,-2.1244507
15::single::audio::3,Negative,0.990284,0.0037771733,0.005938802,-2.1273675
15::single::audio::4,Negative,0.9903611,0.0038382807,0.005800675,-2.1263962
15::single::audio::5,Negative,0.9905687,0.003810193,0.0056210533,-2.1283383
15::single::audio::6,Negative,0.9901491,0.003972648,0.0058782697,-2.1234765
15::single::audio::7,Negative,0.99129254,0.0034268592,0.00528059,-2.140874
15::single::audio::8,Negative,0.9898608,0.0041147377,0.006024496,-2.1234765
15::single::audio::9,Negative,0.9899212,0.004006777,0.006071983,-2.1234765
15::single::audio::10,Negative,0.98987377,0.003999717,0.006126427,-2.1185925
15::single::audio::11,Negative,0.990529,0.0037807683,0.005690247,-2.1312444
15::single::audio::12,Negative,0.9902307,0.0037945814,0.0059748013,-2.125424
15::single::vision::0,Negative,0.990551,0.0037167934,0.0057322066,-2.1273675
15::single::vision::1,Negative,0.9901298,0.003918695,0.0059515024,-2.1263962
15::single::vision::2,Negative,0.9900981,0.003930671,0.0059711654,-2.1263962
15::single::vision::3,Negative,0.9900981,0.003930671,0.0059711654,-2.1263962
15::single::vision::4,Negative,0.99010915,0.0039262576,0.0059646084,-2.1263962
15::single::vision::5,Negative,0.99001795,0.0039307913,0.0060512153,-2.125424
15::single::vision::6,Negative,0.9900018,0.0039368263,0.006061329,-2.125424
15::single::vision::7,Negative,0.98970735,0.0040523643,0.006240313,-2.1244507
15::single::vision::8,Negative,0.99015594,0.0038892622,0.0059548137,-2.1263962
15::single::vision::9,Negative,0.9904243,0.0037616473,0.0058140066,-2.1244507
15::single::vision::10,Negative,0.9899935,0.0039054388,0.006101048,-2.1156511
15::single::vision::11,Negative,0.990174,0.0039180703,0.0059079216,-2.125424
15::single::vision::12,Negative,0.99046826,0.0037501587,0.005781569,-2.1273675
16::single::text::0,Positive,0.011812901,0.044516094,0.9436711,1.3288898
16::single::text::1,Positive,0.011812901,0.044516094,0.9436711,1.3288898
16::single::text::2,Positive,0.012606937,0.039984882,0.94740814,1.3878871
16::single::text::3,Positive,0.0124229025,0.036204305,0.95137274,1.4395434
16::single::text::4,Positive,0.012301703,0.036405887,0.9512924,1.4455494
16::single::text::5,Positive,0.012235772,0.037896655,0.9498676,1.4237059
16::single::text::6,Positive,0.012247842,0.042058233,0.9456939,1.3562238
16::single::text::7,Positive,0.012247842,0.042058233,0.9456939,1.3562238
16::single::text::8,Positive,0.012555204,0.037536953,0.94990784,1.4199197
16::single::text::9,Positive,0.012646251,0.039294466,0.94805926,1.3986102
16::single::text::10,Positive,0.012001917,0.04916512,0.93883294,1.2645731
16::single::text::11,Positive,0.01269994,0.038683306,0.9486168,1.4153688
16::single::text::12,Positive,0.012949181,0.040407933,0.9466428,1.3886545
16::single::text::13,Positive,0.01236577,0.049946636,0.9376876,1.2403829
16::single::text::14,Positive,0.01236577,0.049946636,0.9376876,1.2403829
16::single::text::15,Positive,0.011432999,0.048709583,0.93985736,1.2733932
16::single::text::16,Positive,0.012166612,0.051152997,0.93668044,1.2500827
16::single::text::17,Positive,0.011186478,0.043947726,0.9448658,1.3226032
16::single::text::18,Positive,0.010337539,0.05039863,0.9392639,1.2200744
16::single::text::19,Positive,0.0108382385,0.04600902,0.9431528,1.275794
16::single::text::20,Positive,0.0108382385,0.04600902,0.9431528,1.275794
16::single::text::21,Positive,0.0118846325,0.037066024,0.9510493,1.4092878
16::single::text::22,Positive,0.012522157,0.03943941,0.94803834,1.3748055
16::single::text::23,Positive,0.011872504,0.040790603,0.94733685,1.3709452
16::single::text::24,Positive,0.01288882,0.038933672,0.94817746,1.3917221
16::single::text::25,Positive,0.012026334,0.046591863,0.9413818,1.2701889
16::single::audio::0,Positive,0.012565683,0.03668746,0.9507468,1.4297513
16::single::audio::1,Positive,0.012523621,0.037321366,0.9501549,1.4312603
16::single::audio::2,Positive,0.012231734,0.03610325,0.9516649,1.4335222
16::single::audio::3,Positive,0.013029472,0.03906436,0.94790614,1.4153688
16::single::audio::4,Positive,0.012703952,0.037178,0.950118,1.4282415
16::single::audio::5,Positive,0.012605543,0.03797039,0.949424,1.422949
16::single::audio::6,Positive,0.012451414,0.037564535,0.9499841,1.422949
16::single::audio::7,Positive,0.012541114,0.03716395,0.95029503,1.4259747
16::single::audio::8,Positive,0.012627143,0.03833961,0.94903326,1.4184037
16::single::audio::9,Positive,0.012572099,0.03746431,0.94996357,1.4237059
16::single::audio::10,Positive,0.012515426,0.038055293,0.9494293,1.4191619
16::single::audio::11,Positive,0.012495723,0.037909552,0.94959474,1.4206774
16::single::audio::12,Positive,0.01239982,0.036957692,0.95064247,1.4252186
16::single::audio::13,Positive,0.012515358,0.03715854,0.9503261,1.4252186
16::single::audio::14,Positive,0.012580432,0.037886266,0.9495332,1.4237059
16::single::audio::15,Positive,0.012533306,0.037134547,0.9503321,1.427486
16::single::audio::16,Positive,0.012494116,0.036093876,0.951412,1.4327686
16::single::audio::17,Positive,0.012547883,0.03751774,0.94993436,1.4252186
16::single::audio::18,Positive,0.012682573,0.0390718,0.94824564,1.4176453
16::single::audio::19,Positive,0.012733371,0.040362183,0.9469045,1.4130902
16::single::audio::20,Positive,0.012580068,0.03870942,0.94871044,1.4168868
16::single::audio::21,Positive,0.012632036,0.037138984,0.950229,1.4267304
16::single::audio::22,Positive,0.012710847,0.038033783,0.9492554,1.4221921
16::single::audio::23,Positive,0.012586025,0.037905745,0.9495082,1.421435
16::single::audio::24,Positive,0.012584705,0.037929535,0.9494857,1.421435
16::single::audio::25,Positive,0.012492895,0.0363942,0.9511129,1.4297513
16::single::vision::0,Positive,0.012689636,0.03696789,0.9503424,1.427486
16::single::vision::1,Positive,0.012500314,0.03686861,0.95063114,1.4282415
16::single::vision::2,Positive,0.012433842,0.036763478,0.9508027,1.4282415
16::single::vision::3,Positive,0.012484686,0.036595795,0.9509195,1.4289964
16::single::vision::4,Positive,0.012576471,0.03695765,0.95046586,1.4259747
16::single::vision::5,Positive,0.012610259,0.03699951,0.9503902,1.4259747
16::single::vision::6,Positive,0.012468455,0.03691803,0.9506135,1.427486
16::single::vision::7,Positive,0.01252694,0.037072934,0.95040023,1.4267304
16::single::vision::8,Positive,0.012493888,0.03678672,0.9507195,1.4282415
16::single::vision::9,Positive,0.012519667,0.03673239,0.95074797,1.4282415
16::single::vision::10,Positive,0.0125084305,0.03671553,0.95077604,1.4282415
16::single::vision::11,Positive,0.012485407,0.03664144,0.95087314,1.4289964
16::single::vision::12,Positive,0.0125454115,0.036894668,0.95056,1.427486
16::single::vision::13,Positive,0.012532518,0.036912482,0.950555,1.427486
16::single::vision::14,Positive,0.012531522,0.036898967,0.95056957,1.4267304
16::single::vision::15,Positive,0.012518929,0.036997586,0.9504835,1.4267304
16::single::vision::16,Positive,0.012480929,0.03714324,0.9503759,1.4259747
16::single::vision::17,Positive,0.012469459,0.03715898,0.95037156,1.4259747
16::single::vision::18,Positive,0.012446261,0.036995415,0.9505583,1.4267304
16::single::vision::19,Positive,0.012414749,0.036664385,0.9509208,1.4297513
16::single::vision::20,Positive,0.012452631,0.036537226,0.9510101,1.430506
16::single::vision::21,Positive,0.012454808,0.036554307,0.9509909,1.4289964
16::single::vision::22,Positive,0.012453395,0.03657155,0.95097506,1.4289964
16::single::vision::23,Positive,0.012438672,0.036547415,0.95101386,1.4297513
16::single::vision::24,Positive,0.012499013,0.03685192,0.95064914,1.4282415
16::single::vision::25,Positive,0.012721312,0.03730052,0.9499783,1.4252186
17::single::text::0,Neutral,0.22340417,0.71446323,0.0621327,-0.040891025
17::single::text::1,Neutral,0.22340417,0.71446323,0.0621327,-0.040891025
17::single::text::2,Neutral,0.19435965,0.73299134,0.07264905,-0.024733938
17::single::text::3,Neutral,0.16688935,0.76992846,0.063182205,-0.020949978
17::single::text::4,Neutral,0.1847691,0.7381042,0.07712662,-0.011207528
17::single::text::5,Neutral,0.21909598,0.7130179,0.0678862,-0.037839793
17::single::text::6,Neutral,0.22832426,0.71026945,0.06140627,-0.040707953
17::single::text::7,Neutral,0.18288971,0.7438986,0.07321172,-0.014846681
17::single::text::8,Neutral,0.20732662,0.721138,0.071535364,-0.028609363
17::single::text::9,Neutral,0.18138815,0.742329,0.07628278,-0.011672915
17::single::text::10,Neutral,0.21169633,0.7197316,0.06857206,-0.030958988
17::single::text::11,Neutral,0.18050118,0.75328314,0.06621565,-0.020904204
17::single::text::12,Neutral,0.20922272,0.7216772,0.06910009,-0.024199914
17::single::text::13,Neutral,0.20922272,0.7216772,0.06910009,-0.024199914
17::single::text::14,Neutral,0.23041882,0.6970478,0.07253335,-0.03384256
17::single::text::15,Neutral,0.18646827,0.7531245,0.060407292,-0.03204224
17::single::text::16,Neutral,0.22322184,0.6714137,0.10536448,-0.012321403
17::single::text::17,Neutral,0.15246944,0.77401125,0.07351931,-0.007080065
17::single::text::18,Neutral,0.18466203,0.7350412,0.08029674,-0.012206965
17::single::text::19,Neutral,0.16701344,0.7584581,0.07452844,-0.002508163
17::single::text::20,Neutral,0.16893902,0.7605206,0.0705404,-0.0115508465
17::single::text::21,Neutral,0.11388427,0.8151683,0.070947416,0.01644881
17::single::text::22,Neutral,0.1724973,0.7452086,0.0822941,-0.0073394636
17::single::text::23,Neutral,0.055864546,0.9015783,0.042557217,0.017928865
17::single::text::24,Neutral,0.19587469,0.7356845,0.0684408,-0.021712879
17::single::text::25,Neutral,0.1966663,0.72742486,0.07590885,-0.022552066
17::single::text::26,Neutral,0.1966663,0.72742486,0.07590885,-0.022552066
17::single::text::27,Neutral,0.14915016,0.7768259,0.07402396,0.0010023117
17::single::text::28,Neutral,0.112968765,0.8178883,0.06914285,0.015266287
17::single::text::29,Neutral,0.13509975,0.7941787,0.07072154,0.008819555
17::single::text::30,Neutral,0.13770454,0.7901064,0.07218895,0.008331277
17::single::text::31,Neutral,0.16938406,0.75219107,0.078424916,0.0019607542
17::single::text::32,Neutral,0.121571556,0.8110153,0.06741316,0.010559039
17::single::text::33,Neutral,0.116405725,0.81674224,0.06685206,0.008186321
17::single::text::34,Neutral,0.1715321,0.7522885,0.07617943,-0.0019683833
17::single::text::35,Neutral,0.1058383,0.82913876,0.06502294,0.020797398
17::single::text::36,Neutral,0.11375564,0.82084334,0.06540107,0.017638957
17::single::text::37,Neutral,0.11834511,0.8151371,0.06651779,0.005146022
17::single::text::38,Neutral,0.11834511,0.8151371,0.06651779,0.005146022
17::single::text::39,Neutral,0.17127714,0.7554349,0.07328794,-0.009208651
17::single::text::40,Neutral,0.12915179,0.80173427,0.069114,-0.005733483
17::single::text::41,Neutral,0.1192795,0.8151172,0.06560338,0.0049133254
17::single::text::42,Neutral,0.14988801,0.77993715,0.07017486,0.003030776
17::single::text::43,Neutral,0.19691107,0.72621495,0.07687399,-0.019469941
17::single::text::44,Neutral,0.10211825,0.83078015,0.06710159,0.01925633
17::single::text::45,Neutral,0.109361105,0.8236384,0.06700052,0.015731668
17::single::text::46,Neutral,0.11498239,0.81664664,0.0683709,0.0091933925
17::single::text::47,Neutral,0.13915612,0.7919773,0.06886656,0.0032806385
17::single::text::48,Neutral,0.15875205,0.77114296,0.070105016,-0.005966179
17::single::text::49,Neutral,0.18452083,0.7508862,0.06459297,-0.032103267
17::single::audio::0,Neutral,0.18558696,0.73968595,0.07472707,-0.010482745
17::single::audio::1,Neutral,0.18874712,0.736567,0.07468588,-0.012123043
17::single::audio::2,Neutral,0.18577574,0.74028796,0.07393628,-0.011756837
17::single::audio::3,Neutral,0.18803221,0.73420167,0.077766195,-0.009826626
17::single::audio::4,Neutral,0.22736919,0.67227536,0.10035544,-0.01021572
17::single::audio::5,Neutral,0.18327338,0.74626374,0.07046291,-0.014198198
17::single::audio::6,Neutral,0.18582846,0.74102116,0.07315039,-0.012313773
17::single::audio::7,Neutral,0.18039164,0.7503501,0.06925822,-0.014343154
17::single::audio::8,Neutral,0.18167914,0.7455218,0.07279916,-0.011329597
17::single::audio::9,Neutral,0.18193133,0.7453784,0.07269025,-0.010864211
17::single::audio::10,Neutral,0.18706417,0.74040735,0.07252845,-0.013938803
17::single::audio::11,Neutral,0.16859326,0.76189315,0.06951359,-0.008293131
17::single::audio::12,Neutral,0.18198626,0.7446741,0.0733396,-0.010665849
17::single::audio::13,Neutral,0.18503042,0.7410584,0.07391114,-0.012168817
17::single::audio::14,Neutral,0.18500416,0.74100244,0.07399341,-0.011886535
17::single::audio::15,Neutral,0.18334582,0.74289674,0.07375737,-0.01140589
17::single::audio::16,Neutral,0.1852611,0.7413267,0.07341221,-0.012756271
17::single::audio::17,Neutral,0.1846922,0.7424196,0.072888225,-0.012565538
17::single::audio::18,Neutral,0.18411663,0.7430531,0.07283026,-0.012191705
17::single::audio::19,Neutral,0.18298891,0.74340016,0.073610924,-0.010147057
17::single::audio::20,Neutral,0.18451637,0.74169904,0.07378458,-0.0111999
17::single::audio::21,Neutral,0.1842455,0.74201727,0.073737286,-0.011436407
17::single::audio::22,Neutral,0.18419747,0.7422638,0.07353867,-0.011573735
17::single::audio::23,Neutral,0.18286219,0.7438482,0.07328969,-0.011238046
17::single::audio::24,Neutral,0.18358849,0.74312556,0.07328597,-0.011749208
17::single::audio::25,Neutral,0.18435055,0.7424687,0.073180765,-0.012435842
17::single::audio::26,Neutral,0.18308635,0.74338156,0.073532015,-0.011222787
17::single::audio::27,Neutral,0.18139271,0.74525106,0.07335622,-0.010230978
17::single::audio::28,Neutral,0.18318537,0.74404675,0.072767854,-0.012000974
17::single::audio::29,Neutral,0.18267444,0.7449552,0.07237044,-0.012405325
17::single::audio::30,Neutral,0.18110237,0.7478848,0.0710128,-0.0119475685
17::single::audio::31,Neutral,0.18606216,0.74477,0.0691679,-0.015220512
17::single::audio::32,Neutral,0.18420614,0.7417987,0.07399519,-0.010726884
17::single::audio::33,Neutral,0.18712877,0.7400601,0.07281111,-0.01329032
17::single::audio::34,Neutral,0.1847048,0.7424925,0.072802655,-0.01236718
17::single::audio::35,Neutral,0.18024768,0.7458857,0.07386657,-0.0090408055
17::single::audio::36,Neutral,0.18397497,0.74199003,0.074035056,-0.011184641
17::single::audio::37,Neutral,0.1832918,0.74375415,0.072954044,-0.0115508465
17::single::audio::38,Neutral,0.18364799,0.7431541,0.07319792,-0.011413519
17::single::audio::39,Neutral,0.18157943,0.7457404,0.07268013,-0.010948133
17::single::audio::40,Neutral,0.1858711,0.7415104,0.07261845,-0.013114845
17::single::audio::41,Neutral,0.17903732,0.74971527,0.07124746,-0.011688174
17::single::audio::42,Neutral,0.1913939,0.73291004,0.0756961,-0.0121001545
17::single::audio::43,Neutral,0.17926303,0.7532942,0.06744272,-0.015746925
17::single::audio::44,Neutral,0.19043215,0.73412997,0.0754379,-0.012939375
17::single::audio::45,Neutral,0.18028508,0.7466209,0.07309402,-0.00909421
17::single::audio::46,Neutral,0.17873684,0.74615574,0.07510734,-0.006332389
17::single::audio::47,Neutral,0.17924984,0.7460167,0.07473347,-0.0071487296
17::single::audio::48,Neutral,0.18201539,0.74017686,0.07780774,-0.0059471056
17::single::audio::49,Neutral,0.18545978,0.73764944,0.07689071,-0.008384683
17::single::vision::0,Neutral,0.18996045,0.7367214,0.07331815,-0.0149763785
17::single::vision::1,Neutral,0.18216863,0.7448627,0.07296863,-0.0115508465
17::single::vision::2,Neutral,0.18209852,0.7447934,0.07310806,-0.0111999
17::single::vision::3,Neutral,0.18237208,0.74447066,0.073157266,-0.011344857
17::single::vision::4,Neutral,0.18306793,0.7439978,0.0729342,-0.012016232
17::single::vision::5,Neutral,0.18321139,0.74372697,0.073061675,-0.011970457
17::single::vision::6,Neutral,0.1830408,0.74382293,0.073136285,-0.011711062
17::single::vision::7,Neutral,0.18215246,0.74473596,0.073111564,-0.010940503
17::single::vision::8,Neutral,0.1818296,0.7450215,0.073148824,-0.01065059
17::single::vision::9,Neutral,0.18175033,0.74507535,0.07317431,-0.010665849
17::single::vision::10,Neutral,0.18172947,0.74510634,0.073164225,-0.0106200725
17::single::vision::11,Neutral,0.18179408,0.7450482,0.07315763,-0.010703996
17::single::vision::12,Neutral,0.1818538,0.74498856,0.0731577,-0.010894727
17::single::vision::13,Neutral,0.18169545,0.74512625,0.073178396,-0.010780288
17::single::vision::14,Neutral,0.18180309,0.7450353,0.07316164,-0.010833694
17::single::vision::15,Neutral,0.18232219,0.74446094,0.07321684,-0.011215158
17::single::vision::16,Neutral,0.18228325,0.7444899,0.07322687,-0.01108546
17::single::vision::17,Neutral,0.1822843,0.7444889,0.07322683,-0.011032055
17::single::vision::18,Neutral,0.1823372,0.74444,0.07322281,-0.011024426
17::single::vision::19,Neutral,0.18218383,0.74462956,0.073186606,-0.01076503
17::single::vision::20,Neutral,0.1828407,0.7440499,0.07310937,-0.011344857
17::single::vision::21,Neutral,0.18277921,0.74404174,0.07317905,-0.011367744
17::single::vision::22,Neutral,0.18278189,0.74404454,0.07317355,-0.011177012
17::single::vision::23,Neutral,0.18511638,0.7419274,0.07295622,-0.011230417
17::single::vision::24,Neutral,0.18535809,0.7417096,0.07293236,-0.011100718
17::single::vision::25,Neutral,0.18535838,0.7418319,0.07280971,-0.011260933
17::single::vision::26,Neutral,0.1821238,0.7445547,0.073321514,-0.009162875
17::single::vision::27,Neutral,0.1808574,0.74571294,0.07342968,-0.008857701
17::single::vision::28,Neutral,0.18151248,0.7452539,0.07323355,-0.009056064
17::single::vision::29,Neutral,0.18022536,0.74654394,0.07323069,-0.008743262
17::single::vision::30,Neutral,0.18139896,0.74532527,0.07327582,-0.010047875
17::single::vision::31,Neutral,0.18151096,0.7452237,0.07326541,-0.010406453
17::single::vision::32,Neutral,0.18167605,0.7450849,0.07323905,-0.010574297
17::single::vision::33,Neutral,0.18160115,0.7451539,0.073244914,-0.010528522
17::single::vision::34,Neutral,0.18255797,0.74438584,0.07305623,-0.011482183
17::single::vision::35,Neutral,0.18226717,0.7446981,0.0730347,-0.01152033
17::single::vision::36,Neutral,0.1814045,0.74538857,0.07320694,-0.010498005
17::single::vision::37,Neutral,0.181247,0.74565184,0.07310117,-0.010185203
17::single::vision::38,Neutral,0.1817422,0.7450951,0.07316269,-0.010681108
17::single::vision::39,Neutral,0.18190143,0.74482363,0.07327493,-0.010803176
17::single::vision::40,Neutral,0.1823234,0.74444246,0.0732341,-0.011543217
17::single::vision::41,Neutral,0.18264733,0.74396396,0.07338872,-0.011680543
17::single::vision::42,Neutral,0.17988382,0.7458035,0.07431274,-0.008941624
17::single::vision::43,Neutral,0.17619973,0.7492774,0.07452289,-0.0065688984
17::single::vision::44,Neutral,0.17857628,0.7482008,0.07322305,-0.009757962
17::single::vision::45,Neutral,0.17432286,0.7518587,0.07381845,-0.0069503663
17::single::vision::46,Neutral,0.17438504,0.7542024,0.071412526,-0.012245109
17::single::vision::47,Neutral,0.1747657,0.7532729,0.07196142,-0.011207528
17::single::vision::48,Neutral,0.17412715,0.7542735,0.07159943,-0.01172632
17::single::vision::49,Neutral,0.190374,0.73609,0.07353604,-0.01485431
18::single::text::0,Positive,0.15376067,0.09563836,0.750601,0.67246693
18::single::text::1,Positive,0.15376067,0.09563836,0.750601,0.67246693
18::single::text::2,Positive,0.13004954,0.090136796,0.77981365,0.7453031
18::single::text::3,Positive,0.14064325,0.10006605,0.7592907,0.67061174
18::single::text::4,Positive,0.13035901,0.107824765,0.7618162,0.6193851
18::single::text::5,Positive,0.11525053,0.07993813,0.80481136,0.837516
18::single::text::6,Positive,0.11525053,0.07993813,0.80481136,0.837516
18::single::text::7,Positive,0.1661304,0.0952998,0.7385698,0.64038897
18::single::text::8,Positive,0.11732763,0.08637506,0.7962973,0.79955447
18::single::text::9,Positive,0.122570015,0.09398456,0.7834455,0.68404996
18::single::text::10,Positive,0.119721174,0.08042909,0.7998497,0.8018219
18::single::text::11,Positive,0.119721174,0.08042909,0.7998497,0.8018219
18::single::text::12,Positive,0.122442335,0.07977918,0.7977785,0.8172146
18::single::text::13,Positive,0.09075424,0.07135071,0.83789504,0.90990293
18::single::text::14,Positive,0.09832822,0.07281198,0.8288598,0.9452305
18::single::text::15,Positive,0.10047357,0.074708864,0.82481754,0.9249519
18::single::text::16,Positive,0.10047357,0.074708864,0.82481754,0.9249519
18::single::text::17,Positive,0.10732219,0.07978673,0.81289107,0.86535054
18::single::text::18,Positive,0.15512553,0.08073537,0.7641391,0.79183763
18::single::text::19,Positive,0.10891738,0.07801452,0.81306803,0.8474109
18::single::text::20,Positive,0.10177483,0.0775003,0.82072484,0.86535054
18::single::text::21,Positive,0.10177483,0.0775003,0.82072484,0.86535054
18::single::text::22,Positive,0.077684194,0.076651946,0.84566385,0.91344833
18::single::text::23,Positive,0.10683172,0.081384905,0.81178343,0.8465122
18::single::text::24,Positive,0.10340742,0.08058809,0.8160045,0.8370657
18::single::text::25,Positive,0.11974457,0.07800413,0.8022513,0.8505552
18::single::text::26,Positive,0.11974457,0.07800413,0.8022513,0.8505552
18::single::text::27,Positive,0.09195169,0.07407409,0.8339742,0.92053103
18::single::text::28,Positive,0.09730997,0.07580693,0.826883,0.86937773
18::single::text::29,Positive,0.10385513,0.08020715,0.81593776,0.8501061
18::single::text::30,Positive,0.09521108,0.075221114,0.82956785,0.8760822
18::single::text::31,Positive,0.09521108,0.075221114,0.82956785,0.8760822
18::single::text::32,Positive,0.090656616,0.07138651,0.83795685,0.8965825
18::single::text::33,Positive,0.11278193,0.07702463,0.81019336,0.8352643
18::single::text::34,Positive,0.12602259,0.08920021,0.7847772,0.75262856
18::single::text::35,Positive,0.13135265,0.088039815,0.7806076,0.7517135
18::single::text::36,Positive,0.13135265,0.088039815,0.7806076,0.7517135
18::single::text::37,Positive,0.14644557,0.0919406,0.7616139,0.68867725
18::single::text::38,Positive,0.14076693,0.083765954,0.77546716,0.7704444
18::single::text::39,Positive,0.13018906,0.09261103,0.77719986,0.734297
18::single::text::40,Positive,0.14405428,0.087222226,0.7687235,0.7599447
18::single::audio::0,Positive,0.11681032,0.07788738,0.8053023,0.8599757
18::single::audio::1,Positive,0.11686327,0.079262234,0.8038745,0.8505552
18::single::audio::2,Positive,0.11568003,0.07819225,0.80612767,0.8550434
18::single::audio::3,Positive,0.11937441,0.07897876,0.8016468,0.8527999
18::single::audio::4,Positive,0.11808805,0.0781446,0.8037674,0.85728604
18::single::audio::5,Positive,0.117789544,0.07858572,0.80362475,0.8550434
18::single::audio::6,Positive,0.116737254,0.08073413,0.8025285,0.8474109
18::single::audio::7,Positive,0.117074884,0.081639014,0.80128604,0.8460629
18::single::audio::8,Positive,0.11958372,0.07947364,0.80094266,0.85100424
18::single::audio::9,Positive,0.12074866,0.07997488,0.7992764,0.8514532
18::single::audio::10,Positive,0.121131755,0.082251415,0.79661685,0.8465122
18::single::audio::11,Positive,0.12307872,0.08539065,0.79153067,0.8361651
18::single::audio::12,Positive,0.12344388,0.0811125,0.79544365,0.83976656
18::single::audio::13,Positive,0.123595096,0.08125519,0.7951498,0.83976656
18::single::audio::14,Positive,0.12151197,0.081617534,0.7968704,0.8411164
18::single::audio::15,Positive,0.11765818,0.07696835,0.8053735,0.86266387
18::single::audio::16,Positive,0.11473185,0.0789073,0.8063609,0.8536974
18::single::audio::17,Positive,0.11885034,0.08081268,0.80033696,0.84426475
18::single::audio::18,Positive,0.11909413,0.080766186,0.80013967,0.8460629
18::single::audio::19,Positive,0.117948756,0.080528915,0.8015224,0.8469617
18::single::audio::20,Positive,0.11635014,0.07936246,0.80428743,0.8527999
18::single::audio::21,Positive,0.11879642,0.08008827,0.8011153,0.8483096
18::single::audio::22,Positive,0.11938448,0.078932635,0.8016829,0.8519021
18::single::audio::23,Positive,0.120037615,0.079200655,0.8007617,0.8514532
18::single::audio::24,Positive,0.12013,0.07934847,0.80052155,0.8505552
18::single::audio::25,Positive,0.11951266,0.07955432,0.800933,0.8505552
18::single::audio::26,Positive,0.120011225,0.07945271,0.80053604,0.8505552
18::single::audio::27,Positive,0.12026513,0.07907675,0.80065805,0.85235107
18::single::audio::28,Positive,0.12163615,0.079345845,0.799018,0.8496571
18::single::audio::29,Positive,0.124281645,0.08053824,0.7951801,0.83976656
18::single::audio::30,Positive,0.1238723,0.080386184,0.7957415,0.8411164
18::single::audio::31,Positive,0.1234893,0.08031166,0.796199,0.8415663
18::single::audio::32,Positive,0.12013781,0.07902737,0.8008347,0.85100424
18::single::audio::33,Positive,0.11940444,0.07803296,0.8025626,0.8568376
18::single::audio::34,Positive,0.11636632,0.07398628,0.8096473,0.87429523
18::single::audio::35,Positive,0.120017186,0.07778919,0.8021937,0.85728604
18::single::audio::36,Positive,0.12138802,0.0796077,0.79900426,0.8501061
18::single::audio::37,Positive,0.12126993,0.0795985,0.7991316,0.8501061
18::single::audio::38,Positive,0.12042493,0.07825632,0.80131876,0.8541461
18::single::audio::39,Positive,0.12087028,0.07953454,0.7995952,0.84875876
18::single::audio::40,Positive,0.117528625,0.07757815,0.80489326,0.86132
18::single::vision::0,Positive,0.12850048,0.08031349,0.79118603,0.8384162
18::single::vision::1,Positive,0.117428295,0.078976795,0.80359495,0.8550434
18::single::vision::2,Positive,0.11504183,0.07833612,0.806622,0.8599757
18::single::vision::3,Positive,0.11881943,0.078851685,0.8023289,0.8563891
18::single::vision::4,Positive,0.11637102,0.07860703,0.80502194,0.85728604
18::single::vision::5,Positive,0.11713994,0.078886375,0.8039736,0.8554921
18::single::vision::6,Positive,0.11664929,0.07886436,0.80448633,0.8554921
18::single::vision::7,Positive,0.115971155,0.07875559,0.8052732,0.85728604
18::single::vision::8,Positive,0.11830299,0.07890235,0.8027947,0.8563891
18::single::vision::9,Positive,0.116629586,0.07866989,0.80470055,0.858631
18::single::vision::10,Positive,0.11491941,0.07838982,0.80669075,0.86042386
18::single::vision::11,Positive,0.115898594,0.07863739,0.805464,0.8581828
18::single::vision::12,Positive,0.11659144,0.07880715,0.8046015,0.85728604
18::single::vision::13,Positive,0.116731144,0.07880714,0.8044616,0.85728604
18::single::vision::14,Positive,0.11570832,0.07861113,0.8056806,0.8581828
18::single::vision::15,Positive,0.11602235,0.07861863,0.805359,0.85773444
18::single::vision::16,Positive,0.11753731,0.07898973,0.803473,0.8545948
18::single::vision::17,Positive,0.119154915,0.07914341,0.8017016,0.8532486
18::single::vision::18,Positive,0.11944595,0.079156086,0.8013979,0.8532486
18::single::vision::19,Positive,0.116628915,0.07855872,0.80481243,0.8568376
18::single::vision::20,Positive,0.1180948,0.07931458,0.8025906,0.8514532
18::single::vision::21,Positive,0.11843438,0.079612106,0.8019535,0.84920794
18::single::vision::22,Positive,0.1187474,0.07971052,0.80154204,0.84875876
18::single::vision::23,Positive,0.119053245,0.079551056,0.8013957,0.8501061
18::single::vision::24,Positive,0.1182245,0.07916853,0.80260694,0.8545948
18::single::vision::25,Positive,0.11725771,0.07881099,0.8039313,0.8554921
18::single::vision::26,Positive,0.11741255,0.07892392,0.8036635,0.8550434
18::single::vision::27,Positive,0.117536515,0.07898165,0.8034818,0.8550434
18::single::vision::28,Positive,0.11756666,0.07902773,0.80340564,0.8545948
18::single::vision::29,Positive,0.117646515,0.07906388,0.8032896,0.8545948
18::single::vision::30,Positive,0.11752122,0.07902281,0.80345595,0.8545948
18::single::vision::31,Positive,0.117521845,0.07901446,0.8034637,0.8545948
18::single::vision::32,Positive,0.117864914,0.07919347,0.8029416,0.8536974
18::single::vision::33,Positive,0.11865448,0.07937019,0.80197537,0.8519021
18::single::vision::34,Positive,0.1191131,0.079451986,0.80143493,0.8505552
18::single::vision::35,Positive,0.11748941,0.0796158,0.8028948,0.8501061
18::single::vision::36,Positive,0.11656298,0.07934012,0.80409694,0.8532486
18::single::vision::37,Positive,0.11655049,0.07934924,0.8041003,0.8527999
18::single::vision::38,Positive,0.118073784,0.07929997,0.8026262,0.8536974
18::single::vision::39,Positive,0.11460063,0.078616604,0.8067827,0.8595276
18::single::vision::40,Positive,0.12865433,0.080375835,0.79096985,0.8370657
19::single::text::0,Positive,0.012959509,0.060267076,0.92677337,1.0020185
19::single::text::1,Positive,0.012959509,0.060267076,0.92677337,1.0020185
19::single::text::2,Positive,0.013457129,0.062066652,0.92447627,0.97852445
19::single::text::3,Positive,0.01371389,0.07297161,0.91331446,0.8894622
19::single::text::4,Positive,0.01443717,0.05357248,0.9319903,1.1013619
19::single::text::5,Positive,0.01443717,0.05357248,0.9319903,1.1013619
19::single::text::6,Positive,0.0142112365,0.04743068,0.93835807,1.1491925
19::single::text::7,Positive,0.014392021,0.05010933,0.9354987,1.1131713
19::single::text::8,Positive,0.014568703,0.052162632,0.93326867,1.0996716
19::single::text::9,Positive,0.014568703,0.052162632,0.93326867,1.0996716
19::single::text::10,Positive,0.013850179,0.05385955,0.9322902,1.0827245
19::single::text::11,Positive,0.013558051,0.052756913,0.9336851,1.0886651
19::single::text::12,Positive,0.013709426,0.056033764,0.93025684,1.0503056
19::single::text::13,Positive,0.013709426,0.056033764,0.93025684,1.0503056
19::single::text::14,Positive,0.013647769,0.055494424,0.9308578,1.071666
19::single::text::15,Positive,0.01373467,0.053953405,0.93231195,1.0691092
19::single::text::16,Positive,0.013525592,0.05458795,0.93188643,1.0639905
19::single::text::17,Positive,0.013525592,0.05458795,0.93188643,1.0639905
19::single::text::18,Positive,0.012693482,0.062266305,0.92504025,1.0072207
19::single::text::19,Positive,0.012286577,0.063751064,0.9239623,1.0028859
19::single::text::20,Positive,0.0128279505,0.05209014,0.93508196,1.0962886
19::single::text::21,Positive,0.0128279505,0.05209014,0.93508196,1.0962886
19::single::text::22,Positive,0.012132569,0.052831408,0.93503606,1.0886651
19::single::text::23,Positive,0.01337983,0.057749838,0.9288704,1.0288234
19::single::text::24,Positive,0.013974041,0.05174021,0.93428576,1.0937493
19::single::text::25,Positive,0.013974041,0.05174021,0.93428576,1.0937493
19::single::text::26,Positive,0.013831569,0.04817047,0.93799794,1.1324857
19::single::text::27,Positive,0.01414979,0.054323666,0.93152654,1.0511625
19::single::text::28,Positive,0.013057943,0.058887184,0.9280548,1.0201967
19::single::text::29,Positive,0.013057943,0.058887184,0.9280548,1.0201967
19::single::text::30,Positive,0.012515935,0.05729874,0.9301853,1.0580095
19::single::text::31,Positive,0.013191994,0.048727617,0.9380804,1.1030514
19::single::text::32,Positive,0.012376796,0.04908041,0.9385427,1.119061
19::single::text::33,Positive,0.012376796,0.04908041,0.9385427,1.119061
19::single::text::34,Positive,0.013514988,0.055986434,0.9304986,1.052019
19::single::text::35,Positive,0.013475595,0.04924387,0.9372806,1.1022067
19::single::text::36,Positive,0.013471503,0.048920732,0.93760777,1.1156967
19::single::text::37,Positive,0.013471503,0.048920732,0.93760777,1.1156967
19::single::text::38,Positive,0.013146919,0.053159215,0.9336938,1.0708139
19::single::text::39,Positive,0.013226084,0.052080993,0.93469286,1.0665507
19::single::text::40,Positive,0.013352096,0.050627165,0.93602073,1.0912081
19::single::text::41,Positive,0.013352096,0.050627165,0.93602073,1.0912081
19::single::text::42,Positive,0.013545391,0.054061588,0.93239295,1.0665507
19::single::text::43,Positive,0.013038002,0.05453724,0.9324247,1.052019
19::single::text::44,Positive,0.013939404,0.05177037,0.9342903,1.0801754
19::single::audio::0,Positive,0.013784284,0.050919257,0.9352964,1.1030514
19::single::audio::1,Positive,0.01380651,0.05113579,0.93505764,1.1022067
19::single::audio::2,Positive,0.013812229,0.050870422,0.93531734,1.1038959
19::single::audio::3,Positive,0.013769595,0.05164806,0.93458235,1.0996716
19::single::audio::4,Positive,0.013760028,0.05145789,0.9347821,1.1005168
19::single::audio::5,Positive,0.013791463,0.051106263,0.9351023,1.1038959
19::single::audio::6,Positive,0.013775443,0.05108908,0.9351355,1.1030514
19::single::audio::7,Positive,0.013813144,0.05099516,0.9351917,1.1038959
19::single::audio::8,Positive,0.013863878,0.052704345,0.9334318,1.0945959
19::single::audio::9,Positive,0.014008425,0.050898504,0.9350931,1.108115
19::single::audio::10,Positive,0.013836389,0.051654313,0.9345093,1.0996716
19::single::audio::11,Positive,0.013862922,0.05107177,0.93506527,1.1022067
19::single::audio::12,Positive,0.013762098,0.05081913,0.9354187,1.1038959
19::single::audio::13,Positive,0.01386276,0.05346779,0.9326695,1.0945959
19::single::audio::14,Positive,0.013752586,0.050313145,0.9359343,1.1072716
19::single::audio::15,Positive,0.013776493,0.048157573,0.9380659,1.1173793
19::single::audio::16,Positive,0.013819443,0.05063659,0.93554395,1.1055841
19::single::audio::17,Positive,0.01384889,0.05041517,0.93573594,1.1064279
19::single::audio::18,Positive,0.013839288,0.050562486,0.93559825,1.1064279
19::single::audio::19,Positive,0.013764256,0.0511605,0.9350752,1.1030514
19::single::audio::20,Positive,0.013789857,0.051065993,0.9351442,1.1030514
19::single::audio::21,Positive,0.013789891,0.05106041,0.9351498,1.1038959
19::single::audio::22,Positive,0.013805503,0.050965235,0.93522924,1.1038959
19::single::audio::23,Positive,0.013754238,0.049208023,0.93703777,1.1114867
19::single::audio::24,Positive,0.013734812,0.055559196,0.9307059,1.0588645
19::single::audio::25,Positive,0.013773107,0.051833652,0.9343932,1.0979805
19::single::audio::26,Positive,0.013689465,0.0517338,0.9345768,1.0979805
19::single::audio::27,Positive,0.0138113955,0.05154756,0.9346411,1.0979805
19::single::audio::28,Positive,0.013748089,0.05174922,0.9345026,1.0988262
19::single::audio::29,Positive,0.013723216,0.0482921,0.9379847,1.1156967
19::single::audio::30,Positive,0.013798402,0.051337216,0.9348644,1.1013619
19::single::audio::31,Positive,0.013770702,0.050495993,0.93573326,1.1038959
19::single::audio::32,Positive,0.013789299,0.050613537,0.9355972,1.1038959
19::single::audio::33,Positive,0.013789333,0.050608028,0.93560266,1.1038959
19::single::audio::34,Positive,0.013789333,0.050608028,0.93560266,1.1047401
19::single::audio::35,Positive,0.013769556,0.050410945,0.93581945,1.1047401
19::single::audio::36,Positive,0.013801294,0.051288318,0.9349103,1.1013619
19::single::audio::37,Positive,0.013757846,0.051152337,0.93508977,1.1022067
19::single::audio::38,Positive,0.013742231,0.050780144,0.9354777,1.1030514
19::single::audio::39,Positive,0.013823314,0.050512664,0.93566406,1.1055841
19::single::audio::40,Positive,0.0138041675,0.05088065,0.9353152,1.1030514
19::single::audio::41,Positive,0.013790688,0.05099087,0.93521845,1.1030514
19::single::audio::42,Positive,0.01383138,0.05083779,0.93533075,1.1030514
19::single::audio::43,Positive,0.013864853,0.05081542,0.93531966,1.1038959
19::single::audio::44,Positive,0.013783145,0.051043823,0.935173,1.1030514
19::single::vision::0,Positive,0.013764657,0.050516866,0.9357184,1.1072716
19::single::vision::1,Positive,0.013670809,0.050254032,0.93607515,1.108115
19::single::vision::2,Positive,0.013672835,0.050253898,0.9360733,1.108115
19::single::vision::3,Positive,0.013741753,0.05051122,0.935747,1.1064279
19::single::vision::4,Positive,0.013755569,0.050550394,0.93569404,1.1064279
19::single::vision::5,Positive,0.013797553,0.050748143,0.93545437,1.1047401
19::single::vision::6,Positive,0.013820669,0.050825916,0.9353535,1.1038959
19::single::vision::7,Positive,0.013807479,0.050886102,0.9353063,1.1030514
19::single::vision::8,Positive,0.013809063,0.05093163,0.9352593,1.1022067
19::single::vision::9,Positive,0.013821363,0.05092551,0.93525314,1.1030514
19::single::vision::10,Positive,0.01384434,0.051031243,0.93512434,1.1022067
19::single::vision::11,Positive,0.0138440775,0.05104381,0.93511206,1.1013619
19::single::vision::12,Positive,0.013820112,0.05085645,0.9353235,1.1030514
19::single::vision::13,Positive,0.013868849,0.051167794,0.93496335,1.1005168
19::single::vision::14,Positive,0.013844443,0.051014654,0.93514085,1.1022067
19::single::vision::15,Positive,0.013844145,0.051032748,0.9351231,1.1013619
19::single::vision::16,Positive,0.013844145,0.051032748,0.9351231,1.1013619
19::single::vision::17,Positive,0.013844145,0.051032748,0.9351231,1.1013619
19::single::vision::18,Positive,0.013821727,0.050896414,0.9352819,1.1022067
19::single::vision::19,Positive,0.013845765,0.051072836,0.93508136,1.1013619
19::single::vision::20,Positive,0.013833479,0.051073432,0.93509305,1.1022067
19::single::vision::21,Positive,0.013843678,0.05107851,0.9350778,1.1013619
19::single::vision::22,Positive,0.013807479,0.050886102,0.9353063,1.1030514
19::single::vision::23,Positive,0.013784864,0.05045424,0.93576086,1.1055841
19::single::vision::24,Positive,0.013763196,0.050267324,0.9359694,1.1072716
19::single::vision::25,Positive,0.013800886,0.050320446,0.9358787,1.1064279
19::single::vision::26,Positive,0.013763463,0.050223723,0.93601274,1.1064279
19::single::vision::27,Positive,0.013702565,0.050397824,0.9358996,1.1064279
19::single::vision::28,Positive,0.013644379,0.050095443,0.93626016,1.1089582
19::single::vision::29,Positive,0.013657747,0.050163046,0.9361792,1.1098013
19::single::vision::30,Positive,0.013656336,0.050122187,0.9362215,1.1098013
19::single::vision::31,Positive,0.013629374,0.050180893,0.9361898,1.1098013
19::single::vision::32,Positive,0.0136293415,0.050186373,0.93618435,1.1098013
19::single::vision::33,Positive,0.0136293415,0.050186373,0.93618435,1.1098013
19::single::vision::34,Positive,0.0136293415,0.050186373,0.93618435,1.1098013
19::single::vision::35,Positive,0.0136293415,0.050186373,0.93618435,1.1098013
19::single::vision::36,Positive,0.013604242,0.05027801,0.9361178,1.1089582
19::single::vision::37,Positive,0.013632839,0.05027412,0.9360931,1.110644
19::single::vision::38,Positive,0.013608933,0.05010164,0.9362894,1.1114867
19::single::vision::39,Positive,0.013559092,0.04993527,0.9365056,1.112329
19::single::vision::40,Positive,0.013613511,0.050071463,0.93631506,1.1114867
19::single::vision::41,Positive,0.013647886,0.050182816,0.93616927,1.110644
19::single::vision::42,Positive,0.013684202,0.050321892,0.93599385,1.1089582
19::single::vision::43,Positive,0.01365969,0.050205488,0.9361348,1.1098013
19::single::vision::44,Positive,0.013738426,0.0503548,0.93590677,1.1089582
