id,predicted_label,negative_probability,neutral_probability,positive_probability,predicted_intensity
0::single::text::0,Neutral,0.10540004,0.515767,0.378833,0.27582216
0::single::text::1,Neutral,0.10992949,0.5288603,0.36121026,0.25182265
0::single::text::2,Neutral,0.11266128,0.52830714,0.35903153,0.24687718
0::single::text::3,Neutral,0.094648086,0.512262,0.3930899,0.30054197
0::single::text::4,Neutral,0.10369741,0.51688415,0.3794184,0.2771982
0::single::text::5,Neutral,0.10749125,0.5214449,0.37106386,0.26479894
0::single::text::6,Neutral,0.1079262,0.53180695,0.3602669,0.25171167
0::single::text::7,Neutral,0.105410315,0.51671696,0.37787277,0.27271676
0::single::text::8,Neutral,0.10892507,0.5232935,0.36778143,0.2613054
0::single::text::9,Neutral,0.10635272,0.5173031,0.37634417,0.27005857
0::single::text::10,Neutral,0.109556615,0.5205567,0.36988664,0.25933847
0::single::text::11,Neutral,0.090555154,0.53327554,0.37616926,0.31417072
0::single::text::12,Neutral,0.10998066,0.52858824,0.36143106,0.25099742
0::single::text::13,Neutral,0.11428643,0.5379519,0.34776166,0.23664656
0::single::text::14,Neutral,0.108409636,0.5229611,0.36862934,0.26099464
0::single::text::15,Neutral,0.105424486,0.53216225,0.36241326,0.24932104
0::single::text::16,Neutral,0.1059945,0.51673925,0.3772662,0.27159488
0::single::text::17,Neutral,0.106590375,0.53081375,0.36259586,0.257745
0::single::text::18,Neutral,0.10733427,0.5272609,0.3654048,0.2560902
0::single::text::19,Neutral,0.106299095,0.52597153,0.36772943,0.2623517
0::single::text::20,Neutral,0.10619991,0.5249336,0.3688665,0.26199672
0::single::text::21,Neutral,0.10725197,0.5221386,0.37060946,0.26304883
0::single::text::22,Neutral,0.09131867,0.50403106,0.40465024,0.3114703
0::single::text::23,Neutral,0.10870398,0.5202543,0.37104166,0.26533538
0::single::audio::0,Neutral,0.10649163,0.5237131,0.36979526,0.26375997
0::single::audio::1,Neutral,0.10649163,0.5237131,0.36979526,0.26375997
0::single::audio::2,Neutral,0.10649163,0.5237131,0.36979526,0.26375997
0::single::audio::3,Neutral,0.10649163,0.5237131,0.36979526,0.26375997
0::single::audio::4,Neutral,0.10649163,0.5237131,0.36979526,0.26375997
0::single::audio::5,Neutral,0.10649163,0.5237131,0.36979526,0.26375997
0::single::audio::6,Neutral,0.10649163,0.5237131,0.36979526,0.26375997
0::single::audio::7,Neutral,0.10649163,0.5237131,0.36979526,0.26375997
0::single::audio::8,Neutral,0.10649163,0.5237131,0.36979526,0.26375997
0::single::audio::9,Neutral,0.10649163,0.5237131,0.36979526,0.26375997
0::single::audio::10,Neutral,0.10649163,0.5237131,0.36979526,0.26375997
0::single::audio::11,Neutral,0.10649163,0.5237131,0.36979526,0.26375997
0::single::audio::12,Neutral,0.10649163,0.5237131,0.36979526,0.26375997
0::single::audio::13,Neutral,0.10649163,0.5237131,0.36979526,0.26375997
0::single::audio::14,Neutral,0.10649163,0.5237131,0.36979526,0.26375997
0::single::audio::15,Neutral,0.10649163,0.5237131,0.36979526,0.26375997
0::single::audio::16,Neutral,0.10649163,0.5237131,0.36979526,0.26375997
0::single::audio::17,Neutral,0.10649163,0.5237131,0.36979526,0.26375997
0::single::audio::18,Neutral,0.10649163,0.5237131,0.36979526,0.26375997
0::single::audio::19,Neutral,0.10649163,0.5237131,0.36979526,0.26375997
0::single::audio::20,Neutral,0.10649163,0.5237131,0.36979526,0.26375997
0::single::audio::21,Neutral,0.10649163,0.5237131,0.36979526,0.26375997
0::single::audio::22,Neutral,0.10649163,0.5237131,0.36979526,0.26375997
0::single::audio::23,Neutral,0.10649163,0.5237131,0.36979526,0.26375997
0::single::vision::0,Neutral,0.107258275,0.52150977,0.3712319,0.26394534
0::single::vision::1,Neutral,0.106277466,0.5231578,0.3705648,0.26445553
0::single::vision::2,Neutral,0.10616649,0.52348834,0.37034518,0.2651357
0::single::vision::3,Neutral,0.1057023,0.52375555,0.37054217,0.26655343
0::single::vision::4,Neutral,0.105587736,0.52318954,0.3712227,0.26778454
0::single::vision::5,Neutral,0.105892606,0.5232813,0.37082613,0.2678996
0::single::vision::6,Neutral,0.10773626,0.5263502,0.3659136,0.25908363
0::single::vision::7,Neutral,0.10634018,0.52388763,0.36977223,0.26349705
0::single::vision::8,Neutral,0.10631986,0.5236932,0.36998692,0.26388407
0::single::vision::9,Neutral,0.106877156,0.52420235,0.36892045,0.26135293
0::single::vision::10,Neutral,0.10653108,0.5234828,0.36998606,0.2636655
0::single::vision::11,Neutral,0.10506285,0.52274156,0.37219566,0.27081805
0::single::vision::12,Neutral,0.10619427,0.5232535,0.3705522,0.2648664
0::single::vision::13,Neutral,0.10636328,0.5233184,0.37031835,0.26562768
0::single::vision::14,Neutral,0.10654788,0.5236008,0.36985132,0.26378867
0::single::vision::15,Neutral,0.10711357,0.52453583,0.36835057,0.26026022
0::single::vision::16,Neutral,0.106689826,0.5242106,0.3690996,0.2625641
0::single::vision::17,Neutral,0.10777645,0.5250764,0.36714712,0.2572215
0::single::vision::18,Neutral,0.10669335,0.5250802,0.3682264,0.26052985
0::single::vision::19,Neutral,0.10628362,0.52405065,0.36966574,0.26372373
0::single::vision::20,Neutral,0.10701724,0.5243609,0.36862186,0.26069736
0::single::vision::21,Neutral,0.10691519,0.52505815,0.36802664,0.26026657
0::single::vision::22,Neutral,0.105634004,0.524865,0.36950108,0.2661872
0::single::vision::23,Neutral,0.1072585,0.5218538,0.37088764,0.26392734
1::single::text::0,Positive,0.19827151,0.31938148,0.48234695,0.3250003
1::single::text::1,Positive,0.19589755,0.31143486,0.49266756,0.34152526
1::single::text::2,Positive,0.20569772,0.30474752,0.4895547,0.33224145
1::single::text::3,Positive,0.21773978,0.33132073,0.45093945,0.27301896
1::single::text::4,Positive,0.18836254,0.32852495,0.4831125,0.33427095
1::single::text::5,Positive,0.20848767,0.33143172,0.46008065,0.2923425
1::single::text::6,Positive,0.21726125,0.327945,0.4547937,0.2851119
1::single::text::7,Positive,0.20373233,0.33162823,0.46463934,0.30200693
1::single::text::8,Positive,0.21807721,0.3300752,0.45184767,0.2737343
1::single::text::9,Positive,0.21638505,0.33272946,0.45088553,0.27471825
1::single::text::10,Positive,0.24227476,0.34249854,0.4152267,0.21769135
1::single::text::11,Positive,0.23429208,0.32888812,0.43681985,0.24150535
1::single::text::12,Positive,0.20787849,0.3256966,0.46642485,0.3005581
1::single::text::13,Positive,0.19950844,0.32778022,0.47271135,0.31333044
1::single::text::14,Positive,0.21142825,0.32872516,0.4598466,0.2958004
1::single::text::15,Positive,0.18902247,0.3258377,0.48513976,0.33140948
1::single::text::16,Positive,0.21483317,0.32502088,0.4601459,0.29251704
1::single::text::17,Positive,0.19287142,0.3248357,0.48229283,0.32778528
1::single::text::18,Positive,0.062938586,0.2921418,0.64491963,0.56657404
1::single::text::19,Positive,0.19291034,0.32162338,0.48546636,0.33153683
1::single::text::20,Positive,0.19404647,0.32547837,0.48047516,0.3300494
1::single::audio::0,Positive,0.19960235,0.32805106,0.47234663,0.31332988
1::single::audio::1,Positive,0.19960235,0.32805106,0.47234663,0.31332988
1::single::audio::2,Positive,0.19960235,0.32805106,0.47234663,0.31332988
1::single::audio::3,Positive,0.19960235,0.32805106,0.47234663,0.31332988
1::single::audio::4,Positive,0.19960235,0.32805106,0.47234663,0.31332988
1::single::audio::5,Positive,0.19960235,0.32805106,0.47234663,0.31332988
1::single::audio::6,Positive,0.19960235,0.32805106,0.47234663,0.31332988
1::single::audio::7,Positive,0.19960235,0.32805106,0.47234663,0.31332988
1::single::audio::8,Positive,0.19960235,0.32805106,0.47234663,0.31332988
1::single::audio::9,Positive,0.19960235,0.32805106,0.47234663,0.31332988
1::single::audio::10,Positive,0.19960235,0.32805106,0.47234663,0.31332988
1::single::audio::11,Positive,0.19960235,0.32805106,0.47234663,0.31332988
1::single::audio::12,Positive,0.19960235,0.32805106,0.47234663,0.31332988
1::single::audio::13,Positive,0.19960235,0.32805106,0.47234663,0.31332988
1::single::audio::14,Positive,0.19960235,0.32805106,0.47234663,0.31332988
1::single::audio::15,Positive,0.19960235,0.32805106,0.47234663,0.31332988
1::single::audio::16,Positive,0.19960235,0.32805106,0.47234663,0.31332988
1::single::audio::17,Positive,0.19960235,0.32805106,0.47234663,0.31332988
1::single::audio::18,Positive,0.19960235,0.32805106,0.47234663,0.31332988
1::single::audio::19,Positive,0.19960235,0.32805106,0.47234663,0.31332988
1::single::audio::20,Positive,0.19960235,0.32805106,0.47234663,0.31332988
1::single::vision::0,Positive,0.20254944,0.32488865,0.4725619,0.30828613
1::single::vision::1,Positive,0.1993548,0.32837415,0.472271,0.3142212
1::single::vision::2,Positive,0.19948141,0.3289165,0.47160202,0.31427184
1::single::vision::3,Positive,0.19947106,0.32923138,0.47129753,0.3136991
1::single::vision::4,Positive,0.1986523,0.3284157,0.472932,0.31515387
1::single::vision::5,Positive,0.19947231,0.3284276,0.47210005,0.31373522
1::single::vision::6,Positive,0.20204014,0.32877827,0.46918163,0.30960336
1::single::vision::7,Positive,0.20084557,0.3297471,0.46940726,0.30900386
1::single::vision::8,Positive,0.19893615,0.32811007,0.47295383,0.31418818
1::single::vision::9,Positive,0.1996364,0.32813945,0.4722242,0.3134114
1::single::vision::10,Positive,0.20104834,0.32839087,0.4705608,0.31099945
1::single::vision::11,Positive,0.19940458,0.3283735,0.47222197,0.3133132
1::single::vision::12,Positive,0.19874085,0.32873762,0.47252148,0.31464353
1::single::vision::13,Positive,0.19966948,0.32862678,0.4717037,0.31296328
1::single::vision::14,Positive,0.2034683,0.32922828,0.4673034,0.30507448
1::single::vision::15,Positive,0.1966424,0.32695514,0.47640246,0.31780148
1::single::vision::16,Positive,0.19984153,0.32859808,0.47156036,0.31207404
1::single::vision::17,Positive,0.1988666,0.32829648,0.4728369,0.3149202
1::single::vision::18,Positive,0.19067791,0.3246065,0.48471558,0.33482495
1::single::vision::19,Positive,0.2003387,0.3286947,0.47096658,0.3113557
1::single::vision::20,Positive,0.20255376,0.3252661,0.47218016,0.30840957
2::single::text::0,Neutral,0.39777398,0.41961563,0.18261042,-0.06415806
2::single::text::1,Neutral,0.3942207,0.42162287,0.18415639,-0.06029777
2::single::text::2,Neutral,0.3958089,0.420985,0.18320616,-0.06286428
2::single::text::3,Neutral,0.38861504,0.42483678,0.18654822,-0.05489435
2::single::text::4,Neutral,0.38516426,0.4266152,0.18822055,-0.05376888
2::single::text::5,Neutral,0.38197333,0.42665556,0.19137116,-0.04295519
2::single::text::6,Neutral,0.39470565,0.41998133,0.18531299,-0.059619807
2::single::text::7,Neutral,0.39499938,0.4229181,0.18208256,-0.06315101
2::single::text::8,Neutral,0.3941085,0.42209703,0.18379441,-0.06088891
2::single::text::9,Neutral,0.37810558,0.4324896,0.18940483,-0.04407538
2::single::text::10,Neutral,0.38813746,0.42629963,0.1855629,-0.055808533
2::single::text::11,Neutral,0.39692283,0.42331234,0.17976479,-0.0670387
2::single::text::12,Neutral,0.40141186,0.4205865,0.17800157,-0.072630525
2::single::text::13,Neutral,0.38949826,0.42544258,0.1850591,-0.05721453
2::single::text::14,Neutral,0.38416567,0.42866856,0.18716572,-0.05089363
2::single::text::15,Neutral,0.4000633,0.41992852,0.18000817,-0.07029742
2::single::text::16,Neutral,0.40092474,0.4182602,0.18081504,-0.06805849
2::single::text::17,Neutral,0.38313,0.43049666,0.1863733,-0.050150458
2::single::text::18,Neutral,0.37547076,0.4382357,0.1862936,-0.05289737
2::single::text::19,Neutral,0.39157185,0.42333192,0.18509625,-0.05896519
2::single::text::20,Neutral,0.3401794,0.4683916,0.19142897,-0.01367253
2::single::text::21,Neutral,0.37076268,0.440779,0.18845828,-0.040839843
2::single::text::22,Neutral,0.39467812,0.4203647,0.18495713,-0.047797136
2::single::text::23,Neutral,0.38776124,0.42744842,0.18479036,-0.05357834
2::single::text::24,Neutral,0.382632,0.43143332,0.18593466,-0.051299185
2::single::text::25,Neutral,0.38621563,0.42771122,0.18607311,-0.052518122
2::single::text::26,Neutral,0.3895115,0.42581448,0.184674,-0.058859423
2::single::text::27,Neutral,0.38921452,0.42669153,0.18409394,-0.058560126
2::single::text::28,Neutral,0.37781975,0.43498093,0.18719935,-0.05068925
2::single::text::29,Neutral,0.38860375,0.42375037,0.18764594,-0.05159401
2::single::text::30,Neutral,0.3892548,0.4258047,0.18494047,-0.055818357
2::single::text::31,Neutral,0.38488722,0.4295024,0.18561038,-0.052786857
2::single::text::32,Neutral,0.38896996,0.4253242,0.18570584,-0.05440492
2::single::text::33,Neutral,0.39329368,0.42191032,0.18479608,-0.058728322
2::single::text::34,Neutral,0.39188823,0.42425478,0.18385695,-0.058942538
2::single::audio::0,Neutral,0.3884606,0.42652595,0.18501346,-0.055544313
2::single::audio::1,Neutral,0.3884606,0.42652595,0.18501346,-0.055544313
2::single::audio::2,Neutral,0.3884606,0.42652595,0.18501346,-0.055544313
2::single::audio::3,Neutral,0.3884606,0.42652595,0.18501346,-0.055544313
2::single::audio::4,Neutral,0.3884606,0.42652595,0.18501346,-0.055544313
2::single::audio::5,Neutral,0.3884606,0.42652595,0.18501346,-0.055544313
2::single::audio::6,Neutral,0.3884606,0.42652595,0.18501346,-0.055544313
2::single::audio::7,Neutral,0.3884606,0.42652595,0.18501346,-0.055544313
2::single::audio::8,Neutral,0.3884606,0.42652595,0.18501346,-0.055544313
2::single::audio::9,Neutral,0.3884606,0.42652595,0.18501346,-0.055544313
2::single::audio::10,Neutral,0.3884606,0.42652595,0.18501346,-0.055544313
2::single::audio::11,Neutral,0.3884606,0.42652595,0.18501346,-0.055544313
2::single::audio::12,Neutral,0.3884606,0.42652595,0.18501346,-0.055544313
2::single::audio::13,Neutral,0.3884606,0.42652595,0.18501346,-0.055544313
2::single::audio::14,Neutral,0.3884606,0.42652595,0.18501346,-0.055544313
2::single::audio::15,Neutral,0.3884606,0.42652595,0.18501346,-0.055544313
2::single::audio::16,Neutral,0.3884606,0.42652595,0.18501346,-0.055544313
2::single::audio::17,Neutral,0.3884606,0.42652595,0.18501346,-0.055544313
2::single::audio::18,Neutral,0.3884606,0.42652595,0.18501346,-0.055544313
2::single::audio::19,Neutral,0.3884606,0.42652595,0.18501346,-0.055544313
2::single::audio::20,Neutral,0.3884606,0.42652595,0.18501346,-0.055544313
2::single::audio::21,Neutral,0.3884606,0.42652595,0.18501346,-0.055544313
2::single::audio::22,Neutral,0.3884606,0.42652595,0.18501346,-0.055544313
2::single::audio::23,Neutral,0.3884606,0.42652595,0.18501346,-0.055544313
2::single::audio::24,Neutral,0.3884606,0.42652595,0.18501346,-0.055544313
2::single::audio::25,Neutral,0.3884606,0.42652595,0.18501346,-0.055544313
2::single::audio::26,Neutral,0.3884606,0.42652595,0.18501346,-0.055544313
2::single::audio::27,Neutral,0.3884606,0.42652595,0.18501346,-0.055544313
2::single::audio::28,Neutral,0.3884606,0.42652595,0.18501346,-0.055544313
2::single::audio::29,Neutral,0.3884606,0.42652595,0.18501346,-0.055544313
2::single::audio::30,Neutral,0.3884606,0.42652595,0.18501346,-0.055544313
2::single::audio::31,Neutral,0.3884606,0.42652595,0.18501346,-0.055544313
2::single::audio::32,Neutral,0.3884606,0.42652595,0.18501346,-0.055544313
2::single::audio::33,Neutral,0.3884606,0.42652595,0.18501346,-0.055544313
2::single::audio::34,Neutral,0.3884606,0.42652595,0.18501346,-0.055544313
2::single::vision::0,Neutral,0.3888744,0.4249193,0.18620631,-0.052001942
2::single::vision::1,Neutral,0.3886273,0.42635345,0.18501934,-0.05702503
2::single::vision::2,Neutral,0.38904345,0.42609373,0.1848628,-0.05811333
2::single::vision::3,Neutral,0.38839725,0.42663047,0.18497233,-0.05758809
2::single::vision::4,Neutral,0.38880184,0.42635635,0.18484183,-0.056681328
2::single::vision::5,Neutral,0.3882095,0.4268885,0.18490204,-0.055883273
2::single::vision::6,Neutral,0.38814843,0.42688414,0.18496744,-0.056307558
2::single::vision::7,Neutral,0.38825178,0.42663494,0.18511324,-0.055302918
2::single::vision::8,Neutral,0.38791668,0.42660886,0.18547447,-0.053850565
2::single::vision::9,Neutral,0.38693336,0.42711636,0.1859503,-0.052959375
2::single::vision::10,Neutral,0.38745046,0.42706332,0.18548623,-0.054316532
2::single::vision::11,Neutral,0.3888092,0.4264248,0.18476605,-0.055216163
2::single::vision::12,Neutral,0.3868013,0.42765084,0.18554783,-0.054080434
2::single::vision::13,Neutral,0.38633257,0.4272941,0.18637332,-0.051750306
2::single::vision::14,Neutral,0.38865474,0.42603946,0.18530582,-0.05429323
2::single::vision::15,Neutral,0.3888501,0.4268447,0.18430527,-0.058126196
2::single::vision::16,Neutral,0.38898975,0.42676225,0.18424794,-0.05805336
2::single::vision::17,Neutral,0.389225,0.42646074,0.18431427,-0.05769986
2::single::vision::18,Neutral,0.38946065,0.42660314,0.1839362,-0.05827594
2::single::vision::19,Neutral,0.38935626,0.42655766,0.18408611,-0.057674725
2::single::vision::20,Neutral,0.38910457,0.42673895,0.18415646,-0.057730492
2::single::vision::21,Neutral,0.38894567,0.42702717,0.18402718,-0.058359683
2::single::vision::22,Neutral,0.38881028,0.42644063,0.18474907,-0.055970997
2::single::vision::23,Neutral,0.3887923,0.42632076,0.184887,-0.055576622
2::single::vision::24,Neutral,0.38791555,0.42593667,0.18614784,-0.05391536
2::single::vision::25,Neutral,0.3866881,0.42660668,0.18670526,-0.052613348
2::single::vision::26,Neutral,0.38683543,0.42684436,0.18632029,-0.052937184
2::single::vision::27,Neutral,0.38847178,0.42635778,0.18517046,-0.05386174
2::single::vision::28,Neutral,0.386898,0.42660698,0.18649496,-0.055354882
2::single::vision::29,Neutral,0.3880362,0.4264881,0.18547572,-0.053772382
2::single::vision::30,Neutral,0.38924208,0.42618215,0.18457572,-0.055714123
2::single::vision::31,Neutral,0.38888365,0.42686138,0.18425496,-0.053855784
2::single::vision::32,Neutral,0.38958848,0.4259824,0.18442915,-0.05566349
2::single::vision::33,Neutral,0.3892472,0.42605904,0.18469378,-0.056909323
2::single::vision::34,Neutral,0.38857502,0.42527306,0.18615185,-0.051925477
3::single::text::0,Negative,0.9087329,0.05077614,0.040490903,-1.2354529
3::single::text::1,Negative,0.9063527,0.05252535,0.04112201,-1.2234143
3::single::text::2,Negative,0.9071491,0.05236347,0.040487386,-1.2324498
3::single::text::3,Negative,0.91017336,0.0518615,0.037965193,-1.2484422
3::single::text::4,Negative,0.902271,0.054989602,0.04273946,-1.2003834
3::single::text::5,Negative,0.9073597,0.05184088,0.040799312,-1.2341919
3::single::text::6,Negative,0.907697,0.051440403,0.040862504,-1.233002
3::single::text::7,Negative,0.91063863,0.050214756,0.039146613,-1.254808
3::single::text::8,Negative,0.91027457,0.05020846,0.039516915,-1.2481714
3::single::text::9,Negative,0.90986377,0.05098186,0.039154414,-1.248281
3::single::text::10,Negative,0.9077522,0.05073709,0.041510705,-1.2207266
3::single::text::11,Negative,0.9077148,0.051993534,0.04029172,-1.235502
3::single::text::12,Negative,0.91452354,0.048689608,0.036786865,-1.2810618
3::single::text::13,Negative,0.9090435,0.051611684,0.03934483,-1.2474939
3::single::text::14,Negative,0.917284,0.048836667,0.033879276,-1.3124894
3::single::text::15,Negative,0.9092838,0.051236704,0.039479394,-1.2457236
3::single::text::16,Negative,0.91075826,0.050697867,0.038543865,-1.2558057
3::single::text::17,Negative,0.90993875,0.051091284,0.038969964,-1.2512826
3::single::text::18,Negative,0.9095782,0.051723205,0.03869853,-1.2526461
3::single::text::19,Negative,0.9127633,0.04959903,0.03763769,-1.2717894
3::single::text::20,Negative,0.91142106,0.050254498,0.038324542,-1.2613037
3::single::text::21,Negative,0.8939924,0.060419876,0.045587804,-1.158143
3::single::text::22,Negative,0.90706754,0.05221349,0.040718958,-1.2330649
3::single::text::23,Negative,0.89630586,0.057873316,0.04582076,-1.1710687
3::single::text::24,Negative,0.7902088,0.10624236,0.1035488,-0.6819217
3::single::text::25,Negative,0.8193306,0.084026195,0.09664326,-0.7389353
3::single::text::26,Negative,0.88962,0.058970165,0.051409833,-1.1157799
3::single::text::27,Negative,0.90702355,0.05213294,0.040843483,-1.2275767
3::single::audio::0,Negative,0.9075821,0.052078903,0.040339056,-1.2333075
3::single::audio::1,Negative,0.9075821,0.052078903,0.040339056,-1.2333075
3::single::audio::2,Negative,0.9075821,0.052078903,0.040339056,-1.2333075
3::single::audio::3,Negative,0.9075821,0.052078903,0.040339056,-1.2333075
3::single::audio::4,Negative,0.9075821,0.052078903,0.040339056,-1.2333075
3::single::audio::5,Negative,0.9075821,0.052078903,0.040339056,-1.2333075
3::single::audio::6,Negative,0.9075821,0.052078903,0.040339056,-1.2333075
3::single::audio::7,Negative,0.9075821,0.052078903,0.040339056,-1.2333075
3::single::audio::8,Negative,0.9075821,0.052078903,0.040339056,-1.2333075
3::single::audio::9,Negative,0.9075821,0.052078903,0.040339056,-1.2333075
3::single::audio::10,Negative,0.9075821,0.052078903,0.040339056,-1.2333075
3::single::audio::11,Negative,0.9075821,0.052078903,0.040339056,-1.2333075
3::single::audio::12,Negative,0.9075821,0.052078903,0.040339056,-1.2333075
3::single::audio::13,Negative,0.9075821,0.052078903,0.040339056,-1.2333075
3::single::audio::14,Negative,0.9075821,0.052078903,0.040339056,-1.2333075
3::single::audio::15,Negative,0.9075821,0.052078903,0.040339056,-1.2333075
3::single::audio::16,Negative,0.9075821,0.052078903,0.040339056,-1.2333075
3::single::audio::17,Negative,0.9075821,0.052078903,0.040339056,-1.2333075
3::single::audio::18,Negative,0.9075821,0.052078903,0.040339056,-1.2333075
3::single::audio::19,Negative,0.9075821,0.052078903,0.040339056,-1.2333075
3::single::audio::20,Negative,0.9075821,0.052078903,0.040339056,-1.2333075
3::single::audio::21,Negative,0.9075821,0.052078903,0.040339056,-1.2333075
3::single::audio::22,Negative,0.9075821,0.052078903,0.040339056,-1.2333075
3::single::audio::23,Negative,0.9075821,0.052078903,0.040339056,-1.2333075
3::single::audio::24,Negative,0.9075821,0.052078903,0.040339056,-1.2333075
3::single::audio::25,Negative,0.9075821,0.052078903,0.040339056,-1.2333075
3::single::audio::26,Negative,0.9075821,0.052078903,0.040339056,-1.2333075
3::single::audio::27,Negative,0.9075821,0.052078903,0.040339056,-1.2333075
3::single::vision::0,Negative,0.9074193,0.05206188,0.040518824,-1.2307462
3::single::vision::1,Negative,0.90946263,0.05105267,0.039484706,-1.2422093
3::single::vision::2,Negative,0.90954155,0.051003326,0.039455175,-1.242455
3::single::vision::3,Negative,0.9095679,0.05096736,0.039464768,-1.2426654
3::single::vision::4,Negative,0.90949374,0.05099821,0.039508015,-1.242297
3::single::vision::5,Negative,0.9076482,0.052077007,0.04027474,-1.235093
3::single::vision::6,Negative,0.9073339,0.05221402,0.040452037,-1.233237
3::single::vision::7,Negative,0.9081449,0.051856875,0.039998233,-1.2364649
3::single::vision::8,Negative,0.90838635,0.0517012,0.039912548,-1.2373371
3::single::vision::9,Negative,0.9086581,0.051621947,0.03971993,-1.2393119
3::single::vision::10,Negative,0.90755147,0.052022427,0.040426042,-1.2319504
3::single::vision::11,Negative,0.90706766,0.05238467,0.04054766,-1.2311072
3::single::vision::12,Negative,0.90707463,0.052437983,0.040487424,-1.2319824
3::single::vision::13,Negative,0.90655136,0.052569125,0.040879477,-1.2271996
3::single::vision::14,Negative,0.91210145,0.050944153,0.036954343,-1.2780797
3::single::vision::15,Negative,0.9060455,0.052916314,0.041038156,-1.2272704
3::single::vision::16,Negative,0.90637267,0.052682865,0.04094453,-1.2267025
3::single::vision::17,Negative,0.9068383,0.052537683,0.04062403,-1.230299
3::single::vision::18,Negative,0.9070187,0.05245333,0.040528003,-1.2313745
3::single::vision::19,Negative,0.90756106,0.052157145,0.040281747,-1.233277
3::single::vision::20,Negative,0.9075594,0.052156817,0.04028371,-1.2334433
3::single::vision::21,Negative,0.90808266,0.05185121,0.0400661,-1.2360778
3::single::vision::22,Negative,0.90807724,0.0518472,0.040075563,-1.235734
3::single::vision::23,Negative,0.90835035,0.05173016,0.039919462,-1.2375646
3::single::vision::24,Negative,0.90839314,0.05184171,0.039765146,-1.2369477
3::single::vision::25,Negative,0.90864086,0.051635165,0.039723925,-1.2378641
3::single::vision::26,Negative,0.9084962,0.051635377,0.039868392,-1.2380707
3::single::vision::27,Negative,0.9070967,0.05220707,0.04069624,-1.2286754
4::single::text::0,Positive,0.027043413,0.2551939,0.7177627,0.8495512
4::single::text::1,Positive,0.027209973,0.25706607,0.715724,0.83917177
4::single::text::2,Positive,0.030847177,0.28736094,0.6817919,0.7827802
4::single::text::3,Positive,0.029404785,0.27618247,0.6944128,0.80393517
4::single::text::4,Positive,0.028238723,0.2735775,0.69818383,0.8043233
4::single::text::5,Positive,0.02872532,0.2735815,0.6976932,0.811973
4::single::text::6,Positive,0.026833318,0.25474864,0.718418,0.84568644
4::single::text::7,Positive,0.027219793,0.2552932,0.71748704,0.8451678
4::single::text::8,Positive,0.029006625,0.26613677,0.70485663,0.82168955
4::single::text::9,Positive,0.02856421,0.27485391,0.69658184,0.81650966
4::single::text::10,Positive,0.02797178,0.263229,0.7087992,0.82827735
4::single::text::11,Positive,0.027404785,0.25549904,0.71709615,0.84189945
4::single::text::12,Positive,0.02788944,0.2601863,0.71192425,0.83730865
4::single::text::13,Positive,0.026643626,0.2522392,0.72111714,0.853895
4::single::text::14,Positive,0.026902705,0.25768217,0.7154151,0.83818567
4::single::text::15,Positive,0.0277122,0.2604598,0.711828,0.83512497
4::single::text::16,Positive,0.027915977,0.26240444,0.70967954,0.83142316
4::single::audio::0,Positive,0.027829446,0.26277345,0.7093971,0.83211577
4::single::audio::1,Positive,0.027829446,0.26277345,0.7093971,0.83211577
4::single::audio::2,Positive,0.027829446,0.26277345,0.7093971,0.83211577
4::single::audio::3,Positive,0.027829446,0.26277345,0.7093971,0.83211577
4::single::audio::4,Positive,0.027829446,0.26277345,0.7093971,0.83211577
4::single::audio::5,Positive,0.027829446,0.26277345,0.7093971,0.83211577
4::single::audio::6,Positive,0.027829446,0.26277345,0.7093971,0.83211577
4::single::audio::7,Positive,0.027829446,0.26277345,0.7093971,0.83211577
4::single::audio::8,Positive,0.027829446,0.26277345,0.7093971,0.83211577
4::single::audio::9,Positive,0.027829446,0.26277345,0.7093971,0.83211577
4::single::audio::10,Positive,0.027829446,0.26277345,0.7093971,0.83211577
4::single::audio::11,Positive,0.027829446,0.26277345,0.7093971,0.83211577
4::single::audio::12,Positive,0.027829446,0.26277345,0.7093971,0.83211577
4::single::audio::13,Positive,0.027829446,0.26277345,0.7093971,0.83211577
4::single::audio::14,Positive,0.027829446,0.26277345,0.7093971,0.83211577
4::single::audio::15,Positive,0.027829446,0.26277345,0.7093971,0.83211577
4::single::audio::16,Positive,0.027829446,0.26277345,0.7093971,0.83211577
4::single::vision::0,Positive,0.027714333,0.25556746,0.7167182,0.8493527
4::single::vision::1,Positive,0.02806768,0.26572832,0.70620406,0.8223032
4::single::vision::2,Positive,0.029250093,0.27465323,0.69609666,0.8014096
4::single::vision::3,Positive,0.02846075,0.26850045,0.70303875,0.8155831
4::single::vision::4,Positive,0.029035293,0.27759713,0.6933676,0.7928637
4::single::vision::5,Positive,0.028514033,0.27134296,0.7001429,0.81004447
4::single::vision::6,Positive,0.028001653,0.26533234,0.706666,0.82577324
4::single::vision::7,Positive,0.027797997,0.26381955,0.7083824,0.82838523
4::single::vision::8,Positive,0.028156493,0.26672962,0.7051138,0.8232038
4::single::vision::9,Positive,0.027838092,0.26361078,0.70855117,0.8350702
4::single::vision::10,Positive,0.027803529,0.26204115,0.7101553,0.8353236
4::single::vision::11,Positive,0.027919946,0.26319394,0.7088861,0.83283675
4::single::vision::12,Positive,0.028223332,0.26759988,0.7041767,0.8219048
4::single::vision::13,Positive,0.027182607,0.25831786,0.7144996,0.8417716
4::single::vision::14,Positive,0.027146487,0.25865024,0.7142032,0.84155786
4::single::vision::15,Positive,0.027220918,0.2594995,0.71327955,0.83833563
4::single::vision::16,Positive,0.028058775,0.25815654,0.71378475,0.8431481
5::single::text::0,Positive,0.038058512,0.15855606,0.8033854,0.76469624
5::single::text::1,Positive,0.037194133,0.15711346,0.80569243,0.7787682
5::single::text::2,Positive,0.03687807,0.16078524,0.80233675,0.7703985
5::single::text::3,Positive,0.038429257,0.16065876,0.80091196,0.76268595
5::single::text::4,Positive,0.03771252,0.16234186,0.7999456,0.7617647
5::single::text::5,Positive,0.037526045,0.16317153,0.79930234,0.75950074
5::single::text::6,Positive,0.041949466,0.18022606,0.77782446,0.70286644
5::single::text::7,Positive,0.039605256,0.16557261,0.7948221,0.74367815
5::single::text::8,Positive,0.03788459,0.15719323,0.80492216,0.7730081
5::single::text::9,Positive,0.0386126,0.16211456,0.79927284,0.7601411
5::single::text::10,Positive,0.038353026,0.15972051,0.8019265,0.76495975
5::single::text::11,Positive,0.03899595,0.1662154,0.79478866,0.7427475
5::single::text::12,Positive,0.038218535,0.16403909,0.7977423,0.7543777
5::single::text::13,Positive,0.036075763,0.16433938,0.79958487,0.7816317
5::single::text::14,Positive,0.039708424,0.1680528,0.79223883,0.7416696
5::single::text::15,Positive,0.039076734,0.16657692,0.7943463,0.7386391
5::single::text::16,Positive,0.03864831,0.16231273,0.79903895,0.75321853
5::single::text::17,Positive,0.038868066,0.1655667,0.79556525,0.7473955
5::single::text::18,Positive,0.038233057,0.15840574,0.80336124,0.7691332
5::single::text::19,Positive,0.03905103,0.16591798,0.79503095,0.751099
5::single::text::20,Positive,0.038321808,0.16226828,0.7994099,0.7547475
5::single::text::21,Positive,0.045137994,0.17097266,0.7838893,0.7067867
5::single::text::22,Positive,0.039172478,0.1607897,0.80003774,0.75966024
5::single::text::23,Positive,0.040483896,0.16681589,0.7927001,0.7431566
5::single::text::24,Positive,0.040218335,0.17828828,0.7814933,0.72314036
5::single::text::25,Positive,0.03656373,0.16079062,0.80264556,0.7719023
5::single::text::26,Positive,0.03349175,0.1506522,0.81585604,0.8116363
5::single::text::27,Positive,0.03894522,0.16668221,0.7943726,0.7481785
5::single::text::28,Positive,0.03697307,0.16087231,0.80215466,0.771082
5::single::text::29,Positive,0.036662508,0.16603756,0.7972999,0.74217033
5::single::text::30,Positive,0.03758333,0.16281384,0.7996028,0.7476366
5::single::text::31,Positive,0.03708373,0.15833093,0.8045853,0.7713012
5::single::text::32,Positive,0.036694292,0.14948171,0.813824,0.7857374
5::single::text::33,Positive,0.032125372,0.13553552,0.8323391,0.82161844
5::single::text::34,Positive,0.041821036,0.16926612,0.78891283,0.7398686
5::single::text::35,Positive,0.040597174,0.16364527,0.7957575,0.7434674
5::single::text::36,Positive,0.038233258,0.16014193,0.80162483,0.76469266
5::single::audio::0,Positive,0.038368948,0.16293006,0.798701,0.7564014
5::single::audio::1,Positive,0.038368948,0.16293006,0.798701,0.7564014
5::single::audio::2,Positive,0.038368948,0.16293006,0.798701,0.7564014
5::single::audio::3,Positive,0.038368948,0.16293006,0.798701,0.7564014
5::single::audio::4,Positive,0.038368948,0.16293006,0.798701,0.7564014
5::single::audio::5,Positive,0.038368948,0.16293006,0.798701,0.7564014
5::single::audio::6,Positive,0.038368948,0.16293006,0.798701,0.7564014
5::single::audio::7,Positive,0.038368948,0.16293006,0.798701,0.7564014
5::single::audio::8,Positive,0.038368948,0.16293006,0.798701,0.7564014
5::single::audio::9,Positive,0.038368948,0.16293006,0.798701,0.7564014
5::single::audio::10,Positive,0.038368948,0.16293006,0.798701,0.7564014
5::single::audio::11,Positive,0.038368948,0.16293006,0.798701,0.7564014
5::single::audio::12,Positive,0.038368948,0.16293006,0.798701,0.7564014
5::single::audio::13,Positive,0.038368948,0.16293006,0.798701,0.7564014
5::single::audio::14,Positive,0.038368948,0.16293006,0.798701,0.7564014
5::single::audio::15,Positive,0.038368948,0.16293006,0.798701,0.7564014
5::single::audio::16,Positive,0.038368948,0.16293006,0.798701,0.7564014
5::single::audio::17,Positive,0.038368948,0.16293006,0.798701,0.7564014
5::single::audio::18,Positive,0.038368948,0.16293006,0.798701,0.7564014
5::single::audio::19,Positive,0.038368948,0.16293006,0.798701,0.7564014
5::single::audio::20,Positive,0.038368948,0.16293006,0.798701,0.7564014
5::single::audio::21,Positive,0.038368948,0.16293006,0.798701,0.7564014
5::single::audio::22,Positive,0.038368948,0.16293006,0.798701,0.7564014
5::single::audio::23,Positive,0.038368948,0.16293006,0.798701,0.7564014
5::single::audio::24,Positive,0.038368948,0.16293006,0.798701,0.7564014
5::single::audio::25,Positive,0.038368948,0.16293006,0.798701,0.7564014
5::single::audio::26,Positive,0.038368948,0.16293006,0.798701,0.7564014
5::single::audio::27,Positive,0.038368948,0.16293006,0.798701,0.7564014
5::single::audio::28,Positive,0.038368948,0.16293006,0.798701,0.7564014
5::single::audio::29,Positive,0.038368948,0.16293006,0.798701,0.7564014
5::single::audio::30,Positive,0.038368948,0.16293006,0.798701,0.7564014
5::single::audio::31,Positive,0.038368948,0.16293006,0.798701,0.7564014
5::single::audio::32,Positive,0.038368948,0.16293006,0.798701,0.7564014
5::single::audio::33,Positive,0.038368948,0.16293006,0.798701,0.7564014
5::single::audio::34,Positive,0.038368948,0.16293006,0.798701,0.7564014
5::single::audio::35,Positive,0.038368948,0.16293006,0.798701,0.7564014
5::single::audio::36,Positive,0.038368948,0.16293006,0.798701,0.7564014
5::single::vision::0,Positive,0.038843494,0.16139251,0.7997639,0.7587137
5::single::vision::1,Positive,0.03839248,0.1629589,0.7986486,0.7561134
5::single::vision::2,Positive,0.03837425,0.1630796,0.79854614,0.7562926
5::single::vision::3,Positive,0.03835586,0.16302559,0.79861856,0.7564572
5::single::vision::4,Positive,0.03832463,0.16292168,0.7987537,0.75712824
5::single::vision::5,Positive,0.038327675,0.16301373,0.79865855,0.7571956
5::single::vision::6,Positive,0.038130518,0.16194424,0.79992527,0.7599968
5::single::vision::7,Positive,0.038326036,0.1627224,0.79895157,0.7574306
5::single::vision::8,Positive,0.03836348,0.16280115,0.79883534,0.7566764
5::single::vision::9,Positive,0.038377285,0.16290373,0.79871905,0.75630224
5::single::vision::10,Positive,0.038363557,0.16288331,0.79875314,0.7562787
5::single::vision::11,Positive,0.038458556,0.16311283,0.7984286,0.7553235
5::single::vision::12,Positive,0.038344845,0.16286045,0.7987946,0.7566906
5::single::vision::13,Positive,0.038322642,0.16297081,0.79870653,0.7545732
5::single::vision::14,Positive,0.0385026,0.16329803,0.7981994,0.75465006
5::single::vision::15,Positive,0.03826826,0.16276118,0.7989705,0.7568798
5::single::vision::16,Positive,0.03831547,0.1628698,0.7988147,0.75648916
5::single::vision::17,Positive,0.038333505,0.16298245,0.79868406,0.7562698
5::single::vision::18,Positive,0.03834616,0.16304477,0.7986091,0.75617
5::single::vision::19,Positive,0.03835952,0.1630831,0.79855746,0.7562121
5::single::vision::20,Positive,0.038327873,0.16302115,0.798651,0.75633025
5::single::vision::21,Positive,0.038185854,0.16294968,0.7988644,0.7584126
5::single::vision::22,Positive,0.038303524,0.16262549,0.7990709,0.7571393
5::single::vision::23,Positive,0.038362063,0.16291493,0.79872304,0.75671893
5::single::vision::24,Positive,0.03906578,0.1654494,0.7954848,0.7504243
5::single::vision::25,Positive,0.038239654,0.16259083,0.7991695,0.75601083
5::single::vision::26,Positive,0.036362935,0.16033676,0.8033003,0.774652
5::single::vision::27,Positive,0.039535303,0.16670643,0.7937583,0.74306107
5::single::vision::28,Positive,0.03815626,0.16240619,0.7994376,0.75831217
5::single::vision::29,Positive,0.03854023,0.16382656,0.79763323,0.7535514
5::single::vision::30,Positive,0.0384416,0.1635842,0.79797417,0.7557544
5::single::vision::31,Positive,0.038343735,0.16314538,0.79851085,0.75704587
5::single::vision::32,Positive,0.038415447,0.16320504,0.7983794,0.7550951
5::single::vision::33,Positive,0.03831504,0.16280112,0.7988838,0.75901055
5::single::vision::34,Positive,0.03866565,0.16402835,0.797306,0.755232
5::single::vision::35,Positive,0.038311537,0.16207987,0.79960865,0.7570769
5::single::vision::36,Positive,0.03878729,0.16171117,0.7995015,0.7592801
6::single::text::0,Positive,0.012109787,0.086672895,0.9012173,1.2634131
6::single::text::1,Positive,0.012150483,0.08660054,0.90124893,1.2644525
6::single::text::2,Positive,0.011876493,0.084614515,0.903509,1.2727172
6::single::text::3,Positive,0.01190323,0.08461617,0.90348065,1.2710304
6::single::text::4,Positive,0.011931792,0.08480162,0.9032666,1.271178
6::single::text::5,Positive,0.012139366,0.08619282,0.90166783,1.261946
6::single::text::6,Positive,0.012257476,0.08710087,0.90064156,1.2569128
6::single::text::7,Positive,0.012237803,0.087477356,0.9002849,1.2577713
6::single::text::8,Positive,0.011936193,0.08515881,0.90290505,1.2694855
6::single::text::9,Positive,0.012075832,0.08611477,0.90180945,1.2653755
6::single::text::10,Positive,0.01204689,0.086701766,0.9012514,1.2634923
6::single::text::11,Positive,0.011969792,0.08526602,0.9027642,1.2702193
6::single::text::12,Positive,0.012074425,0.08568875,0.9022368,1.2710893
6::single::text::13,Positive,0.012290467,0.08739737,0.9003121,1.2577095
6::single::text::14,Positive,0.012257169,0.08751458,0.90022826,1.259914
6::single::text::15,Positive,0.012231259,0.08834624,0.8994225,1.250363
6::single::text::16,Positive,0.012348173,0.08778967,0.8998622,1.2545073
6::single::text::17,Positive,0.012173338,0.08657937,0.9012473,1.2605779
6::single::text::18,Positive,0.012076711,0.08609941,0.9018239,1.2643098
6::single::text::19,Positive,0.011881918,0.087150335,0.90096766,1.2622318
6::single::text::20,Positive,0.012827684,0.09373351,0.89343876,1.2396691
6::single::text::21,Positive,0.015788732,0.12965131,0.8545599,1.1052175
6::single::text::22,Positive,0.012361893,0.08855706,0.89908105,1.2533392
6::single::text::23,Positive,0.012285994,0.08718853,0.90052545,1.259892
6::single::text::24,Positive,0.012376049,0.089657724,0.89796627,1.2537823
6::single::text::25,Positive,0.012151318,0.08697266,0.90087605,1.2622743
6::single::text::26,Positive,0.012422463,0.08854348,0.899034,1.2547591
6::single::text::27,Positive,0.01222032,0.086645275,0.90113443,1.2613207
6::single::text::28,Positive,0.012047116,0.08508972,0.90286314,1.2685463
6::single::text::29,Positive,0.012245203,0.08763095,0.90012383,1.2591858
6::single::text::30,Positive,0.012289255,0.0876243,0.90008646,1.2580144
6::single::text::31,Positive,0.012243602,0.08780908,0.89994735,1.2586246
6::single::text::32,Positive,0.012224317,0.087082595,0.9006931,1.2603903
6::single::text::33,Positive,0.011953789,0.085173346,0.90287286,1.2698418
6::single::text::34,Positive,0.012013871,0.085756116,0.90223,1.2676837
6::single::text::35,Positive,0.012152155,0.086680144,0.90116763,1.2620041
6::single::text::36,Positive,0.012230592,0.08715096,0.90061843,1.2608602
6::single::text::37,Positive,0.012084071,0.08637078,0.90154517,1.2657094
6::single::text::38,Positive,0.012155141,0.08679316,0.90105164,1.2615354
6::single::text::39,Positive,0.011962774,0.08561006,0.90242726,1.2676753
6::single::text::40,Positive,0.011881817,0.08454059,0.90357757,1.269498
6::single::text::41,Positive,0.01202511,0.08584209,0.9021328,1.2658787
6::single::text::42,Positive,0.01221545,0.086617336,0.90116715,1.2623252
6::single::text::43,Positive,0.012134684,0.086490184,0.9013751,1.262708
6::single::text::44,Positive,0.012396198,0.08915508,0.8984488,1.2496824
6::single::text::45,Positive,0.012262211,0.087371096,0.90036666,1.2589563
6::single::text::46,Positive,0.012418355,0.08932006,0.8982616,1.2552496
6::single::text::47,Positive,0.0122866435,0.08773485,0.8999784,1.2576585
6::single::text::48,Positive,0.01180524,0.079045705,0.909149,1.2962656
6::single::text::49,Positive,0.012221076,0.08760542,0.9001735,1.2561541
6::single::audio::0,Positive,0.01218773,0.08708618,0.9007261,1.2606306
6::single::audio::1,Positive,0.01218773,0.08708618,0.9007261,1.2606306
6::single::audio::2,Positive,0.01218773,0.08708618,0.9007261,1.2606306
6::single::audio::3,Positive,0.01218773,0.08708618,0.9007261,1.2606306
6::single::audio::4,Positive,0.01218773,0.08708618,0.9007261,1.2606306
6::single::audio::5,Positive,0.01218773,0.08708618,0.9007261,1.2606306
6::single::audio::6,Positive,0.01218773,0.08708618,0.9007261,1.2606306
6::single::audio::7,Positive,0.01218773,0.08708618,0.9007261,1.2606306
6::single::audio::8,Positive,0.01218773,0.08708618,0.9007261,1.2606306
6::single::audio::9,Positive,0.01218773,0.08708618,0.9007261,1.2606306
6::single::audio::10,Positive,0.01218773,0.08708618,0.9007261,1.2606306
6::single::audio::11,Positive,0.01218773,0.08708618,0.9007261,1.2606306
6::single::audio::12,Positive,0.01218773,0.08708618,0.9007261,1.2606306
6::single::audio::13,Positive,0.01218773,0.08708618,0.9007261,1.2606306
6::single::audio::14,Positive,0.01218773,0.08708618,0.9007261,1.2606306
6::single::audio::15,Positive,0.01218773,0.08708618,0.9007261,1.2606306
6::single::audio::16,Positive,0.01218773,0.08708618,0.9007261,1.2606306
6::single::audio::17,Positive,0.01218773,0.08708618,0.9007261,1.2606306
6::single::audio::18,Positive,0.01218773,0.08708618,0.9007261,1.2606306
6::single::audio::19,Positive,0.01218773,0.08708618,0.9007261,1.2606306
6::single::audio::20,Positive,0.01218773,0.08708618,0.9007261,1.2606306
6::single::audio::21,Positive,0.01218773,0.08708618,0.9007261,1.2606306
6::single::audio::22,Positive,0.01218773,0.08708618,0.9007261,1.2606306
6::single::audio::23,Positive,0.01218773,0.08708618,0.9007261,1.2606306
6::single::audio::24,Positive,0.01218773,0.08708618,0.9007261,1.2606306
6::single::audio::25,Positive,0.01218773,0.08708618,0.9007261,1.2606306
6::single::audio::26,Positive,0.01218773,0.08708618,0.9007261,1.2606306
6::single::audio::27,Positive,0.01218773,0.08708618,0.9007261,1.2606306
6::single::audio::28,Positive,0.01218773,0.08708618,0.9007261,1.2606306
6::single::audio::29,Positive,0.01218773,0.08708618,0.9007261,1.2606306
6::single::audio::30,Positive,0.01218773,0.08708618,0.9007261,1.2606306
6::single::audio::31,Positive,0.01218773,0.08708618,0.9007261,1.2606306
6::single::audio::32,Positive,0.01218773,0.08708618,0.9007261,1.2606306
6::single::audio::33,Positive,0.01218773,0.08708618,0.9007261,1.2606306
6::single::audio::34,Positive,0.01218773,0.08708618,0.9007261,1.2606306
6::single::audio::35,Positive,0.01218773,0.08708618,0.9007261,1.2606306
6::single::audio::36,Positive,0.01218773,0.08708618,0.9007261,1.2606306
6::single::audio::37,Positive,0.01218773,0.08708618,0.9007261,1.2606306
6::single::audio::38,Positive,0.01218773,0.08708618,0.9007261,1.2606306
6::single::audio::39,Positive,0.01218773,0.08708618,0.9007261,1.2606306
6::single::audio::40,Positive,0.01218773,0.08708618,0.9007261,1.2606306
6::single::audio::41,Positive,0.01218773,0.08708618,0.9007261,1.2606306
6::single::audio::42,Positive,0.01218773,0.08708618,0.9007261,1.2606306
6::single::audio::43,Positive,0.01218773,0.08708618,0.9007261,1.2606306
6::single::audio::44,Positive,0.01218773,0.08708618,0.9007261,1.2606306
6::single::audio::45,Positive,0.01218773,0.08708618,0.9007261,1.2606306
6::single::audio::46,Positive,0.01218773,0.08708618,0.9007261,1.2606306
6::single::audio::47,Positive,0.01218773,0.08708618,0.9007261,1.2606306
6::single::audio::48,Positive,0.01218773,0.08708618,0.9007261,1.2606306
6::single::audio::49,Positive,0.01218773,0.08708618,0.9007261,1.2606306
6::single::vision::0,Positive,0.012297198,0.0865977,0.9011051,1.2608888
6::single::vision::1,Positive,0.012160623,0.08670962,0.9011298,1.2621276
6::single::vision::2,Positive,0.012174392,0.08686509,0.9009605,1.2612889
6::single::vision::3,Positive,0.012153682,0.08678372,0.9010626,1.2616845
6::single::vision::4,Positive,0.0121680405,0.08684331,0.90098864,1.2614539
6::single::vision::5,Positive,0.012163639,0.086831115,0.9010052,1.2611523
6::single::vision::6,Positive,0.012151595,0.08675931,0.90108913,1.2613872
6::single::vision::7,Positive,0.0121367965,0.086639,0.90122426,1.2622334
6::single::vision::8,Positive,0.012163932,0.086767085,0.901069,1.261269
6::single::vision::9,Positive,0.012168726,0.086816266,0.901015,1.2616723
6::single::vision::10,Positive,0.012176963,0.08727281,0.9005502,1.2604971
6::single::vision::11,Positive,0.012182023,0.08730073,0.90051734,1.2603785
6::single::vision::12,Positive,0.012174209,0.0869699,0.9008559,1.2614723
6::single::vision::13,Positive,0.0122267,0.08787113,0.8999022,1.2586797
6::single::vision::14,Positive,0.012232237,0.08792708,0.89984065,1.2589257
6::single::vision::15,Positive,0.012133531,0.08685325,0.90101314,1.2595377
6::single::vision::16,Positive,0.012182828,0.087237835,0.9005794,1.2604189
6::single::vision::17,Positive,0.012199334,0.08742624,0.90037435,1.2595706
6::single::vision::18,Positive,0.01220551,0.08741391,0.90038055,1.2583252
6::single::vision::19,Positive,0.011833304,0.08466201,0.90350467,1.2702229
6::single::vision::20,Positive,0.012346909,0.08847239,0.8991807,1.261457
6::single::vision::21,Positive,0.012787991,0.09337247,0.89383954,1.2429932
6::single::vision::22,Positive,0.012065864,0.08602791,0.9019062,1.2628102
6::single::vision::23,Positive,0.012125903,0.0865682,0.9013059,1.2628154
6::single::vision::24,Positive,0.012171832,0.08698831,0.90083987,1.2603903
6::single::vision::25,Positive,0.012172908,0.087083,0.9007441,1.2600086
6::single::vision::26,Positive,0.01217808,0.087093696,0.9007282,1.2598773
6::single::vision::27,Positive,0.012183188,0.08713775,0.9006791,1.2598284
6::single::vision::28,Positive,0.012208785,0.087244675,0.90054655,1.2598106
6::single::vision::29,Positive,0.012195086,0.0872113,0.90059364,1.2601626
6::single::vision::30,Positive,0.012197252,0.08710843,0.90069425,1.2601663
6::single::vision::31,Positive,0.012168421,0.08685042,0.9009812,1.2605484
6::single::vision::32,Positive,0.0121842,0.08711568,0.9007001,1.2598606
6::single::vision::33,Positive,0.012207878,0.08724207,0.9005501,1.2593982
6::single::vision::34,Positive,0.012207687,0.08735814,0.9004342,1.2589283
6::single::vision::35,Positive,0.0122126015,0.087333,0.9004544,1.2590523
6::single::vision::36,Positive,0.012211355,0.087202005,0.90058666,1.2596276
6::single::vision::37,Positive,0.012213734,0.08728146,0.9005049,1.259163
6::single::vision::38,Positive,0.012217192,0.08747266,0.9003102,1.2585577
6::single::vision::39,Positive,0.012221449,0.08747064,0.9003079,1.2591552
6::single::vision::40,Positive,0.012230804,0.08748332,0.90028584,1.2589736
6::single::vision::41,Positive,0.01222564,0.08750299,0.90027136,1.2586956
6::single::vision::42,Positive,0.012195587,0.08710006,0.90070444,1.2604651
6::single::vision::43,Positive,0.012188539,0.08705735,0.90075415,1.2609012
6::single::vision::44,Positive,0.012228599,0.08809758,0.8996738,1.2563056
6::single::vision::45,Positive,0.012195481,0.08723719,0.9005673,1.259258
6::single::vision::46,Positive,0.012202072,0.08734052,0.9004574,1.2605897
6::single::vision::47,Positive,0.012247471,0.08788776,0.8998648,1.2572176
6::single::vision::48,Positive,0.012219511,0.087524734,0.90025574,1.2595563
6::single::vision::49,Positive,0.0123162735,0.086717576,0.9009661,1.259767
7::single::text::0,Positive,0.042319234,0.3431966,0.61448413,0.6126567
7::single::text::1,Positive,0.041180886,0.33554846,0.6232707,0.625622
7::single::text::2,Positive,0.04304473,0.35509497,0.6018603,0.595741
7::single::text::3,Positive,0.041847426,0.34127888,0.6168737,0.6162457
7::single::text::4,Positive,0.041368406,0.3458949,0.6127367,0.6067991
7::single::text::5,Positive,0.040092587,0.33976573,0.6201417,0.62658453
7::single::text::6,Positive,0.039956998,0.3335964,0.62644666,0.6368098
7::single::text::7,Positive,0.04051936,0.33062133,0.6288593,0.6268072
7::single::text::8,Positive,0.044330772,0.3616228,0.5940464,0.5926925
7::single::text::9,Positive,0.042489607,0.35167518,0.60583526,0.6065336
7::single::text::10,Positive,0.044362847,0.36177635,0.5938608,0.56368154
7::single::text::11,Positive,0.04249412,0.3607155,0.5967903,0.5582737
7::single::text::12,Positive,0.04179778,0.33490077,0.62330145,0.6213119
7::single::audio::0,Positive,0.041799627,0.34477833,0.61342204,0.6102969
7::single::audio::1,Positive,0.041799627,0.34477833,0.61342204,0.6102969
7::single::audio::2,Positive,0.041799627,0.34477833,0.61342204,0.6102969
7::single::audio::3,Positive,0.041799627,0.34477833,0.61342204,0.6102969
7::single::audio::4,Positive,0.041799627,0.34477833,0.61342204,0.6102969
7::single::audio::5,Positive,0.041799627,0.34477833,0.61342204,0.6102969
7::single::audio::6,Positive,0.041799627,0.34477833,0.61342204,0.6102969
7::single::audio::7,Positive,0.041799627,0.34477833,0.61342204,0.6102969
7::single::audio::8,Positive,0.041799627,0.34477833,0.61342204,0.6102969
7::single::audio::9,Positive,0.041799627,0.34477833,0.61342204,0.6102969
7::single::audio::10,Positive,0.041799627,0.34477833,0.61342204,0.6102969
7::single::audio::11,Positive,0.041799627,0.34477833,0.61342204,0.6102969
7::single::audio::12,Positive,0.041799627,0.34477833,0.61342204,0.6102969
7::single::vision::0,Positive,0.043918196,0.33766896,0.61841285,0.6063928
7::single::vision::1,Positive,0.041385554,0.34707695,0.61153746,0.6113959
7::single::vision::2,Positive,0.04120326,0.34626615,0.6125305,0.6108365
7::single::vision::3,Positive,0.041663505,0.34538952,0.61294705,0.60821974
7::single::vision::4,Positive,0.041156,0.34584683,0.6129972,0.6118939
7::single::vision::5,Positive,0.04145766,0.3458144,0.61272794,0.61125904
7::single::vision::6,Positive,0.041407816,0.34528667,0.6133055,0.61111397
7::single::vision::7,Positive,0.041402888,0.34515795,0.6134391,0.6110084
7::single::vision::8,Positive,0.041349605,0.34565836,0.612992,0.61378086
7::single::vision::9,Positive,0.04154451,0.34466526,0.6137902,0.61106
7::single::vision::10,Positive,0.04222291,0.34648746,0.6112896,0.6047631
7::single::vision::11,Positive,0.04181223,0.34832728,0.6098605,0.60980403
7::single::vision::12,Positive,0.044032708,0.33862558,0.61734176,0.60534114
8::single::text::0,Negative,0.97430134,0.016409647,0.009289031,-1.9980572
8::single::text::1,Negative,0.9742802,0.016502501,0.009217316,-1.9994781
8::single::text::2,Negative,0.9743575,0.016491624,0.009150801,-2.0005224
8::single::text::3,Negative,0.97435987,0.01644491,0.009195211,-1.9995915
8::single::text::4,Negative,0.97413695,0.016605573,0.009257512,-1.9965041
8::single::text::5,Negative,0.9742906,0.016668981,0.009040398,-2.0000815
8::single::text::6,Negative,0.97395146,0.016496226,0.0095523195,-1.9914254
8::single::text::7,Negative,0.97253054,0.01694294,0.010526489,-1.9801558
8::single::text::8,Negative,0.97483546,0.016912697,0.008251911,-2.0085175
8::single::text::9,Negative,0.97379804,0.016625231,0.009576782,-1.9893823
8::single::text::10,Negative,0.97414905,0.016448723,0.009402203,-1.9934474
8::single::text::11,Negative,0.97449386,0.016701598,0.008804511,-2.0066798
8::single::text::12,Negative,0.9744332,0.016627017,0.008939739,-2.001839
8::single::text::13,Negative,0.9742793,0.016581917,0.009138883,-1.9990629
8::single::text::14,Negative,0.9743264,0.016657356,0.009016225,-2.0018198
8::single::text::15,Negative,0.97438735,0.01656858,0.009043991,-2.0081139
8::single::text::16,Negative,0.97383094,0.017022863,0.009146232,-1.98929
8::single::text::17,Negative,0.9744272,0.016512154,0.009060699,-1.9915162
8::single::text::18,Negative,0.97344494,0.01660223,0.009952871,-1.982828
8::single::text::19,Negative,0.97422653,0.016585598,0.009187795,-1.9983816
8::single::audio::0,Negative,0.9743671,0.01651797,0.00911495,-1.9992278
8::single::audio::1,Negative,0.9743671,0.01651797,0.00911495,-1.9992278
8::single::audio::2,Negative,0.9743671,0.01651797,0.00911495,-1.9992278
8::single::audio::3,Negative,0.9743671,0.01651797,0.00911495,-1.9992278
8::single::audio::4,Negative,0.9743671,0.01651797,0.00911495,-1.9992278
8::single::audio::5,Negative,0.9743671,0.01651797,0.00911495,-1.9992278
8::single::audio::6,Negative,0.9743671,0.01651797,0.00911495,-1.9992278
8::single::audio::7,Negative,0.9743671,0.01651797,0.00911495,-1.9992278
8::single::audio::8,Negative,0.9743671,0.01651797,0.00911495,-1.9992278
8::single::audio::9,Negative,0.9743671,0.01651797,0.00911495,-1.9992278
8::single::audio::10,Negative,0.9743671,0.01651797,0.00911495,-1.9992278
8::single::audio::11,Negative,0.9743671,0.01651797,0.00911495,-1.9992278
8::single::audio::12,Negative,0.9743671,0.01651797,0.00911495,-1.9992278
8::single::audio::13,Negative,0.9743671,0.01651797,0.00911495,-1.9992278
8::single::audio::14,Negative,0.9743671,0.01651797,0.00911495,-1.9992278
8::single::audio::15,Negative,0.9743671,0.01651797,0.00911495,-1.9992278
8::single::audio::16,Negative,0.9743671,0.01651797,0.00911495,-1.9992278
8::single::audio::17,Negative,0.9743671,0.01651797,0.00911495,-1.9992278
8::single::audio::18,Negative,0.9743671,0.01651797,0.00911495,-1.9992278
8::single::audio::19,Negative,0.9743671,0.01651797,0.00911495,-1.9992278
8::single::vision::0,Negative,0.9744117,0.016473616,0.0091146985,-1.9992274
8::single::vision::1,Negative,0.97432786,0.0165503,0.009121883,-1.999255
8::single::vision::2,Negative,0.9743289,0.0165493,0.009121933,-1.999251
8::single::vision::3,Negative,0.97432435,0.016553262,0.009122477,-1.9992383
8::single::vision::4,Negative,0.9743222,0.016555343,0.009122462,-1.9992968
8::single::vision::5,Negative,0.9743586,0.016532019,0.009109348,-1.9994655
8::single::vision::6,Negative,0.97433245,0.016541574,0.009125968,-1.998593
8::single::vision::7,Negative,0.97437334,0.016507661,0.009119022,-1.9979306
8::single::vision::8,Negative,0.9743385,0.016530108,0.009131371,-1.9973347
8::single::vision::9,Negative,0.9743834,0.016508492,0.009108074,-1.9995292
8::single::vision::10,Negative,0.9743859,0.016504135,0.00910996,-1.9992882
8::single::vision::11,Negative,0.9743944,0.016496953,0.009108689,-1.9993734
8::single::vision::12,Negative,0.97438556,0.01649921,0.0091152275,-1.9992228
8::single::vision::13,Negative,0.9743698,0.016515236,0.009114907,-1.9992299
8::single::vision::14,Negative,0.97438395,0.016502552,0.009113456,-1.999218
8::single::vision::15,Negative,0.974261,0.016573124,0.009165973,-1.998314
8::single::vision::16,Negative,0.9742166,0.016609054,0.009174389,-1.9963655
8::single::vision::17,Negative,0.9742998,0.016572606,0.009127668,-1.9978384
8::single::vision::18,Negative,0.974323,0.016564058,0.009113008,-1.9987988
8::single::vision::19,Negative,0.974414,0.01647814,0.009107942,-1.9990761
9::single::text::0,Negative,0.97099,0.015538617,0.013471293,-1.9394628
9::single::text::1,Negative,0.97159284,0.015378188,0.013028978,-1.9458693
9::single::text::2,Negative,0.97171795,0.015355503,0.012926624,-1.9456547
9::single::text::3,Negative,0.97189564,0.015277049,0.012827346,-1.948661
9::single::text::4,Negative,0.97208226,0.0152965,0.012621227,-1.9528925
9::single::text::5,Negative,0.97196364,0.015304051,0.012732231,-1.9525723
9::single::text::6,Negative,0.9718811,0.015372815,0.012746044,-1.9534667
9::single::text::7,Negative,0.97208154,0.015271914,0.012646531,-1.9527172
9::single::text::8,Negative,0.9736119,0.0152513115,0.011136772,-1.9867086
9::single::text::9,Negative,0.9725604,0.015080867,0.012358689,-1.9576461
9::single::text::10,Negative,0.9723131,0.015164889,0.012522009,-1.9537071
9::single::text::11,Negative,0.9717045,0.015343733,0.0129517345,-1.9496317
9::single::text::12,Negative,0.9713955,0.015412186,0.013192338,-1.9393408
9::single::text::13,Negative,0.9721556,0.015139271,0.012705189,-1.9532936
9::single::text::14,Negative,0.9718991,0.015236413,0.012864451,-1.9489843
9::single::text::15,Negative,0.9718175,0.01523039,0.0129521,-1.945817
9::single::text::16,Negative,0.9715737,0.015360187,0.013066161,-1.9441073
9::single::text::17,Negative,0.97236216,0.015243259,0.012394619,-1.9548593
9::single::text::18,Negative,0.97181183,0.015475714,0.012712507,-1.9495615
9::single::text::19,Negative,0.9722784,0.015334704,0.012386876,-1.9551408
9::single::text::20,Negative,0.9718174,0.015331064,0.012851579,-1.9480402
9::single::text::21,Negative,0.97195923,0.015389689,0.012651037,-1.9512637
9::single::text::22,Negative,0.9729624,0.015559649,0.01147794,-1.9631813
9::single::text::23,Negative,0.9727002,0.015083286,0.01221657,-1.9578497
9::single::text::24,Negative,0.9716817,0.015312898,0.013005265,-1.9460392
9::single::text::25,Negative,0.9717159,0.015441873,0.012842269,-1.9473442
9::single::text::26,Negative,0.9701933,0.015723227,0.014083486,-1.9305634
9::single::text::27,Negative,0.9709462,0.015492536,0.0135612935,-1.9344513
9::single::text::28,Negative,0.969927,0.015647553,0.014425383,-1.9159122
9::single::text::29,Negative,0.96953064,0.015817178,0.014652115,-1.9060814
9::single::text::30,Negative,0.96418744,0.016747693,0.019064901,-1.8417048
9::single::text::31,Negative,0.97181106,0.01527582,0.012913126,-1.9463222
9::single::audio::0,Negative,0.97183245,0.015325821,0.012841628,-1.9477898
9::single::audio::1,Negative,0.97183245,0.015325821,0.012841628,-1.9477898
9::single::audio::2,Negative,0.97183245,0.015325821,0.012841628,-1.9477898
9::single::audio::3,Negative,0.97183245,0.015325821,0.012841628,-1.9477898
9::single::audio::4,Negative,0.97183245,0.015325821,0.012841628,-1.9477898
9::single::audio::5,Negative,0.97183245,0.015325821,0.012841628,-1.9477898
9::single::audio::6,Negative,0.97183245,0.015325821,0.012841628,-1.9477898
9::single::audio::7,Negative,0.97183245,0.015325821,0.012841628,-1.9477898
9::single::audio::8,Negative,0.97183245,0.015325821,0.012841628,-1.9477898
9::single::audio::9,Negative,0.97183245,0.015325821,0.012841628,-1.9477898
9::single::audio::10,Negative,0.97183245,0.015325821,0.012841628,-1.9477898
9::single::audio::11,Negative,0.97183245,0.015325821,0.012841628,-1.9477898
9::single::audio::12,Negative,0.97183245,0.015325821,0.012841628,-1.9477898
9::single::audio::13,Negative,0.97183245,0.015325821,0.012841628,-1.9477898
9::single::audio::14,Negative,0.97183245,0.015325821,0.012841628,-1.9477898
9::single::audio::15,Negative,0.97183245,0.015325821,0.012841628,-1.9477898
9::single::audio::16,Negative,0.97183245,0.015325821,0.012841628,-1.9477898
9::single::audio::17,Negative,0.97183245,0.015325821,0.012841628,-1.9477898
9::single::audio::18,Negative,0.97183245,0.015325821,0.012841628,-1.9477898
9::single::audio::19,Negative,0.97183245,0.015325821,0.012841628,-1.9477898
9::single::audio::20,Negative,0.97183245,0.015325821,0.012841628,-1.9477898
9::single::audio::21,Negative,0.97183245,0.015325821,0.012841628,-1.9477898
9::single::audio::22,Negative,0.97183245,0.015325821,0.012841628,-1.9477898
9::single::audio::23,Negative,0.97183245,0.015325821,0.012841628,-1.9477898
9::single::audio::24,Negative,0.97183245,0.015325821,0.012841628,-1.9477898
9::single::audio::25,Negative,0.97183245,0.015325821,0.012841628,-1.9477898
9::single::audio::26,Negative,0.97183245,0.015325821,0.012841628,-1.9477898
9::single::audio::27,Negative,0.97183245,0.015325821,0.012841628,-1.9477898
9::single::audio::28,Negative,0.97183245,0.015325821,0.012841628,-1.9477898
9::single::audio::29,Negative,0.97183245,0.015325821,0.012841628,-1.9477898
9::single::audio::30,Negative,0.97183245,0.015325821,0.012841628,-1.9477898
9::single::audio::31,Negative,0.97183245,0.015325821,0.012841628,-1.9477898
9::single::vision::0,Negative,0.97188663,0.015295902,0.012817529,-1.9487228
9::single::vision::1,Negative,0.9718266,0.015324465,0.0128488885,-1.9479039
9::single::vision::2,Negative,0.971817,0.015328304,0.012854682,-1.9475241
9::single::vision::3,Negative,0.9718087,0.015331586,0.012859642,-1.9473828
9::single::vision::4,Negative,0.9717927,0.015341682,0.012865564,-1.9471154
9::single::vision::5,Negative,0.9717907,0.015343464,0.012865843,-1.9469941
9::single::vision::6,Negative,0.9717923,0.015344901,0.0128628155,-1.9469018
9::single::vision::7,Negative,0.9718186,0.015328942,0.012852459,-1.9471328
9::single::vision::8,Negative,0.97170436,0.015386285,0.012909306,-1.9428445
9::single::vision::9,Negative,0.97183776,0.015321434,0.012840797,-1.9481685
9::single::vision::10,Negative,0.97184664,0.015322143,0.012831238,-1.9484357
9::single::vision::11,Negative,0.97184134,0.0153265605,0.012832001,-1.9480886
9::single::vision::12,Negative,0.97184587,0.015321246,0.012832966,-1.948215
9::single::vision::13,Negative,0.9718408,0.015320085,0.012839124,-1.9481195
9::single::vision::14,Negative,0.9718574,0.0153165795,0.012826059,-1.9478714
9::single::vision::15,Negative,0.97184384,0.015323692,0.012832474,-1.9481345
9::single::vision::16,Negative,0.9718382,0.015326724,0.012835074,-1.9478846
9::single::vision::17,Negative,0.9718236,0.015329927,0.012846508,-1.9475248
9::single::vision::18,Negative,0.97182095,0.015331034,0.012848006,-1.9472823
9::single::vision::19,Negative,0.9718213,0.015329278,0.012849456,-1.9473091
9::single::vision::20,Negative,0.9718269,0.015322278,0.012850792,-1.9473209
9::single::vision::21,Negative,0.97182435,0.01532847,0.012847156,-1.9472805
9::single::vision::22,Negative,0.9717525,0.015355538,0.012891936,-1.9465086
9::single::vision::23,Negative,0.9718807,0.015303717,0.01281566,-1.9485276
9::single::vision::24,Negative,0.9718527,0.015318726,0.012828553,-1.9481571
9::single::vision::25,Negative,0.97183484,0.015332737,0.012832404,-1.9480058
9::single::vision::26,Negative,0.97184765,0.01532292,0.012829491,-1.9483906
9::single::vision::27,Negative,0.9718463,0.015318815,0.012834899,-1.9483691
9::single::vision::28,Negative,0.97184414,0.015310206,0.012845593,-1.9477835
9::single::vision::29,Negative,0.9718954,0.015374832,0.012729723,-1.9484843
9::single::vision::30,Negative,0.9719391,0.015358485,0.012702384,-1.9499366
9::single::vision::31,Negative,0.97188413,0.015293982,0.0128218625,-1.9483606
10::single::text::0,Negative,0.893726,0.059121616,0.04715238,-1.2601967
10::single::text::1,Negative,0.8963958,0.060872413,0.04273182,-1.3038129
10::single::text::2,Negative,0.88076484,0.07549621,0.043738957,-1.2731919
10::single::text::3,Negative,0.8612775,0.08252784,0.056194615,-1.135237
10::single::text::4,Negative,0.86816657,0.07134308,0.060490396,-1.1069267
10::single::text::5,Negative,0.8922982,0.063686505,0.04401525,-1.2818108
10::single::text::6,Negative,0.8765883,0.0722884,0.0511233,-1.1908625
10::single::text::7,Negative,0.8833258,0.06555777,0.05111643,-1.2028766
10::single::text::8,Negative,0.8835459,0.065548345,0.05090573,-1.2251456
10::single::text::9,Negative,0.89365244,0.059589155,0.046758417,-1.265696
10::single::text::10,Negative,0.891126,0.061940737,0.04693325,-1.2694504
10::single::text::11,Negative,0.8889986,0.065500565,0.045500774,-1.2669629
10::single::text::12,Negative,0.8895117,0.063793205,0.04669499,-1.2623117
10::single::text::13,Negative,0.8940709,0.06149948,0.044429604,-1.288239
10::single::text::14,Negative,0.87723535,0.06709055,0.055674095,-1.1878132
10::single::text::15,Negative,0.8889222,0.063642465,0.047435302,-1.2532508
10::single::audio::0,Negative,0.88797766,0.06459245,0.047429934,-1.2490008
10::single::audio::1,Negative,0.88797766,0.06459245,0.047429934,-1.2490008
10::single::audio::2,Negative,0.88797766,0.06459245,0.047429934,-1.2490008
10::single::audio::3,Negative,0.88797766,0.06459245,0.047429934,-1.2490008
10::single::audio::4,Negative,0.88797766,0.06459245,0.047429934,-1.2490008
10::single::audio::5,Negative,0.88797766,0.06459245,0.047429934,-1.2490008
10::single::audio::6,Negative,0.88797766,0.06459245,0.047429934,-1.2490008
10::single::audio::7,Negative,0.88797766,0.06459245,0.047429934,-1.2490008
10::single::audio::8,Negative,0.88797766,0.06459245,0.047429934,-1.2490008
10::single::audio::9,Negative,0.88797766,0.06459245,0.047429934,-1.2490008
10::single::audio::10,Negative,0.88797766,0.06459245,0.047429934,-1.2490008
10::single::audio::11,Negative,0.88797766,0.06459245,0.047429934,-1.2490008
10::single::audio::12,Negative,0.88797766,0.06459245,0.047429934,-1.2490008
10::single::audio::13,Negative,0.88797766,0.06459245,0.047429934,-1.2490008
10::single::audio::14,Negative,0.88797766,0.06459245,0.047429934,-1.2490008
10::single::audio::15,Negative,0.88797766,0.06459245,0.047429934,-1.2490008
10::single::vision::0,Negative,0.8880441,0.06447002,0.04748582,-1.2484969
10::single::vision::1,Negative,0.88767946,0.06473432,0.0475862,-1.2467741
10::single::vision::2,Negative,0.88421464,0.06692376,0.048861515,-1.231575
10::single::vision::3,Negative,0.8847864,0.06669686,0.048516706,-1.2349802
10::single::vision::4,Negative,0.88722026,0.06450319,0.048276547,-1.2336347
10::single::vision::5,Negative,0.887983,0.06452328,0.047493752,-1.2497966
10::single::vision::6,Negative,0.88861,0.06438242,0.04700762,-1.2535644
10::single::vision::7,Negative,0.8878134,0.06467763,0.04750892,-1.2474817
10::single::vision::8,Negative,0.8877061,0.06479101,0.047502887,-1.2483625
10::single::vision::9,Negative,0.88826233,0.064455934,0.047281753,-1.2502301
10::single::vision::10,Negative,0.88829446,0.064449415,0.04725608,-1.2505839
10::single::vision::11,Negative,0.8882073,0.06450032,0.047292493,-1.2504965
10::single::vision::12,Negative,0.88838816,0.06437548,0.047236335,-1.2515739
10::single::vision::13,Negative,0.8877455,0.06471629,0.0475382,-1.2479404
10::single::vision::14,Negative,0.8881851,0.064480714,0.047334123,-1.2500265
10::single::vision::15,Negative,0.88816404,0.06442444,0.04741144,-1.2487112
11::single::text::0,Negative,0.9234949,0.052668065,0.023837082,-1.3680607
11::single::text::1,Negative,0.9220701,0.053617474,0.024312511,-1.3608319
11::single::text::2,Negative,0.9225782,0.05314281,0.024278896,-1.3647668
11::single::text::3,Negative,0.9226265,0.053399194,0.023974271,-1.3671803
11::single::text::4,Negative,0.92293555,0.05320918,0.023855338,-1.3693223
11::single::text::5,Negative,0.92278564,0.053426065,0.023788279,-1.370821
11::single::text::6,Negative,0.92304856,0.053134188,0.02381728,-1.3711932
11::single::text::7,Negative,0.91980755,0.05548293,0.02470958,-1.3478068
11::single::text::8,Negative,0.9161606,0.059808627,0.02403076,-1.3260858
11::single::text::9,Negative,0.92006457,0.055679627,0.024255792,-1.3478532
11::single::text::10,Negative,0.92100084,0.054585565,0.024413683,-1.3545723
11::single::text::11,Negative,0.9221192,0.05393827,0.023942439,-1.3657224
11::single::text::12,Negative,0.92456275,0.05257509,0.022862097,-1.3960423
11::single::text::13,Negative,0.92072403,0.05476849,0.024507465,-1.3525561
11::single::text::14,Negative,0.9209002,0.05487989,0.0242198,-1.3531231
11::single::text::15,Negative,0.9174805,0.057376336,0.02514316,-1.3251668
11::single::text::16,Negative,0.9211074,0.0546577,0.024234816,-1.3579168
11::single::text::17,Negative,0.92302823,0.053185504,0.02378629,-1.3708658
11::single::text::18,Negative,0.91854024,0.056300282,0.02515946,-1.3363391
11::single::text::19,Negative,0.92184025,0.054005243,0.024154482,-1.3621227
11::single::text::20,Negative,0.92108613,0.054481924,0.024431946,-1.3552673
11::single::text::21,Negative,0.9208965,0.054733824,0.024369767,-1.3555821
11::single::text::22,Negative,0.9206844,0.05474017,0.024575371,-1.351276
11::single::text::23,Negative,0.91723573,0.057128232,0.025636004,-1.3218088
11::single::text::24,Negative,0.92068046,0.05491529,0.024404284,-1.3537328
11::single::text::25,Negative,0.9229551,0.053323943,0.0237209,-1.3715423
11::single::text::26,Negative,0.91963834,0.05553954,0.024822054,-1.3459449
11::single::text::27,Negative,0.921983,0.053882517,0.024134481,-1.3637549
11::single::text::28,Negative,0.922665,0.053447083,0.023887888,-1.3678745
11::single::text::29,Negative,0.9226367,0.053421877,0.02394149,-1.3686435
11::single::text::30,Negative,0.9193127,0.056004547,0.02468276,-1.3450164
11::single::text::31,Negative,0.92254615,0.05354441,0.023909431,-1.3668355
11::single::text::32,Negative,0.92173725,0.05423736,0.02402541,-1.3582983
11::single::text::33,Negative,0.91854995,0.056247614,0.025202489,-1.3384368
11::single::text::34,Negative,0.92083764,0.05466594,0.024496445,-1.3527584
11::single::text::35,Negative,0.9208896,0.054800972,0.024309527,-1.3555715
11::single::text::36,Negative,0.9219697,0.053969357,0.02406088,-1.3619652
11::single::text::37,Negative,0.9222794,0.05359143,0.02412911,-1.3609179
11::single::text::38,Negative,0.92174673,0.054194383,0.024058849,-1.3601912
11::single::text::39,Negative,0.9219445,0.053911388,0.02414415,-1.3641938
11::single::text::40,Negative,0.9198424,0.055128604,0.0250289,-1.3519278
11::single::text::41,Negative,0.87902915,0.07887165,0.042099126,-1.0743451
11::single::text::42,Negative,0.92078173,0.0544103,0.02480796,-1.3480443
11::single::text::43,Negative,0.92260784,0.05350867,0.023883399,-1.3656887
11::single::audio::0,Negative,0.92096806,0.054670546,0.024361352,-1.354731
11::single::audio::1,Negative,0.92096806,0.054670546,0.024361352,-1.354731
11::single::audio::2,Negative,0.92096806,0.054670546,0.024361352,-1.354731
11::single::audio::3,Negative,0.92096806,0.054670546,0.024361352,-1.354731
11::single::audio::4,Negative,0.92096806,0.054670546,0.024361352,-1.354731
11::single::audio::5,Negative,0.92096806,0.054670546,0.024361352,-1.354731
11::single::audio::6,Negative,0.92096806,0.054670546,0.024361352,-1.354731
11::single::audio::7,Negative,0.92096806,0.054670546,0.024361352,-1.354731
11::single::audio::8,Negative,0.92096806,0.054670546,0.024361352,-1.354731
11::single::audio::9,Negative,0.92096806,0.054670546,0.024361352,-1.354731
11::single::audio::10,Negative,0.92096806,0.054670546,0.024361352,-1.354731
11::single::audio::11,Negative,0.92096806,0.054670546,0.024361352,-1.354731
11::single::audio::12,Negative,0.92096806,0.054670546,0.024361352,-1.354731
11::single::audio::13,Negative,0.92096806,0.054670546,0.024361352,-1.354731
11::single::audio::14,Negative,0.92096806,0.054670546,0.024361352,-1.354731
11::single::audio::15,Negative,0.92096806,0.054670546,0.024361352,-1.354731
11::single::audio::16,Negative,0.92096806,0.054670546,0.024361352,-1.354731
11::single::audio::17,Negative,0.92096806,0.054670546,0.024361352,-1.354731
11::single::audio::18,Negative,0.92096806,0.054670546,0.024361352,-1.354731
11::single::audio::19,Negative,0.92096806,0.054670546,0.024361352,-1.354731
11::single::audio::20,Negative,0.92096806,0.054670546,0.024361352,-1.354731
11::single::audio::21,Negative,0.92096806,0.054670546,0.024361352,-1.354731
11::single::audio::22,Negative,0.92096806,0.054670546,0.024361352,-1.354731
11::single::audio::23,Negative,0.92096806,0.054670546,0.024361352,-1.354731
11::single::audio::24,Negative,0.92096806,0.054670546,0.024361352,-1.354731
11::single::audio::25,Negative,0.92096806,0.054670546,0.024361352,-1.354731
11::single::audio::26,Negative,0.92096806,0.054670546,0.024361352,-1.354731
11::single::audio::27,Negative,0.92096806,0.054670546,0.024361352,-1.354731
11::single::audio::28,Negative,0.92096806,0.054670546,0.024361352,-1.354731
11::single::audio::29,Negative,0.92096806,0.054670546,0.024361352,-1.354731
11::single::audio::30,Negative,0.92096806,0.054670546,0.024361352,-1.354731
11::single::audio::31,Negative,0.92096806,0.054670546,0.024361352,-1.354731
11::single::audio::32,Negative,0.92096806,0.054670546,0.024361352,-1.354731
11::single::audio::33,Negative,0.92096806,0.054670546,0.024361352,-1.354731
11::single::audio::34,Negative,0.92096806,0.054670546,0.024361352,-1.354731
11::single::audio::35,Negative,0.92096806,0.054670546,0.024361352,-1.354731
11::single::audio::36,Negative,0.92096806,0.054670546,0.024361352,-1.354731
11::single::audio::37,Negative,0.92096806,0.054670546,0.024361352,-1.354731
11::single::audio::38,Negative,0.92096806,0.054670546,0.024361352,-1.354731
11::single::audio::39,Negative,0.92096806,0.054670546,0.024361352,-1.354731
11::single::audio::40,Negative,0.92096806,0.054670546,0.024361352,-1.354731
11::single::audio::41,Negative,0.92096806,0.054670546,0.024361352,-1.354731
11::single::audio::42,Negative,0.92096806,0.054670546,0.024361352,-1.354731
11::single::audio::43,Negative,0.92096806,0.054670546,0.024361352,-1.354731
11::single::vision::0,Negative,0.92134696,0.05435255,0.024300465,-1.3561659
11::single::vision::1,Negative,0.9210491,0.0546138,0.024337126,-1.3547757
11::single::vision::2,Negative,0.9210009,0.054657705,0.024341417,-1.3549249
11::single::vision::3,Negative,0.9209898,0.054664,0.024346143,-1.3548522
11::single::vision::4,Negative,0.9209396,0.054693,0.024367297,-1.3548645
11::single::vision::5,Negative,0.9208815,0.054732397,0.024386134,-1.3545666
11::single::vision::6,Negative,0.9209482,0.054681476,0.024370268,-1.3548807
11::single::vision::7,Negative,0.92091376,0.054710243,0.024375992,-1.3549047
11::single::vision::8,Negative,0.9199872,0.05537576,0.024637004,-1.3474703
11::single::vision::9,Negative,0.9209489,0.05467508,0.024375979,-1.3547982
11::single::vision::10,Negative,0.9210235,0.054620687,0.02435583,-1.3553156
11::single::vision::11,Negative,0.9209532,0.054675333,0.024371466,-1.3546387
11::single::vision::12,Negative,0.9208221,0.05472725,0.024450729,-1.3520719
11::single::vision::13,Negative,0.92085105,0.054741267,0.024407687,-1.3544935
11::single::vision::14,Negative,0.9209014,0.05471528,0.0243834,-1.35455
11::single::vision::15,Negative,0.9209109,0.05470425,0.024384774,-1.353664
11::single::vision::16,Negative,0.9210186,0.05461221,0.024369242,-1.3545101
11::single::vision::17,Negative,0.920921,0.054681636,0.024397396,-1.354507
11::single::vision::18,Negative,0.92078406,0.054800037,0.024415934,-1.354456
11::single::vision::19,Negative,0.9208143,0.054780412,0.024405329,-1.3545972
11::single::vision::20,Negative,0.92085373,0.054753065,0.024393288,-1.3542848
11::single::vision::21,Negative,0.9209076,0.054711953,0.02438042,-1.3541538
11::single::vision::22,Negative,0.92094254,0.054704092,0.024353353,-1.3542134
11::single::vision::23,Negative,0.92059237,0.055010516,0.024397165,-1.3521931
11::single::vision::24,Negative,0.92095715,0.054669533,0.024373326,-1.3545877
11::single::vision::25,Negative,0.9209981,0.054623686,0.024378251,-1.3548796
11::single::vision::26,Negative,0.9210655,0.054576892,0.024357615,-1.354741
11::single::vision::27,Negative,0.9210533,0.05458857,0.02435821,-1.3547682
11::single::vision::28,Negative,0.92087847,0.054711577,0.024409996,-1.3543124
11::single::vision::29,Negative,0.92095196,0.054657955,0.024390072,-1.3546331
11::single::vision::30,Negative,0.920965,0.054650765,0.024384301,-1.3545668
11::single::vision::31,Negative,0.9210459,0.05458428,0.024369841,-1.354701
11::single::vision::32,Negative,0.92086303,0.054744978,0.024391972,-1.3546054
11::single::vision::33,Negative,0.920833,0.054781698,0.024385246,-1.3545382
11::single::vision::34,Negative,0.9208089,0.054803297,0.024387782,-1.3546087
11::single::vision::35,Negative,0.92082673,0.05479469,0.024378592,-1.3545576
11::single::vision::36,Negative,0.92097116,0.054685667,0.024343127,-1.3550947
11::single::vision::37,Negative,0.921178,0.054510497,0.024311505,-1.3552545
11::single::vision::38,Negative,0.92119175,0.054493614,0.024314638,-1.3555017
11::single::vision::39,Negative,0.92084503,0.054774053,0.024380924,-1.3532134
11::single::vision::40,Negative,0.92050934,0.055018947,0.024471678,-1.350728
11::single::vision::41,Negative,0.9200112,0.055313654,0.024675062,-1.3459271
11::single::vision::42,Negative,0.9210894,0.05458764,0.024322988,-1.3548391
11::single::vision::43,Negative,0.92144966,0.054288983,0.024261378,-1.3566523
12::single::text::0,Neutral,0.060003623,0.523724,0.41627234,0.34950688
12::single::text::1,Neutral,0.060358144,0.52316964,0.41647223,0.34859967
12::single::text::2,Neutral,0.059791356,0.5233095,0.41689909,0.34777758
12::single::text::3,Neutral,0.06071495,0.52661085,0.41267422,0.3438551
12::single::text::4,Neutral,0.06005259,0.5262805,0.41366687,0.3455666
12::single::text::5,Neutral,0.059062395,0.5212971,0.41964048,0.3529854
12::single::text::6,Neutral,0.058385678,0.52308327,0.41853103,0.35475045
12::single::text::7,Neutral,0.05973351,0.52679855,0.413468,0.34545103
12::single::text::8,Neutral,0.060627617,0.5365701,0.40280235,0.32986104
12::single::text::9,Neutral,0.060257655,0.529897,0.4098454,0.34073347
12::single::text::10,Neutral,0.057944797,0.52329564,0.41875955,0.34178108
12::single::text::11,Neutral,0.0612333,0.5309803,0.40778646,0.3377787
12::single::text::12,Neutral,0.061510876,0.5286402,0.40984893,0.34452748
12::single::text::13,Neutral,0.06092609,0.53323776,0.40583614,0.33236337
12::single::text::14,Neutral,0.059540544,0.52536947,0.41508996,0.3420678
12::single::text::15,Neutral,0.060476854,0.5266168,0.41290635,0.3432131
12::single::text::16,Neutral,0.06041706,0.5282227,0.41136023,0.34334964
12::single::text::17,Neutral,0.059819445,0.52439815,0.41578242,0.34896287
12::single::text::18,Neutral,0.060897667,0.5272226,0.41187975,0.3506042
12::single::text::19,Neutral,0.061682284,0.5282051,0.4101126,0.34128276
12::single::text::20,Neutral,0.061012197,0.5271518,0.41183597,0.34020838
12::single::text::21,Neutral,0.060152914,0.5241264,0.41572067,0.34620458
12::single::text::22,Neutral,0.061099038,0.52954465,0.40935633,0.33858863
12::single::text::23,Neutral,0.059776884,0.52844244,0.41178071,0.34462538
12::single::text::24,Neutral,0.061092164,0.53063685,0.40827096,0.33836654
12::single::text::25,Neutral,0.061449673,0.52912575,0.40942463,0.33863306
12::single::text::26,Neutral,0.059542418,0.53055096,0.40990663,0.3440205
12::single::text::27,Neutral,0.059619747,0.52684885,0.41353142,0.34822822
12::single::text::28,Neutral,0.06111395,0.5270566,0.4118295,0.34189415
12::single::text::29,Neutral,0.0633356,0.5376107,0.3990537,0.32877377
12::single::text::30,Neutral,0.060848158,0.5245327,0.41461912,0.34636655
12::single::text::31,Neutral,0.060218625,0.5221986,0.41758272,0.350042
12::single::audio::0,Neutral,0.06043263,0.5276675,0.4118998,0.34369814
12::single::audio::1,Neutral,0.06043263,0.5276675,0.4118998,0.34369814
12::single::audio::2,Neutral,0.06043263,0.5276675,0.4118998,0.34369814
12::single::audio::3,Neutral,0.06043263,0.5276675,0.4118998,0.34369814
12::single::audio::4,Neutral,0.06043263,0.5276675,0.4118998,0.34369814
12::single::audio::5,Neutral,0.06043263,0.5276675,0.4118998,0.34369814
12::single::audio::6,Neutral,0.06043263,0.5276675,0.4118998,0.34369814
12::single::audio::7,Neutral,0.06043263,0.5276675,0.4118998,0.34369814
12::single::audio::8,Neutral,0.06043263,0.5276675,0.4118998,0.34369814
12::single::audio::9,Neutral,0.06043263,0.5276675,0.4118998,0.34369814
12::single::audio::10,Neutral,0.06043263,0.5276675,0.4118998,0.34369814
12::single::audio::11,Neutral,0.06043263,0.5276675,0.4118998,0.34369814
12::single::audio::12,Neutral,0.06043263,0.5276675,0.4118998,0.34369814
12::single::audio::13,Neutral,0.06043263,0.5276675,0.4118998,0.34369814
12::single::audio::14,Neutral,0.06043263,0.5276675,0.4118998,0.34369814
12::single::audio::15,Neutral,0.06043263,0.5276675,0.4118998,0.34369814
12::single::audio::16,Neutral,0.06043263,0.5276675,0.4118998,0.34369814
12::single::audio::17,Neutral,0.06043263,0.5276675,0.4118998,0.34369814
12::single::audio::18,Neutral,0.06043263,0.5276675,0.4118998,0.34369814
12::single::audio::19,Neutral,0.06043263,0.5276675,0.4118998,0.34369814
12::single::audio::20,Neutral,0.06043263,0.5276675,0.4118998,0.34369814
12::single::audio::21,Neutral,0.06043263,0.5276675,0.4118998,0.34369814
12::single::audio::22,Neutral,0.06043263,0.5276675,0.4118998,0.34369814
12::single::audio::23,Neutral,0.06043263,0.5276675,0.4118998,0.34369814
12::single::audio::24,Neutral,0.06043263,0.5276675,0.4118998,0.34369814
12::single::audio::25,Neutral,0.06043263,0.5276675,0.4118998,0.34369814
12::single::audio::26,Neutral,0.06043263,0.5276675,0.4118998,0.34369814
12::single::audio::27,Neutral,0.06043263,0.5276675,0.4118998,0.34369814
12::single::audio::28,Neutral,0.06043263,0.5276675,0.4118998,0.34369814
12::single::audio::29,Neutral,0.06043263,0.5276675,0.4118998,0.34369814
12::single::audio::30,Neutral,0.06043263,0.5276675,0.4118998,0.34369814
12::single::audio::31,Neutral,0.06043263,0.5276675,0.4118998,0.34369814
12::single::vision::0,Neutral,0.060423728,0.5276138,0.41196248,0.34388438
12::single::vision::1,Neutral,0.060438454,0.5276203,0.41194123,0.34373176
12::single::vision::2,Neutral,0.060294654,0.5276657,0.41203973,0.34385163
12::single::vision::3,Neutral,0.06040828,0.52789825,0.41169348,0.34334737
12::single::vision::4,Neutral,0.06044672,0.5279993,0.411554,0.34318042
12::single::vision::5,Neutral,0.06034549,0.52743715,0.4122174,0.34437528
12::single::vision::6,Neutral,0.060371198,0.52776265,0.41186616,0.34364435
12::single::vision::7,Neutral,0.06033029,0.5278294,0.41184032,0.34364218
12::single::vision::8,Neutral,0.06054836,0.528537,0.41091472,0.34281337
12::single::vision::9,Neutral,0.060441393,0.5279004,0.41165817,0.3432489
12::single::vision::10,Neutral,0.06044012,0.5279063,0.41165355,0.34379163
12::single::vision::11,Neutral,0.060382407,0.52770823,0.41190934,0.34382868
12::single::vision::12,Neutral,0.060558654,0.5281579,0.4112835,0.3422507
12::single::vision::13,Neutral,0.06069535,0.5288511,0.41045356,0.3411781
12::single::vision::14,Neutral,0.060400356,0.5278658,0.41173387,0.34362143
12::single::vision::15,Neutral,0.06043474,0.52786976,0.41169548,0.34307057
12::single::vision::16,Neutral,0.06046862,0.52792156,0.4116098,0.34293863
12::single::vision::17,Neutral,0.06028492,0.5275487,0.41216645,0.34443232
12::single::vision::18,Neutral,0.06043824,0.52806675,0.411495,0.34322393
12::single::vision::19,Neutral,0.06048882,0.52800786,0.4115033,0.3431576
12::single::vision::20,Neutral,0.06042708,0.5279909,0.41158205,0.3434713
12::single::vision::21,Neutral,0.060458377,0.5280211,0.41152054,0.34314853
12::single::vision::22,Neutral,0.060451034,0.5279373,0.41161162,0.34306908
12::single::vision::23,Neutral,0.060049336,0.52727824,0.41267237,0.34609947
12::single::vision::24,Neutral,0.060405362,0.5278561,0.4117385,0.34346262
12::single::vision::25,Neutral,0.06042359,0.5279461,0.41163024,0.34316713
12::single::vision::26,Neutral,0.060445465,0.5277917,0.41176286,0.343016
12::single::vision::27,Neutral,0.060330976,0.5276797,0.41198936,0.3437582
12::single::vision::28,Neutral,0.060368933,0.5277541,0.41187695,0.34355295
12::single::vision::29,Neutral,0.060679067,0.5293331,0.4099878,0.34142512
12::single::vision::30,Neutral,0.06036802,0.5275928,0.41203925,0.3438303
12::single::vision::31,Neutral,0.060413875,0.5275728,0.41201332,0.3438207
13::single::text::0,Positive,0.073831186,0.43724275,0.48892605,0.56033504
13::single::text::1,Positive,0.07165586,0.4326757,0.4956684,0.569525
13::single::text::2,Positive,0.074768744,0.43867004,0.48656127,0.55635977
13::single::text::3,Positive,0.07746036,0.44349158,0.479048,0.54573035
13::single::text::4,Positive,0.07696891,0.44801137,0.47501978,0.53922355
13::single::text::5,Positive,0.07474301,0.44298905,0.48226795,0.55334467
13::single::text::6,Positive,0.0774445,0.44402692,0.47852853,0.54728174
13::single::text::7,Positive,0.076409966,0.44474554,0.47884446,0.54654145
13::single::text::8,Positive,0.073373325,0.4397902,0.48683646,0.5574477
13::single::text::9,Positive,0.07388359,0.43724734,0.48886907,0.5618291
13::single::text::10,Positive,0.07732144,0.448776,0.47390255,0.54326683
13::single::text::11,Positive,0.07387303,0.43575132,0.49037558,0.5621346
13::single::text::12,Positive,0.0716954,0.42600474,0.5022999,0.57416457
13::single::text::13,Positive,0.075741425,0.43921298,0.4850456,0.5568292
13::single::text::14,Positive,0.07940071,0.45251316,0.46808618,0.5334613
13::single::text::15,Positive,0.078313366,0.45411396,0.46757272,0.5336003
13::single::text::16,Positive,0.075894184,0.4389051,0.4852007,0.5500909
13::single::text::17,Positive,0.07432131,0.4333956,0.4922832,0.546009
13::single::text::18,Positive,0.07456461,0.44154245,0.48389286,0.54863787
13::single::text::19,Positive,0.07160316,0.43320516,0.49519166,0.56605864
13::single::text::20,Positive,0.07384767,0.4384658,0.48768646,0.55865574
13::single::text::21,Positive,0.07174034,0.43867725,0.48958236,0.56306636
13::single::text::22,Positive,0.0719973,0.43893334,0.4890693,0.5624229
13::single::text::23,Positive,0.07373117,0.4419193,0.48434952,0.5552522
13::single::text::24,Positive,0.07260965,0.43680885,0.49058148,0.56134224
13::single::text::25,Positive,0.07408146,0.44190258,0.484016,0.55372864
13::single::text::26,Positive,0.073733754,0.4406887,0.48557758,0.55680937
13::single::text::27,Positive,0.074565336,0.43886292,0.4865717,0.55654436
13::single::text::28,Positive,0.07615861,0.4475323,0.4763091,0.5464244
13::single::text::29,Positive,0.07391851,0.44058952,0.48549196,0.5560457
13::single::text::30,Positive,0.070908025,0.43909234,0.48999965,0.56295145
13::single::text::31,Positive,0.07309722,0.43737635,0.48952648,0.56034917
13::single::text::32,Positive,0.07319585,0.43520895,0.4915952,0.56062156
13::single::text::33,Positive,0.07229358,0.44477117,0.48293528,0.5549379
13::single::text::34,Positive,0.071808055,0.43995672,0.48823524,0.56046015
13::single::text::35,Positive,0.07461983,0.43790454,0.48747566,0.55699146
13::single::text::36,Positive,0.073714904,0.4384776,0.48780754,0.5588421
13::single::audio::0,Positive,0.074248485,0.44062334,0.4851282,0.55580443
13::single::audio::1,Positive,0.074248485,0.44062334,0.4851282,0.55580443
13::single::audio::2,Positive,0.074248485,0.44062334,0.4851282,0.55580443
13::single::audio::3,Positive,0.074248485,0.44062334,0.4851282,0.55580443
13::single::audio::4,Positive,0.074248485,0.44062334,0.4851282,0.55580443
13::single::audio::5,Positive,0.074248485,0.44062334,0.4851282,0.55580443
13::single::audio::6,Positive,0.074248485,0.44062334,0.4851282,0.55580443
13::single::audio::7,Positive,0.074248485,0.44062334,0.4851282,0.55580443
13::single::audio::8,Positive,0.074248485,0.44062334,0.4851282,0.55580443
13::single::audio::9,Positive,0.074248485,0.44062334,0.4851282,0.55580443
13::single::audio::10,Positive,0.074248485,0.44062334,0.4851282,0.55580443
13::single::audio::11,Positive,0.074248485,0.44062334,0.4851282,0.55580443
13::single::audio::12,Positive,0.074248485,0.44062334,0.4851282,0.55580443
13::single::audio::13,Positive,0.074248485,0.44062334,0.4851282,0.55580443
13::single::audio::14,Positive,0.074248485,0.44062334,0.4851282,0.55580443
13::single::audio::15,Positive,0.074248485,0.44062334,0.4851282,0.55580443
13::single::audio::16,Positive,0.074248485,0.44062334,0.4851282,0.55580443
13::single::audio::17,Positive,0.074248485,0.44062334,0.4851282,0.55580443
13::single::audio::18,Positive,0.074248485,0.44062334,0.4851282,0.55580443
13::single::audio::19,Positive,0.074248485,0.44062334,0.4851282,0.55580443
13::single::audio::20,Positive,0.074248485,0.44062334,0.4851282,0.55580443
13::single::audio::21,Positive,0.074248485,0.44062334,0.4851282,0.55580443
13::single::audio::22,Positive,0.074248485,0.44062334,0.4851282,0.55580443
13::single::audio::23,Positive,0.074248485,0.44062334,0.4851282,0.55580443
13::single::audio::24,Positive,0.074248485,0.44062334,0.4851282,0.55580443
13::single::audio::25,Positive,0.074248485,0.44062334,0.4851282,0.55580443
13::single::audio::26,Positive,0.074248485,0.44062334,0.4851282,0.55580443
13::single::audio::27,Positive,0.074248485,0.44062334,0.4851282,0.55580443
13::single::audio::28,Positive,0.074248485,0.44062334,0.4851282,0.55580443
13::single::audio::29,Positive,0.074248485,0.44062334,0.4851282,0.55580443
13::single::audio::30,Positive,0.074248485,0.44062334,0.4851282,0.55580443
13::single::audio::31,Positive,0.074248485,0.44062334,0.4851282,0.55580443
13::single::audio::32,Positive,0.074248485,0.44062334,0.4851282,0.55580443
13::single::audio::33,Positive,0.074248485,0.44062334,0.4851282,0.55580443
13::single::audio::34,Positive,0.074248485,0.44062334,0.4851282,0.55580443
13::single::audio::35,Positive,0.074248485,0.44062334,0.4851282,0.55580443
13::single::audio::36,Positive,0.074248485,0.44062334,0.4851282,0.55580443
13::single::vision::0,Positive,0.07470144,0.43980604,0.48549253,0.55554706
13::single::vision::1,Positive,0.07451991,0.44115058,0.48432955,0.5542205
13::single::vision::2,Positive,0.07398357,0.4389268,0.48708957,0.55800855
13::single::vision::3,Positive,0.07443453,0.43891722,0.48664826,0.55739385
13::single::vision::4,Positive,0.07382744,0.43961844,0.4865541,0.5603326
13::single::vision::5,Positive,0.07309277,0.43709823,0.48980895,0.564781
13::single::vision::6,Positive,0.074421965,0.43903506,0.48654303,0.55867743
13::single::vision::7,Positive,0.0746668,0.44098568,0.48434755,0.5543094
13::single::vision::8,Positive,0.07403671,0.4398919,0.48607138,0.5578092
13::single::vision::9,Positive,0.07387047,0.4392999,0.48682964,0.55870116
13::single::vision::10,Positive,0.074110135,0.44027793,0.48561192,0.55693346
13::single::vision::11,Positive,0.07419302,0.44043037,0.48537663,0.55625284
13::single::vision::12,Positive,0.073762864,0.43926454,0.48697257,0.5590935
13::single::vision::13,Positive,0.07390962,0.43916994,0.4869205,0.55872965
13::single::vision::14,Positive,0.075739205,0.4450197,0.479241,0.54751486
13::single::vision::15,Positive,0.07506255,0.44644433,0.4784931,0.54492176
13::single::vision::16,Positive,0.07368074,0.44171277,0.48460647,0.55555683
13::single::vision::17,Positive,0.073770866,0.4402454,0.48598367,0.5571628
13::single::vision::18,Positive,0.07449075,0.44226852,0.4832407,0.5531908
13::single::vision::19,Positive,0.07453927,0.44272876,0.48273203,0.5527508
13::single::vision::20,Positive,0.074106194,0.44216946,0.4837244,0.5547027
13::single::vision::21,Positive,0.07440115,0.4420852,0.4835136,0.55341923
13::single::vision::22,Positive,0.074307546,0.4414387,0.48425376,0.5540123
13::single::vision::23,Positive,0.07428371,0.4413336,0.4843827,0.5543988
13::single::vision::24,Positive,0.07431206,0.44164962,0.48403832,0.5537087
13::single::vision::25,Positive,0.074302524,0.44173315,0.48396432,0.553626
13::single::vision::26,Positive,0.07410501,0.44102082,0.48487416,0.554572
13::single::vision::27,Positive,0.074260384,0.4415109,0.48422873,0.55393714
13::single::vision::28,Positive,0.07537509,0.44394037,0.48068455,0.54998124
13::single::vision::29,Positive,0.074533336,0.44228545,0.48318118,0.55283684
13::single::vision::30,Positive,0.07396851,0.44087717,0.48515436,0.555093
13::single::vision::31,Positive,0.07420813,0.44093895,0.4848529,0.5549736
13::single::vision::32,Positive,0.07452147,0.44150516,0.48397338,0.5534205
13::single::vision::33,Positive,0.074244134,0.44135112,0.4844047,0.5543488
13::single::vision::34,Positive,0.07422838,0.44179058,0.48398104,0.55370694
13::single::vision::35,Positive,0.074242786,0.44109523,0.48466197,0.55442834
13::single::vision::36,Positive,0.07454938,0.43948108,0.48596954,0.5557867
14::single::text::0,Positive,0.039172646,0.13970639,0.8211209,0.9440898
14::single::text::1,Positive,0.038363315,0.13434401,0.8272926,0.9558226
14::single::text::2,Positive,0.040071055,0.14161447,0.8183144,0.9331573
14::single::text::3,Positive,0.039797395,0.14090434,0.8192983,0.9365896
14::single::text::4,Positive,0.03905454,0.13872461,0.82222086,0.9481751
14::single::text::5,Positive,0.033489052,0.16373819,0.8027728,0.90849626
14::single::text::6,Positive,0.040151704,0.14408302,0.81576526,0.9308823
14::single::text::7,Positive,0.039541025,0.13682814,0.8236308,0.9514425
14::single::text::8,Positive,0.03856557,0.13829957,0.8231348,0.9466919
14::single::text::9,Positive,0.039096206,0.14132717,0.8195767,0.9420954
14::single::text::10,Positive,0.04009884,0.14693072,0.81297046,0.9254358
14::single::text::11,Positive,0.03922029,0.14218973,0.81859,0.9378399
14::single::text::12,Positive,0.04018724,0.1428964,0.8169163,0.9303977
14::single::text::13,Positive,0.0416502,0.14450693,0.81384295,0.921064
14::single::text::14,Positive,0.039504807,0.14149106,0.8190041,0.93864244
14::single::text::15,Positive,0.040863387,0.1438338,0.81530285,0.9248294
14::single::text::16,Positive,0.04107453,0.14326376,0.81566167,0.9215804
14::single::text::17,Positive,0.041712735,0.14417988,0.81410736,0.91519815
14::single::text::18,Positive,0.04231986,0.14719321,0.810487,0.9093946
14::single::text::19,Positive,0.041305028,0.14413708,0.8145579,0.9200301
14::single::text::20,Positive,0.042085454,0.14780708,0.81010747,0.90949166
14::single::text::21,Positive,0.040913228,0.14744583,0.811641,0.9137344
14::single::text::22,Positive,0.039226186,0.13966548,0.8211083,0.94247013
14::single::audio::0,Positive,0.03980296,0.14231052,0.81788653,0.9331671
14::single::audio::1,Positive,0.03980296,0.14231052,0.81788653,0.9331671
14::single::audio::2,Positive,0.03980296,0.14231052,0.81788653,0.9331671
14::single::audio::3,Positive,0.03980296,0.14231052,0.81788653,0.9331671
14::single::audio::4,Positive,0.03980296,0.14231052,0.81788653,0.9331671
14::single::audio::5,Positive,0.03980296,0.14231052,0.81788653,0.9331671
14::single::audio::6,Positive,0.03980296,0.14231052,0.81788653,0.9331671
14::single::audio::7,Positive,0.03980296,0.14231052,0.81788653,0.9331671
14::single::audio::8,Positive,0.03980296,0.14231052,0.81788653,0.9331671
14::single::audio::9,Positive,0.03980296,0.14231052,0.81788653,0.9331671
14::single::audio::10,Positive,0.03980296,0.14231052,0.81788653,0.9331671
14::single::audio::11,Positive,0.03980296,0.14231052,0.81788653,0.9331671
14::single::audio::12,Positive,0.03980296,0.14231052,0.81788653,0.9331671
14::single::audio::13,Positive,0.03980296,0.14231052,0.81788653,0.9331671
14::single::audio::14,Positive,0.03980296,0.14231052,0.81788653,0.9331671
14::single::audio::15,Positive,0.03980296,0.14231052,0.81788653,0.9331671
14::single::audio::16,Positive,0.03980296,0.14231052,0.81788653,0.9331671
14::single::audio::17,Positive,0.03980296,0.14231052,0.81788653,0.9331671
14::single::audio::18,Positive,0.03980296,0.14231052,0.81788653,0.9331671
14::single::audio::19,Positive,0.03980296,0.14231052,0.81788653,0.9331671
14::single::audio::20,Positive,0.03980296,0.14231052,0.81788653,0.9331671
14::single::audio::21,Positive,0.03980296,0.14231052,0.81788653,0.9331671
14::single::audio::22,Positive,0.03980296,0.14231052,0.81788653,0.9331671
14::single::vision::0,Positive,0.040424965,0.14302436,0.8165507,0.92959857
14::single::vision::1,Positive,0.0393609,0.14112538,0.81951374,0.9387046
14::single::vision::2,Positive,0.03959503,0.14167951,0.81872547,0.93535054
14::single::vision::3,Positive,0.03966358,0.14229693,0.81803954,0.9342246
14::single::vision::4,Positive,0.039662413,0.14207003,0.8182675,0.9340119
14::single::vision::5,Positive,0.040305026,0.14363566,0.8160593,0.92686987
14::single::vision::6,Positive,0.04002582,0.14305802,0.81691617,0.92975676
14::single::vision::7,Positive,0.03967214,0.14230405,0.8180238,0.9347123
14::single::vision::8,Positive,0.039677855,0.14194952,0.8183726,0.9352826
14::single::vision::9,Positive,0.03965283,0.14213839,0.8182087,0.9347465
14::single::vision::10,Positive,0.039799858,0.14258602,0.81761414,0.9319455
14::single::vision::11,Positive,0.039871372,0.14257409,0.81755453,0.93215406
14::single::vision::12,Positive,0.039984018,0.14270177,0.8173142,0.931325
14::single::vision::13,Positive,0.039975777,0.14267442,0.8173498,0.93115973
14::single::vision::14,Positive,0.039513227,0.14222518,0.8182616,0.93530977
14::single::vision::15,Positive,0.038798075,0.13963899,0.8215629,0.94516575
14::single::vision::16,Positive,0.038948737,0.13923417,0.82181716,0.94411457
14::single::vision::17,Positive,0.039899938,0.1449986,0.8151014,0.926487
14::single::vision::18,Positive,0.04005477,0.14412615,0.815819,0.9310522
14::single::vision::19,Positive,0.039528117,0.14089145,0.81958044,0.9357546
14::single::vision::20,Positive,0.039860398,0.14240435,0.81773525,0.9296962
14::single::vision::21,Positive,0.04187714,0.15147701,0.8066459,0.9092791
14::single::vision::22,Positive,0.040569447,0.14400747,0.8154231,0.92829573
15::single::text::0,Negative,0.974935,0.017962527,0.007102489,-2.0602236
15::single::text::1,Negative,0.9749972,0.0179177,0.007085108,-2.0604954
15::single::text::2,Negative,0.9746562,0.018326456,0.007017253,-2.0617166
15::single::text::3,Negative,0.97469395,0.018304195,0.0070019015,-2.0619793
15::single::text::4,Negative,0.97490406,0.01841892,0.0066770134,-2.0626097
15::single::text::5,Negative,0.974537,0.018331049,0.0071319654,-2.060873
15::single::text::6,Negative,0.9748812,0.018131966,0.006986823,-2.060229
15::single::text::7,Negative,0.97481334,0.0180972,0.0070893713,-2.0594516
15::single::text::8,Negative,0.9747381,0.018209305,0.007052674,-2.0611145
15::single::text::9,Negative,0.97512686,0.01794841,0.006924685,-2.0613956
15::single::text::10,Negative,0.97499394,0.017905714,0.0071003987,-2.0630183
15::single::text::11,Negative,0.97493345,0.017788015,0.0072785392,-2.053363
15::single::text::12,Negative,0.97492754,0.018011795,0.007060637,-2.059947
15::single::audio::0,Negative,0.97497493,0.018044623,0.0069804443,-2.0604224
15::single::audio::1,Negative,0.97497493,0.018044623,0.0069804443,-2.0604224
15::single::audio::2,Negative,0.97497493,0.018044623,0.0069804443,-2.0604224
15::single::audio::3,Negative,0.97497493,0.018044623,0.0069804443,-2.0604224
15::single::audio::4,Negative,0.97497493,0.018044623,0.0069804443,-2.0604224
15::single::audio::5,Negative,0.97497493,0.018044623,0.0069804443,-2.0604224
15::single::audio::6,Negative,0.97497493,0.018044623,0.0069804443,-2.0604224
15::single::audio::7,Negative,0.97497493,0.018044623,0.0069804443,-2.0604224
15::single::audio::8,Negative,0.97497493,0.018044623,0.0069804443,-2.0604224
15::single::audio::9,Negative,0.97497493,0.018044623,0.0069804443,-2.0604224
15::single::audio::10,Negative,0.97497493,0.018044623,0.0069804443,-2.0604224
15::single::audio::11,Negative,0.97497493,0.018044623,0.0069804443,-2.0604224
15::single::audio::12,Negative,0.97497493,0.018044623,0.0069804443,-2.0604224
15::single::vision::0,Negative,0.97504497,0.017977327,0.006977774,-2.0611312
15::single::vision::1,Negative,0.9749244,0.018078277,0.0069973813,-2.0602736
15::single::vision::2,Negative,0.9749289,0.018076496,0.006994629,-2.060276
15::single::vision::3,Negative,0.9749414,0.018067017,0.0069915666,-2.0604165
15::single::vision::4,Negative,0.97484857,0.018141463,0.0070099346,-2.0590162
15::single::vision::5,Negative,0.97472644,0.018222464,0.0070510264,-2.0564525
15::single::vision::6,Negative,0.97491294,0.01808514,0.0070018955,-2.0599234
15::single::vision::7,Negative,0.974936,0.01807919,0.0069847647,-2.0610542
15::single::vision::8,Negative,0.9750352,0.017993275,0.0069715558,-2.0608509
15::single::vision::9,Negative,0.9749621,0.0180578,0.006980133,-2.060488
15::single::vision::10,Negative,0.97486067,0.018141625,0.006997749,-2.05755
15::single::vision::11,Negative,0.97499686,0.018036876,0.0069662808,-2.060597
15::single::vision::12,Negative,0.97505206,0.017973699,0.0069742864,-2.0611982
16::single::text::0,Positive,0.009660214,0.035218615,0.9551212,1.5242746
16::single::text::1,Positive,0.009648688,0.035001338,0.95535,1.5236988
16::single::text::2,Positive,0.009548548,0.034837358,0.9556141,1.5256064
16::single::text::3,Positive,0.009532981,0.034489233,0.95597786,1.5301495
16::single::text::4,Positive,0.009760685,0.036100417,0.95413893,1.5124085
16::single::text::5,Positive,0.009638981,0.03506064,0.95530033,1.5217915
16::single::text::6,Positive,0.0096465545,0.035612654,0.9547408,1.5174887
16::single::text::7,Positive,0.009855559,0.036599305,0.9535452,1.5182705
16::single::text::8,Positive,0.009569905,0.0350081,0.955422,1.526218
16::single::text::9,Positive,0.009702215,0.03505394,0.9552439,1.5217159
16::single::text::10,Positive,0.009870389,0.037626237,0.9525033,1.4894294
16::single::text::11,Positive,0.009733446,0.035994746,0.95427173,1.5151745
16::single::text::12,Positive,0.01000367,0.03734512,0.95265114,1.4908824
16::single::text::13,Positive,0.009812144,0.035787806,0.9544001,1.5142248
16::single::text::14,Positive,0.009815367,0.03674862,0.9534361,1.513974
16::single::text::15,Positive,0.009538058,0.03517458,0.9552874,1.5214348
16::single::text::16,Positive,0.009541368,0.03581763,0.954641,1.5159738
16::single::text::17,Positive,0.009494672,0.034959354,0.9555461,1.5252221
16::single::text::18,Positive,0.0096096955,0.035722516,0.95466775,1.5188336
16::single::text::19,Positive,0.009536079,0.034822065,0.95564175,1.5266483
16::single::text::20,Positive,0.009552742,0.035042576,0.9554046,1.5244446
16::single::text::21,Positive,0.009655461,0.03556672,0.9547778,1.51976
16::single::text::22,Positive,0.009670833,0.03588173,0.95444745,1.5169305
16::single::text::23,Positive,0.009789055,0.036132816,0.95407814,1.5067177
16::single::text::24,Positive,0.00969003,0.035244923,0.9550651,1.5201106
16::single::text::25,Positive,0.009668284,0.035371985,0.95495963,1.5199318
16::single::audio::0,Positive,0.009641142,0.03547334,0.9548855,1.5188117
16::single::audio::1,Positive,0.009641142,0.03547334,0.9548855,1.5188117
16::single::audio::2,Positive,0.009641142,0.03547334,0.9548855,1.5188117
16::single::audio::3,Positive,0.009641142,0.03547334,0.9548855,1.5188117
16::single::audio::4,Positive,0.009641142,0.03547334,0.9548855,1.5188117
16::single::audio::5,Positive,0.009641142,0.03547334,0.9548855,1.5188117
16::single::audio::6,Positive,0.009641142,0.03547334,0.9548855,1.5188117
16::single::audio::7,Positive,0.009641142,0.03547334,0.9548855,1.5188117
16::single::audio::8,Positive,0.009641142,0.03547334,0.9548855,1.5188117
16::single::audio::9,Positive,0.009641142,0.03547334,0.9548855,1.5188117
16::single::audio::10,Positive,0.009641142,0.03547334,0.9548855,1.5188117
16::single::audio::11,Positive,0.009641142,0.03547334,0.9548855,1.5188117
16::single::audio::12,Positive,0.009641142,0.03547334,0.9548855,1.5188117
16::single::audio::13,Positive,0.009641142,0.03547334,0.9548855,1.5188117
16::single::audio::14,Positive,0.009641142,0.03547334,0.9548855,1.5188117
16::single::audio::15,Positive,0.009641142,0.03547334,0.9548855,1.5188117
16::single::audio::16,Positive,0.009641142,0.03547334,0.9548855,1.5188117
16::single::audio::17,Positive,0.009641142,0.03547334,0.9548855,1.5188117
16::single::audio::18,Positive,0.009641142,0.03547334,0.9548855,1.5188117
16::single::audio::19,Positive,0.009641142,0.03547334,0.9548855,1.5188117
16::single::audio::20,Positive,0.009641142,0.03547334,0.9548855,1.5188117
16::single::audio::21,Positive,0.009641142,0.03547334,0.9548855,1.5188117
16::single::audio::22,Positive,0.009641142,0.03547334,0.9548855,1.5188117
16::single::audio::23,Positive,0.009641142,0.03547334,0.9548855,1.5188117
16::single::audio::24,Positive,0.009641142,0.03547334,0.9548855,1.5188117
16::single::audio::25,Positive,0.009641142,0.03547334,0.9548855,1.5188117
16::single::vision::0,Positive,0.009756327,0.03565822,0.9545854,1.5158324
16::single::vision::1,Positive,0.009602869,0.035421744,0.9549754,1.5204804
16::single::vision::2,Positive,0.00957799,0.035283677,0.95513827,1.5213561
16::single::vision::3,Positive,0.009643802,0.03545988,0.9548964,1.517848
16::single::vision::4,Positive,0.009756064,0.035887253,0.9543567,1.5143416
16::single::vision::5,Positive,0.009698807,0.035588183,0.95471305,1.5172374
16::single::vision::6,Positive,0.009667124,0.03563129,0.9547016,1.5176227
16::single::vision::7,Positive,0.009860217,0.036504157,0.95363563,1.5081106
16::single::vision::8,Positive,0.009797201,0.035905577,0.9542972,1.5127974
16::single::vision::9,Positive,0.0095931655,0.035288103,0.9551187,1.5209007
16::single::vision::10,Positive,0.009656048,0.035608277,0.95473576,1.5164769
16::single::vision::11,Positive,0.00962321,0.035376098,0.95500076,1.5190203
16::single::vision::12,Positive,0.009656298,0.03559795,0.9547458,1.5175713
16::single::vision::13,Positive,0.009592556,0.035333075,0.9550744,1.5203986
16::single::vision::14,Positive,0.009671239,0.0358403,0.9544884,1.5176187
16::single::vision::15,Positive,0.009607244,0.035386764,0.95500606,1.5198473
16::single::vision::16,Positive,0.009609777,0.035371445,0.9550187,1.5206244
16::single::vision::17,Positive,0.009591148,0.035379704,0.95502913,1.5208086
16::single::vision::18,Positive,0.009664371,0.035611447,0.9547242,1.5186713
16::single::vision::19,Positive,0.00960941,0.035324235,0.9550664,1.5198302
16::single::vision::20,Positive,0.009586136,0.035274297,0.9551396,1.5213085
16::single::vision::21,Positive,0.009589175,0.035330143,0.9550806,1.5212572
16::single::vision::22,Positive,0.009573858,0.035235252,0.95519084,1.5211825
16::single::vision::23,Positive,0.009588914,0.035273384,0.9551376,1.5206175
16::single::vision::24,Positive,0.009576161,0.035257965,0.9551659,1.5208865
16::single::vision::25,Positive,0.009746401,0.03556877,0.9546848,1.5159268
17::single::text::0,Neutral,0.37843722,0.505129,0.1164338,-0.24456011
17::single::text::1,Neutral,0.3810848,0.502938,0.115977265,-0.24878648
17::single::text::2,Neutral,0.3776474,0.5060694,0.11628318,-0.24366188
17::single::text::3,Neutral,0.3764226,0.50652117,0.11705629,-0.2428351
17::single::text::4,Neutral,0.37920237,0.50515544,0.1156422,-0.24568555
17::single::text::5,Neutral,0.38198012,0.50333774,0.11468215,-0.25210437
17::single::text::6,Neutral,0.3765921,0.5064498,0.1169581,-0.24194136
17::single::text::7,Neutral,0.38236302,0.5033107,0.1143263,-0.25223896
17::single::text::8,Neutral,0.37311894,0.51005906,0.11682202,-0.23898876
17::single::text::9,Neutral,0.37498906,0.508364,0.1166469,-0.24150404
17::single::text::10,Neutral,0.3765777,0.5077266,0.11569574,-0.24405116
17::single::text::11,Neutral,0.37477264,0.50842935,0.11679806,-0.24150015
17::single::text::12,Neutral,0.36523482,0.51574457,0.11902058,-0.22887741
17::single::text::13,Neutral,0.3711648,0.51092464,0.11791059,-0.23621334
17::single::text::14,Neutral,0.3792221,0.50497407,0.11580382,-0.2442863
17::single::text::15,Neutral,0.37193167,0.5109177,0.117150605,-0.23901618
17::single::text::16,Neutral,0.38303494,0.5026065,0.11435853,-0.25223932
17::single::text::17,Neutral,0.34795135,0.529693,0.12235571,-0.20481783
17::single::text::18,Neutral,0.36827254,0.51252246,0.11920497,-0.23246057
17::single::text::19,Neutral,0.37156323,0.51056105,0.11787576,-0.23591757
17::single::text::20,Neutral,0.3845988,0.5026128,0.11278837,-0.25413474
17::single::text::21,Neutral,0.3813404,0.50423455,0.11442505,-0.24901357
17::single::text::22,Neutral,0.37135157,0.5101725,0.11847595,-0.23430002
17::single::text::23,Neutral,0.3615139,0.51784456,0.12064154,-0.22630167
17::single::text::24,Neutral,0.3813511,0.50346154,0.11518735,-0.28695214
17::single::text::25,Neutral,0.36968884,0.5132406,0.1170706,-0.23777503
17::single::text::26,Neutral,0.3714297,0.5114111,0.11715926,-0.23415019
17::single::text::27,Neutral,0.36405396,0.51697576,0.11897029,-0.22680447
17::single::text::28,Neutral,0.3565982,0.5228696,0.12053219,-0.21830148
17::single::text::29,Neutral,0.2977285,0.5683082,0.13396329,-0.13998279
17::single::text::30,Neutral,0.36468875,0.5152802,0.12003107,-0.22657746
17::single::text::31,Neutral,0.36792454,0.51521194,0.116863534,-0.23445748
17::single::text::32,Neutral,0.34230012,0.5308089,0.12689094,-0.19041345
17::single::text::33,Neutral,0.36325127,0.51657265,0.12017603,-0.22316939
17::single::text::34,Neutral,0.36799178,0.5135745,0.118433736,-0.23148495
17::single::text::35,Neutral,0.34992138,0.52735233,0.12272633,-0.20443994
17::single::text::36,Neutral,0.36549056,0.51501256,0.11949689,-0.22660425
17::single::text::37,Neutral,0.37073556,0.51102364,0.1182408,-0.2343835
17::single::text::38,Neutral,0.37557712,0.50754464,0.11687827,-0.24278787
17::single::text::39,Neutral,0.36163634,0.5181297,0.12023396,-0.22361016
17::single::text::40,Neutral,0.30098355,0.56524146,0.13377503,-0.12957802
17::single::text::41,Neutral,0.35595557,0.5230126,0.12103185,-0.21144274
17::single::text::42,Neutral,0.37135828,0.5110125,0.117629245,-0.23837703
17::single::text::43,Neutral,0.36785528,0.51344293,0.11870179,-0.23040296
17::single::text::44,Neutral,0.36478522,0.5165486,0.11866619,-0.22873016
17::single::text::45,Neutral,0.37055704,0.51196057,0.11748243,-0.2355597
17::single::text::46,Neutral,0.3672235,0.51437414,0.11840239,-0.23134142
17::single::text::47,Neutral,0.39109108,0.492992,0.115917005,-0.26906025
17::single::text::48,Neutral,0.3795318,0.5022775,0.11819071,-0.24575943
17::single::text::49,Neutral,0.3714628,0.51011556,0.11842159,-0.23512517
17::single::audio::0,Neutral,0.36836812,0.5134795,0.118152425,-0.2323144
17::single::audio::1,Neutral,0.36836812,0.5134795,0.118152425,-0.2323144
17::single::audio::2,Neutral,0.36836812,0.5134795,0.118152425,-0.2323144
17::single::audio::3,Neutral,0.36836812,0.5134795,0.118152425,-0.2323144
17::single::audio::4,Neutral,0.36836812,0.5134795,0.118152425,-0.2323144
17::single::audio::5,Neutral,0.36836812,0.5134795,0.118152425,-0.2323144
17::single::audio::6,Neutral,0.36836812,0.5134795,0.118152425,-0.2323144
17::single::audio::7,Neutral,0.36836812,0.5134795,0.118152425,-0.2323144
17::single::audio::8,Neutral,0.36836812,0.5134795,0.118152425,-0.2323144
17::single::audio::9,Neutral,0.36836812,0.5134795,0.118152425,-0.2323144
17::single::audio::10,Neutral,0.36836812,0.5134795,0.118152425,-0.2323144
17::single::audio::11,Neutral,0.36836812,0.5134795,0.118152425,-0.2323144
17::single::audio::12,Neutral,0.36836812,0.5134795,0.118152425,-0.2323144
17::single::audio::13,Neutral,0.36836812,0.5134795,0.118152425,-0.2323144
17::single::audio::14,Neutral,0.36836812,0.5134795,0.118152425,-0.2323144
17::single::audio::15,Neutral,0.36836812,0.5134795,0.118152425,-0.2323144
17::single::audio::16,Neutral,0.36836812,0.5134795,0.118152425,-0.2323144
17::single::audio::17,Neutral,0.36836812,0.5134795,0.118152425,-0.2323144
17::single::audio::18,Neutral,0.36836812,0.5134795,0.118152425,-0.2323144
17::single::audio::19,Neutral,0.36836812,0.5134795,0.118152425,-0.2323144
17::single::audio::20,Neutral,0.36836812,0.5134795,0.118152425,-0.2323144
17::single::audio::21,Neutral,0.36836812,0.5134795,0.118152425,-0.2323144
17::single::audio::22,Neutral,0.36836812,0.5134795,0.118152425,-0.2323144
17::single::audio::23,Neutral,0.36836812,0.5134795,0.118152425,-0.2323144
17::single::audio::24,Neutral,0.36836812,0.5134795,0.118152425,-0.2323144
17::single::audio::25,Neutral,0.36836812,0.5134795,0.118152425,-0.2323144
17::single::audio::26,Neutral,0.36836812,0.5134795,0.118152425,-0.2323144
17::single::audio::27,Neutral,0.36836812,0.5134795,0.118152425,-0.2323144
17::single::audio::28,Neutral,0.36836812,0.5134795,0.118152425,-0.2323144
17::single::audio::29,Neutral,0.36836812,0.5134795,0.118152425,-0.2323144
17::single::audio::30,Neutral,0.36836812,0.5134795,0.118152425,-0.2323144
17::single::audio::31,Neutral,0.36836812,0.5134795,0.118152425,-0.2323144
17::single::audio::32,Neutral,0.36836812,0.5134795,0.118152425,-0.2323144
17::single::audio::33,Neutral,0.36836812,0.5134795,0.118152425,-0.2323144
17::single::audio::34,Neutral,0.36836812,0.5134795,0.118152425,-0.2323144
17::single::audio::35,Neutral,0.36836812,0.5134795,0.118152425,-0.2323144
17::single::audio::36,Neutral,0.36836812,0.5134795,0.118152425,-0.2323144
17::single::audio::37,Neutral,0.36836812,0.5134795,0.118152425,-0.2323144
17::single::audio::38,Neutral,0.36836812,0.5134795,0.118152425,-0.2323144
17::single::audio::39,Neutral,0.36836812,0.5134795,0.118152425,-0.2323144
17::single::audio::40,Neutral,0.36836812,0.5134795,0.118152425,-0.2323144
17::single::audio::41,Neutral,0.36836812,0.5134795,0.118152425,-0.2323144
17::single::audio::42,Neutral,0.36836812,0.5134795,0.118152425,-0.2323144
17::single::audio::43,Neutral,0.36836812,0.5134795,0.118152425,-0.2323144
17::single::audio::44,Neutral,0.36836812,0.5134795,0.118152425,-0.2323144
17::single::audio::45,Neutral,0.36836812,0.5134795,0.118152425,-0.2323144
17::single::audio::46,Neutral,0.36836812,0.5134795,0.118152425,-0.2323144
17::single::audio::47,Neutral,0.36836812,0.5134795,0.118152425,-0.2323144
17::single::audio::48,Neutral,0.36836812,0.5134795,0.118152425,-0.2323144
17::single::audio::49,Neutral,0.36836812,0.5134795,0.118152425,-0.2323144
17::single::vision::0,Neutral,0.36963457,0.5120868,0.11827856,-0.23343909
17::single::vision::1,Neutral,0.3682503,0.5135204,0.11822927,-0.23238176
17::single::vision::2,Neutral,0.36820903,0.5135734,0.11821756,-0.23234773
17::single::vision::3,Neutral,0.3683444,0.51343393,0.11822168,-0.23229267
17::single::vision::4,Neutral,0.36869335,0.5130999,0.11820675,-0.23269436
17::single::vision::5,Neutral,0.36880213,0.51301557,0.11818235,-0.2327387
17::single::vision::6,Neutral,0.36869365,0.51311874,0.11818763,-0.23255426
17::single::vision::7,Neutral,0.3684246,0.5134089,0.11816646,-0.23250559
17::single::vision::8,Neutral,0.36832127,0.5135183,0.11816044,-0.23246905
17::single::vision::9,Neutral,0.3683712,0.5134581,0.118170775,-0.23258263
17::single::vision::10,Neutral,0.36837307,0.5134782,0.11814868,-0.23261696
17::single::vision::11,Neutral,0.36841205,0.5134622,0.118125744,-0.23271236
17::single::vision::12,Neutral,0.36832705,0.51352084,0.11815214,-0.23232186
17::single::vision::13,Neutral,0.3682908,0.5135472,0.118161984,-0.23237863
17::single::vision::14,Neutral,0.36795983,0.5137239,0.11831622,-0.23139596
17::single::vision::15,Neutral,0.36964753,0.51270634,0.11764616,-0.23491693
17::single::vision::16,Neutral,0.36885566,0.5131943,0.11795004,-0.23303479
17::single::vision::17,Neutral,0.36720964,0.5141608,0.11862956,-0.22915205
17::single::vision::18,Neutral,0.36858106,0.5133449,0.11807407,-0.23240727
17::single::vision::19,Neutral,0.36858442,0.5134645,0.117951095,-0.23295382
17::single::vision::20,Neutral,0.3693576,0.5127998,0.11784262,-0.23376985
17::single::vision::21,Neutral,0.36875424,0.5132543,0.11799147,-0.23325184
17::single::vision::22,Neutral,0.36879554,0.51319844,0.11800606,-0.2331987
17::single::vision::23,Neutral,0.36869583,0.51336086,0.117943294,-0.23307976
17::single::vision::24,Neutral,0.36944237,0.5125563,0.11800129,-0.23328891
17::single::vision::25,Neutral,0.36840835,0.5135989,0.11799269,-0.2327351
17::single::vision::26,Neutral,0.36802542,0.5140707,0.11790384,-0.23344785
17::single::vision::27,Neutral,0.36814812,0.5138916,0.117960304,-0.23269142
17::single::vision::28,Neutral,0.36893192,0.5135752,0.11749291,-0.23671554
17::single::vision::29,Neutral,0.36034507,0.5200144,0.11964054,-0.22056034
17::single::vision::30,Neutral,0.36763114,0.5140995,0.118269384,-0.23035303
17::single::vision::31,Neutral,0.37034348,0.51255286,0.11710366,-0.23744032
17::single::vision::32,Neutral,0.36755872,0.5139551,0.11848616,-0.23030868
17::single::vision::33,Neutral,0.36783624,0.5137615,0.11840225,-0.2309132
17::single::vision::34,Neutral,0.3685515,0.5134392,0.11800933,-0.23332961
17::single::vision::35,Neutral,0.36809182,0.5135487,0.11835956,-0.23128146
17::single::vision::36,Neutral,0.36806437,0.5137426,0.118192986,-0.23200831
17::single::vision::37,Neutral,0.3681727,0.5138075,0.11801985,-0.23316637
17::single::vision::38,Neutral,0.36837214,0.5135435,0.11808437,-0.23278333
17::single::vision::39,Neutral,0.36898217,0.5130649,0.11795288,-0.23412499
17::single::vision::40,Neutral,0.36332712,0.5167067,0.11996622,-0.21804225
17::single::vision::41,Neutral,0.36799842,0.5136202,0.118381456,-0.23016518
17::single::vision::42,Neutral,0.3683441,0.5134477,0.11820824,-0.23214193
17::single::vision::43,Neutral,0.36770487,0.51376253,0.11853257,-0.22990961
17::single::vision::44,Neutral,0.36782244,0.5135603,0.1186173,-0.23003751
17::single::vision::45,Neutral,0.36650005,0.51477593,0.11872401,-0.2285783
17::single::vision::46,Neutral,0.36752576,0.51380134,0.11867293,-0.23055781
17::single::vision::47,Neutral,0.36828515,0.5129792,0.11873563,-0.23101184
17::single::vision::48,Neutral,0.3674061,0.51389813,0.11869579,-0.23042442
17::single::vision::49,Neutral,0.36952153,0.512179,0.11829948,-0.23319174
18::single::text::0,Positive,0.26848584,0.083542,0.6479722,0.73060554
18::single::text::1,Positive,0.25261393,0.08197371,0.6654124,0.7717203
18::single::text::2,Positive,0.2964079,0.085598536,0.6179936,0.658942
18::single::text::3,Positive,0.44053885,0.09940531,0.46005586,0.28985897
18::single::text::4,Positive,0.24548051,0.08762553,0.666894,0.7767234
18::single::text::5,Positive,0.22620124,0.08611916,0.68767965,0.7921424
18::single::text::6,Positive,0.26427564,0.08429831,0.6514261,0.7391867
18::single::text::7,Positive,0.27080092,0.084655985,0.64454305,0.7225199
18::single::text::8,Positive,0.26253265,0.08416025,0.6533071,0.7433304
18::single::text::9,Positive,0.24874793,0.08277288,0.6684792,0.7790642
18::single::text::10,Positive,0.26009268,0.08426044,0.65564686,0.7482043
18::single::text::11,Positive,0.25649744,0.08382569,0.65967685,0.7588622
18::single::text::12,Positive,0.21939704,0.0816368,0.6989662,0.8568404
18::single::text::13,Positive,0.26287654,0.08499764,0.6521258,0.74068993
18::single::text::14,Positive,0.26819548,0.08620592,0.64559853,0.7276296
18::single::text::15,Positive,0.2559889,0.088160984,0.6558501,0.74331224
18::single::text::16,Positive,0.2789234,0.0866163,0.6344603,0.7050507
18::single::text::17,Positive,0.17762153,0.08369828,0.7386802,0.94718546
18::single::text::18,Positive,0.25181502,0.084472924,0.663712,0.76473176
18::single::text::19,Positive,0.27724388,0.08601979,0.6367363,0.7086661
18::single::text::20,Positive,0.27226228,0.08473861,0.64299905,0.72038496
18::single::text::21,Positive,0.28563732,0.084259555,0.6301031,0.68553054
18::single::text::22,Positive,0.26430652,0.08397594,0.6517176,0.7381427
18::single::text::23,Positive,0.25619116,0.08381378,0.6599951,0.7581005
18::single::text::24,Positive,0.267727,0.085381754,0.6468913,0.72720265
18::single::text::25,Positive,0.2740425,0.08465328,0.6413042,0.7148174
18::single::text::26,Positive,0.24859428,0.08250764,0.6688981,0.7764846
18::single::text::27,Positive,0.26572105,0.084634475,0.6496445,0.73404634
18::single::text::28,Positive,0.25952306,0.08395252,0.6565245,0.7501751
18::single::text::29,Positive,0.20056154,0.08055053,0.718888,0.9033215
18::single::text::30,Positive,0.23756227,0.082509145,0.67992866,0.807
18::single::text::31,Positive,0.26082718,0.08497901,0.6541938,0.74657047
18::single::text::32,Positive,0.26785925,0.08594323,0.64619756,0.7273023
18::single::text::33,Positive,0.2912854,0.08618751,0.62252706,0.6729561
18::single::text::34,Positive,0.26016203,0.084532104,0.65530586,0.7485036
18::single::text::35,Positive,0.2841418,0.08658156,0.6292766,0.68875825
18::single::text::36,Positive,0.27097327,0.085652016,0.64337474,0.7209078
18::single::text::37,Positive,0.2624868,0.08507138,0.65244186,0.74237275
18::single::text::38,Positive,0.27684945,0.08751741,0.6356331,0.7066051
18::single::text::39,Positive,0.25815633,0.08130344,0.66054016,0.75554657
18::single::text::40,Positive,0.25500312,0.084120825,0.6608761,0.7635766
18::single::audio::0,Positive,0.26167914,0.08484297,0.6534779,0.7440494
18::single::audio::1,Positive,0.26167914,0.08484297,0.6534779,0.7440494
18::single::audio::2,Positive,0.26167914,0.08484297,0.6534779,0.7440494
18::single::audio::3,Positive,0.26167914,0.08484297,0.6534779,0.7440494
18::single::audio::4,Positive,0.26167914,0.08484297,0.6534779,0.7440494
18::single::audio::5,Positive,0.26167914,0.08484297,0.6534779,0.7440494
18::single::audio::6,Positive,0.26167914,0.08484297,0.6534779,0.7440494
18::single::audio::7,Positive,0.26167914,0.08484297,0.6534779,0.7440494
18::single::audio::8,Positive,0.26167914,0.08484297,0.6534779,0.7440494
18::single::audio::9,Positive,0.26167914,0.08484297,0.6534779,0.7440494
18::single::audio::10,Positive,0.26167914,0.08484297,0.6534779,0.7440494
18::single::audio::11,Positive,0.26167914,0.08484297,0.6534779,0.7440494
18::single::audio::12,Positive,0.26167914,0.08484297,0.6534779,0.7440494
18::single::audio::13,Positive,0.26167914,0.08484297,0.6534779,0.7440494
18::single::audio::14,Positive,0.26167914,0.08484297,0.6534779,0.7440494
18::single::audio::15,Positive,0.26167914,0.08484297,0.6534779,0.7440494
18::single::audio::16,Positive,0.26167914,0.08484297,0.6534779,0.7440494
18::single::audio::17,Positive,0.26167914,0.08484297,0.6534779,0.7440494
18::single::audio::18,Positive,0.26167914,0.08484297,0.6534779,0.7440494
18::single::audio::19,Positive,0.26167914,0.08484297,0.6534779,0.7440494
18::single::audio::20,Positive,0.26167914,0.08484297,0.6534779,0.7440494
18::single::audio::21,Positive,0.26167914,0.08484297,0.6534779,0.7440494
18::single::audio::22,Positive,0.26167914,0.08484297,0.6534779,0.7440494
18::single::audio::23,Positive,0.26167914,0.08484297,0.6534779,0.7440494
18::single::audio::24,Positive,0.26167914,0.08484297,0.6534779,0.7440494
18::single::audio::25,Positive,0.26167914,0.08484297,0.6534779,0.7440494
18::single::audio::26,Positive,0.26167914,0.08484297,0.6534779,0.7440494
18::single::audio::27,Positive,0.26167914,0.08484297,0.6534779,0.7440494
18::single::audio::28,Positive,0.26167914,0.08484297,0.6534779,0.7440494
18::single::audio::29,Positive,0.26167914,0.08484297,0.6534779,0.7440494
18::single::audio::30,Positive,0.26167914,0.08484297,0.6534779,0.7440494
18::single::audio::31,Positive,0.26167914,0.08484297,0.6534779,0.7440494
18::single::audio::32,Positive,0.26167914,0.08484297,0.6534779,0.7440494
18::single::audio::33,Positive,0.26167914,0.08484297,0.6534779,0.7440494
18::single::audio::34,Positive,0.26167914,0.08484297,0.6534779,0.7440494
18::single::audio::35,Positive,0.26167914,0.08484297,0.6534779,0.7440494
18::single::audio::36,Positive,0.26167914,0.08484297,0.6534779,0.7440494
18::single::audio::37,Positive,0.26167914,0.08484297,0.6534779,0.7440494
18::single::audio::38,Positive,0.26167914,0.08484297,0.6534779,0.7440494
18::single::audio::39,Positive,0.26167914,0.08484297,0.6534779,0.7440494
18::single::audio::40,Positive,0.26167914,0.08484297,0.6534779,0.7440494
18::single::vision::0,Positive,0.26264834,0.08484564,0.65250605,0.740136
18::single::vision::1,Positive,0.26032606,0.084605485,0.65506846,0.74691343
18::single::vision::2,Positive,0.2593399,0.0842479,0.6564122,0.7488791
18::single::vision::3,Positive,0.2844215,0.08915187,0.62642664,0.7037082
18::single::vision::4,Positive,0.2629236,0.08532364,0.6517528,0.74067104
18::single::vision::5,Positive,0.259645,0.08420244,0.6561526,0.74708724
18::single::vision::6,Positive,0.26147324,0.08491811,0.6536086,0.74427366
18::single::vision::7,Positive,0.26105762,0.08471436,0.65422803,0.7457368
18::single::vision::8,Positive,0.26140615,0.0847034,0.6538905,0.74452895
18::single::vision::9,Positive,0.26149726,0.08474226,0.6537605,0.7438718
18::single::vision::10,Positive,0.2608498,0.08474605,0.6544041,0.7457595
18::single::vision::11,Positive,0.26105732,0.08480715,0.6541355,0.74531156
18::single::vision::12,Positive,0.26172054,0.08474146,0.6535379,0.7436477
18::single::vision::13,Positive,0.2622481,0.08471201,0.6530399,0.74302006
18::single::vision::14,Positive,0.26232868,0.0847745,0.6528968,0.74225277
18::single::vision::15,Positive,0.26425683,0.08531479,0.65042835,0.73579144
18::single::vision::16,Positive,0.26591504,0.08449238,0.6495925,0.7424949
18::single::vision::17,Positive,0.24889491,0.08236115,0.6687439,0.77704585
18::single::vision::18,Positive,0.25969633,0.0844525,0.6558512,0.7458867
18::single::vision::19,Positive,0.26962736,0.085957326,0.6444153,0.72506666
18::single::vision::20,Positive,0.26471993,0.08607478,0.6492053,0.73579204
18::single::vision::21,Positive,0.2630353,0.085675284,0.6512894,0.7389778
18::single::vision::22,Positive,0.26321545,0.08581082,0.65097374,0.7380114
18::single::vision::23,Positive,0.26327655,0.08593525,0.6507882,0.73669857
18::single::vision::24,Positive,0.2615458,0.08494788,0.65350634,0.7440709
18::single::vision::25,Positive,0.26166496,0.08478584,0.65354913,0.74491835
18::single::vision::26,Positive,0.26182273,0.08479378,0.6533835,0.7446946
18::single::vision::27,Positive,0.26197433,0.08480861,0.653217,0.7441924
18::single::vision::28,Positive,0.2617822,0.084800474,0.65341735,0.74488825
18::single::vision::29,Positive,0.26174888,0.084708124,0.65354294,0.7449963
18::single::vision::30,Positive,0.26030508,0.08464742,0.65504754,0.7485288
18::single::vision::31,Positive,0.2580298,0.08451412,0.65745604,0.75459564
18::single::vision::32,Positive,0.26405618,0.084814996,0.6511288,0.73943007
18::single::vision::33,Positive,0.26401317,0.084870405,0.65111643,0.7403616
18::single::vision::34,Positive,0.25290093,0.084120594,0.6629785,0.76884437
18::single::vision::35,Positive,0.26130423,0.08477062,0.6539251,0.74604404
18::single::vision::36,Positive,0.26117843,0.08485419,0.65396744,0.7462657
18::single::vision::37,Positive,0.2630852,0.084982045,0.6519327,0.74141276
18::single::vision::38,Positive,0.26028204,0.08666449,0.6530534,0.7465877
18::single::vision::39,Positive,0.26090902,0.08484912,0.6542418,0.74491566
18::single::vision::40,Positive,0.26377225,0.08481337,0.65141433,0.7379452
19::single::text::0,Positive,0.012786024,0.10127652,0.88593745,1.1046635
19::single::text::1,Positive,0.012730296,0.10045885,0.88681084,1.1038682
19::single::text::2,Positive,0.013471635,0.10723129,0.87929714,1.0709403
19::single::text::3,Positive,0.013575831,0.10753251,0.8788917,1.0715051
19::single::text::4,Positive,0.013052365,0.103113115,0.88383454,1.0969057
19::single::text::5,Positive,0.013529255,0.10683241,0.87963825,1.0851827
19::single::text::6,Positive,0.013032271,0.1029709,0.8839968,1.09369
19::single::text::7,Positive,0.012964875,0.10196334,0.8850717,1.0952864
19::single::text::8,Positive,0.013122921,0.10366742,0.88320965,1.0908543
19::single::text::9,Positive,0.012771812,0.10126332,0.8859648,1.1026623
19::single::text::10,Positive,0.012871991,0.10090537,0.88622266,1.1000531
19::single::text::11,Positive,0.0129130315,0.101666085,0.8854209,1.0986428
19::single::text::12,Positive,0.0129654175,0.10147671,0.88555783,1.0939164
19::single::text::13,Positive,0.013147398,0.10008845,0.88676417,1.0874517
19::single::text::14,Positive,0.012694692,0.098805726,0.8884995,1.1074023
19::single::text::15,Positive,0.012943648,0.102437526,0.8846189,1.098636
19::single::text::16,Positive,0.0130018685,0.10159364,0.88540447,1.09325
19::single::text::17,Positive,0.0132095935,0.10539642,0.881394,1.0844796
19::single::text::18,Positive,0.014033294,0.114627935,0.87133884,1.0621432
19::single::text::19,Positive,0.012912178,0.101939864,0.8851479,1.0990893
19::single::text::20,Positive,0.012775498,0.099763654,0.8874608,1.103859
19::single::text::21,Positive,0.0131114125,0.10441934,0.88246924,1.0891595
19::single::text::22,Positive,0.013096522,0.10412367,0.8827798,1.0892162
19::single::text::23,Positive,0.012978474,0.102650695,0.8843708,1.0957134
19::single::text::24,Positive,0.012895256,0.10219749,0.8849073,1.097411
19::single::text::25,Positive,0.012933241,0.10214579,0.88492095,1.0958841
19::single::text::26,Positive,0.013071674,0.102894366,0.884034,1.0937767
19::single::text::27,Positive,0.013109958,0.10236992,0.8845202,1.0945556
19::single::text::28,Positive,0.012770772,0.100106135,0.8871231,1.1042246
19::single::text::29,Positive,0.012741459,0.09995732,0.88730115,1.1035287
19::single::text::30,Positive,0.0127654495,0.09997777,0.88725674,1.1046771
19::single::text::31,Positive,0.012772447,0.100793086,0.8864344,1.1010498
19::single::text::32,Positive,0.0128067145,0.10081271,0.8863806,1.1001873
19::single::text::33,Positive,0.012883191,0.1002884,0.88682836,1.1002395
19::single::text::34,Positive,0.012820229,0.10053799,0.88664186,1.0990462
19::single::text::35,Positive,0.012860189,0.101118945,0.88602084,1.1007118
19::single::text::36,Positive,0.013133546,0.10394119,0.8829252,1.0888526
19::single::text::37,Positive,0.012975509,0.102676965,0.88434756,1.0939487
19::single::text::38,Positive,0.0129004875,0.1064768,0.88062274,1.0810223
19::single::text::39,Positive,0.012875495,0.102034226,0.8850903,1.0987295
19::single::text::40,Positive,0.012946615,0.102109015,0.8849444,1.0950613
19::single::text::41,Positive,0.012942195,0.10286538,0.88419235,1.0935594
19::single::text::42,Positive,0.01294819,0.10276338,0.8842885,1.0953084
19::single::text::43,Positive,0.012866476,0.10109927,0.8860343,1.1013181
19::single::text::44,Positive,0.012898478,0.10195457,0.8851469,1.0967457
19::single::audio::0,Positive,0.012947475,0.102197796,0.8848547,1.0963304
19::single::audio::1,Positive,0.012947475,0.102197796,0.8848547,1.0963304
19::single::audio::2,Positive,0.012947475,0.102197796,0.8848547,1.0963304
19::single::audio::3,Positive,0.012947475,0.102197796,0.8848547,1.0963304
19::single::audio::4,Positive,0.012947475,0.102197796,0.8848547,1.0963304
19::single::audio::5,Positive,0.012947475,0.102197796,0.8848547,1.0963304
19::single::audio::6,Positive,0.012947475,0.102197796,0.8848547,1.0963304
19::single::audio::7,Positive,0.012947475,0.102197796,0.8848547,1.0963304
19::single::audio::8,Positive,0.012947475,0.102197796,0.8848547,1.0963304
19::single::audio::9,Positive,0.012947475,0.102197796,0.8848547,1.0963304
19::single::audio::10,Positive,0.012947475,0.102197796,0.8848547,1.0963304
19::single::audio::11,Positive,0.012947475,0.102197796,0.8848547,1.0963304
19::single::audio::12,Positive,0.012947475,0.102197796,0.8848547,1.0963304
19::single::audio::13,Positive,0.012947475,0.102197796,0.8848547,1.0963304
19::single::audio::14,Positive,0.012947475,0.102197796,0.8848547,1.0963304
19::single::audio::15,Positive,0.012947475,0.102197796,0.8848547,1.0963304
19::single::audio::16,Positive,0.012947475,0.102197796,0.8848547,1.0963304
19::single::audio::17,Positive,0.012947475,0.102197796,0.8848547,1.0963304
19::single::audio::18,Positive,0.012947475,0.102197796,0.8848547,1.0963304
19::single::audio::19,Positive,0.012947475,0.102197796,0.8848547,1.0963304
19::single::audio::20,Positive,0.012947475,0.102197796,0.8848547,1.0963304
19::single::audio::21,Positive,0.012947475,0.102197796,0.8848547,1.0963304
19::single::audio::22,Positive,0.012947475,0.102197796,0.8848547,1.0963304
19::single::audio::23,Positive,0.012947475,0.102197796,0.8848547,1.0963304
19::single::audio::24,Positive,0.012947475,0.102197796,0.8848547,1.0963304
19::single::audio::25,Positive,0.012947475,0.102197796,0.8848547,1.0963304
19::single::audio::26,Positive,0.012947475,0.102197796,0.8848547,1.0963304
19::single::audio::27,Positive,0.012947475,0.102197796,0.8848547,1.0963304
19::single::audio::28,Positive,0.012947475,0.102197796,0.8848547,1.0963304
19::single::audio::29,Positive,0.012947475,0.102197796,0.8848547,1.0963304
19::single::audio::30,Positive,0.012947475,0.102197796,0.8848547,1.0963304
19::single::audio::31,Positive,0.012947475,0.102197796,0.8848547,1.0963304
19::single::audio::32,Positive,0.012947475,0.102197796,0.8848547,1.0963304
19::single::audio::33,Positive,0.012947475,0.102197796,0.8848547,1.0963304
19::single::audio::34,Positive,0.012947475,0.102197796,0.8848547,1.0963304
19::single::audio::35,Positive,0.012947475,0.102197796,0.8848547,1.0963304
19::single::audio::36,Positive,0.012947475,0.102197796,0.8848547,1.0963304
19::single::audio::37,Positive,0.012947475,0.102197796,0.8848547,1.0963304
19::single::audio::38,Positive,0.012947475,0.102197796,0.8848547,1.0963304
19::single::audio::39,Positive,0.012947475,0.102197796,0.8848547,1.0963304
19::single::audio::40,Positive,0.012947475,0.102197796,0.8848547,1.0963304
19::single::audio::41,Positive,0.012947475,0.102197796,0.8848547,1.0963304
19::single::audio::42,Positive,0.012947475,0.102197796,0.8848547,1.0963304
19::single::audio::43,Positive,0.012947475,0.102197796,0.8848547,1.0963304
19::single::audio::44,Positive,0.012947475,0.102197796,0.8848547,1.0963304
19::single::vision::0,Positive,0.012978505,0.102068074,0.88495344,1.0958028
19::single::vision::1,Positive,0.0129243955,0.101523116,0.8855525,1.09845
19::single::vision::2,Positive,0.012962395,0.10192624,0.88511133,1.0969256
19::single::vision::3,Positive,0.013010372,0.10226535,0.88472426,1.0957038
19::single::vision::4,Positive,0.012915024,0.101681985,0.885403,1.0991602
19::single::vision::5,Positive,0.013102179,0.103351206,0.8835466,1.0920787
19::single::vision::6,Positive,0.012979448,0.10246531,0.8845552,1.0952536
19::single::vision::7,Positive,0.012977171,0.10236417,0.8846586,1.0942941
19::single::vision::8,Positive,0.012996262,0.10254212,0.8844616,1.0941536
19::single::vision::9,Positive,0.012996118,0.10258878,0.8844151,1.0944746
19::single::vision::10,Positive,0.0129825035,0.10276139,0.8842561,1.0949794
19::single::vision::11,Positive,0.012936575,0.10202118,0.8850423,1.0956537
19::single::vision::12,Positive,0.013018555,0.10262305,0.8843584,1.0926688
19::single::vision::13,Positive,0.013232175,0.10351878,0.883249,1.0859559
19::single::vision::14,Positive,0.012969556,0.10253325,0.88449717,1.0935487
19::single::vision::15,Positive,0.012985389,0.10283399,0.8841806,1.0936697
19::single::vision::16,Positive,0.012943554,0.10223319,0.8848233,1.0931919
19::single::vision::17,Positive,0.01300722,0.102987915,0.88400483,1.0900613
19::single::vision::18,Positive,0.013514366,0.1083302,0.87815547,1.0732774
19::single::vision::19,Positive,0.012995876,0.102774546,0.88422954,1.0936227
19::single::vision::20,Positive,0.012935262,0.10196589,0.8850989,1.0955334
19::single::vision::21,Positive,0.0130967945,0.10343076,0.8834724,1.0893877
19::single::vision::22,Positive,0.013075746,0.103395045,0.8835292,1.091718
19::single::vision::23,Positive,0.012853956,0.10169148,0.8854546,1.0993441
19::single::vision::24,Positive,0.0129224975,0.10220085,0.88487667,1.0960324
19::single::vision::25,Positive,0.012939263,0.10251007,0.8845507,1.0928868
19::single::vision::26,Positive,0.012959766,0.10235955,0.8846807,1.0960212
19::single::vision::27,Positive,0.013011148,0.10202455,0.88496435,1.0993696
19::single::vision::28,Positive,0.012897804,0.1018643,0.8852379,1.099245
19::single::vision::29,Positive,0.012865627,0.1020664,0.885068,1.0972071
19::single::vision::30,Positive,0.012879313,0.101982385,0.88513833,1.0981233
19::single::vision::31,Positive,0.01288542,0.1018892,0.88522536,1.0984977
19::single::vision::32,Positive,0.012879939,0.101894,0.88522613,1.0985324
19::single::vision::33,Positive,0.012882481,0.10189646,0.88522106,1.0985428
19::single::vision::34,Positive,0.012933377,0.10212756,0.88493913,1.095018
19::single::vision::35,Positive,0.012878,0.10184939,0.8852726,1.0992334
19::single::vision::36,Positive,0.012900907,0.10176985,0.88532925,1.0967679
19::single::vision::37,Positive,0.012891101,0.10192143,0.8851875,1.0987788
19::single::vision::38,Positive,0.013000301,0.102806464,0.8841932,1.0936866
19::single::vision::39,Positive,0.012914906,0.102099665,0.88498545,1.0978587
19::single::vision::40,Positive,0.012944409,0.10207137,0.88498425,1.0955878
19::single::vision::41,Positive,0.012938222,0.10191318,0.8851486,1.0976927
19::single::vision::42,Positive,0.012952218,0.10206441,0.8849834,1.0969329
19::single::vision::43,Positive,0.012942385,0.10197532,0.88508224,1.0972669
19::single::vision::44,Positive,0.012982022,0.10207877,0.88493913,1.0958622
