id,predicted_label,negative_probability,neutral_probability,positive_probability,predicted_intensity
0::single::text::0,Positive,0.015482513,0.14072815,0.8437893,0.31692827
0::single::text::1,Positive,0.015482513,0.14072815,0.8437893,0.31692827
0::single::text::2,Positive,0.016339058,0.062916584,0.92074436,0.39443195
0::single::text::3,Positive,0.014315891,0.049745113,0.935939,0.41911596
0::single::text::4,Positive,0.013416304,0.055505343,0.9310784,0.40210676
0::single::text::5,Positive,0.018645478,0.17168304,0.8096715,0.28478447
0::single::text::6,Positive,0.019169854,0.24889085,0.7319393,0.2445732
0::single::text::7,Positive,0.01710019,0.065635465,0.91726434,0.37666395
0::single::text::8,Positive,0.01677782,0.056134067,0.9270882,0.38435078
0::single::text::9,Positive,0.01677782,0.056134067,0.9270882,0.38435078
0::single::text::10,Positive,0.016144732,0.050183278,0.93367195,0.40761968
0::single::text::11,Positive,0.02031634,0.20994437,0.7697394,0.25790673
0::single::text::12,Positive,0.01969847,0.3715058,0.60879576,0.19831878
0::single::text::13,Positive,0.023254078,0.28932348,0.68742245,0.22042724
0::single::text::14,Positive,0.01845203,0.335946,0.645602,0.21605596
0::single::text::15,Positive,0.017416209,0.112607494,0.86997634,0.31354806
0::single::text::16,Positive,0.01804089,0.083490655,0.8984685,0.34442198
0::single::text::17,Positive,0.01804089,0.083490655,0.8984685,0.34442198
0::single::text::18,Positive,0.017530631,0.07039246,0.9120769,0.3641622
0::single::text::19,Positive,0.024694212,0.20683518,0.76847064,0.23559786
0::single::text::20,Positive,0.015488165,0.044252023,0.9402598,0.44565243
0::single::text::21,Positive,0.019743562,0.065760955,0.91449547,0.37329942
0::single::text::22,Positive,0.016293809,0.04650671,0.9371995,0.4291649
0::single::text::23,Positive,0.017242555,0.051269747,0.93148774,0.41073447
0::single::audio::0,Positive,0.016533375,0.06542919,0.9180374,0.38675183
0::single::audio::1,Positive,0.029569922,0.2629304,0.70749974,0.21739174
0::single::audio::2,Positive,0.016120275,0.075487405,0.90839225,0.37353975
0::single::audio::3,Positive,0.018146398,0.07039736,0.91145635,0.3701743
0::single::audio::4,Positive,0.0173177,0.0643287,0.91835356,0.38651177
0::single::audio::5,Positive,0.016115464,0.047493875,0.93639064,0.41959468
0::single::audio::6,Positive,0.01758649,0.0680048,0.91440874,0.37690428
0::single::audio::7,Positive,0.01645619,0.075611785,0.907932,0.37353975
0::single::audio::8,Positive,0.016548023,0.07232702,0.91112494,0.37594306
0::single::audio::9,Positive,0.015757428,0.057601627,0.926641,0.39946914
0::single::audio::10,Positive,0.016613588,0.05037044,0.93301606,0.4164825
0::single::audio::11,Positive,0.01547371,0.03454314,0.94998324,0.46902207
0::single::audio::12,Positive,0.016334206,0.04887401,0.9347918,0.42055207
0::single::audio::13,Positive,0.01652346,0.05253967,0.93093693,0.41097406
0::single::audio::14,Positive,0.017002616,0.053729996,0.9292674,0.40498343
0::single::audio::15,Positive,0.01757089,0.051231846,0.9311972,0.41049492
0::single::audio::16,Positive,0.016944375,0.049511798,0.9335438,0.4150458
0::single::audio::17,Positive,0.016375639,0.05213545,0.9314889,0.4116927
0::single::audio::18,Positive,0.016749736,0.05394686,0.9293034,0.40690076
0::single::audio::19,Positive,0.016329719,0.052725997,0.9309443,0.4126508
0::single::audio::20,Positive,0.016671386,0.05891184,0.9244168,0.39803016
0::single::audio::21,Positive,0.016490977,0.05953747,0.92397153,0.39827
0::single::audio::22,Positive,0.017399864,0.053410646,0.92918956,0.40738007
0::single::audio::23,Positive,0.016206456,0.050258823,0.93353474,0.41863722
0::single::vision::0,Positive,0.01768402,0.07951735,0.9027986,0.36295944
0::single::vision::1,Positive,0.016513668,0.057062753,0.92642355,0.39898944
0::single::vision::2,Positive,0.016106682,0.051482823,0.9324105,0.41408783
0::single::vision::3,Positive,0.016090801,0.05321647,0.9306928,0.409297
0::single::vision::4,Positive,0.01624848,0.0567251,0.92702645,0.39922935
0::single::vision::5,Positive,0.017278071,0.06471085,0.918011,0.37666395
0::single::vision::6,Positive,0.016692732,0.052612174,0.93069506,0.40570247
0::single::vision::7,Positive,0.0164478,0.05643616,0.92711616,0.40042832
0::single::vision::8,Positive,0.016456034,0.05841456,0.9251294,0.39946914
0::single::vision::9,Positive,0.016479967,0.057566684,0.9259534,0.39946914
0::single::vision::10,Positive,0.016475368,0.056654155,0.9268705,0.40210676
0::single::vision::11,Positive,0.016517883,0.057133183,0.9263489,0.4006681
0::single::vision::12,Positive,0.016520612,0.05708057,0.9263988,0.40114766
0::single::vision::13,Positive,0.016488867,0.05699209,0.92651904,0.40114766
0::single::vision::14,Positive,0.016540598,0.057634473,0.9258249,0.40018854
0::single::vision::15,Positive,0.016558172,0.058807008,0.9246349,0.3977903
0::single::vision::16,Positive,0.016319554,0.05626995,0.92741054,0.4040246
0::single::vision::17,Positive,0.016395438,0.055017643,0.92858696,0.40522307
0::single::vision::18,Positive,0.016317852,0.054477446,0.92920464,0.40714043
0::single::vision::19,Positive,0.01625158,0.05362291,0.93012553,0.40977618
0::single::vision::20,Positive,0.016343625,0.05488012,0.92877626,0.40594214
0::single::vision::21,Positive,0.016314123,0.0545792,0.9291066,0.40690076
0::single::vision::22,Positive,0.01615631,0.05234968,0.93149406,0.41289037
0::single::vision::23,Positive,0.017836124,0.0814583,0.90070564,0.36055353
1::single::text::0,Positive,0.0876369,0.071486525,0.84087664,0.47140348
1::single::text::1,Positive,0.0876369,0.071486525,0.84087664,0.47140348
1::single::text::2,Positive,0.065213725,0.07026749,0.8645189,0.5139253
1::single::text::3,Positive,0.05102513,0.043638732,0.9053362,0.76496875
1::single::text::4,Positive,0.05102513,0.043638732,0.9053362,0.76496875
1::single::text::5,Positive,0.052411627,0.048647556,0.8989409,0.6868267
1::single::text::6,Positive,0.058665313,0.053090245,0.88824445,0.61236954
1::single::text::7,Positive,0.058665313,0.053090245,0.88824445,0.61236954
1::single::text::8,Positive,0.066178955,0.081512466,0.85230863,0.4535281
1::single::text::9,Positive,0.07801826,0.0821409,0.83984077,0.43585873
1::single::text::10,Positive,0.07801826,0.0821409,0.83984077,0.43585873
1::single::text::11,Positive,0.120139375,0.10556714,0.7742935,0.36151594
1::single::text::12,Positive,0.06023623,0.051518746,0.88824505,0.65156436
1::single::text::13,Positive,0.06023623,0.051518746,0.88824505,0.65156436
1::single::text::14,Neutral,0.10469752,0.7973616,0.0979408,-0.0049133254
1::single::text::15,Positive,0.057562876,0.042186573,0.90025055,0.7512558
1::single::text::16,Positive,0.057562876,0.042186573,0.90025055,0.7512558
1::single::text::17,Positive,0.0490728,0.05518619,0.89574105,0.574837
1::single::text::18,Positive,0.04696531,0.037395284,0.9156394,0.7895658
1::single::text::19,Positive,0.04696531,0.037395284,0.9156394,0.7895658
1::single::text::20,Positive,0.049517587,0.03853858,0.9119439,0.8018219
1::single::audio::0,Positive,0.060686838,0.041088577,0.8982246,0.7750034
1::single::audio::1,Positive,0.062624276,0.043367565,0.8940082,0.75765944
1::single::audio::2,Positive,0.054148514,0.041670937,0.9041806,0.7713566
1::single::audio::3,Positive,0.05612102,0.04174735,0.90213156,0.7695322
1::single::audio::4,Positive,0.055901755,0.042447075,0.90165114,0.75811654
1::single::audio::5,Positive,0.05496206,0.042155705,0.9028822,0.76907605
1::single::audio::6,Positive,0.057488613,0.045376446,0.89713496,0.7562878
1::single::audio::7,Positive,0.056411438,0.046787873,0.89680076,0.74576116
1::single::audio::8,Positive,0.055115957,0.047296926,0.8975872,0.7448449
1::single::audio::9,Positive,0.055359513,0.047150243,0.8974903,0.74621934
1::single::audio::10,Positive,0.055119187,0.04499742,0.8998834,0.75720227
1::single::audio::11,Positive,0.056066416,0.041028496,0.9029051,0.77910304
1::single::audio::12,Positive,0.04727619,0.044024978,0.9086989,0.7695322
1::single::audio::13,Positive,0.056217805,0.0435812,0.9002011,0.7599447
1::single::audio::14,Positive,0.051327944,0.047733404,0.90093875,0.7416367
1::single::audio::15,Positive,0.0554871,0.043865755,0.9006472,0.75903064
1::single::audio::16,Positive,0.055606537,0.044926804,0.89946663,0.75491595
1::single::audio::17,Positive,0.05613774,0.045056913,0.89880544,0.754001
1::single::audio::18,Positive,0.056844845,0.044380985,0.89877415,0.75811654
1::single::audio::19,Positive,0.058892548,0.051038276,0.89006925,0.73200136
1::single::audio::20,Positive,0.06018336,0.04388417,0.89593256,0.76405567
1::single::vision::0,Positive,0.056905948,0.04228942,0.90080464,0.77409184
1::single::vision::1,Positive,0.056150198,0.041048344,0.90280145,0.7827445
1::single::vision::2,Positive,0.05639068,0.041876562,0.9017328,0.775459
1::single::vision::3,Positive,0.056512512,0.042171285,0.9013162,0.7731802
1::single::vision::4,Positive,0.05638326,0.04189478,0.90172195,0.775459
1::single::vision::5,Positive,0.05639056,0.041769147,0.9018403,0.775459
1::single::vision::6,Positive,0.05648552,0.041795615,0.90171885,0.7759146
1::single::vision::7,Positive,0.056192696,0.041651703,0.90215564,0.7759146
1::single::vision::8,Positive,0.05620624,0.041659694,0.90213406,0.7759146
1::single::vision::9,Positive,0.056204453,0.041694444,0.90210116,0.7759146
1::single::vision::10,Positive,0.056150094,0.041696277,0.9021536,0.775459
1::single::vision::11,Positive,0.056424465,0.041634455,0.90194106,0.7759146
1::single::vision::12,Positive,0.056291975,0.04172108,0.90198696,0.7759146
1::single::vision::13,Positive,0.056298755,0.041725077,0.9019762,0.775459
1::single::vision::14,Positive,0.05634865,0.041680288,0.9019711,0.7759146
1::single::vision::15,Positive,0.056580283,0.041748762,0.901671,0.7759146
1::single::vision::16,Positive,0.056588247,0.041740216,0.9016716,0.7763702
1::single::vision::17,Positive,0.056578852,0.041779414,0.9016418,0.7759146
1::single::vision::18,Positive,0.056365542,0.04171417,0.9019204,0.7759146
1::single::vision::19,Positive,0.05670193,0.042206135,0.901092,0.77226853
1::single::vision::20,Positive,0.05778527,0.043304916,0.8989098,0.7667947
2::single::text::0,Negative,0.97976327,0.00941965,0.010817043,-0.7453031
2::single::text::1,Negative,0.97976327,0.00941965,0.010817043,-0.7453031
2::single::text::2,Negative,0.96522725,0.021507611,0.013265268,-0.5470359
2::single::text::3,Negative,0.97198296,0.015241864,0.012775177,-0.53380764
2::single::text::4,Negative,0.97198296,0.015241864,0.012775177,-0.53380764
2::single::text::5,Negative,0.9772831,0.01146669,0.011250252,-0.67571235
2::single::text::6,Negative,0.97592205,0.013167427,0.010910476,-0.6375922
2::single::text::7,Negative,0.964136,0.021371452,0.014492607,-0.49922016
2::single::text::8,Negative,0.964136,0.021371452,0.014492607,-0.49922016
2::single::text::9,Negative,0.9724166,0.014413919,0.013169448,-0.5583568
2::single::text::10,Negative,0.9683901,0.018190885,0.013419008,-0.54986763
2::single::text::11,Negative,0.9683901,0.018190885,0.013419008,-0.54986763
2::single::text::12,Negative,0.95084476,0.03282575,0.016329486,-0.4470848
2::single::text::13,Negative,0.96252346,0.021769177,0.015707316,-0.4594903
2::single::text::14,Negative,0.96077734,0.024552757,0.014669862,-0.42725158
2::single::text::15,Negative,0.96077734,0.024552757,0.014669862,-0.42725158
2::single::text::16,Negative,0.9519844,0.02998894,0.018026708,-0.43944293
2::single::text::17,Negative,0.9727572,0.014161173,0.013081639,-0.55599964
2::single::text::18,Negative,0.9727572,0.014161173,0.013081639,-0.55599964
2::single::text::19,Neutral,0.15022226,0.72019434,0.12958339,0.06999462
2::single::text::20,Negative,0.85559845,0.11239985,0.032001816,-0.22843878
2::single::text::21,Negative,0.9796296,0.010134576,0.010235863,-0.73291975
2::single::text::22,Negative,0.9796296,0.010134576,0.010235863,-0.73291975
2::single::text::23,Negative,0.9789685,0.010501356,0.010530237,-0.706229
2::single::text::24,Negative,0.9618024,0.022078082,0.016119456,-0.45138082
2::single::text::25,Negative,0.9618024,0.022078082,0.016119456,-0.45138082
2::single::text::26,Negative,0.97123826,0.014893457,0.013868273,-0.54986763
2::single::text::27,Negative,0.9802452,0.00971614,0.010038759,-0.75034046
2::single::text::28,Negative,0.9773518,0.011189962,0.011458237,-0.6905271
2::single::text::29,Negative,0.9773518,0.011189962,0.011458237,-0.6905271
2::single::text::30,Negative,0.98114896,0.00927728,0.009573814,-0.7512558
2::single::text::31,Negative,0.9785329,0.010937037,0.0105300285,-0.6775662
2::single::text::32,Negative,0.9785329,0.010937037,0.0105300285,-0.6775662
2::single::text::33,Negative,0.9777163,0.011256768,0.011026997,-0.6803458
2::single::text::34,Negative,0.97973347,0.010038139,0.010228421,-0.6854385
2::single::audio::0,Negative,0.9778047,0.01128937,0.0109059615,-0.6445819
2::single::audio::1,Negative,0.9771286,0.011671786,0.011199631,-0.63572705
2::single::audio::2,Negative,0.9768001,0.011932891,0.011266959,-0.6329284
2::single::audio::3,Negative,0.97682524,0.01178058,0.01139425,-0.63152856
2::single::audio::4,Negative,0.9748827,0.01443468,0.010682626,-0.6305952
2::single::audio::5,Negative,0.9762428,0.012514436,0.011242733,-0.629195
2::single::audio::6,Negative,0.9763028,0.012524086,0.011173153,-0.6305952
2::single::audio::7,Negative,0.9769515,0.011702474,0.011346049,-0.6329284
2::single::audio::8,Negative,0.9766679,0.011983786,0.011348344,-0.63479424
2::single::audio::9,Negative,0.97749436,0.011253306,0.011252353,-0.63899076
2::single::audio::10,Negative,0.9774106,0.011182145,0.011407272,-0.63665974
2::single::audio::11,Negative,0.97722715,0.011648764,0.011124158,-0.63712597
2::single::audio::12,Negative,0.9759076,0.01226683,0.011825609,-0.6184501
2::single::audio::13,Negative,0.9772861,0.011465569,0.011248356,-0.639923
2::single::audio::14,Negative,0.9780195,0.011049923,0.010930647,-0.6464447
2::single::audio::15,Negative,0.9765054,0.012560112,0.010934466,-0.63572705
2::single::audio::16,Negative,0.97597194,0.012920713,0.011107314,-0.62966174
2::single::audio::17,Negative,0.9789301,0.010084027,0.010985742,-0.64830685
2::single::audio::18,Negative,0.97725505,0.01166882,0.011076113,-0.639923
2::single::audio::19,Negative,0.97746015,0.0114204,0.011119547,-0.64038897
2::single::audio::20,Negative,0.97732854,0.011461556,0.011209986,-0.63852465
2::single::audio::21,Negative,0.9777757,0.011028057,0.011196362,-0.641321
2::single::audio::22,Negative,0.9775513,0.011155222,0.011293473,-0.63665974
2::single::audio::23,Negative,0.977479,0.011327749,0.011193307,-0.6380584
2::single::audio::24,Negative,0.9772057,0.011324188,0.011470194,-0.6319952
2::single::audio::25,Negative,0.97632694,0.012122535,0.011550526,-0.62592655
2::single::audio::26,Negative,0.9764515,0.012077462,0.011471027,-0.6277944
2::single::audio::27,Negative,0.97668827,0.012015454,0.011296298,-0.6324618
2::single::audio::28,Negative,0.9771424,0.011502133,0.011355469,-0.63339484
2::single::audio::29,Negative,0.9775254,0.011407295,0.011067408,-0.64038897
2::single::audio::30,Negative,0.976839,0.011881979,0.011279097,-0.6329284
2::single::audio::31,Negative,0.9766274,0.012124188,0.011248357,-0.6319952
2::single::audio::32,Negative,0.9775992,0.0115615195,0.010839314,-0.64178693
2::single::audio::33,Negative,0.9768283,0.012212335,0.01095936,-0.6324618
2::single::audio::34,Negative,0.97717243,0.011821041,0.01100658,-0.6380584
2::single::vision::0,Negative,0.9779167,0.011298126,0.010785171,-0.64784133
2::single::vision::1,Negative,0.9775884,0.01148351,0.010928131,-0.64178693
2::single::vision::2,Negative,0.97759396,0.011479538,0.010926619,-0.64225286
2::single::vision::3,Negative,0.9775884,0.01148351,0.010928131,-0.64178693
2::single::vision::4,Negative,0.9774776,0.011528284,0.010994095,-0.64038897
2::single::vision::5,Negative,0.9774809,0.011539584,0.0109795155,-0.640855
2::single::vision::6,Negative,0.9774849,0.0115355905,0.010979533,-0.641321
2::single::vision::7,Negative,0.9774017,0.01154588,0.011052487,-0.639923
2::single::vision::8,Negative,0.9772674,0.011601997,0.011130622,-0.63852465
2::single::vision::9,Negative,0.9772674,0.011601997,0.011130622,-0.63852465
2::single::vision::10,Negative,0.97737366,0.011574201,0.011052212,-0.63899076
2::single::vision::11,Negative,0.9773235,0.01159014,0.01108638,-0.63899076
2::single::vision::12,Negative,0.9771018,0.011699175,0.011198968,-0.63665974
2::single::vision::13,Negative,0.9769287,0.011754803,0.011316471,-0.63386136
2::single::vision::14,Negative,0.97688234,0.011755551,0.01136211,-0.6319952
2::single::vision::15,Negative,0.97733194,0.011596331,0.011071744,-0.63712597
2::single::vision::16,Negative,0.9773221,0.011596214,0.011081648,-0.63712597
2::single::vision::17,Negative,0.97742283,0.011527636,0.011049599,-0.6375922
2::single::vision::18,Negative,0.977315,0.011578725,0.011106347,-0.6361934
2::single::vision::19,Negative,0.9773072,0.011576606,0.0111162895,-0.63665974
2::single::vision::20,Negative,0.977317,0.011576723,0.011106356,-0.63665974
2::single::vision::21,Negative,0.9771192,0.011666369,0.0112145115,-0.6361934
2::single::vision::22,Negative,0.9770034,0.011732757,0.011263896,-0.63386136
2::single::vision::23,Negative,0.9771029,0.011679608,0.0112175625,-0.6361934
2::single::vision::24,Negative,0.97718924,0.011615658,0.011195021,-0.6375922
2::single::vision::25,Negative,0.97718304,0.011677754,0.01113924,-0.641321
2::single::vision::26,Negative,0.977263,0.011618548,0.011118495,-0.641321
2::single::vision::27,Negative,0.97731125,0.011603754,0.011085071,-0.6375922
2::single::vision::28,Negative,0.9771267,0.011701943,0.011171385,-0.6343279
2::single::vision::29,Negative,0.9770723,0.011733587,0.011194155,-0.63479424
2::single::vision::30,Negative,0.97727364,0.011605322,0.011121092,-0.6380584
2::single::vision::31,Negative,0.9769814,0.011697454,0.01132107,-0.63572705
2::single::vision::32,Negative,0.9775343,0.011508101,0.010957629,-0.64830685
2::single::vision::33,Negative,0.9775962,0.011475165,0.010928591,-0.64877224
2::single::vision::34,Negative,0.97797906,0.011241818,0.01077916,-0.6473758
3::single::text::0,Positive,0.06951666,0.045276135,0.8852072,0.7818344
3::single::text::1,Positive,0.06951666,0.045276135,0.8852072,0.7818344
3::single::text::2,Positive,0.034850784,0.032962136,0.93218714,0.8248936
3::single::text::3,Positive,0.018123813,0.023589548,0.9582867,0.8501061
3::single::text::4,Positive,0.018123813,0.023589548,0.9582867,0.8501061
3::single::text::5,Positive,0.03193489,0.030486105,0.93757904,0.8483096
3::single::text::6,Positive,0.029201666,0.02331835,0.94747996,0.935103
3::single::text::7,Positive,0.08329774,0.04899134,0.86771095,0.8113346
3::single::text::8,Positive,0.08329774,0.04899134,0.86771095,0.8113346
3::single::text::9,Positive,0.07418981,0.044205707,0.88160443,0.8235394
3::single::text::10,Positive,0.05626978,0.03733636,0.90639377,0.8415663
3::single::text::11,Positive,0.05626978,0.03733636,0.90639377,0.8415663
3::single::text::12,Positive,0.06737255,0.03655512,0.8960723,0.84426475
3::single::text::13,Positive,0.037297085,0.025205178,0.9374977,0.91344833
3::single::text::14,Positive,0.036053926,0.034987725,0.9289584,0.75765944
3::single::text::15,Positive,0.036053926,0.034987725,0.9289584,0.75765944
3::single::text::16,Positive,0.03703596,0.027484363,0.9354797,0.89969397
3::single::text::17,Positive,0.03323308,0.024477664,0.94228923,0.9143344
3::single::text::18,Positive,0.03323308,0.024477664,0.94228923,0.9143344
3::single::text::19,Positive,0.056658775,0.03677035,0.9065709,0.8554921
3::single::text::20,Positive,0.08792611,0.052323908,0.85975003,0.7599447
3::single::text::21,Positive,0.053019322,0.03422197,0.9127587,0.8312088
3::single::text::22,Positive,0.053019322,0.03422197,0.9127587,0.8312088
3::single::text::23,Positive,0.1475276,0.0653782,0.78709424,0.61564434
3::single::text::24,Positive,0.26231992,0.09067523,0.6470049,0.48044735
3::single::text::25,Positive,0.26231992,0.09067523,0.6470049,0.48044735
3::single::text::26,Positive,0.07752702,0.05973795,0.86273503,0.6983831
3::single::text::27,Positive,0.2747169,0.1257523,0.5995308,0.47259396
3::single::audio::0,Positive,0.0608388,0.039261736,0.8998995,0.8433654
3::single::audio::1,Positive,0.06674527,0.037690602,0.8955642,0.8411164
3::single::audio::2,Positive,0.06274389,0.037606135,0.89965,0.8402165
3::single::audio::3,Positive,0.06104324,0.038005352,0.9009514,0.8388665
3::single::audio::4,Positive,0.063639574,0.038004793,0.89835566,0.8361651
3::single::audio::5,Positive,0.064241976,0.03860648,0.89715165,0.83436334
3::single::audio::6,Positive,0.06258304,0.037292045,0.9001249,0.83481383
3::single::audio::7,Positive,0.06286496,0.037405793,0.89972925,0.8352643
3::single::audio::8,Positive,0.060054053,0.03878503,0.90116096,0.83436334
3::single::audio::9,Positive,0.06333758,0.03724624,0.89941615,0.8361651
3::single::audio::10,Positive,0.07087407,0.042148244,0.8869777,0.8298563
3::single::audio::11,Positive,0.06547606,0.040689085,0.8938348,0.84875876
3::single::audio::12,Positive,0.066202715,0.04461528,0.88918203,0.82715
3::single::audio::13,Positive,0.05932586,0.04070748,0.89996666,0.83661544
3::single::audio::14,Positive,0.06225552,0.037581082,0.90016335,0.8393165
3::single::audio::15,Positive,0.059865925,0.03650501,0.90362906,0.8465122
3::single::audio::16,Positive,0.061347317,0.037092578,0.90156007,0.84246594
3::single::audio::17,Positive,0.06393881,0.03726667,0.8987945,0.84066653
3::single::audio::18,Positive,0.06482362,0.037370354,0.8978061,0.8393165
3::single::audio::19,Positive,0.061637536,0.0371398,0.9012227,0.8393165
3::single::audio::20,Positive,0.06254391,0.038229298,0.8992268,0.8402165
3::single::audio::21,Positive,0.0637988,0.038375154,0.89782614,0.83481383
3::single::audio::22,Positive,0.064530164,0.037976764,0.8974931,0.8321103
3::single::audio::23,Positive,0.06464401,0.037770145,0.89758587,0.8294053
3::single::audio::24,Positive,0.06545711,0.036559362,0.89798355,0.830307
3::single::audio::25,Positive,0.06490623,0.037916813,0.897177,0.8352643
3::single::audio::26,Positive,0.13408342,0.0836383,0.7822783,0.7407198
3::single::audio::27,Positive,0.06207765,0.040276527,0.8976458,0.8411164
3::single::vision::0,Positive,0.062380202,0.03980068,0.89781916,0.84471434
3::single::vision::1,Positive,0.06669714,0.042454608,0.8908483,0.83436334
3::single::vision::2,Positive,0.06355672,0.04047868,0.8959646,0.84246594
3::single::vision::3,Positive,0.062290475,0.03961397,0.8980956,0.8429158
3::single::vision::4,Positive,0.061877593,0.03949471,0.89862764,0.84246594
3::single::vision::5,Positive,0.061752185,0.0397701,0.89847773,0.8388665
3::single::vision::6,Positive,0.062125303,0.03982632,0.89804846,0.8379662
3::single::vision::7,Positive,0.06237167,0.03977922,0.8978491,0.8379662
3::single::vision::8,Positive,0.061989907,0.039478615,0.8985315,0.84066653
3::single::vision::9,Positive,0.062201526,0.039538138,0.8982603,0.8402165
3::single::vision::10,Positive,0.06122025,0.039044358,0.8997354,0.8438151
3::single::vision::11,Positive,0.06132202,0.038934257,0.8997437,0.8433654
3::single::vision::12,Positive,0.061037146,0.03888959,0.90007335,0.8438151
3::single::vision::13,Positive,0.061181575,0.038987257,0.89983106,0.8438151
3::single::vision::14,Positive,0.061055414,0.038841482,0.90010315,0.84471434
3::single::vision::15,Positive,0.060645998,0.03865715,0.9006969,0.84426475
3::single::vision::16,Positive,0.061463315,0.039358508,0.89917827,0.8460629
3::single::vision::17,Positive,0.061575703,0.039331477,0.8990929,0.8438151
3::single::vision::18,Positive,0.06139279,0.03931904,0.8992882,0.84426475
3::single::vision::19,Positive,0.061867215,0.03946693,0.8986659,0.84246594
3::single::vision::20,Positive,0.061663095,0.039375886,0.89896095,0.8433654
3::single::vision::21,Positive,0.06260207,0.03977859,0.89761937,0.8402165
3::single::vision::22,Positive,0.06259343,0.039778885,0.8976277,0.84066653
3::single::vision::23,Positive,0.06259343,0.039778885,0.8976277,0.84066653
3::single::vision::24,Positive,0.062550135,0.03983473,0.8976152,0.84066653
3::single::vision::25,Positive,0.062350985,0.03976327,0.8978857,0.84246594
3::single::vision::26,Positive,0.06272649,0.04002504,0.8972485,0.8415663
3::single::vision::27,Positive,0.06196667,0.039547555,0.8984858,0.8429158
4::single::text::0,Positive,0.0073981103,0.018957987,0.9736439,0.767251
4::single::text::1,Positive,0.0073981103,0.018957987,0.9736439,0.767251
4::single::text::2,Positive,0.007109337,0.017698774,0.97519195,0.7954705
4::single::text::3,Positive,0.007109337,0.017698774,0.97519195,0.7954705
4::single::text::4,Positive,0.007493453,0.014155311,0.9783513,0.87876123
4::single::text::5,Positive,0.007321786,0.015042911,0.9776353,0.87474203
4::single::text::6,Positive,0.007321786,0.015042911,0.9776353,0.87474203
4::single::text::7,Positive,0.0073033986,0.021981088,0.9707155,0.75537324
4::single::text::8,Positive,0.007884719,0.0141389165,0.9779764,0.92406803
4::single::text::9,Positive,0.007884719,0.0141389165,0.9779764,0.92406803
4::single::text::10,Positive,0.007904492,0.012814511,0.979281,0.9994148
4::single::text::11,Positive,0.00774752,0.015678754,0.97657377,0.9147772
4::single::text::12,Positive,0.00774752,0.015678754,0.97657377,0.9147772
4::single::text::13,Positive,0.0081209205,0.013787113,0.97809196,0.96891385
4::single::text::14,Positive,0.008222193,0.01384077,0.9779371,0.9776517
4::single::text::15,Positive,0.008222193,0.01384077,0.9779371,0.9776517
4::single::text::16,Positive,0.007871616,0.013780057,0.9783483,0.9386283
4::single::audio::0,Positive,0.008374239,0.012069281,0.97955644,1.0054874
4::single::audio::1,Positive,0.008220676,0.012565305,0.979214,0.98288536
4::single::audio::2,Positive,0.0080411425,0.012688501,0.9792704,0.97852445
4::single::audio::3,Positive,0.007848757,0.012032381,0.9801189,1.0106852
4::single::audio::4,Positive,0.008030963,0.011643049,0.980326,0.9662889
4::single::audio::5,Positive,0.007781943,0.013010311,0.97920775,0.95533407
4::single::audio::6,Positive,0.00804443,0.015961653,0.97599393,0.9386283
4::single::audio::7,Positive,0.008132511,0.01637231,0.9754953,0.93422127
4::single::audio::8,Positive,0.007982297,0.014631448,0.9773863,0.94391084
4::single::audio::9,Positive,0.008025147,0.015698396,0.9762765,0.94391084
4::single::audio::10,Positive,0.008014837,0.0155895725,0.97639555,0.9452305
4::single::audio::11,Positive,0.007933174,0.010945521,0.9811214,1.0054874
4::single::audio::12,Positive,0.0077675227,0.013071091,0.97916144,0.9645381
4::single::audio::13,Positive,0.007972106,0.012847826,0.9791801,0.97328514
4::single::audio::14,Positive,0.00791106,0.013597086,0.97849184,0.96278656
4::single::audio::15,Positive,0.007809525,0.013097387,0.97909313,0.9645381
4::single::audio::16,Positive,0.008234949,0.01239887,0.9793662,0.9898533
4::single::vision::0,Positive,0.007918734,0.013509743,0.9785716,0.96015775
4::single::vision::1,Positive,0.00789268,0.013693535,0.9784138,0.95138335
4::single::vision::2,Positive,0.0078791175,0.013458723,0.9786622,0.9570888
4::single::vision::3,Positive,0.007888116,0.013545715,0.9785662,0.9557728
4::single::vision::4,Positive,0.00788813,0.013542039,0.9785699,0.95621157
4::single::vision::5,Positive,0.007879695,0.013566239,0.9785541,0.95533407
4::single::vision::6,Positive,0.00784869,0.0134625975,0.9786887,0.95928115
4::single::vision::7,Positive,0.007844126,0.013505102,0.9786507,0.95796585
4::single::vision::8,Positive,0.007842884,0.013497662,0.9786594,0.95928115
4::single::vision::9,Positive,0.007833131,0.013307853,0.97885907,0.9654137
4::single::vision::10,Positive,0.007833123,0.013309675,0.9788572,0.9654137
4::single::vision::11,Positive,0.007818862,0.013195009,0.97898614,0.96978855
4::single::vision::12,Positive,0.007811266,0.0135072395,0.9786815,0.95621157
4::single::vision::13,Positive,0.008099206,0.013847848,0.97805303,0.94830805
4::single::vision::14,Positive,0.008049065,0.013316304,0.9786347,0.96803916
4::single::vision::15,Positive,0.007949044,0.013162466,0.9788886,0.97328514
4::single::vision::16,Positive,0.007911452,0.013371211,0.9787173,0.9645381
5::single::text::0,Positive,0.014437091,0.47133124,0.5142317,0.46854568
5::single::text::1,Positive,0.014437091,0.47133124,0.5142317,0.46854568
5::single::text::2,Neutral,0.004583252,0.9509532,0.044463594,0.12846144
5::single::text::3,Neutral,0.008751573,0.8247404,0.16650805,0.25766438
5::single::text::4,Neutral,0.00666142,0.90050817,0.09283036,0.16195178
5::single::text::5,Neutral,0.01069296,0.74079454,0.24851257,0.29010624
5::single::text::6,Neutral,0.0072236517,0.89384145,0.098934926,0.1766752
5::single::text::7,Neutral,0.0072236517,0.89384145,0.098934926,0.1766752
5::single::text::8,Neutral,0.011901882,0.70105636,0.28704172,0.30799308
5::single::text::9,Neutral,0.011545508,0.67325306,0.31520143,0.35525888
5::single::text::10,Neutral,0.0097181285,0.7921671,0.1981147,0.23438466
5::single::text::11,Neutral,0.013606042,0.51369774,0.47269624,0.44087622
5::single::text::12,Neutral,0.009554478,0.8544527,0.13599278,0.21071206
5::single::text::13,Neutral,0.009554478,0.8544527,0.13599278,0.21071206
5::single::text::14,Neutral,0.00887885,0.8510631,0.14005809,0.22928832
5::single::text::15,Neutral,0.013117564,0.58034575,0.40653676,0.38651177
5::single::text::16,Neutral,0.008860451,0.8502705,0.14086908,0.21642026
5::single::text::17,Neutral,0.008780409,0.83990866,0.15131097,0.21229108
5::single::text::18,Neutral,0.01452625,0.51760054,0.46787328,0.4356197
5::single::text::19,Neutral,0.01452625,0.51760054,0.46787328,0.4356197
5::single::text::20,Neutral,0.009317506,0.8614238,0.1292587,0.20876846
5::single::text::21,Neutral,0.012206395,0.7424599,0.2453337,0.2874456
5::single::text::22,Neutral,0.013432939,0.68745327,0.29911375,0.31209913
5::single::text::23,Neutral,0.009629307,0.84217227,0.14819843,0.22783197
5::single::text::24,Neutral,0.013267303,0.68144244,0.30529034,0.32585782
5::single::text::25,Neutral,0.013267303,0.68144244,0.30529034,0.32585782
5::single::text::26,Positive,0.016088601,0.24931575,0.73459566,0.61985254
5::single::text::27,Neutral,0.013594551,0.5562255,0.43017998,0.39347225
5::single::text::28,Neutral,0.010174216,0.79222,0.19760576,0.26517528
5::single::text::29,Neutral,0.0055572265,0.9599622,0.034480564,0.090121806
5::single::text::30,Neutral,0.0070458595,0.90934014,0.08361408,0.17156553
5::single::text::31,Neutral,0.0070458595,0.90934014,0.08361408,0.17156553
5::single::text::32,Neutral,0.007275979,0.9174737,0.07525042,0.15489145
5::single::text::33,Neutral,0.011547081,0.79468113,0.19377178,0.24020737
5::single::text::34,Positive,0.014272601,0.34117845,0.64454895,0.5512831
5::single::text::35,Neutral,0.011808223,0.716298,0.2718938,0.29881063
5::single::text::36,Neutral,0.007746765,0.89395,0.09830329,0.17071381
5::single::audio::0,Neutral,0.01343845,0.7044866,0.282075,0.31572115
5::single::audio::1,Neutral,0.011741355,0.7638238,0.22443482,0.29615152
5::single::audio::2,Neutral,0.012156996,0.74018705,0.24765593,0.30509397
5::single::audio::3,Neutral,0.011888237,0.75331384,0.23479794,0.30098593
5::single::audio::4,Neutral,0.0118839,0.75159645,0.23651966,0.30171096
5::single::audio::5,Neutral,0.011790472,0.75004226,0.23816729,0.30195266
5::single::audio::6,Neutral,0.012728579,0.7035825,0.28368893,0.31523827
5::single::audio::7,Neutral,0.01274311,0.7133478,0.2739091,0.31354806
5::single::audio::8,Neutral,0.012601776,0.71838677,0.26901144,0.31209913
5::single::audio::9,Neutral,0.013436161,0.707199,0.27936488,0.30775154
5::single::audio::10,Neutral,0.013880416,0.6789376,0.307182,0.31934226
5::single::audio::11,Neutral,0.012358932,0.73110235,0.25653875,0.30533558
5::single::audio::12,Neutral,0.012436966,0.7253186,0.26224452,0.30775154
5::single::audio::13,Neutral,0.012275497,0.72748625,0.26023823,0.3067852
5::single::audio::14,Neutral,0.012906833,0.6907151,0.29637802,0.31934226
5::single::audio::15,Neutral,0.01286595,0.6901722,0.2969619,0.31885946
5::single::audio::16,Neutral,0.013459261,0.6641252,0.32241553,0.32489273
5::single::audio::17,Neutral,0.013276067,0.692052,0.29467195,0.31885946
5::single::audio::18,Neutral,0.012734636,0.71132773,0.27593762,0.31354806
5::single::audio::19,Neutral,0.01284658,0.71655583,0.27059758,0.31161612
5::single::audio::20,Neutral,0.01296015,0.7079,0.27913994,0.31475538
5::single::audio::21,Neutral,0.010795669,0.7850845,0.20411986,0.29252464
5::single::audio::22,Neutral,0.012691286,0.70689285,0.2804159,0.31451392
5::single::audio::23,Neutral,0.011256996,0.73196894,0.25677407,0.3094424
5::single::audio::24,Neutral,0.012783594,0.6942854,0.29293102,0.31765252
5::single::audio::25,Neutral,0.012816206,0.6908145,0.29636928,0.32030767
5::single::audio::26,Neutral,0.012231007,0.7190933,0.26867574,0.31330657
5::single::audio::27,Neutral,0.012340382,0.74406403,0.24359557,0.30267763
5::single::audio::28,Neutral,0.012798539,0.6993386,0.28786284,0.3171697
5::single::audio::29,Neutral,0.012414431,0.7311093,0.25647628,0.30823463
5::single::audio::30,Neutral,0.01250732,0.7184762,0.2690165,0.31209913
5::single::audio::31,Neutral,0.012761418,0.7157505,0.2714881,0.31282362
5::single::audio::32,Neutral,0.012996395,0.6931339,0.29386976,0.31837672
5::single::audio::33,Neutral,0.012578607,0.7218745,0.26554698,0.310167
5::single::audio::34,Neutral,0.012636146,0.7163346,0.27102926,0.31234062
5::single::audio::35,Neutral,0.012577278,0.71681964,0.27060312,0.31161612
5::single::audio::36,Neutral,0.012875288,0.73257214,0.2545526,0.30726835
5::single::vision::0,Neutral,0.010355791,0.8373263,0.15231784,0.25451368
5::single::vision::1,Neutral,0.013096349,0.6727107,0.31419295,0.32561654
5::single::vision::2,Neutral,0.013180138,0.6641427,0.3226772,0.3275465
5::single::vision::3,Neutral,0.013122292,0.6701268,0.31675094,0.32561654
5::single::vision::4,Neutral,0.013126381,0.67033386,0.3165397,0.32561654
5::single::vision::5,Neutral,0.01307389,0.6724382,0.31448787,0.32489273
5::single::vision::6,Neutral,0.013207172,0.6659427,0.32085016,0.32682282
5::single::vision::7,Neutral,0.013300076,0.6575389,0.329161,0.33044097
5::single::vision::8,Neutral,0.0133111905,0.65539837,0.33129054,0.33188796
5::single::vision::9,Neutral,0.013130872,0.66595614,0.32091302,0.3282702
5::single::vision::10,Neutral,0.012955356,0.6781616,0.30888304,0.323445
5::single::vision::11,Neutral,0.012865516,0.6846049,0.30252957,0.3207904
5::single::vision::12,Neutral,0.012788555,0.6895884,0.29762304,0.31934226
5::single::vision::13,Neutral,0.012819865,0.686105,0.3010751,0.32030767
5::single::vision::14,Neutral,0.01298904,0.67723495,0.30977604,0.3236863
5::single::vision::15,Neutral,0.013036219,0.6733966,0.31356722,0.325134
5::single::vision::16,Neutral,0.013131392,0.6657064,0.32116225,0.32802898
5::single::vision::17,Neutral,0.013193021,0.66217405,0.32463294,0.3289938
5::single::vision::18,Neutral,0.0131123215,0.6679169,0.3189707,0.32682282
5::single::vision::19,Neutral,0.013084517,0.67017424,0.3167413,0.32609907
5::single::vision::20,Neutral,0.013021591,0.674621,0.3123574,0.32465145
5::single::vision::21,Neutral,0.012997281,0.6765585,0.31044424,0.32392758
5::single::vision::22,Neutral,0.01304736,0.67162985,0.31532273,0.32561654
5::single::vision::23,Neutral,0.013120383,0.6702252,0.31665444,0.32609907
5::single::vision::24,Neutral,0.012866883,0.6907969,0.29633623,0.3186181
5::single::vision::25,Neutral,0.012361731,0.72431606,0.26332217,0.3060604
5::single::vision::26,Neutral,0.012616742,0.7008501,0.2865332,0.3154797
5::single::vision::27,Neutral,0.013056558,0.67278236,0.3141611,0.325134
5::single::vision::28,Neutral,0.012918666,0.68099535,0.30608606,0.32247972
5::single::vision::29,Neutral,0.012912776,0.6819078,0.3051794,0.32223842
5::single::vision::30,Neutral,0.01300616,0.6742784,0.31271553,0.32489273
5::single::vision::31,Neutral,0.01317017,0.6639417,0.3228882,0.32851142
5::single::vision::32,Neutral,0.013235874,0.65985626,0.32690784,0.3297174
5::single::vision::33,Neutral,0.013246999,0.6579639,0.32878911,0.33044097
5::single::vision::34,Neutral,0.013192066,0.6618256,0.32498237,0.32875264
5::single::vision::35,Neutral,0.012963517,0.67599946,0.31103706,0.32489273
5::single::vision::36,Neutral,0.010298873,0.83861876,0.15108246,0.25402892
6::single::text::0,Positive,0.021646166,0.07437111,0.9039827,0.6988449
6::single::text::1,Positive,0.021978285,0.07118721,0.90683454,0.7232698
6::single::text::2,Positive,0.02152783,0.06608135,0.91239077,0.74850917
6::single::text::3,Positive,0.021813892,0.06857189,0.90961426,0.7232698
6::single::text::4,Positive,0.021929303,0.06927526,0.9087955,0.7356739
6::single::text::5,Positive,0.021355486,0.051696897,0.9269476,0.8478602
6::single::text::6,Positive,0.022079028,0.08773191,0.89018905,0.6469103
6::single::text::7,Positive,0.022237886,0.088247165,0.8895149,0.64271873
6::single::text::8,Positive,0.02191654,0.08720857,0.89087486,0.64970315
6::single::text::9,Positive,0.021703957,0.06378396,0.9145121,0.75262856
6::single::text::10,Positive,0.021521894,0.06032658,0.9181515,0.76998836
6::single::text::11,Positive,0.021156583,0.07420015,0.90464324,0.7011534
6::single::text::12,Positive,0.02149217,0.082868464,0.89563936,0.64784133
6::single::text::13,Positive,0.024774455,0.1846633,0.79056233,0.4549594
6::single::text::14,Positive,0.023129161,0.08064291,0.8962279,0.6603981
6::single::text::15,Positive,0.022298407,0.074197814,0.90350384,0.69330096
6::single::text::16,Positive,0.02209704,0.08047187,0.89743114,0.6682918
6::single::text::17,Positive,0.021771803,0.06667636,0.91155183,0.72740746
6::single::text::18,Positive,0.021443605,0.06909366,0.9094627,0.73154217
6::single::text::19,Positive,0.021825748,0.08187125,0.89630306,0.67246693
6::single::text::20,Positive,0.021844557,0.08972559,0.8884298,0.62872815
6::single::text::21,Positive,0.021580856,0.07813502,0.9002842,0.68127203
6::single::text::22,Positive,0.021824392,0.087732434,0.8904432,0.63712597
6::single::text::23,Positive,0.021575863,0.083854586,0.8945696,0.6473758
6::single::text::24,Positive,0.021928692,0.07030448,0.9077668,0.7195894
6::single::text::25,Positive,0.021160884,0.072079256,0.90675986,0.701615
6::single::text::26,Positive,0.021287909,0.06642776,0.9122844,0.73750925
6::single::text::27,Positive,0.021507077,0.06473798,0.9137549,0.7411783
6::single::text::28,Positive,0.021217212,0.06759429,0.9111885,0.7255689
6::single::text::29,Positive,0.021381656,0.070822634,0.9077957,0.6988449
6::single::text::30,Positive,0.021225566,0.07190269,0.9068718,0.7099176
6::single::text::31,Positive,0.021102887,0.058252133,0.920645,0.76496875
6::single::text::32,Positive,0.020827902,0.06722294,0.9119492,0.72694784
6::single::text::33,Positive,0.020258822,0.059082475,0.9206587,0.7777368
6::single::text::34,Positive,0.021820566,0.07483301,0.9033464,0.706229
6::single::text::35,Positive,0.021600027,0.07490325,0.90349674,0.7039224
6::single::text::36,Positive,0.022088084,0.07188935,0.90602255,0.7149858
6::single::text::37,Positive,0.021701366,0.06679713,0.9115016,0.73842674
6::single::text::38,Positive,0.02213768,0.08371749,0.89414483,0.6687559
6::single::text::39,Positive,0.022079965,0.08886313,0.8890569,0.640855
6::single::text::40,Positive,0.021664422,0.07077539,0.9075601,0.71774846
6::single::text::41,Positive,0.022401739,0.08601799,0.8915802,0.6524948
6::single::text::42,Positive,0.021772329,0.071637034,0.9065907,0.7200496
6::single::text::43,Positive,0.021989368,0.088269986,0.8897406,0.6464447
6::single::text::44,Positive,0.02234784,0.09028953,0.8873626,0.6343279
6::single::text::45,Positive,0.021900728,0.08427945,0.89381987,0.6678278
6::single::text::46,Positive,0.022117564,0.08976185,0.88812065,0.64178693
6::single::text::47,Positive,0.022255814,0.089765616,0.88797855,0.64178693
6::single::text::48,Positive,0.022837618,0.0873232,0.8898392,0.63852465
6::single::text::49,Positive,0.022136603,0.085101,0.8927624,0.6557503
6::single::audio::0,Positive,0.019988444,0.045790695,0.93422085,0.81223965
6::single::audio::1,Positive,0.022950398,0.0815358,0.8955138,0.69607353
6::single::audio::2,Positive,0.021604665,0.06632663,0.9120688,0.7338379
6::single::audio::3,Positive,0.021824364,0.067821346,0.91035426,0.728786
6::single::audio::4,Positive,0.02180903,0.06814871,0.9100423,0.7283265
6::single::audio::5,Positive,0.021776319,0.068168476,0.9100552,0.7283265
6::single::audio::6,Positive,0.022248004,0.10209938,0.87565255,0.6543553
6::single::audio::7,Positive,0.020007947,0.022642544,0.95734954,0.9976779
6::single::audio::8,Positive,0.022264166,0.07343613,0.9042998,0.7159068
6::single::audio::9,Positive,0.021514634,0.06739172,0.91109365,0.72970486
6::single::audio::10,Positive,0.021433182,0.066319615,0.91224724,0.73200136
6::single::audio::11,Positive,0.021318357,0.070878625,0.907803,0.71912926
6::single::audio::12,Positive,0.021109806,0.055138268,0.9237519,0.7709005
6::single::audio::13,Positive,0.021684254,0.06936015,0.9089556,0.72464937
6::single::audio::14,Positive,0.021685004,0.06892833,0.90938663,0.72602856
6::single::audio::15,Positive,0.021197392,0.06653047,0.9122722,0.73200136
6::single::audio::16,Positive,0.02168739,0.07911852,0.8991941,0.6988449
6::single::audio::17,Positive,0.021768795,0.06746023,0.910771,0.73154217
6::single::audio::18,Positive,0.02177441,0.06600145,0.9122242,0.734756
6::single::audio::19,Positive,0.021311177,0.07205072,0.9066381,0.7149858
6::single::audio::20,Positive,0.021205842,0.070007615,0.90878654,0.71912926
6::single::audio::21,Positive,0.021041268,0.079309486,0.89964926,0.69330096
6::single::audio::22,Positive,0.034684047,0.07715998,0.88815606,0.74988264
6::single::audio::23,Positive,0.019578524,0.067903146,0.9125184,0.69514954
6::single::audio::24,Positive,0.022918433,0.08031803,0.8967635,0.6969975
6::single::audio::25,Positive,0.021894569,0.06887573,0.90922976,0.7251091
6::single::audio::26,Positive,0.020956324,0.06252852,0.9165152,0.74347025
6::single::audio::27,Positive,0.022424864,0.0834202,0.89415497,0.69376314
6::single::audio::28,Positive,0.0211974,0.07683023,0.9019724,0.7080736
6::single::audio::29,Positive,0.021165451,0.07802053,0.90081406,0.7039224
6::single::audio::30,Positive,0.02116951,0.06801091,0.91081953,0.72740746
6::single::audio::31,Positive,0.021435073,0.07043713,0.9081278,0.7228099
6::single::audio::32,Positive,0.02170338,0.07024054,0.90805614,0.7223499
6::single::audio::33,Positive,0.021686504,0.07344963,0.9048639,0.7140646
6::single::audio::34,Positive,0.021683212,0.071341276,0.9069755,0.71866906
6::single::audio::35,Positive,0.021659428,0.071875155,0.9064654,0.717288
6::single::audio::36,Positive,0.021680221,0.0763754,0.90194446,0.7039224
6::single::audio::37,Positive,0.021601053,0.07091779,0.90748113,0.7200496
6::single::audio::38,Positive,0.021464644,0.06640052,0.9121348,0.73246056
6::single::audio::39,Positive,0.021755736,0.07017316,0.9080711,0.7223499
6::single::audio::40,Positive,0.02166451,0.0700466,0.90828896,0.7223499
6::single::audio::41,Positive,0.021689516,0.07098779,0.9073227,0.7200496
6::single::audio::42,Positive,0.022077244,0.0822405,0.8956822,0.6923765
6::single::audio::43,Positive,0.021864876,0.080776714,0.89735836,0.69607353
6::single::audio::44,Positive,0.021835167,0.074270055,0.9038948,0.71130025
6::single::audio::45,Positive,0.02154074,0.07520283,0.9032564,0.7071513
6::single::audio::46,Positive,0.021743886,0.076860406,0.9013957,0.703461
6::single::audio::47,Positive,0.022013055,0.08125322,0.89673376,0.69330096
6::single::audio::48,Positive,0.022006713,0.07648983,0.90150356,0.7053065
6::single::audio::49,Positive,0.020183468,0.04681332,0.9330032,0.8072599
6::single::vision::0,Positive,0.028103106,0.10690715,0.8649898,0.6431846
6::single::vision::1,Positive,0.021236792,0.06770063,0.9110626,0.73062354
6::single::vision::2,Positive,0.021291919,0.0681127,0.91059536,0.7301643
6::single::vision::3,Positive,0.021282759,0.06778544,0.9109318,0.73108286
6::single::vision::4,Positive,0.02128205,0.0678163,0.91090167,0.73108286
6::single::vision::5,Positive,0.021307321,0.06776033,0.9109324,0.73154217
6::single::vision::6,Positive,0.021332499,0.06690467,0.91176283,0.7333788
6::single::vision::7,Positive,0.020893717,0.06542221,0.91368407,0.7393441
6::single::vision::8,Positive,0.02128404,0.06813679,0.91057914,0.73108286
6::single::vision::9,Positive,0.02125591,0.06848003,0.9102641,0.7292454
6::single::vision::10,Positive,0.02131674,0.0686448,0.9100385,0.7292454
6::single::vision::11,Positive,0.02132741,0.06858632,0.91008633,0.7292454
6::single::vision::12,Positive,0.021252539,0.06677541,0.91197217,0.734756
6::single::vision::13,Positive,0.021185119,0.06706974,0.9117452,0.7333788
6::single::vision::14,Positive,0.021393698,0.067880966,0.9107254,0.73246056
6::single::vision::15,Positive,0.021404525,0.068693504,0.90990204,0.72970486
6::single::vision::16,Positive,0.02158219,0.070361175,0.9080566,0.72602856
6::single::vision::17,Positive,0.02147395,0.068429366,0.91009676,0.73062354
6::single::vision::18,Positive,0.021251824,0.067129,0.9116193,0.7338379
6::single::vision::19,Positive,0.021463754,0.06693192,0.9116044,0.734297
6::single::vision::20,Positive,0.021421168,0.067894936,0.9106839,0.73291975
6::single::vision::21,Positive,0.021446522,0.067916535,0.9106369,0.73291975
6::single::vision::22,Positive,0.021492362,0.068026744,0.9104809,0.73291975
6::single::vision::23,Positive,0.021567954,0.06936076,0.90907127,0.727867
6::single::vision::24,Positive,0.021589579,0.06931585,0.9090946,0.72740746
6::single::vision::25,Positive,0.021635538,0.068869345,0.9094951,0.728786
6::single::vision::26,Positive,0.02149013,0.06780088,0.910709,0.73108286
6::single::vision::27,Positive,0.02133312,0.067125455,0.91154146,0.73154217
6::single::vision::28,Positive,0.021523783,0.06626422,0.9122121,0.7356739
6::single::vision::29,Positive,0.021644084,0.06631829,0.9120376,0.73613274
6::single::vision::30,Positive,0.02152666,0.06759049,0.91088295,0.73246056
6::single::vision::31,Positive,0.021494988,0.06847986,0.91002524,0.72970486
6::single::vision::32,Positive,0.021464283,0.068922944,0.90961283,0.727867
6::single::vision::33,Positive,0.02155225,0.069716476,0.9087313,0.72602856
6::single::vision::34,Positive,0.021555992,0.069960564,0.90848345,0.7255689
6::single::vision::35,Positive,0.02154727,0.069610104,0.9088426,0.72648823
6::single::vision::36,Positive,0.021529676,0.0693218,0.90914845,0.72694784
6::single::vision::37,Positive,0.021302365,0.06863245,0.9100652,0.72970486
6::single::vision::38,Positive,0.021396222,0.06656066,0.91204315,0.7333788
6::single::vision::39,Positive,0.021314152,0.0685264,0.91015947,0.7283265
6::single::vision::40,Positive,0.02131885,0.06816106,0.9105201,0.72970486
6::single::vision::41,Positive,0.02131648,0.06810521,0.91057837,0.7301643
6::single::vision::42,Positive,0.021340074,0.06812276,0.9105371,0.72970486
6::single::vision::43,Positive,0.021313222,0.06808784,0.910599,0.7301643
6::single::vision::44,Positive,0.021102581,0.06692447,0.91197306,0.7333788
6::single::vision::45,Positive,0.021476205,0.067690425,0.9108334,0.728786
6::single::vision::46,Positive,0.021282515,0.06749295,0.91122454,0.73246056
6::single::vision::47,Positive,0.021455457,0.06882388,0.90972066,0.728786
6::single::vision::48,Positive,0.02124941,0.06641606,0.91233456,0.7370505
6::single::vision::49,Positive,0.027739286,0.10096946,0.8712912,0.6576098
7::single::text::0,Neutral,0.010793726,0.9797749,0.009431379,-0.0076331925
7::single::text::1,Neutral,0.010793726,0.9797749,0.009431379,-0.0076331925
7::single::text::2,Neutral,0.009028036,0.97678506,0.014186838,-0.006637562
7::single::text::3,Neutral,0.0077321306,0.98346287,0.008805068,-0.010559039
7::single::text::4,Neutral,0.0072248233,0.9798336,0.012941603,-8.034706e-05
7::single::text::5,Neutral,0.0072248233,0.9798336,0.012941603,-8.034706e-05
7::single::text::6,Neutral,0.009898265,0.9767889,0.013312901,-0.010208091
7::single::text::7,Neutral,0.008395394,0.9806309,0.010973743,-0.0061912443
7::single::text::8,Neutral,0.0075581847,0.97576135,0.01668043,-0.005802147
7::single::text::9,Neutral,0.0075581847,0.97576135,0.01668043,-0.005802147
7::single::text::10,Neutral,0.0074864384,0.9770675,0.0154461,-0.012298517
7::single::text::11,Neutral,0.0071140835,0.9804158,0.012470107,-0.00719832
7::single::text::12,Neutral,0.0075931195,0.9743385,0.01806842,-0.0046119653
7::single::audio::0,Neutral,0.014778951,0.965166,0.020055097,-0.017577924
7::single::audio::1,Neutral,0.012157872,0.97037935,0.017462825,-0.015868993
7::single::audio::2,Neutral,0.013986723,0.96852607,0.017487248,-0.019042714
7::single::audio::3,Neutral,0.010048181,0.9729423,0.017009554,-0.011062572
7::single::audio::4,Neutral,0.0094597265,0.9730952,0.017445069,-0.010726884
7::single::audio::5,Neutral,0.005937437,0.97075367,0.023308897,0.0032062521
7::single::audio::6,Neutral,0.005551188,0.9661633,0.028285475,0.008628821
7::single::audio::7,Neutral,0.007856401,0.9727086,0.019434985,-0.0053024236
7::single::audio::8,Neutral,0.010260453,0.9723044,0.017435169,-0.011329597
7::single::audio::9,Neutral,0.008802699,0.97567767,0.015519681,-0.0107574
7::single::audio::10,Neutral,0.010209208,0.9739849,0.015805935,-0.01347342
7::single::audio::11,Neutral,0.008376081,0.95598835,0.03563553,0.0071258415
7::single::audio::12,Neutral,0.011334241,0.96932447,0.01934138,-0.012191705
7::single::vision::0,Neutral,0.010109545,0.9703389,0.019551525,-0.0044670077
7::single::vision::1,Neutral,0.010064324,0.9664388,0.023496974,0.007919293
7::single::vision::2,Neutral,0.009822916,0.97003424,0.020142853,-0.0066032307
7::single::vision::3,Neutral,0.01001718,0.97037435,0.019608384,-0.008911107
7::single::vision::4,Neutral,0.010152806,0.9694484,0.020398727,-0.0073127598
7::single::vision::5,Neutral,0.009746058,0.9709214,0.0193326,-0.008094769
7::single::vision::6,Neutral,0.009830639,0.97036546,0.019803839,-0.007389054
7::single::vision::7,Neutral,0.009755151,0.970471,0.019773845,-0.007537826
7::single::vision::8,Neutral,0.009693708,0.97116935,0.01913693,-0.008361795
7::single::vision::9,Neutral,0.009808674,0.9713634,0.01882794,-0.007598861
7::single::vision::10,Neutral,0.010289762,0.9706785,0.01903177,-0.006813038
7::single::vision::11,Neutral,0.009676562,0.9727181,0.01760533,-0.011466924
7::single::vision::12,Neutral,0.010909023,0.96927834,0.01981261,-0.008918736
8::single::text::0,Negative,0.97597003,0.009485812,0.014544146,-2.3709397
8::single::text::1,Negative,0.97597003,0.009485812,0.014544146,-2.3709397
8::single::text::2,Negative,0.9807465,0.008502534,0.010750986,-2.3940191
8::single::text::3,Negative,0.9822035,0.007992905,0.009803626,-2.3854542
8::single::text::4,Negative,0.9822035,0.007992905,0.009803626,-2.3854542
8::single::text::5,Negative,0.98179543,0.008669786,0.009534787,-2.233214
8::single::text::6,Negative,0.98001647,0.008812608,0.011170937,-2.3818536
8::single::text::7,Negative,0.98001647,0.008812608,0.011170937,-2.3818536
8::single::text::8,Negative,0.9822631,0.007614522,0.010122462,-2.3796842
8::single::text::9,Negative,0.9812832,0.008038905,0.010677894,-2.3854542
8::single::text::10,Negative,0.98314166,0.007365824,0.00949244,-2.3702064
8::single::text::11,Negative,0.98314166,0.007365824,0.00949244,-2.3702064
8::single::text::12,Negative,0.98324484,0.0073636184,0.009391555,-2.3613443
8::single::text::13,Negative,0.981669,0.007995918,0.010335137,-2.3818536
8::single::text::14,Negative,0.981669,0.007995918,0.010335137,-2.3818536
8::single::text::15,Negative,0.98132956,0.008364169,0.010306309,-2.392599
8::single::text::16,Negative,0.9833536,0.008020807,0.008625589,-2.2648606
8::single::text::17,Negative,0.9833536,0.008020807,0.008625589,-2.2648606
8::single::text::18,Negative,0.9812022,0.0084224595,0.0103753265,-2.3745966
8::single::text::19,Negative,0.98190045,0.007962333,0.010137161,-2.3940191
8::single::audio::0,Negative,0.98270786,0.0073783696,0.009913878,-2.3989668
8::single::audio::1,Negative,0.98259056,0.0074297413,0.0099797165,-2.3968508
8::single::audio::2,Negative,0.98232585,0.007569817,0.010104304,-2.3968508
8::single::audio::3,Negative,0.982315,0.007577352,0.010107643,-2.3968508
8::single::audio::4,Negative,0.9819445,0.00777118,0.010284305,-2.3947284
8::single::audio::5,Negative,0.9815544,0.007951653,0.010493986,-2.3947284
8::single::audio::6,Negative,0.9838815,0.006786708,0.009331803,-2.3954365
8::single::audio::7,Negative,0.9809668,0.008429378,0.010603914,-2.391888
8::single::audio::8,Negative,0.98152596,0.008032382,0.010441629,-2.3947284
8::single::audio::9,Negative,0.98143923,0.008057406,0.010503354,-2.3954365
8::single::audio::10,Negative,0.98104596,0.008234989,0.010719062,-2.3954365
8::single::audio::11,Negative,0.98198396,0.0077806097,0.010235577,-2.396144
8::single::audio::12,Negative,0.9817976,0.007925261,0.0102771735,-2.396144
8::single::audio::13,Negative,0.9817477,0.007895482,0.010356807,-2.3954365
8::single::audio::14,Negative,0.98170686,0.007916594,0.010376632,-2.3954365
8::single::audio::15,Negative,0.9818021,0.007828747,0.010369264,-2.3947284
8::single::audio::16,Negative,0.9812051,0.008134695,0.010660265,-2.396144
8::single::audio::17,Negative,0.98155797,0.008004872,0.010437177,-2.396144
8::single::audio::18,Negative,0.9813517,0.008249754,0.010398589,-2.3968508
8::single::audio::19,Negative,0.9821652,0.007667996,0.010166764,-2.3975568
8::single::vision::0,Negative,0.9811298,0.008250099,0.010620141,-2.3947284
8::single::vision::1,Negative,0.98092127,0.008357804,0.010720942,-2.3933096
8::single::vision::2,Negative,0.9809015,0.008339489,0.010758934,-2.3940191
8::single::vision::3,Negative,0.9809325,0.008329216,0.010738281,-2.3940191
8::single::vision::4,Negative,0.98092043,0.008337669,0.010741889,-2.3940191
8::single::vision::5,Negative,0.9809694,0.008312858,0.010717728,-2.3940191
8::single::vision::6,Negative,0.9810473,0.008284428,0.0106682265,-2.3940191
8::single::vision::7,Negative,0.9810369,0.0082875965,0.010675556,-2.3940191
8::single::vision::8,Negative,0.9810512,0.008276822,0.010671987,-2.3940191
8::single::vision::9,Negative,0.98108447,0.0082528405,0.010662696,-2.3947284
8::single::vision::10,Negative,0.98112583,0.008240413,0.010633815,-2.3947284
8::single::vision::11,Negative,0.981055,0.008256949,0.010688045,-2.3947284
8::single::vision::12,Negative,0.98108447,0.0082528405,0.010662696,-2.3947284
8::single::vision::13,Negative,0.98105466,0.008257387,0.010688042,-2.3947284
8::single::vision::14,Negative,0.9811335,0.008225594,0.010640941,-2.3947284
8::single::vision::15,Negative,0.98109543,0.008207536,0.010697054,-2.3947284
8::single::vision::16,Negative,0.980764,0.008330064,0.010906012,-2.3947284
8::single::vision::17,Negative,0.98120904,0.00824051,0.010550484,-2.3968508
8::single::vision::18,Negative,0.9812843,0.00822004,0.010495616,-2.3975568
8::single::vision::19,Negative,0.98104596,0.008255419,0.010698802,-2.3947284
9::single::text::0,Negative,0.8811227,0.018877087,0.10000029,-0.87429523
9::single::text::1,Negative,0.8811227,0.018877087,0.10000029,-0.87429523
9::single::text::2,Negative,0.95275116,0.01090752,0.036341347,-1.4716488
9::single::text::3,Negative,0.9587131,0.009912467,0.031374462,-1.4545302
9::single::text::4,Negative,0.9635372,0.009154223,0.02730861,-1.5567801
9::single::text::5,Negative,0.9635372,0.009154223,0.02730861,-1.5567801
9::single::text::6,Negative,0.9699789,0.008163719,0.02185729,-1.6151751
9::single::text::7,Negative,0.97570336,0.0070190616,0.017277665,-1.6624464
9::single::text::8,Negative,0.97555095,0.007211551,0.01723745,-1.7509264
9::single::text::9,Negative,0.9776222,0.007120312,0.015257563,-1.6604154
9::single::text::10,Negative,0.9776222,0.007120312,0.015257563,-1.6604154
9::single::text::11,Negative,0.96632874,0.00876579,0.024905367,-1.5872412
9::single::text::12,Negative,0.9606462,0.009582945,0.029770903,-1.4701651
9::single::text::13,Negative,0.9538771,0.010774513,0.035348337,-1.4425483
9::single::text::14,Negative,0.9538771,0.010774513,0.035348337,-1.4425483
9::single::text::15,Negative,0.96746117,0.008247948,0.024290873,-1.6214068
9::single::text::16,Negative,0.9431702,0.01160727,0.045222573,-1.2661787
9::single::text::17,Negative,0.96909416,0.008135809,0.022769986,-1.6685266
9::single::text::18,Negative,0.976204,0.007252888,0.016543072,-1.9066117
9::single::text::19,Negative,0.976204,0.007252888,0.016543072,-1.9066117
9::single::text::20,Negative,0.9763005,0.0070240335,0.016675413,-1.8435488
9::single::text::21,Negative,0.9803151,0.008973168,0.010711752,-1.7078955
9::single::text::22,Negative,0.9797083,0.0070387824,0.013252942,-1.7470586
9::single::text::23,Negative,0.9797083,0.0070387824,0.013252942,-1.7470586
9::single::text::24,Negative,0.9728731,0.007918003,0.01920894,-1.7236665
9::single::text::25,Negative,0.95631427,0.009008218,0.03467752,-1.1600072
9::single::text::26,Negative,0.95842695,0.010057475,0.03151555,-1.3577774
9::single::text::27,Negative,0.9642031,0.009125772,0.026671156,-1.6200235
9::single::text::28,Negative,0.9642031,0.009125772,0.026671156,-1.6200235
9::single::text::29,Negative,0.9412471,0.011699955,0.04705303,-1.2371426
9::single::text::30,Negative,0.9627508,0.009239354,0.02800985,-1.6786165
9::single::text::31,Positive,0.026966918,0.010819335,0.9622137,1.639983
9::single::audio::0,Negative,0.9660867,0.0087084165,0.025204808,-1.6061393
9::single::audio::1,Negative,0.9659197,0.008973573,0.025106756,-1.6054426
9::single::audio::2,Negative,0.96638584,0.008883966,0.024730261,-1.6103148
9::single::audio::3,Negative,0.96664083,0.008865849,0.024493406,-1.6117047
9::single::audio::4,Negative,0.96689886,0.008940998,0.024160113,-1.6130934
9::single::audio::5,Negative,0.9663874,0.008962434,0.024650328,-1.6144813
9::single::audio::6,Negative,0.9668375,0.008714411,0.024448007,-1.6151751
9::single::audio::7,Negative,0.9662323,0.008946633,0.024821142,-1.6110101
9::single::audio::8,Negative,0.9659038,0.00906578,0.025030382,-1.6054426
9::single::audio::9,Negative,0.9683993,0.008332695,0.023268107,-1.6324364
9::single::audio::10,Negative,0.9669485,0.008820119,0.02423139,-1.6358703
9::single::audio::11,Negative,0.9663419,0.00899777,0.024660345,-1.6158686
9::single::audio::12,Negative,0.9688087,0.008275116,0.02291614,-1.6255503
9::single::audio::13,Negative,0.9653393,0.009202236,0.0254585,-1.5977619
9::single::audio::14,Negative,0.9672272,0.009358417,0.023414385,-1.6324364
9::single::audio::15,Negative,0.9657692,0.009131132,0.02509975,-1.6047456
9::single::audio::16,Negative,0.96592396,0.009223619,0.02485236,-1.6082282
9::single::audio::17,Negative,0.9664035,0.009147914,0.024448691,-1.6123992
9::single::audio::18,Negative,0.96627116,0.009012063,0.024716884,-1.6033506
9::single::audio::19,Negative,0.96578693,0.009146204,0.025066935,-1.601955
9::single::audio::20,Negative,0.9662383,0.009105601,0.02465608,-1.6040483
9::single::audio::21,Negative,0.9661607,0.009075808,0.024763497,-1.6054426
9::single::audio::22,Negative,0.9664105,0.008908226,0.024681237,-1.6047456
9::single::audio::23,Negative,0.96647143,0.008757234,0.024771351,-1.6096196
9::single::audio::24,Negative,0.96694756,0.00864668,0.024405828,-1.6158686
9::single::audio::25,Negative,0.9667342,0.008636855,0.024628999,-1.6130934
9::single::audio::26,Negative,0.9664559,0.008843572,0.024700604,-1.6110101
9::single::audio::27,Negative,0.9671935,0.0087561365,0.024050377,-1.6186395
9::single::audio::28,Negative,0.9678379,0.008903999,0.023258071,-1.6303729
9::single::audio::29,Negative,0.9662876,0.008862833,0.02484959,-1.6082282
9::single::audio::30,Negative,0.968548,0.009439181,0.022012772,-1.6604154
9::single::audio::31,Negative,0.96610844,0.008795257,0.025096271,-1.607532
9::single::vision::0,Negative,0.967491,0.008542124,0.023966929,-1.6158686
9::single::vision::1,Negative,0.9649968,0.009265966,0.025737258,-1.5998595
9::single::vision::2,Negative,0.9647691,0.00930723,0.025923632,-1.5984614
9::single::vision::3,Negative,0.9646452,0.009338854,0.02601599,-1.5963625
9::single::vision::4,Negative,0.9655364,0.009022942,0.025440672,-1.6061393
9::single::vision::5,Negative,0.9663044,0.008840237,0.024855316,-1.6130934
9::single::vision::6,Negative,0.9661789,0.008851265,0.024969805,-1.6103148
9::single::vision::7,Negative,0.96601015,0.00890129,0.025088564,-1.6089242
9::single::vision::8,Negative,0.96587545,0.008927926,0.025196685,-1.6089242
9::single::vision::9,Negative,0.96592116,0.008907678,0.02517108,-1.6082282
9::single::vision::10,Negative,0.9660583,0.008877499,0.025064252,-1.6089242
9::single::vision::11,Negative,0.96626914,0.008831651,0.024899196,-1.6103148
9::single::vision::12,Negative,0.9662241,0.008823942,0.024951898,-1.6089242
9::single::vision::13,Negative,0.9659385,0.008897332,0.025164124,-1.607532
9::single::vision::14,Negative,0.96642536,0.008785107,0.024789523,-1.6103148
9::single::vision::15,Negative,0.9664208,0.008798709,0.024780475,-1.6117047
9::single::vision::16,Negative,0.9664177,0.0088018505,0.024780478,-1.6110101
9::single::vision::17,Negative,0.9661183,0.008878521,0.025003254,-1.6096196
9::single::vision::18,Negative,0.96592253,0.008917866,0.025159687,-1.6089242
9::single::vision::19,Negative,0.96598417,0.008904672,0.02511115,-1.6096196
9::single::vision::20,Negative,0.9659837,0.008897785,0.025118526,-1.6096196
9::single::vision::21,Negative,0.96599907,0.008897936,0.025102992,-1.6096196
9::single::vision::22,Negative,0.9659481,0.008904714,0.025147187,-1.6096196
9::single::vision::23,Negative,0.96652925,0.008724804,0.024745893,-1.6144813
9::single::vision::24,Negative,0.96662337,0.008698378,0.024678215,-1.6144813
9::single::vision::25,Negative,0.96674865,0.008679494,0.024571862,-1.6158686
9::single::vision::26,Negative,0.9661156,0.008853842,0.025030628,-1.6089242
9::single::vision::27,Negative,0.96617055,0.008843931,0.024985563,-1.6096196
9::single::vision::28,Negative,0.96624887,0.008820588,0.024930485,-1.6096196
9::single::vision::29,Negative,0.966674,0.008698432,0.024627527,-1.6130934
9::single::vision::30,Negative,0.96671134,0.008705974,0.024582604,-1.6123992
9::single::vision::31,Negative,0.96723926,0.00859355,0.02416725,-1.6137875
10::single::text::0,Negative,0.9897236,0.0049652522,0.0053112037,-2.1028116
10::single::text::1,Negative,0.9898186,0.004914356,0.0052671223,-2.112702
10::single::text::2,Negative,0.99071544,0.0044174157,0.004867146,-1.9955996
10::single::text::3,Negative,0.99134433,0.004058986,0.0045966045,-1.9262648
10::single::text::4,Neutral,0.078908406,0.84294295,0.07814861,0.0008130074
10::single::text::5,Negative,0.9901241,0.004762348,0.005113541,-2.057179
10::single::text::6,Negative,0.9903666,0.004467598,0.005165891,-2.0766726
10::single::text::7,Negative,0.9906845,0.004424126,0.0048913737,-2.0878065
10::single::text::8,Negative,0.991119,0.0045108087,0.00437024,-1.6752591
10::single::text::9,Negative,0.99033105,0.004651492,0.0050174175,-2.0715747
10::single::text::10,Negative,0.99059117,0.00443281,0.004975967,-2.0938332
10::single::text::11,Negative,0.98973215,0.0049434197,0.0053243856,-2.1886075
10::single::text::12,Negative,0.9898352,0.0048385477,0.0053262617,-2.1579823
10::single::text::13,Negative,0.98959273,0.0050937077,0.005313559,-2.1523113
10::single::text::14,Negative,0.9897748,0.0049913735,0.0052337633,-2.084781
10::single::text::15,Negative,0.9897236,0.0049652522,0.0053112037,-2.1028116
10::single::audio::0,Negative,0.9897553,0.0049126074,0.0053321035,-2.104797
10::single::audio::1,Negative,0.989727,0.0050002406,0.005272765,-2.1028116
10::single::audio::2,Negative,0.9896049,0.0050120316,0.0053830897,-2.103805
10::single::audio::3,Negative,0.9895859,0.0049833176,0.0054308646,-2.103805
10::single::audio::4,Negative,0.9896513,0.0051140385,0.0052346718,-2.0988305
10::single::audio::5,Negative,0.9896981,0.0050031976,0.005298741,-2.103805
10::single::audio::6,Negative,0.9896649,0.005002445,0.005332735,-2.103805
10::single::audio::7,Negative,0.98970294,0.00497724,0.0053198477,-2.103805
10::single::audio::8,Negative,0.9896746,0.004984874,0.005340509,-2.103805
10::single::audio::9,Negative,0.9896737,0.0049576685,0.0053687543,-2.104797
10::single::audio::10,Negative,0.98966503,0.004982864,0.0053521227,-2.103805
10::single::audio::11,Negative,0.9897391,0.0049435385,0.005317404,-2.103805
10::single::audio::12,Negative,0.9897435,0.004943556,0.0053129415,-2.103805
10::single::audio::13,Negative,0.9897208,0.004951784,0.005327461,-2.103805
10::single::audio::14,Negative,0.98967767,0.004976157,0.0053462386,-2.103805
10::single::audio::15,Negative,0.98974675,0.004925618,0.005327575,-2.103805
10::single::vision::0,Negative,0.98967046,0.005061809,0.0052677626,-2.0978327
10::single::vision::1,Negative,0.98954487,0.0050779893,0.0053771907,-2.100823
10::single::vision::2,Negative,0.98946893,0.0051166397,0.0054143737,-2.0988305
10::single::vision::3,Negative,0.9895423,0.00507748,0.005380262,-2.099827
10::single::vision::4,Negative,0.9895601,0.005071635,0.0053682197,-2.099827
10::single::vision::5,Negative,0.9894974,0.0051000984,0.0054025142,-2.099827
10::single::vision::6,Negative,0.9895768,0.0050638393,0.005359278,-2.100823
10::single::vision::7,Negative,0.9895866,0.005056952,0.0053564515,-2.100823
10::single::vision::8,Negative,0.9895692,0.0050699515,0.005360876,-2.099827
10::single::vision::9,Negative,0.9896109,0.0050474848,0.005341631,-2.100823
10::single::vision::10,Negative,0.9896246,0.005042375,0.005332923,-2.100823
10::single::vision::11,Negative,0.9896407,0.005027974,0.005331364,-2.101818
10::single::vision::12,Negative,0.9895546,0.0050698593,0.005375594,-2.100823
10::single::vision::13,Negative,0.98953116,0.0050828606,0.0053859768,-2.099827
10::single::vision::14,Negative,0.9896288,0.005017814,0.0053534,-2.101818
10::single::vision::15,Negative,0.9897133,0.0050292867,0.005257379,-2.099827
11::single::text::0,Negative,0.9799347,0.011983616,0.008081682,-0.8505552
11::single::text::1,Negative,0.9799347,0.011983616,0.008081682,-0.8505552
11::single::text::2,Negative,0.97022533,0.019980395,0.009794415,-0.6441162
11::single::text::3,Negative,0.9803434,0.011633443,0.008023271,-0.9284854
11::single::text::4,Negative,0.97009903,0.01857085,0.011330133,-0.7159068
11::single::text::5,Negative,0.97009903,0.01857085,0.011330133,-0.7159068
11::single::text::6,Negative,0.97931266,0.012439337,0.008247976,-0.8316595
11::single::text::7,Negative,0.9784268,0.012486804,0.0090863565,-0.82263637
11::single::text::8,Negative,0.98005456,0.01195604,0.007989375,-0.8235394
11::single::text::9,Negative,0.96513087,0.024074702,0.01079438,-0.67478526
11::single::text::10,Negative,0.96513087,0.024074702,0.01079438,-0.67478526
11::single::text::11,Negative,0.9785363,0.013156585,0.008307149,-0.86624575
11::single::text::12,Negative,0.9792428,0.012548584,0.008208568,-0.82805216
11::single::text::13,Negative,0.97618884,0.015158214,0.008652914,-0.7941085
11::single::text::14,Negative,0.98022544,0.011039458,0.008735152,-0.837516
11::single::text::15,Negative,0.98022544,0.011039458,0.008735152,-0.837516
11::single::text::16,Negative,0.96298254,0.025344895,0.011672594,-0.65900415
11::single::text::17,Negative,0.97142774,0.01883522,0.009736997,-0.706229
11::single::text::18,Negative,0.9777,0.014004923,0.008295023,-0.8230879
11::single::text::19,Negative,0.9717218,0.018365381,0.009912878,-0.7695322
11::single::text::20,Negative,0.9717218,0.018365381,0.009912878,-0.7695322
11::single::text::21,Negative,0.9805058,0.011414671,0.008079516,-0.86042386
11::single::text::22,Negative,0.978928,0.0124141835,0.008657769,-0.84066653
11::single::text::23,Negative,0.97316444,0.016606435,0.01022913,-0.72740746
11::single::text::24,Negative,0.9657154,0.022536531,0.011748088,-0.6673637
11::single::text::25,Negative,0.9657154,0.022536531,0.011748088,-0.6673637
11::single::text::26,Negative,0.9729366,0.017493902,0.00956948,-0.7402612
11::single::text::27,Negative,0.9738499,0.016831923,0.009318153,-0.76998836
11::single::text::28,Negative,0.9570803,0.030952588,0.011967128,-0.63152856
11::single::text::29,Negative,0.97378445,0.016992465,0.009223113,-0.7745476
11::single::text::30,Negative,0.97378445,0.016992465,0.009223113,-0.7745476
11::single::text::31,Negative,0.9768746,0.014618449,0.008506932,-0.8167625
11::single::text::32,Negative,0.9670212,0.022928473,0.010050293,-0.73842674
11::single::text::33,Negative,0.981267,0.010750548,0.007982394,-0.8792076
11::single::text::34,Negative,0.9747422,0.015817914,0.009439962,-0.754001
11::single::text::35,Negative,0.9747422,0.015817914,0.009439962,-0.754001
11::single::text::36,Negative,0.9632192,0.025625037,0.01115575,-0.61704737
11::single::text::37,Negative,0.9804367,0.011451513,0.008111874,-0.8595276
11::single::text::38,Negative,0.98104656,0.01094662,0.008006848,-0.85773444
11::single::text::39,Negative,0.98358667,0.009235876,0.007177473,-0.9311337
11::single::text::40,Negative,0.98358667,0.009235876,0.007177473,-0.9311337
11::single::text::41,Negative,0.9756613,0.014810137,0.009528616,-0.7604015
11::single::text::42,Negative,0.9750517,0.015642254,0.009306045,-0.71222186
11::single::text::43,Negative,0.9807238,0.011205592,0.008070621,-0.8429158
11::single::audio::0,Negative,0.9795539,0.012118536,0.0083276145,-0.8469617
11::single::audio::1,Negative,0.9802697,0.011624452,0.008105794,-0.85773444
11::single::audio::2,Negative,0.9799327,0.011896018,0.008171323,-0.85235107
11::single::audio::3,Negative,0.9800224,0.011833921,0.008143638,-0.8541461
11::single::audio::4,Negative,0.979978,0.011848303,0.008173702,-0.85235107
11::single::audio::5,Negative,0.97981787,0.011957688,0.008224359,-0.8501061
11::single::audio::6,Negative,0.9794642,0.012102978,0.008432872,-0.8429158
11::single::audio::7,Negative,0.97969687,0.012024954,0.008278166,-0.84920794
11::single::audio::8,Negative,0.9792414,0.012282841,0.008475812,-0.8411164
11::single::audio::9,Negative,0.9802735,0.011593528,0.008133035,-0.8554921
11::single::audio::10,Negative,0.98016787,0.011678099,0.0081540905,-0.8541461
11::single::audio::11,Negative,0.9798416,0.011925291,0.00823314,-0.85100424
11::single::audio::12,Negative,0.97955745,0.012183395,0.008259112,-0.84875876
11::single::audio::13,Negative,0.97962534,0.012108979,0.008265712,-0.8478602
11::single::audio::14,Negative,0.9794194,0.012203937,0.008376684,-0.84426475
11::single::audio::15,Negative,0.97893846,0.012426643,0.008634972,-0.8361651
11::single::audio::16,Negative,0.97967273,0.011831082,0.008496181,-0.84426475
11::single::audio::17,Negative,0.9798121,0.011798836,0.008389106,-0.8474109
11::single::audio::18,Negative,0.9799865,0.011745783,0.008267695,-0.8514532
11::single::audio::19,Negative,0.97997224,0.011777624,0.008250244,-0.85235107
11::single::audio::20,Negative,0.97959375,0.012111135,0.008295083,-0.8469617
11::single::audio::21,Negative,0.97954464,0.01212511,0.00833026,-0.8460629
11::single::audio::22,Negative,0.97960126,0.012064105,0.008334695,-0.8469617
11::single::audio::23,Negative,0.9801333,0.011630832,0.008235854,-0.8527999
11::single::audio::24,Negative,0.9794413,0.012101347,0.008457353,-0.8438151
11::single::audio::25,Negative,0.9796493,0.012020285,0.008330304,-0.8474109
11::single::audio::26,Negative,0.9799509,0.011828619,0.008220559,-0.8519021
11::single::audio::27,Negative,0.9798666,0.011885354,0.008247997,-0.8505552
11::single::audio::28,Negative,0.97968787,0.012025877,0.008286224,-0.8474109
11::single::audio::29,Negative,0.9800339,0.0118079735,0.00815824,-0.8541461
11::single::audio::30,Negative,0.9798698,0.01190605,0.008224179,-0.8501061
11::single::audio::31,Negative,0.9803467,0.011693685,0.007959606,-0.860872
11::single::audio::32,Negative,0.98053145,0.011712522,0.0077560386,-0.8671409
11::single::audio::33,Negative,0.97907245,0.012609277,0.008318298,-0.8429158
11::single::audio::34,Negative,0.9789443,0.012663352,0.008392361,-0.8393165
11::single::audio::35,Negative,0.9790587,0.012570499,0.008370812,-0.8411164
11::single::audio::36,Negative,0.97943807,0.012253267,0.0083086565,-0.84471434
11::single::audio::37,Negative,0.98068386,0.011650756,0.0076652877,-0.86535054
11::single::audio::38,Negative,0.9788257,0.012683808,0.008490545,-0.8352643
11::single::audio::39,Negative,0.9791531,0.0124183735,0.008428594,-0.8393165
11::single::audio::40,Negative,0.97834945,0.0128541365,0.008796477,-0.82579625
11::single::audio::41,Negative,0.97455597,0.015581191,0.009862811,-0.7786476
11::single::audio::42,Negative,0.9759442,0.014667504,0.009388294,-0.7968322
11::single::audio::43,Negative,0.97915906,0.0123713305,0.008469611,-0.8411164
11::single::vision::0,Negative,0.9808109,0.011140667,0.00804843,-0.86624575
11::single::vision::1,Negative,0.98009956,0.011678872,0.008221641,-0.8496571
11::single::vision::2,Negative,0.98002017,0.011737402,0.008242434,-0.8519021
11::single::vision::3,Negative,0.979964,0.011785243,0.008250691,-0.85100424
11::single::vision::4,Negative,0.97995734,0.0117685115,0.00827414,-0.8505552
11::single::vision::5,Negative,0.9800169,0.01172334,0.008259817,-0.8514532
11::single::vision::6,Negative,0.98007363,0.011680867,0.008245511,-0.8527999
11::single::vision::7,Negative,0.9800169,0.01172334,0.008259817,-0.8514532
11::single::vision::8,Negative,0.9800219,0.01171827,0.008259836,-0.8519021
11::single::vision::9,Negative,0.98007363,0.011680867,0.008245511,-0.8527999
11::single::vision::10,Negative,0.9800539,0.011692043,0.0082540605,-0.8519021
11::single::vision::11,Negative,0.98005974,0.011703533,0.008236694,-0.8527999
11::single::vision::12,Negative,0.9802174,0.011603269,0.008179284,-0.8550434
11::single::vision::13,Negative,0.97969127,0.011968624,0.00834014,-0.8474109
11::single::vision::14,Negative,0.97996616,0.011758326,0.008275491,-0.85100424
11::single::vision::15,Negative,0.98017186,0.011601301,0.0082268845,-0.8541461
11::single::vision::16,Negative,0.9800219,0.01171827,0.008259836,-0.85235107
11::single::vision::17,Negative,0.9799547,0.011779974,0.008265389,-0.8514532
11::single::vision::18,Negative,0.97983634,0.011866961,0.008296669,-0.84875876
11::single::vision::19,Negative,0.9799438,0.011772115,0.008284061,-0.8505552
11::single::vision::20,Negative,0.9799589,0.011758242,0.008282848,-0.8505552
11::single::vision::21,Negative,0.980042,0.011687985,0.008270021,-0.8527999
11::single::vision::22,Negative,0.9800403,0.011671488,0.008288261,-0.85100424
11::single::vision::23,Negative,0.9798802,0.011805836,0.008314014,-0.8469617
11::single::vision::24,Negative,0.9799778,0.011741875,0.008280335,-0.85100424
11::single::vision::25,Negative,0.9800248,0.011699205,0.0082759615,-0.85235107
11::single::vision::26,Negative,0.98003685,0.011701895,0.008261261,-0.8536974
11::single::vision::27,Negative,0.9800926,0.011654397,0.008252987,-0.8541461
11::single::vision::28,Negative,0.97992945,0.0118001,0.008270471,-0.8541461
11::single::vision::29,Negative,0.9798659,0.0118854735,0.008248558,-0.85235107
11::single::vision::30,Negative,0.9798645,0.011863479,0.008272024,-0.8519021
11::single::vision::31,Negative,0.9798598,0.011863434,0.008276765,-0.8501061
11::single::vision::32,Negative,0.97973794,0.011965311,0.008296679,-0.8478602
11::single::vision::33,Negative,0.97991127,0.01180885,0.008279834,-0.8496571
11::single::vision::34,Negative,0.9799547,0.011779974,0.008265389,-0.8501061
11::single::vision::35,Negative,0.97995734,0.0117685115,0.00827414,-0.8505552
11::single::vision::36,Negative,0.98008144,0.011655619,0.008262997,-0.85235107
11::single::vision::37,Negative,0.9801353,0.011624703,0.008239957,-0.8532486
11::single::vision::38,Negative,0.9800232,0.011718289,0.008258525,-0.85235107
11::single::vision::39,Negative,0.98002934,0.011712051,0.008258599,-0.8527999
11::single::vision::40,Negative,0.98001796,0.011732239,0.00824978,-0.8519021
11::single::vision::41,Negative,0.9800304,0.011718372,0.008251189,-0.8527999
11::single::vision::42,Negative,0.9800604,0.011731569,0.008208055,-0.8519021
11::single::vision::43,Negative,0.9809741,0.01102593,0.008000089,-0.86937773
12::single::text::0,Neutral,0.013096742,0.9588957,0.028007591,0.00736998
12::single::text::1,Neutral,0.013096742,0.9588957,0.028007591,0.00736998
12::single::text::2,Neutral,0.010271785,0.95960075,0.030127563,0.012245109
12::single::text::3,Neutral,0.012207137,0.9545888,0.033204127,0.015472275
12::single::text::4,Neutral,0.015469717,0.94376326,0.040766984,0.008773779
12::single::text::5,Neutral,0.010430672,0.95567024,0.033899132,0.012885967
12::single::text::6,Neutral,0.009078336,0.96742815,0.023493566,-0.0041198707
12::single::text::7,Neutral,0.009078336,0.96742815,0.023493566,-0.0041198707
12::single::text::8,Neutral,0.013838569,0.93366283,0.052498598,0.025679916
12::single::text::9,Neutral,0.010534133,0.9578675,0.03159834,0.010742142
12::single::text::10,Neutral,0.0127972355,0.93849206,0.048710696,0.027358253
12::single::text::11,Neutral,0.0110257,0.95823437,0.030739944,0.018783323
12::single::text::12,Neutral,0.014099354,0.9483373,0.037563387,0.015960544
12::single::text::13,Neutral,0.014099354,0.9483373,0.037563387,0.015960544
12::single::text::14,Neutral,0.012071815,0.9575101,0.030418046,0.01087184
12::single::text::15,Neutral,0.013122842,0.9498787,0.036998447,0.013046183
12::single::text::16,Neutral,0.011477617,0.9617795,0.026742984,0.006015769
12::single::text::17,Neutral,0.013706583,0.95568824,0.030605191,0.00719832
12::single::text::18,Neutral,0.020420019,0.9185934,0.06098659,0.024184657
12::single::text::19,Neutral,0.009661146,0.97155976,0.018779146,-0.007659896
12::single::text::20,Neutral,0.009661146,0.97155976,0.018779146,-0.007659896
12::single::text::21,Neutral,0.011296016,0.9633297,0.025374295,0.0058708116
12::single::text::22,Neutral,0.011769224,0.9608532,0.027377531,0.002496719
12::single::text::23,Neutral,0.011004182,0.96841156,0.020584216,-0.004894253
12::single::text::24,Neutral,0.010075546,0.9670202,0.02290423,0.004775997
12::single::text::25,Neutral,0.012035568,0.9578007,0.030163787,0.005889885
12::single::text::26,Neutral,0.012035568,0.9578007,0.030163787,0.005889885
12::single::text::27,Neutral,0.01500152,0.9440638,0.040934723,0.008956883
12::single::text::28,Neutral,0.021071766,0.9180008,0.06092747,0.017608441
12::single::text::29,Neutral,0.014784279,0.9452363,0.039979424,0.014373669
12::single::text::30,Neutral,0.010819415,0.9655834,0.023597283,0.0043907138
12::single::text::31,Neutral,0.010611812,0.97350746,0.015880752,-0.005661004
12::single::audio::0,Neutral,0.014602551,0.951937,0.033460505,0.0057029654
12::single::audio::1,Neutral,0.014032045,0.9518,0.034167927,0.0074272
12::single::audio::2,Neutral,0.011728074,0.9595612,0.028710594,0.005821221
12::single::audio::3,Neutral,0.011102684,0.9620134,0.02688392,0.0050239516
12::single::audio::4,Neutral,0.011712068,0.95950663,0.028781358,0.0059509203
12::single::audio::5,Neutral,0.010486832,0.9630146,0.026498571,0.004688259
12::single::audio::6,Neutral,0.010545679,0.97014815,0.019306269,-0.0032806385
12::single::audio::7,Neutral,0.013773404,0.9496995,0.03652707,0.009712186
12::single::audio::8,Neutral,0.01400297,0.9519941,0.034002937,0.006843555
12::single::audio::9,Neutral,0.013156635,0.9540172,0.032826155,0.006889331
12::single::audio::10,Neutral,0.012451097,0.9545941,0.032954864,0.008285502
12::single::audio::11,Neutral,0.014523229,0.94626075,0.039216045,0.010818435
12::single::audio::12,Neutral,0.021304177,0.91561794,0.06307791,0.018752808
12::single::audio::13,Neutral,0.015460826,0.9445659,0.039973315,0.010147057
12::single::audio::14,Neutral,0.012854749,0.9547115,0.03243378,0.0070724357
12::single::audio::15,Neutral,0.013526108,0.9519716,0.034502346,0.0076675247
12::single::audio::16,Neutral,0.014292712,0.95118153,0.034525815,0.0069923275
12::single::audio::17,Neutral,0.015682625,0.9450724,0.039244987,0.009521453
12::single::audio::18,Neutral,0.014673079,0.9497516,0.035575315,0.0072631696
12::single::audio::19,Neutral,0.015840972,0.94441485,0.03974426,0.009178133
12::single::audio::20,Neutral,0.014695432,0.9491205,0.03618402,0.008071881
12::single::audio::21,Neutral,0.014805023,0.94821537,0.03697962,0.007987957
12::single::audio::22,Neutral,0.013256038,0.9526952,0.034048744,0.007858259
12::single::audio::23,Neutral,0.012688687,0.95458174,0.03272959,0.007293687
12::single::audio::24,Neutral,0.0109105725,0.96277213,0.026317257,0.004013059
12::single::audio::25,Neutral,0.012010675,0.95898217,0.02900715,0.0049362136
12::single::audio::26,Neutral,0.010454565,0.9654741,0.024071328,0.002548217
12::single::audio::27,Neutral,0.012359116,0.9558401,0.031800758,0.0072517255
12::single::audio::28,Neutral,0.012405163,0.95698315,0.030611662,0.005798333
12::single::audio::29,Neutral,0.014436018,0.9487251,0.036838852,0.008743262
12::single::audio::30,Neutral,0.013310486,0.951635,0.035054564,0.0091933925
12::single::audio::31,Neutral,0.014970353,0.95033854,0.034691133,0.006114952
12::single::vision::0,Neutral,0.010840096,0.9466409,0.042519026,0.028502561
12::single::vision::1,Neutral,0.012449919,0.9238057,0.063744396,0.0460169
12::single::vision::2,Neutral,0.012433777,0.9239683,0.063597865,0.046077922
12::single::vision::3,Neutral,0.012433777,0.9239683,0.063597865,0.046077922
12::single::vision::4,Neutral,0.012433777,0.9239683,0.063597865,0.046077922
12::single::vision::5,Neutral,0.012433777,0.9239683,0.063597865,0.046077922
12::single::vision::6,Neutral,0.012433777,0.9239683,0.063597865,0.046077922
12::single::vision::7,Neutral,0.012433777,0.9239683,0.063597865,0.046077922
12::single::vision::8,Neutral,0.012433777,0.9239683,0.063597865,0.046077922
12::single::vision::9,Neutral,0.012433777,0.9239683,0.063597865,0.046077922
12::single::vision::10,Neutral,0.012433777,0.9239683,0.063597865,0.046077922
12::single::vision::11,Neutral,0.012433777,0.9239683,0.063597865,0.046077922
12::single::vision::12,Neutral,0.012433777,0.9239683,0.063597865,0.046077922
12::single::vision::13,Neutral,0.012433777,0.9239683,0.063597865,0.046077922
12::single::vision::14,Neutral,0.012433777,0.9239683,0.063597865,0.046077922
12::single::vision::15,Neutral,0.012433777,0.9239683,0.063597865,0.046077922
12::single::vision::16,Neutral,0.012433777,0.9239683,0.063597865,0.046077922
12::single::vision::17,Neutral,0.012433777,0.9239683,0.063597865,0.046077922
12::single::vision::18,Neutral,0.012433777,0.9239683,0.063597865,0.046077922
12::single::vision::19,Neutral,0.012433777,0.9239683,0.063597865,0.046077922
12::single::vision::20,Neutral,0.012433777,0.9239683,0.063597865,0.046077922
12::single::vision::21,Neutral,0.012433777,0.9239683,0.063597865,0.046077922
12::single::vision::22,Neutral,0.012433777,0.9239683,0.063597865,0.046077922
12::single::vision::23,Neutral,0.012433777,0.9239683,0.063597865,0.046077922
12::single::vision::24,Neutral,0.012433777,0.9239683,0.063597865,0.046077922
12::single::vision::25,Neutral,0.012433777,0.9239683,0.063597865,0.046077922
12::single::vision::26,Neutral,0.012433777,0.9239683,0.063597865,0.046077922
12::single::vision::27,Neutral,0.012433777,0.9239683,0.063597865,0.046077922
12::single::vision::28,Neutral,0.012433777,0.9239683,0.063597865,0.046077922
12::single::vision::29,Neutral,0.012433777,0.9239683,0.063597865,0.046077922
12::single::vision::30,Neutral,0.012433547,0.9239501,0.06361644,0.04598639
12::single::vision::31,Neutral,0.025185019,0.6478404,0.32697457,0.15075183
13::single::text::0,Neutral,0.012859272,0.60774404,0.37939674,0.32465145
13::single::text::1,Neutral,0.012859272,0.60774404,0.37939674,0.32465145
13::single::text::2,Neutral,0.009830506,0.75524235,0.23492712,0.2634796
13::single::text::3,Neutral,0.009830506,0.75524235,0.23492712,0.2634796
13::single::text::4,Neutral,0.011036603,0.7163297,0.2726337,0.27631426
13::single::text::5,Neutral,0.008838083,0.80783653,0.18332541,0.22576864
13::single::text::6,Neutral,0.008838083,0.80783653,0.18332541,0.22576864
13::single::text::7,Neutral,0.008289889,0.8140414,0.17766875,0.24420944
13::single::text::8,Neutral,0.011017227,0.6810488,0.30793402,0.26783964
13::single::text::9,Neutral,0.011017227,0.6810488,0.30793402,0.26783964
13::single::text::10,Neutral,0.008812005,0.80503637,0.18615164,0.23571917
13::single::text::11,Neutral,0.012908069,0.5333601,0.45373183,0.31451392
13::single::text::12,Neutral,0.012908069,0.5333601,0.45373183,0.31451392
13::single::text::13,Neutral,0.010771229,0.7291137,0.26011503,0.2746197
13::single::text::14,Neutral,0.010523396,0.69587755,0.2935991,0.2799449
13::single::text::15,Neutral,0.010523396,0.69587755,0.2935991,0.2799449
13::single::text::16,Neutral,0.009787518,0.77552336,0.2146891,0.25063515
13::single::text::17,Neutral,0.011900548,0.6608005,0.3272989,0.30195266
13::single::text::18,Neutral,0.011900548,0.6608005,0.3272989,0.30195266
13::single::text::19,Neutral,0.009885268,0.7709506,0.21916413,0.2456645
13::single::text::20,Neutral,0.009885268,0.7709506,0.21916413,0.2456645
13::single::text::21,Neutral,0.009941989,0.7610853,0.22897281,0.25160486
13::single::text::22,Neutral,0.0102967275,0.71321946,0.27648383,0.27316704
13::single::text::23,Neutral,0.0102967275,0.71321946,0.27648383,0.27316704
13::single::text::24,Neutral,0.010133293,0.76893294,0.22093382,0.25330174
13::single::text::25,Neutral,0.01210728,0.6770443,0.3108484,0.28551027
13::single::text::26,Neutral,0.01210728,0.6770443,0.3108484,0.28551027
13::single::text::27,Neutral,0.012399874,0.6297408,0.3578593,0.3070268
13::single::text::28,Positive,0.014444652,0.44196135,0.54359406,0.36151594
13::single::text::29,Positive,0.014444652,0.44196135,0.54359406,0.36151594
13::single::text::30,Neutral,0.009180557,0.8098234,0.180996,0.23462728
13::single::text::31,Neutral,0.0084771905,0.82153815,0.16998476,0.21884882
13::single::text::32,Neutral,0.0084771905,0.82153815,0.16998476,0.21884882
13::single::text::33,Neutral,0.008623791,0.8344071,0.1569691,0.20670323
13::single::text::34,Neutral,0.009251237,0.7817142,0.20903462,0.24166277
13::single::text::35,Neutral,0.009251237,0.7817142,0.20903462,0.24166277
13::single::text::36,Neutral,0.01151184,0.6955597,0.2929285,0.27655637
13::single::audio::0,Neutral,0.010803838,0.7337533,0.25544292,0.2627528
13::single::audio::1,Neutral,0.010455801,0.7170321,0.2725122,0.2639641
13::single::audio::2,Neutral,0.010913882,0.72663754,0.2624486,0.26226825
13::single::audio::3,Neutral,0.011400906,0.7139552,0.2746439,0.26541752
13::single::audio::4,Neutral,0.01138161,0.70793056,0.28068784,0.26905057
13::single::audio::5,Neutral,0.011143297,0.7157026,0.27315408,0.26638642
13::single::audio::6,Neutral,0.010533248,0.7514043,0.23806258,0.25499845
13::single::audio::7,Neutral,0.012966888,0.60229754,0.3847356,0.29736024
13::single::audio::8,Neutral,0.010821822,0.7351495,0.25402868,0.25911838
13::single::audio::9,Neutral,0.010973786,0.73455757,0.25446865,0.25984532
13::single::audio::10,Neutral,0.0076022064,0.8701859,0.12221189,0.2003848
13::single::audio::11,Neutral,0.01005824,0.7693261,0.2206156,0.2472407
13::single::audio::12,Neutral,0.010263176,0.764479,0.22525784,0.24881677
13::single::audio::13,Neutral,0.010466019,0.75609326,0.23344073,0.2518473
13::single::audio::14,Neutral,0.011537248,0.7050165,0.2834463,0.27123004
13::single::audio::15,Neutral,0.011037636,0.72943866,0.25952375,0.26081452
13::single::audio::16,Neutral,0.011224378,0.7160522,0.27272347,0.26638642
13::single::audio::17,Neutral,0.0107778385,0.7507952,0.23842698,0.25233212
13::single::audio::18,Neutral,0.010627523,0.7501852,0.23918736,0.25451368
13::single::audio::19,Neutral,0.010950435,0.728308,0.26074153,0.26129913
13::single::audio::20,Neutral,0.011152238,0.7223407,0.26650697,0.26469082
13::single::audio::21,Neutral,0.011697704,0.6940541,0.2942482,0.2738934
13::single::audio::22,Neutral,0.010790719,0.7350837,0.2541256,0.26202595
13::single::audio::23,Neutral,0.010772475,0.7437957,0.24543181,0.25742206
13::single::audio::24,Neutral,0.011467189,0.7140915,0.27444136,0.26953492
13::single::audio::25,Neutral,0.011612048,0.7112639,0.2771241,0.27001926
13::single::audio::26,Neutral,0.011621942,0.71031374,0.27806437,0.2702614
13::single::audio::27,Neutral,0.0116959205,0.7032838,0.2850203,0.27292496
13::single::audio::28,Neutral,0.011052303,0.71739084,0.2715569,0.26929277
13::single::audio::29,Neutral,0.011795006,0.6980568,0.2901483,0.2751039
13::single::audio::30,Neutral,0.011096195,0.7278578,0.26104596,0.2634796
13::single::audio::31,Neutral,0.011144444,0.7266193,0.26223633,0.26420632
13::single::audio::32,Neutral,0.011214469,0.7251683,0.26361728,0.26444858
13::single::audio::33,Neutral,0.010535784,0.7519395,0.23752473,0.25354412
13::single::audio::34,Neutral,0.010683932,0.7485077,0.24080844,0.25524086
13::single::audio::35,Neutral,0.011549342,0.7148157,0.273635,0.26638642
13::single::audio::36,Neutral,0.011654035,0.6940172,0.29432887,0.27583012
13::single::vision::0,Neutral,0.0109073585,0.7329357,0.25615692,0.25863373
13::single::vision::1,Neutral,0.010949786,0.7324549,0.2565954,0.25790673
13::single::vision::2,Neutral,0.0108626485,0.7348567,0.2542807,0.25766438
13::single::vision::3,Neutral,0.0109507,0.73044413,0.25860524,0.2600876
13::single::vision::4,Neutral,0.010968575,0.72896844,0.260063,0.26081452
13::single::vision::5,Neutral,0.010968575,0.72896844,0.260063,0.26105684
13::single::vision::6,Neutral,0.010967333,0.72889376,0.26013896,0.26081452
13::single::vision::7,Neutral,0.010947,0.73022074,0.25883228,0.26057225
13::single::vision::8,Neutral,0.010921265,0.73054117,0.25853756,0.26057225
13::single::vision::9,Neutral,0.010919086,0.7304279,0.258653,0.26081452
13::single::vision::10,Neutral,0.010971753,0.72885853,0.2601697,0.26081452
13::single::vision::11,Neutral,0.0109601775,0.72968674,0.2593531,0.2600876
13::single::vision::12,Neutral,0.010958939,0.7296121,0.25942895,0.2600876
13::single::vision::13,Neutral,0.010970304,0.7289313,0.26009837,0.26057225
13::single::vision::14,Neutral,0.010949009,0.73021924,0.25883174,0.2600876
13::single::vision::15,Neutral,0.010925742,0.73199093,0.25708342,0.25911838
13::single::vision::16,Neutral,0.010905491,0.7331617,0.25593287,0.2583914
13::single::vision::17,Neutral,0.010927241,0.7321005,0.25697234,0.25863373
13::single::vision::18,Neutral,0.010967322,0.730654,0.25837874,0.2593607
13::single::vision::19,Neutral,0.010912565,0.7344151,0.25467238,0.25693738
13::single::vision::20,Neutral,0.011062902,0.7257776,0.2631595,0.26226825
13::single::vision::21,Neutral,0.011030781,0.72791004,0.26105917,0.2615414
13::single::vision::22,Neutral,0.010971804,0.7308012,0.25822696,0.2593607
13::single::vision::23,Neutral,0.010998139,0.7286082,0.26039374,0.26081452
13::single::vision::24,Neutral,0.010968274,0.7306928,0.25833896,0.2593607
13::single::vision::25,Neutral,0.010972921,0.7303881,0.258639,0.25960302
13::single::vision::26,Neutral,0.010972921,0.7303881,0.258639,0.25960302
13::single::vision::27,Neutral,0.010973422,0.73027664,0.25875,0.25960302
13::single::vision::28,Neutral,0.010978797,0.7301576,0.25886363,0.25984532
13::single::vision::29,Neutral,0.0109524755,0.7301452,0.25890234,0.2600876
13::single::vision::30,Neutral,0.01091698,0.7326684,0.2564146,0.2581491
13::single::vision::31,Neutral,0.010993728,0.7287667,0.26023957,0.26081452
13::single::vision::32,Neutral,0.011012778,0.7273602,0.26162702,0.2617837
13::single::vision::33,Neutral,0.0109424675,0.7323141,0.25674343,0.25863373
13::single::vision::34,Neutral,0.011055587,0.72608376,0.2628607,0.26226825
13::single::vision::35,Neutral,0.01078664,0.7413275,0.24788585,0.25305933
13::single::vision::36,Neutral,0.01090642,0.73289716,0.25619638,0.25911838
14::single::text::0,Positive,0.016011517,0.019808214,0.96418023,1.0996716
14::single::text::1,Positive,0.016011517,0.019808214,0.96418023,1.0996716
14::single::text::2,Positive,0.014514201,0.020187195,0.96529853,0.9950715
14::single::text::3,Positive,0.014676938,0.020678272,0.9646448,1.0132815
14::single::text::4,Positive,0.014676938,0.020678272,0.9646448,1.0132815
14::single::text::5,Positive,0.016095083,0.019094225,0.96481067,1.0852716
14::single::text::6,Positive,0.0150820315,0.021996388,0.9629216,1.0037533
14::single::text::7,Positive,0.016554955,0.020038165,0.9634069,1.0835737
14::single::text::8,Positive,0.016554955,0.020038165,0.9634069,1.0835737
14::single::text::9,Positive,0.016675316,0.021270579,0.96205413,1.108115
14::single::text::10,Positive,0.015203987,0.020083848,0.96471214,1.0046206
14::single::text::11,Positive,0.01505009,0.021882262,0.96306765,0.98811245
14::single::text::12,Positive,0.01505009,0.021882262,0.96306765,0.98811245
14::single::text::13,Positive,0.013902071,0.023743507,0.9623545,0.93422127
14::single::text::14,Positive,0.014756031,0.028186299,0.9570576,0.8149539
14::single::text::15,Positive,0.013694889,0.028540865,0.9577642,0.7863836
14::single::text::16,Positive,0.013694889,0.028540865,0.9577642,0.7863836
14::single::text::17,Positive,0.014036397,0.02262333,0.9633403,0.9050233
14::single::text::18,Positive,0.013511233,0.024407815,0.96208096,0.8635596
14::single::text::19,Positive,0.012671365,0.030282233,0.95704645,0.7768258
14::single::text::20,Positive,0.012671365,0.030282233,0.95704645,0.7768258
14::single::text::21,Positive,0.013016963,0.029118154,0.9578649,0.7781923
14::single::text::22,Positive,0.014238324,0.024274101,0.96148753,0.91831887
14::single::audio::0,Positive,0.013593947,0.019681847,0.9667243,1.0322686
14::single::audio::1,Positive,0.015312974,0.020082561,0.96460444,1.0400093
14::single::audio::2,Positive,0.014866772,0.020926991,0.9642062,1.0245124
14::single::audio::3,Positive,0.015586691,0.023625417,0.960788,1.0011507
14::single::audio::4,Positive,0.01576239,0.023980126,0.96025753,1.0037533
14::single::audio::5,Positive,0.015783658,0.022582376,0.9616339,1.0227866
14::single::audio::6,Positive,0.015361523,0.022225514,0.96241295,1.0201967
14::single::audio::7,Positive,0.0151992,0.022751234,0.96204954,1.0115508
14::single::audio::8,Positive,0.015947081,0.024399651,0.9596533,1.0054874
14::single::audio::9,Positive,0.015448414,0.022164125,0.9623875,1.0167406
14::single::audio::10,Positive,0.014995392,0.020938635,0.964066,1.0245124
14::single::audio::11,Positive,0.014728665,0.020561408,0.9647099,1.025375
14::single::audio::12,Positive,0.014958255,0.020631991,0.9644097,1.0314076
14::single::audio::13,Positive,0.014793583,0.020528482,0.9646779,1.025375
14::single::audio::14,Positive,0.014751518,0.020414658,0.9648338,1.0305464
14::single::audio::15,Positive,0.01579858,0.021748638,0.96245277,1.0288234
14::single::audio::16,Positive,0.01513791,0.020108134,0.9647539,1.0417273
14::single::audio::17,Positive,0.01531181,0.021288276,0.9633999,1.0262372
14::single::audio::18,Positive,0.0153968735,0.020876385,0.9637268,1.0288234
14::single::audio::19,Positive,0.015555762,0.02254202,0.96190226,1.015876
14::single::audio::20,Positive,0.016206572,0.023209121,0.9605843,1.0089533
14::single::audio::21,Positive,0.018779552,0.040614363,0.9406061,0.91344833
14::single::audio::22,Positive,0.014059415,0.020461388,0.96547914,1.0296849
14::single::vision::0,Positive,0.015410669,0.023162508,0.96142685,1.0063542
14::single::vision::1,Positive,0.01498349,0.02182611,0.9631904,1.0167406
14::single::vision::2,Positive,0.014903137,0.021424402,0.96367246,1.0176048
14::single::vision::3,Positive,0.014899771,0.021415958,0.9636842,1.0184689
14::single::vision::4,Positive,0.014956219,0.02132739,0.96371645,1.0245124
14::single::vision::5,Positive,0.014926068,0.021337219,0.9637367,1.0227866
14::single::vision::6,Positive,0.014883601,0.02103704,0.9640794,1.0279615
14::single::vision::7,Positive,0.014977172,0.021385327,0.9636374,1.0210601
14::single::vision::8,Positive,0.014931002,0.02133309,0.9637359,1.0201967
14::single::vision::9,Positive,0.014828555,0.021294352,0.9638771,1.0193329
14::single::vision::10,Positive,0.014916952,0.020950574,0.96413255,1.0322686
14::single::vision::11,Positive,0.014924392,0.021065192,0.9640104,1.0322686
14::single::vision::12,Positive,0.015032554,0.021152362,0.96381515,1.0279615
14::single::vision::13,Positive,0.014986502,0.021225259,0.9637882,1.0270996
14::single::vision::14,Positive,0.014910168,0.021320585,0.9637692,1.0193329
14::single::vision::15,Positive,0.0148939565,0.021023763,0.96408224,1.025375
14::single::vision::16,Positive,0.015092513,0.021981347,0.96292615,1.0106852
14::single::vision::17,Positive,0.01612996,0.029367156,0.9545029,0.91920394
14::single::vision::18,Positive,0.014972858,0.021114737,0.9639125,1.0279615
14::single::vision::19,Positive,0.0151384445,0.02158796,0.9632736,1.0210601
14::single::vision::20,Positive,0.015190743,0.022004312,0.962805,1.0106852
14::single::vision::21,Positive,0.01525739,0.02333262,0.96141005,0.99246323
14::single::vision::22,Positive,0.015118366,0.022174165,0.96270746,1.0176048
15::single::text::0,Negative,0.98365843,0.0068724738,0.009469087,-2.3356361
15::single::text::1,Negative,0.98365843,0.0068724738,0.009469087,-2.3356361
15::single::text::2,Negative,0.98181874,0.008095504,0.010085718,-2.3847353
15::single::text::3,Negative,0.98181874,0.008095504,0.010085718,-2.3847353
15::single::text::4,Negative,0.97952765,0.009635069,0.010837291,-2.324009
15::single::text::5,Negative,0.9816224,0.0072340923,0.011143463,-2.3177354
15::single::text::6,Negative,0.9816224,0.0072340923,0.011143463,-2.3177354
15::single::text::7,Negative,0.9832408,0.007268154,0.009491129,-2.2657003
15::single::text::8,Negative,0.9832408,0.007268154,0.009491129,-2.2657003
15::single::text::9,Negative,0.98234403,0.007577618,0.010078415,-2.320094
15::single::text::10,Negative,0.9838114,0.008024827,0.008163807,-2.2504625
15::single::text::11,Negative,0.9838114,0.008024827,0.008163807,-2.2504625
15::single::text::12,Negative,0.9842748,0.0066014784,0.009123793,-2.2748806
15::single::audio::0,Negative,0.9823276,0.007780852,0.009891541,-2.347845
15::single::audio::1,Negative,0.98145807,0.008087358,0.010454608,-2.3493571
15::single::audio::2,Negative,0.98160493,0.00801148,0.010383643,-2.3493571
15::single::audio::3,Negative,0.9820375,0.007816929,0.010145552,-2.3493571
15::single::audio::4,Negative,0.98180467,0.008065326,0.010130028,-2.3463297
15::single::audio::5,Negative,0.9823494,0.0077279545,0.009922618,-2.347845
15::single::audio::6,Negative,0.98182076,0.007950796,0.010228427,-2.3486013
15::single::audio::7,Negative,0.98310804,0.0075287996,0.009363204,-2.345571
15::single::audio::8,Negative,0.9813561,0.008239638,0.010404259,-2.3470879
15::single::audio::9,Negative,0.9814795,0.00810268,0.010417791,-2.3486013
15::single::audio::10,Negative,0.98169243,0.008020391,0.010287176,-2.3486013
15::single::audio::11,Negative,0.9817848,0.007975478,0.010239686,-2.3486013
15::single::audio::12,Negative,0.9821328,0.007839902,0.010027352,-2.3486013
15::single::vision::0,Negative,0.98224694,0.007652471,0.010100639,-2.3516197
15::single::vision::1,Negative,0.98160994,0.008173243,0.010216818,-2.3470879
15::single::vision::2,Negative,0.9815726,0.008184336,0.010243027,-2.347845
15::single::vision::3,Negative,0.98156834,0.008184347,0.010247253,-2.347845
15::single::vision::4,Negative,0.98158175,0.008190366,0.010227874,-2.3470879
15::single::vision::5,Negative,0.9813836,0.008195417,0.010420919,-2.3486013
15::single::vision::6,Negative,0.98139185,0.008186896,0.010421289,-2.347845
15::single::vision::7,Negative,0.9810439,0.008411812,0.010544347,-2.347845
15::single::vision::8,Negative,0.9815962,0.008130327,0.010273526,-2.3486013
15::single::vision::9,Negative,0.98157156,0.008111257,0.010317202,-2.3493571
15::single::vision::10,Negative,0.982795,0.00766333,0.009541702,-2.3463297
15::single::vision::11,Negative,0.9814774,0.008189361,0.010333219,-2.3486013
15::single::vision::12,Negative,0.98211765,0.007739449,0.010142812,-2.3516197
16::single::text::0,Positive,0.01115176,0.009374879,0.9794734,1.5149875
16::single::text::1,Positive,0.01115176,0.009374879,0.9794734,1.5149875
16::single::text::2,Positive,0.011896703,0.009197645,0.9789057,1.564615
16::single::text::3,Positive,0.0117806895,0.008735589,0.9794837,1.6207151
16::single::text::4,Positive,0.011740846,0.008646126,0.97961307,1.6324364
16::single::text::5,Positive,0.011793202,0.008929419,0.97927743,1.6207151
16::single::text::6,Positive,0.011450515,0.009197219,0.9793521,1.5395846
16::single::text::7,Positive,0.011450515,0.009197219,0.9793521,1.5395846
16::single::text::8,Positive,0.011801853,0.00887271,0.9793255,1.6061393
16::single::text::9,Positive,0.011841775,0.009210894,0.9789474,1.5907542
16::single::text::10,Positive,0.011127537,0.009785141,0.97908735,1.4432988
16::single::text::11,Positive,0.011862029,0.009078844,0.97905904,1.5914559
16::single::text::12,Positive,0.011905986,0.009256069,0.97883797,1.5674567
16::single::text::13,Positive,0.011443186,0.010206059,0.9783507,1.4259747
16::single::text::14,Positive,0.011443186,0.010206059,0.9783507,1.4259747
16::single::text::15,Positive,0.0110190185,0.009850636,0.97913027,1.4387915
16::single::text::16,Positive,0.01127218,0.010163266,0.9785646,1.422949
16::single::text::17,Positive,0.010930762,0.009239478,0.97982967,1.5135319
16::single::text::18,Positive,0.010266632,0.009514539,0.9802189,1.3817394
16::single::text::19,Positive,0.010688412,0.0093189245,0.9799926,1.4470487
16::single::text::20,Positive,0.010688412,0.0093189245,0.9799926,1.4470487
16::single::text::21,Positive,0.011464694,0.0086874915,0.9798478,1.5970623
16::single::text::22,Positive,0.011765707,0.008970654,0.97926366,1.5724206
16::single::text::23,Positive,0.011314042,0.0089609455,0.97972506,1.546766
16::single::text::24,Positive,0.011947882,0.008947395,0.9791047,1.5773728
16::single::text::25,Positive,0.011363419,0.009604442,0.97903216,1.4597536
16::single::audio::0,Positive,0.012127604,0.008418806,0.97945356,1.6234794
16::single::audio::1,Positive,0.011880605,0.00846671,0.97965276,1.62486
16::single::audio::2,Positive,0.01171654,0.008477591,0.9798059,1.6137875
16::single::audio::3,Positive,0.011862097,0.0082515525,0.9798863,1.6033506
16::single::audio::4,Positive,0.012059877,0.008413669,0.9795265,1.6054426
16::single::audio::5,Positive,0.011907022,0.008751051,0.9793419,1.6165617
16::single::audio::6,Positive,0.01173125,0.0088257445,0.97944295,1.6172545
16::single::audio::7,Positive,0.011842894,0.008734794,0.9794224,1.6151751
16::single::audio::8,Positive,0.011851281,0.008785593,0.9793631,1.6117047
16::single::audio::9,Positive,0.011832535,0.008795159,0.9793723,1.6137875
16::single::audio::10,Positive,0.011770346,0.008733202,0.9794965,1.6137875
16::single::audio::11,Positive,0.011745487,0.008667599,0.97958696,1.6151751
16::single::audio::12,Positive,0.01164532,0.008443176,0.97991157,1.6110101
16::single::audio::13,Positive,0.0118115535,0.008742854,0.9794457,1.6123992
16::single::audio::14,Positive,0.01180424,0.00913306,0.9790627,1.6151751
16::single::audio::15,Positive,0.011826104,0.0087860655,0.9793878,1.6200235
16::single::audio::16,Positive,0.011980752,0.009316687,0.9787026,1.6283073
16::single::audio::17,Positive,0.01182458,0.008964236,0.9792113,1.6200235
16::single::audio::18,Positive,0.011652516,0.010056752,0.97829074,1.6137875
16::single::audio::19,Positive,0.011464003,0.013682096,0.97485393,1.607532
16::single::audio::20,Positive,0.011561048,0.00935461,0.97908443,1.6047456
16::single::audio::21,Positive,0.011932612,0.008917213,0.9791501,1.6151751
16::single::audio::22,Positive,0.011864595,0.008795546,0.97933984,1.6158686
16::single::audio::23,Positive,0.011834799,0.009446441,0.97871876,1.6103148
16::single::audio::24,Positive,0.011822894,0.009384948,0.97879213,1.607532
16::single::audio::25,Positive,0.012096989,0.008496086,0.979407,1.6200235
16::single::vision::0,Positive,0.012049305,0.008803075,0.9791477,1.6296848
16::single::vision::1,Positive,0.011781945,0.008774191,0.97944385,1.6241701
16::single::vision::2,Positive,0.011741272,0.008635052,0.9796236,1.6289964
16::single::vision::3,Positive,0.011746945,0.008616755,0.97963625,1.6283073
16::single::vision::4,Positive,0.011882338,0.008822533,0.9792952,1.6137875
16::single::vision::5,Positive,0.011907132,0.008866687,0.97922623,1.6117047
16::single::vision::6,Positive,0.011712394,0.008608113,0.97967947,1.6296848
16::single::vision::7,Positive,0.011752576,0.008737407,0.97951007,1.6207151
16::single::vision::8,Positive,0.011712617,0.008648937,0.97963846,1.6227887
16::single::vision::9,Positive,0.011768288,0.008665209,0.97956645,1.6276186
16::single::vision::10,Positive,0.0117684975,0.0086469,0.97958463,1.6289964
16::single::vision::11,Positive,0.0117577445,0.008596914,0.97964525,1.6303729
16::single::vision::12,Positive,0.011784607,0.008645212,0.9795702,1.6303729
16::single::vision::13,Positive,0.011752003,0.008625057,0.97962284,1.6303729
16::single::vision::14,Positive,0.011748573,0.008613655,0.97963774,1.6303729
16::single::vision::15,Positive,0.011782234,0.008645233,0.97957253,1.6289964
16::single::vision::16,Positive,0.011773035,0.008663615,0.9795633,1.6269293
16::single::vision::17,Positive,0.011761684,0.008663715,0.97957456,1.6262398
16::single::vision::18,Positive,0.011787667,0.008688683,0.97952366,1.6269293
16::single::vision::19,Positive,0.011729857,0.008582064,0.9796881,1.6324364
16::single::vision::20,Positive,0.011760984,0.008623432,0.9796155,1.6283073
16::single::vision::21,Positive,0.01178342,0.0086452225,0.97957134,1.6269293
16::single::vision::22,Positive,0.01178342,0.0086452225,0.97957134,1.6276186
16::single::vision::23,Positive,0.011782234,0.008645233,0.97957253,1.6283073
16::single::vision::24,Positive,0.011804961,0.008747601,0.9794474,1.6241701
16::single::vision::25,Positive,0.01214128,0.008909007,0.9789498,1.6269293
17::single::text::0,Neutral,0.26188082,0.7304884,0.0076307496,-0.29010624
17::single::text::1,Neutral,0.26188082,0.7304884,0.0076307496,-0.29010624
17::single::text::2,Neutral,0.21236357,0.78002965,0.0076068263,-0.26953492
17::single::text::3,Neutral,0.16131385,0.8321821,0.0065040556,-0.24833184
17::single::text::4,Neutral,0.20680407,0.7856762,0.0075198067,-0.26251054
17::single::text::5,Neutral,0.2710615,0.72096807,0.007970392,-0.28792936
17::single::text::6,Neutral,0.24771293,0.7447412,0.007545849,-0.2789768
17::single::text::7,Neutral,0.1841006,0.8087453,0.0071540866,-0.2554832
17::single::text::8,Neutral,0.2568734,0.7350751,0.0080514485,-0.27704048
17::single::text::9,Neutral,0.19762303,0.79486895,0.007508073,-0.2581491
17::single::text::10,Neutral,0.27690732,0.7148578,0.008234939,-0.28260684
17::single::text::11,Neutral,0.20591865,0.7868571,0.0072242753,-0.25402892
17::single::text::12,Neutral,0.27299398,0.71888137,0.008124622,-0.27583012
17::single::text::13,Neutral,0.27299398,0.71888137,0.008124622,-0.27583012
17::single::text::14,Neutral,0.28973052,0.70185894,0.008410595,-0.2850264
17::single::text::15,Neutral,0.21724379,0.77541053,0.0073456704,-0.24918047
17::single::text::16,Neutral,0.29692212,0.6930881,0.009989787,-0.2978437
17::single::text::17,Neutral,0.15796402,0.835199,0.006837003,-0.25378653
17::single::text::18,Neutral,0.18117571,0.8114403,0.0073839673,-0.25063515
17::single::text::19,Neutral,0.16692373,0.82614064,0.0069356235,-0.2432393
17::single::text::20,Neutral,0.18905587,0.8037253,0.007218797,-0.24869554
17::single::text::21,Neutral,0.090459116,0.90396476,0.005576143,-0.20512378
17::single::text::22,Neutral,0.18749888,0.804883,0.007618175,-0.2615414
17::single::text::23,Neutral,0.035603974,0.961002,0.003394108,-0.138695
17::single::text::24,Neutral,0.22549638,0.7669967,0.0075069484,-0.26759744
17::single::text::25,Neutral,0.22350056,0.76882756,0.007671876,-0.27946088
17::single::text::26,Neutral,0.22350056,0.76882756,0.007671876,-0.27946088
17::single::text::27,Neutral,0.14910404,0.8441497,0.006746302,-0.23596182
17::single::text::28,Neutral,0.09047374,0.9041135,0.0054128533,-0.20500228
17::single::text::29,Neutral,0.12456621,0.8692224,0.0062113665,-0.22783197
17::single::text::30,Neutral,0.13006361,0.86340034,0.0065359916,-0.220063
17::single::text::31,Neutral,0.1830399,0.80953604,0.0074241296,-0.24554324
17::single::text::32,Neutral,0.10058208,0.89386,0.0055578924,-0.21472013
17::single::text::33,Neutral,0.098931454,0.89547086,0.005597654,-0.20342273
17::single::text::34,Neutral,0.18626496,0.80638343,0.007351625,-0.25015026
17::single::text::35,Neutral,0.089604236,0.90510345,0.005292375,-0.1936999
17::single::text::36,Neutral,0.09233725,0.9023931,0.0052697207,-0.21338418
17::single::text::37,Neutral,0.10312578,0.89126897,0.0056052334,-0.20755365
17::single::text::38,Neutral,0.10312578,0.89126897,0.0056052334,-0.20755365
17::single::text::39,Neutral,0.17999853,0.8128946,0.0071069887,-0.25160486
17::single::text::40,Neutral,0.111191615,0.88287354,0.0059348447,-0.21204816
17::single::text::41,Neutral,0.09102893,0.9036644,0.0053067217,-0.21508446
17::single::text::42,Neutral,0.13610989,0.8575451,0.0063450774,-0.22321951
17::single::text::43,Neutral,0.2096239,0.7826858,0.0076902965,-0.26590195
17::single::text::44,Neutral,0.06856168,0.9265972,0.0048410962,-0.19892643
17::single::text::45,Neutral,0.074538335,0.9203896,0.005072056,-0.19552325
17::single::text::46,Neutral,0.08753882,0.90716785,0.005293299,-0.20646024
17::single::text::47,Neutral,0.1253016,0.86860955,0.006088851,-0.23062319
17::single::text::48,Neutral,0.1616378,0.8315625,0.006799641,-0.2370536
17::single::text::49,Neutral,0.21119376,0.7817174,0.0070888256,-0.27074572
17::single::audio::0,Neutral,0.1984477,0.79413855,0.007413764,-0.25499845
17::single::audio::1,Neutral,0.21534228,0.77706224,0.0075954776,-0.26202595
17::single::audio::2,Neutral,0.20598531,0.78653634,0.0074784136,-0.25863373
17::single::audio::3,Neutral,0.2301377,0.7618295,0.008032808,-0.26469082
17::single::audio::4,Neutral,0.28888315,0.7024156,0.0087013105,-0.2903481
17::single::audio::5,Neutral,0.2033989,0.78935766,0.007243475,-0.26081452
17::single::audio::6,Neutral,0.17832974,0.81482327,0.006847005,-0.25257453
17::single::audio::7,Neutral,0.17167246,0.8216823,0.0066452743,-0.24833184
17::single::audio::8,Neutral,0.20327252,0.7892633,0.007464132,-0.2571797
17::single::audio::9,Neutral,0.21093309,0.7815838,0.0074831666,-0.26129913
17::single::audio::10,Neutral,0.19546969,0.797333,0.0071973144,-0.25524086
17::single::audio::11,Neutral,0.1994134,0.79325914,0.0073274453,-0.2554832
17::single::audio::12,Neutral,0.20738626,0.7851021,0.0075115734,-0.25863373
17::single::audio::13,Neutral,0.2104513,0.781949,0.0075997305,-0.2593607
17::single::audio::14,Neutral,0.20320368,0.7893424,0.0074539017,-0.2571797
17::single::audio::15,Neutral,0.20323662,0.7892633,0.0074999966,-0.25693738
17::single::audio::16,Neutral,0.19780234,0.79487073,0.0073269354,-0.25427133
17::single::audio::17,Neutral,0.19241658,0.8003487,0.007234791,-0.25160486
17::single::audio::18,Neutral,0.19767492,0.7949749,0.007350107,-0.25305933
17::single::audio::19,Neutral,0.20876169,0.78369445,0.0075438153,-0.25766438
17::single::audio::20,Neutral,0.20418745,0.7883681,0.007444423,-0.25742206
17::single::audio::21,Neutral,0.20214197,0.7904372,0.0074208267,-0.25693738
17::single::audio::22,Neutral,0.20014952,0.79244965,0.0074008163,-0.2562103
17::single::audio::23,Neutral,0.19520143,0.7974887,0.0073099113,-0.25451368
17::single::audio::24,Neutral,0.19618541,0.79651314,0.0073014363,-0.25524086
17::single::audio::25,Neutral,0.19664277,0.7960643,0.0072929305,-0.2554832
17::single::audio::26,Neutral,0.18969643,0.8030985,0.007205114,-0.25281692
17::single::audio::27,Neutral,0.18044977,0.8124535,0.007096746,-0.24966538
17::single::audio::28,Neutral,0.19505867,0.79767215,0.0072692363,-0.2547561
17::single::audio::29,Neutral,0.19215429,0.80062026,0.007225479,-0.25451368
17::single::audio::30,Neutral,0.18529606,0.8076372,0.0070667057,-0.25136244
17::single::audio::31,Neutral,0.17339803,0.8198428,0.0067592016,-0.24942291
17::single::audio::32,Neutral,0.18619618,0.8065324,0.007271436,-0.24905923
17::single::audio::33,Neutral,0.1763247,0.8166863,0.0069889836,-0.24857432
17::single::audio::34,Neutral,0.19527994,0.7974074,0.0073126657,-0.25596794
17::single::audio::35,Neutral,0.15368094,0.83967793,0.006641216,-0.24081378
17::single::audio::36,Neutral,0.2004519,0.7921733,0.007374747,-0.2571797
17::single::audio::37,Neutral,0.19747841,0.7952186,0.00730297,-0.25572556
17::single::audio::38,Neutral,0.19429252,0.7984397,0.007267861,-0.25451368
17::single::audio::39,Neutral,0.1848367,0.80809313,0.00707021,-0.25160486
17::single::audio::40,Neutral,0.20946568,0.7829943,0.0075400416,-0.2581491
17::single::audio::41,Neutral,0.19485658,0.7977983,0.0073451567,-0.25330174
17::single::audio::42,Neutral,0.20218733,0.7900398,0.0077728787,-0.2503927
17::single::audio::43,Neutral,0.1900726,0.8027432,0.0071842396,-0.2518473
17::single::audio::44,Neutral,0.19050103,0.8024064,0.007092595,-0.2518473
17::single::audio::45,Neutral,0.19845629,0.7941624,0.007381254,-0.25427133
17::single::audio::46,Neutral,0.19468369,0.79791415,0.007402165,-0.25257453
17::single::audio::47,Neutral,0.20651522,0.78585994,0.00762478,-0.25645265
17::single::audio::48,Neutral,0.19617847,0.7962706,0.0075508924,-0.25305933
17::single::audio::49,Neutral,0.21107526,0.781158,0.007766765,-0.2562103
17::single::vision::0,Neutral,0.2015914,0.79106337,0.007345262,-0.2571797
17::single::vision::1,Neutral,0.19622731,0.7964375,0.0073352004,-0.2547561
17::single::vision::2,Neutral,0.19634521,0.7962977,0.007357074,-0.2547561
17::single::vision::3,Neutral,0.19702011,0.7956147,0.0073651653,-0.25499845
17::single::vision::4,Neutral,0.19831377,0.79430544,0.007380755,-0.2554832
17::single::vision::5,Neutral,0.19831452,0.7943046,0.0073809363,-0.2554832
17::single::vision::6,Neutral,0.19840638,0.7942138,0.007379805,-0.2554832
17::single::vision::7,Neutral,0.19622439,0.7964169,0.0073586777,-0.25402892
17::single::vision::8,Neutral,0.19533938,0.7973144,0.0073462096,-0.25378653
17::single::vision::9,Neutral,0.19472724,0.79792225,0.007350518,-0.25330174
17::single::vision::10,Neutral,0.19488212,0.7977795,0.00733846,-0.25354412
17::single::vision::11,Neutral,0.19549182,0.79716355,0.007344659,-0.25378653
17::single::vision::12,Neutral,0.19607049,0.79657745,0.007351987,-0.25427133
17::single::vision::13,Neutral,0.19594878,0.79669666,0.0073545924,-0.25427133
17::single::vision::14,Neutral,0.19613221,0.7965151,0.0073527233,-0.25451368
17::single::vision::15,Neutral,0.19738989,0.7952416,0.0073684775,-0.25499845
17::single::vision::16,Neutral,0.19695951,0.79567456,0.007365972,-0.25499845
17::single::vision::17,Neutral,0.19671378,0.7959247,0.0073615783,-0.2547561
17::single::vision::18,Neutral,0.19708283,0.79555106,0.0073660794,-0.25499845
17::single::vision::19,Neutral,0.19603938,0.79660594,0.0073546646,-0.25427133
17::single::vision::20,Neutral,0.1971133,0.7955235,0.0073632207,-0.25499845
17::single::vision::21,Neutral,0.19726464,0.79536617,0.007369198,-0.25499845
17::single::vision::22,Neutral,0.1976063,0.79502034,0.007373363,-0.2547561
17::single::vision::23,Neutral,0.2038143,0.7888049,0.0073808664,-0.25790673
17::single::vision::24,Neutral,0.20426212,0.78838444,0.0073535126,-0.2581491
17::single::vision::25,Neutral,0.20435748,0.78828984,0.0073527233,-0.2581491
17::single::vision::26,Neutral,0.19592234,0.796749,0.007328638,-0.25451368
17::single::vision::27,Neutral,0.19275832,0.7999241,0.0073176078,-0.25305933
17::single::vision::28,Neutral,0.19315314,0.7995407,0.007306146,-0.25354412
17::single::vision::29,Neutral,0.19066791,0.80205804,0.007274099,-0.25233212
17::single::vision::30,Neutral,0.19409066,0.7985927,0.0073166694,-0.25378653
17::single::vision::31,Neutral,0.19475782,0.79790294,0.0073391707,-0.25402892
17::single::vision::32,Neutral,0.19512469,0.797534,0.0073413253,-0.25378653
17::single::vision::33,Neutral,0.19485082,0.7978107,0.007338594,-0.25378653
17::single::vision::34,Neutral,0.19729565,0.79533666,0.007367701,-0.25499845
17::single::vision::35,Neutral,0.1965881,0.7960373,0.0073745637,-0.2547561
17::single::vision::36,Neutral,0.19445357,0.79819757,0.0073489556,-0.25330174
17::single::vision::37,Neutral,0.19278803,0.79988134,0.0073306556,-0.25233212
17::single::vision::38,Neutral,0.19469787,0.79796225,0.0073399628,-0.25354412
17::single::vision::39,Neutral,0.19604132,0.79660493,0.0073538353,-0.25427133
17::single::vision::40,Neutral,0.19800761,0.7946285,0.007363902,-0.2554832
17::single::vision::41,Neutral,0.19998804,0.7926247,0.007387266,-0.25669503
17::single::vision::42,Neutral,0.19799484,0.79456425,0.007440936,-0.25499845
17::single::vision::43,Neutral,0.19302773,0.7995442,0.007428007,-0.25233212
17::single::vision::44,Neutral,0.20230392,0.7901823,0.007513821,-0.2583914
17::single::vision::45,Neutral,0.18430343,0.80840784,0.0072887316,-0.2472407
17::single::vision::46,Neutral,0.19218469,0.8005997,0.0072156903,-0.2554832
17::single::vision::47,Neutral,0.19067818,0.80207336,0.0072484757,-0.25402892
17::single::vision::48,Neutral,0.18914524,0.80362785,0.0072269626,-0.25378653
17::single::vision::49,Neutral,0.2016906,0.7909601,0.0073492783,-0.25693738
18::single::text::0,Negative,0.46265998,0.25110435,0.28623572,0.16085634
18::single::text::1,Negative,0.46265998,0.25110435,0.28623572,0.16085634
18::single::text::2,Positive,0.3561579,0.27062085,0.3732213,0.25863373
18::single::text::3,Negative,0.36462706,0.31781942,0.31755358,0.19260581
18::single::text::4,Neutral,0.33432585,0.3761369,0.28953722,0.15939566
18::single::text::5,Positive,0.29718795,0.23539455,0.4674175,0.43251237
18::single::text::6,Positive,0.29718795,0.23539455,0.4674175,0.43251237
18::single::text::7,Negative,0.5543328,0.2013047,0.24436253,0.07932721
18::single::text::8,Positive,0.3158551,0.27983302,0.40431184,0.34128958
18::single::text::9,Negative,0.37577054,0.27426732,0.34996217,0.2097403
18::single::text::10,Positive,0.3559485,0.20439585,0.43965566,0.3821894
18::single::text::11,Positive,0.3559485,0.20439585,0.43965566,0.3821894
18::single::text::12,Positive,0.34525037,0.2113487,0.44340092,0.38771215
18::single::text::13,Positive,0.2162074,0.18848868,0.59530395,0.5809491
18::single::text::14,Positive,0.21309403,0.19764645,0.5892595,0.6310619
18::single::text::15,Positive,0.21382317,0.20148304,0.5846938,0.6221893
18::single::text::16,Positive,0.21382317,0.20148304,0.5846938,0.6221893
18::single::text::17,Positive,0.25991654,0.2532277,0.4868558,0.46783108
18::single::text::18,Negative,0.5211148,0.1587872,0.32009807,0.28115493
18::single::text::19,Positive,0.29516622,0.22370276,0.48113105,0.4346637
18::single::text::20,Positive,0.26395762,0.23128894,0.5047535,0.47092724
18::single::text::21,Positive,0.26395762,0.23128894,0.5047535,0.47092724
18::single::text::22,Positive,0.15604135,0.27985084,0.56410784,0.54042447
18::single::text::23,Positive,0.27798307,0.27048194,0.45153496,0.4066611
18::single::text::24,Positive,0.246346,0.26316378,0.4904903,0.44803968
18::single::text::25,Positive,0.31229714,0.20458509,0.4831178,0.4585366
18::single::text::26,Positive,0.31229714,0.20458509,0.4831178,0.4585366
18::single::text::27,Positive,0.18632501,0.21477191,0.59890306,0.59362745
18::single::text::28,Positive,0.22709343,0.21966062,0.55324596,0.49922016
18::single::text::29,Positive,0.25367954,0.24815814,0.49816233,0.4604439
18::single::text::30,Positive,0.23167953,0.22380717,0.5445133,0.50254285
18::single::text::31,Positive,0.23167953,0.22380717,0.5445133,0.50254285
18::single::text::32,Positive,0.22517194,0.21157496,0.56325316,0.51487315
18::single::text::33,Positive,0.34325224,0.20823476,0.44851303,0.381709
18::single::text::34,Negative,0.38186786,0.2775075,0.34062463,0.23644705
18::single::text::35,Negative,0.40263036,0.25049338,0.3468763,0.2419053
18::single::text::36,Negative,0.40263036,0.25049338,0.3468763,0.2419053
18::single::text::37,Negative,0.49135277,0.22701234,0.28163493,0.1413747
18::single::text::38,Negative,0.45405495,0.20435603,0.34158903,0.25911838
18::single::text::39,Positive,0.34697056,0.29705662,0.35597286,0.27050358
18::single::text::40,Negative,0.4078101,0.22444737,0.36774254,0.3031609
18::single::audio::0,Positive,0.26957306,0.19705388,0.5333731,0.5162947
18::single::audio::1,Positive,0.28146392,0.20717302,0.511363,0.48805627
18::single::audio::2,Positive,0.28530478,0.20174807,0.5129472,0.48971987
18::single::audio::3,Positive,0.3099323,0.21385723,0.47621047,0.45782125
18::single::audio::4,Positive,0.27220765,0.19337496,0.5344174,0.51439923
18::single::audio::5,Positive,0.2570574,0.1987988,0.5441438,0.5215051
18::single::audio::6,Positive,0.25607038,0.26105917,0.4828704,0.45734435
18::single::audio::7,Positive,0.21737476,0.31046164,0.47216365,0.45400524
18::single::audio::8,Positive,0.31354487,0.22571138,0.46074376,0.442787
18::single::audio::9,Positive,0.33103946,0.22677186,0.44218868,0.43107784
18::single::audio::10,Positive,0.3459126,0.28113848,0.37294894,0.35935038
18::single::audio::11,Positive,0.30977407,0.27719605,0.4130299,0.4023465
18::single::audio::12,Negative,0.40486848,0.22103031,0.3741012,0.3518884
18::single::audio::13,Negative,0.4171797,0.21612824,0.36669207,0.34755358
18::single::audio::14,Positive,0.38344252,0.2240508,0.39250663,0.380508
18::single::audio::15,Positive,0.24882147,0.223344,0.5278346,0.49827063
18::single::audio::16,Positive,0.2790571,0.32212913,0.3988138,0.380508
18::single::audio::17,Positive,0.27004987,0.25540578,0.47454435,0.4509036
18::single::audio::18,Positive,0.2797341,0.2576173,0.4626487,0.44087622
18::single::audio::19,Positive,0.30064988,0.25187546,0.44747472,0.42701232
18::single::audio::20,Positive,0.26496342,0.2618925,0.47314408,0.4520966
18::single::audio::21,Positive,0.27158332,0.24533679,0.48307994,0.4616358
18::single::audio::22,Positive,0.28789103,0.20538002,0.50672895,0.4875809
18::single::audio::23,Positive,0.3085277,0.21495034,0.47652194,0.45901346
18::single::audio::24,Positive,0.30284205,0.22159128,0.4755667,0.45662892
18::single::audio::25,Positive,0.31019706,0.21685803,0.47294495,0.45519793
18::single::audio::26,Positive,0.29422438,0.21495329,0.49082232,0.47116536
18::single::audio::27,Positive,0.29625046,0.18567847,0.51807106,0.5039665
18::single::audio::28,Positive,0.29617548,0.19093901,0.51288545,0.49684605
18::single::audio::29,Positive,0.30884928,0.21732889,0.47382182,0.45400524
18::single::audio::30,Positive,0.32241577,0.2209973,0.456587,0.43729258
18::single::audio::31,Positive,0.31882554,0.22090225,0.46027228,0.4415928
18::single::audio::32,Positive,0.3094769,0.21515879,0.47536436,0.45782125
18::single::audio::33,Positive,0.30915913,0.19032145,0.5005194,0.4871055
18::single::audio::34,Positive,0.33215472,0.14406572,0.52377963,0.53333485
18::single::audio::35,Positive,0.3260107,0.1827978,0.49119157,0.48330143
18::single::audio::36,Positive,0.3118281,0.22257645,0.46559548,0.4504263
18::single::audio::37,Positive,0.30567154,0.22001594,0.47431254,0.45901346
18::single::audio::38,Positive,0.28384703,0.20739728,0.50875574,0.492571
18::single::audio::39,Positive,0.21173114,0.192422,0.5958469,0.5696614
18::single::audio::40,Positive,0.2838972,0.19386232,0.52224046,0.5091844
18::single::vision::0,Positive,0.34350097,0.22623755,0.43026155,0.40833855
18::single::vision::1,Positive,0.2704364,0.20506637,0.5244973,0.5162947
18::single::vision::2,Positive,0.2649098,0.206456,0.5286342,0.517716
18::single::vision::3,Positive,0.27609348,0.20918512,0.5147214,0.5072874
18::single::vision::4,Positive,0.2684,0.20783183,0.5237682,0.51060694
18::single::vision::5,Positive,0.27666706,0.21284445,0.5104885,0.49589622
18::single::vision::6,Positive,0.27553496,0.2130008,0.51146436,0.49732095
18::single::vision::7,Positive,0.2696688,0.20917636,0.5211549,0.5087102
18::single::vision::8,Positive,0.27425995,0.21104795,0.5146921,0.50633866
18::single::vision::9,Positive,0.26620027,0.20640515,0.52739465,0.517716
18::single::vision::10,Positive,0.26298237,0.20619823,0.5308194,0.52103156
18::single::vision::11,Positive,0.26770157,0.20707217,0.5252263,0.5139253
18::single::vision::12,Positive,0.27067786,0.2075816,0.5217406,0.50965863
18::single::vision::13,Positive,0.2734579,0.20862725,0.5179149,0.5058643
18::single::vision::14,Positive,0.27031162,0.20765324,0.5220352,0.5110811
18::single::vision::15,Positive,0.26704213,0.20596015,0.5269977,0.5172423
18::single::vision::16,Positive,0.2738196,0.20804754,0.51813287,0.5087102
18::single::vision::17,Positive,0.28815398,0.21598695,0.49585912,0.48235017
18::single::vision::18,Positive,0.29312617,0.21827812,0.48859572,0.47449842
18::single::vision::19,Positive,0.2746216,0.21224767,0.5131308,0.49922016
18::single::vision::20,Positive,0.28673434,0.21821658,0.49504906,0.4752125
18::single::vision::21,Positive,0.29027233,0.22024924,0.48947847,0.47021282
18::single::vision::22,Positive,0.2921085,0.22015165,0.48773983,0.46926022
18::single::vision::23,Positive,0.3052984,0.22684975,0.46785182,0.43920398
18::single::vision::24,Positive,0.2908133,0.21504787,0.49413878,0.48139876
18::single::vision::25,Positive,0.28518015,0.21795999,0.49685985,0.47973365
18::single::vision::26,Positive,0.28474548,0.21579826,0.49945635,0.48472816
18::single::vision::27,Positive,0.28438184,0.21566686,0.49995136,0.48544145
18::single::vision::28,Positive,0.28517452,0.21558036,0.49924517,0.4844904
18::single::vision::29,Positive,0.28412026,0.21390183,0.5019779,0.48805627
18::single::vision::30,Positive,0.28311917,0.21390185,0.50297904,0.4887693
18::single::vision::31,Positive,0.2827649,0.21392857,0.50330657,0.48924458
18::single::vision::32,Positive,0.28439343,0.2137558,0.5018508,0.4875809
18::single::vision::33,Positive,0.28892648,0.21500254,0.49607098,0.48116094
18::single::vision::34,Positive,0.2906132,0.21416229,0.49522445,0.48044735
18::single::vision::35,Positive,0.28169832,0.21702136,0.5012803,0.48520368
18::single::vision::36,Positive,0.27869725,0.21584657,0.5054562,0.49067035
18::single::vision::37,Positive,0.2799392,0.21580243,0.50425833,0.48948222
18::single::vision::38,Positive,0.27818394,0.21414024,0.5076758,0.49423376
18::single::vision::39,Positive,0.26646888,0.21207805,0.5214531,0.51060694
18::single::vision::40,Positive,0.34557518,0.23023967,0.42418516,0.4006681
19::single::text::0,Positive,0.013680391,0.063441545,0.922878,0.78046894
19::single::text::1,Positive,0.013680391,0.063441545,0.922878,0.78046894
19::single::text::2,Positive,0.014231052,0.06550229,0.9202667,0.76177216
19::single::text::3,Positive,0.014652381,0.091353536,0.8939941,0.66225636
19::single::text::4,Positive,0.014867623,0.04759469,0.93753767,0.92716074
19::single::text::5,Positive,0.014867623,0.04759469,0.93753767,0.92716074
19::single::text::6,Positive,0.014968371,0.040241227,0.94479036,0.97677875
19::single::text::7,Positive,0.015142813,0.043426625,0.94143057,0.9478685
19::single::text::8,Positive,0.015315237,0.045837052,0.9388477,0.93025106
19::single::text::9,Positive,0.015315237,0.045837052,0.9388477,0.93025106
19::single::text::10,Positive,0.014647697,0.049226575,0.93612576,0.8970271
19::single::text::11,Positive,0.014306795,0.049673937,0.9360192,0.88099265
19::single::text::12,Positive,0.01464664,0.05093462,0.9344188,0.8671409
19::single::text::13,Positive,0.01464664,0.05093462,0.9344188,0.8671409
19::single::text::14,Positive,0.014443726,0.052606948,0.93294936,0.8698251
19::single::text::15,Positive,0.014443824,0.050473962,0.93508226,0.86579823
19::single::text::16,Positive,0.014324766,0.051228948,0.9344463,0.8599757
19::single::text::17,Positive,0.014324766,0.051228948,0.9344463,0.8599757
19::single::text::18,Positive,0.0136180045,0.0728164,0.9135655,0.75217104
19::single::text::19,Positive,0.013307124,0.07507257,0.91162026,0.74576116
19::single::text::20,Positive,0.01361167,0.05039742,0.935991,0.8792076
19::single::text::21,Positive,0.01361167,0.05039742,0.935991,0.8792076
19::single::text::22,Positive,0.012870114,0.06114614,0.9259837,0.81631047
19::single::text::23,Positive,0.014173622,0.056128256,0.92969805,0.8221847
19::single::text::24,Positive,0.014630033,0.04472864,0.9406414,0.9085727
19::single::text::25,Positive,0.014630033,0.04472864,0.9406414,0.9085727
19::single::text::26,Positive,0.014601857,0.04166449,0.9437337,0.9478685
19::single::text::27,Positive,0.014736407,0.049131844,0.9361317,0.86221594
19::single::text::28,Positive,0.013923645,0.06167788,0.9243985,0.79456246
19::single::text::29,Positive,0.013923645,0.06167788,0.9243985,0.79456246
19::single::text::30,Positive,0.013361829,0.06485303,0.9217852,0.8009151
19::single::text::31,Positive,0.014021655,0.042718116,0.9432602,0.9076855
19::single::text::32,Positive,0.013223953,0.04728374,0.93949234,0.8925786
19::single::text::33,Positive,0.013223953,0.04728374,0.93949234,0.8925786
19::single::text::34,Positive,0.014064338,0.053716503,0.93221915,0.8438151
19::single::text::35,Positive,0.014385631,0.041878544,0.94373584,0.9143344
19::single::text::36,Positive,0.01436754,0.04323131,0.9424012,0.92671895
19::single::text::37,Positive,0.01436754,0.04323131,0.9424012,0.92671895
19::single::text::38,Positive,0.014010359,0.05324272,0.93274695,0.84471434
19::single::text::39,Positive,0.014308276,0.04851361,0.9371781,0.86579823
19::single::text::40,Positive,0.014306475,0.04460824,0.94108534,0.8979162
19::single::text::41,Positive,0.014306475,0.04460824,0.94108534,0.8979162
19::single::text::42,Positive,0.014248896,0.052042883,0.9337082,0.8568376
19::single::text::43,Positive,0.0138790365,0.050080206,0.9360407,0.8527999
19::single::text::44,Positive,0.014665988,0.04490708,0.94042695,0.8979162
19::single::audio::0,Positive,0.014387402,0.04631637,0.93929625,0.91389143
19::single::audio::1,Positive,0.01458079,0.04487676,0.94054246,0.9147772
19::single::audio::2,Positive,0.014470487,0.044919275,0.94061023,0.91522014
19::single::audio::3,Positive,0.014439574,0.046388656,0.93917173,0.9076855
19::single::audio::4,Positive,0.014508426,0.045180038,0.9403115,0.91389143
19::single::audio::5,Positive,0.01455583,0.046791736,0.9386524,0.9085727
19::single::audio::6,Positive,0.014525292,0.045247115,0.9402276,0.91610575
19::single::audio::7,Positive,0.014637366,0.04446832,0.94089437,0.9187614
19::single::audio::8,Positive,0.014686846,0.049246036,0.9360671,0.8974716
19::single::audio::9,Positive,0.014712038,0.040229328,0.94505864,0.94127035
19::single::audio::10,Positive,0.01458934,0.051826745,0.9335839,0.88678926
19::single::audio::11,Positive,0.014545221,0.04543309,0.94002175,0.91300535
19::single::audio::12,Positive,0.014541278,0.044561632,0.94089705,0.91610575
19::single::audio::13,Positive,0.014396023,0.06070528,0.92489874,0.8698251
19::single::audio::14,Positive,0.014528773,0.03803715,0.9474342,0.9487475
19::single::audio::15,Positive,0.014724295,0.036889922,0.9483858,0.95445645
19::single::audio::16,Positive,0.01457588,0.045780577,0.93964356,0.9147772
19::single::audio::17,Positive,0.01460599,0.043123055,0.94227093,0.9253937
19::single::audio::18,Positive,0.014497434,0.043780383,0.9417222,0.9218577
19::single::audio::19,Positive,0.014408515,0.04551679,0.9400747,0.9125624
19::single::audio::20,Positive,0.014474073,0.045289326,0.9402367,0.91389143
19::single::audio::21,Positive,0.014442013,0.0450954,0.9404626,0.9147772
19::single::audio::22,Positive,0.014576389,0.044705734,0.9407179,0.9178764
19::single::audio::23,Positive,0.014698286,0.040517703,0.9447839,0.93201596
19::single::audio::24,Positive,0.014629811,0.059053272,0.92631686,0.8541461
19::single::audio::25,Positive,0.014496212,0.04798486,0.93751884,0.90235937
19::single::audio::26,Positive,0.014388725,0.04468052,0.9409307,0.9147772
19::single::audio::27,Positive,0.014551624,0.04559827,0.93985015,0.9094595
19::single::audio::28,Positive,0.014632295,0.043418534,0.9419491,0.91831887
19::single::audio::29,Positive,0.014592685,0.042815775,0.9425914,0.92406803
19::single::audio::30,Positive,0.014581281,0.044215433,0.94120336,0.91743374
19::single::audio::31,Positive,0.014564872,0.04426748,0.9411677,0.91610575
19::single::audio::32,Positive,0.014545636,0.044253215,0.9412012,0.91610575
19::single::audio::33,Positive,0.014542134,0.04425355,0.94120437,0.91610575
19::single::audio::34,Positive,0.014545925,0.044232853,0.94122124,0.91610575
19::single::audio::35,Positive,0.014586216,0.04384898,0.94156486,0.91831887
19::single::audio::36,Positive,0.014583336,0.045064136,0.94035256,0.91389143
19::single::audio::37,Positive,0.014475112,0.045199327,0.9403255,0.91300535
19::single::audio::38,Positive,0.014520523,0.04354307,0.9419364,0.9178764
19::single::audio::39,Positive,0.014628883,0.041798256,0.94357294,0.9276023
19::single::audio::40,Positive,0.014569015,0.04457903,0.9408519,0.915663
19::single::audio::41,Positive,0.014576229,0.044064406,0.9413594,0.9178764
19::single::audio::42,Positive,0.01458084,0.044612747,0.9408064,0.9147772
19::single::audio::43,Positive,0.014595657,0.046308294,0.939096,0.90901613
19::single::audio::44,Positive,0.01441652,0.045954496,0.9396291,0.91610575
19::single::vision::0,Positive,0.014645689,0.044863574,0.9404907,0.9165485
19::single::vision::1,Positive,0.014375562,0.045406803,0.94021773,0.91610575
19::single::vision::2,Positive,0.014367814,0.0454681,0.9401641,0.91610575
19::single::vision::3,Positive,0.014441473,0.045632537,0.939926,0.9147772
19::single::vision::4,Positive,0.014463784,0.04576469,0.9397715,0.91344833
19::single::vision::5,Positive,0.01451548,0.045674086,0.93981045,0.91300535
19::single::vision::6,Positive,0.014529626,0.045529187,0.9399412,0.9125624
19::single::vision::7,Positive,0.014548799,0.045525182,0.9399261,0.91211915
19::single::vision::8,Positive,0.014548879,0.045524105,0.9399271,0.9125624
19::single::vision::9,Positive,0.014536207,0.04555735,0.9399065,0.9125624
19::single::vision::10,Positive,0.0145357,0.045591272,0.939873,0.91211915
19::single::vision::11,Positive,0.014559405,0.04563848,0.93980205,0.9112328
19::single::vision::12,Positive,0.014549476,0.045475446,0.93997514,0.9125624
19::single::vision::13,Positive,0.014536185,0.045559336,0.9399045,0.91211915
19::single::vision::14,Positive,0.014536164,0.04556132,0.93990254,0.91211915
19::single::vision::15,Positive,0.01453638,0.04554147,0.9399222,0.91211915
19::single::vision::16,Positive,0.014548712,0.045533113,0.9399182,0.91167605
19::single::vision::17,Positive,0.01454867,0.045537084,0.93991435,0.91211915
19::single::vision::18,Positive,0.014546416,0.045443036,0.9400106,0.9125624
19::single::vision::19,Positive,0.014552076,0.045672968,0.93977493,0.91211915
19::single::vision::20,Positive,0.014528394,0.04562378,0.9398478,0.91211915
19::single::vision::21,Positive,0.014539351,0.045710303,0.93975043,0.91167605
19::single::vision::22,Positive,0.014515501,0.045672096,0.9398124,0.91167605
19::single::vision::23,Positive,0.014545426,0.044866662,0.94058794,0.91344833
19::single::vision::24,Positive,0.014590158,0.044161387,0.9412485,0.9169911
19::single::vision::25,Positive,0.014572705,0.044538494,0.9408888,0.91522014
19::single::vision::26,Positive,0.014588178,0.044688642,0.9407232,0.9143344
19::single::vision::27,Positive,0.014486351,0.046144154,0.93936944,0.91211915
19::single::vision::28,Positive,0.014552629,0.04676059,0.9386868,0.9107896
19::single::vision::29,Positive,0.014543646,0.046269886,0.9391865,0.9112328
19::single::vision::30,Positive,0.0144597795,0.044907935,0.9406323,0.9165485
19::single::vision::31,Positive,0.014427389,0.044638235,0.9409344,0.91920394
19::single::vision::32,Positive,0.01443434,0.044633657,0.94093204,0.9187614
19::single::vision::33,Positive,0.01443434,0.044633657,0.94093204,0.9187614
19::single::vision::34,Positive,0.0144342985,0.04463756,0.94092816,0.9187614
19::single::vision::35,Positive,0.014426995,0.044668533,0.9409045,0.9187614
19::single::vision::36,Positive,0.014409099,0.043835275,0.94175565,0.92274195
19::single::vision::37,Positive,0.014515412,0.04504422,0.9404403,0.915663
19::single::vision::38,Positive,0.014462784,0.04421863,0.9413185,0.92008865
19::single::vision::39,Positive,0.014423152,0.043331876,0.9422449,0.9253937
19::single::vision::40,Positive,0.014510085,0.044094898,0.94139504,0.9222999
19::single::vision::41,Positive,0.014466814,0.04418634,0.9413469,0.9222999
19::single::vision::42,Positive,0.014509853,0.043954015,0.9415362,0.92053103
19::single::vision::43,Positive,0.0144628575,0.043714337,0.94182277,0.9218577
19::single::vision::44,Positive,0.014622197,0.0448012,0.94057655,0.9178764
