id,predicted_label,negative_probability,neutral_probability,positive_probability,predicted_intensity
0::single::text::0,Positive,0.0340145,0.34125566,0.6247299,0.54467523
0::single::text::1,Positive,0.0340145,0.34125566,0.6247299,0.54467523
0::single::text::2,Positive,0.04264198,0.43980265,0.51755536,0.4675929
0::single::text::3,Positive,0.04799939,0.41923654,0.5327641,0.48496586
0::single::text::4,Positive,0.03944597,0.37358448,0.5869695,0.52103156
0::single::text::5,Positive,0.039705537,0.3722951,0.58799934,0.5215051
0::single::text::6,Positive,0.060559776,0.46796912,0.47147104,0.43848723
0::single::text::7,Positive,0.040674746,0.4231058,0.5362194,0.48092306
0::single::text::8,Positive,0.046312235,0.4276547,0.52603304,0.4785441
0::single::text::9,Positive,0.046312235,0.4276547,0.52603304,0.4785441
0::single::text::10,Positive,0.04997674,0.39317495,0.5568483,0.50965863
0::single::text::11,Neutral,0.04410183,0.49003458,0.46586353,0.4241416
0::single::text::12,Positive,0.030447474,0.25912884,0.71042365,0.6025361
0::single::text::13,Positive,0.035217408,0.35596362,0.60881895,0.53191614
0::single::text::14,Neutral,0.05705242,0.5208418,0.42210576,0.3879522
0::single::text::15,Positive,0.041146614,0.40694675,0.5519066,0.49542126
0::single::text::16,Positive,0.04405436,0.40666255,0.549283,0.49637115
0::single::text::17,Positive,0.04405436,0.40666255,0.549283,0.49637115
0::single::text::18,Positive,0.041974634,0.36501935,0.5930061,0.53002423
0::single::text::19,Positive,0.040247716,0.3778749,0.5818774,0.5196108
0::single::text::20,Positive,0.04050192,0.39113513,0.56836295,0.5091844
0::single::text::21,Positive,0.041582197,0.414957,0.54346085,0.4885316
0::single::text::22,Positive,0.04354949,0.41762143,0.5388291,0.4868678
0::single::text::23,Positive,0.040882733,0.38042608,0.5786912,0.5162947
0::single::audio::0,Positive,0.041986126,0.41085386,0.54716,0.49162075
0::single::audio::1,Positive,0.041986126,0.41085386,0.54716,0.49162075
0::single::audio::2,Positive,0.041986126,0.41085386,0.54716,0.49162075
0::single::audio::3,Positive,0.041986126,0.41085386,0.54716,0.49162075
0::single::audio::4,Positive,0.041986126,0.41085386,0.54716,0.49162075
0::single::audio::5,Positive,0.041986126,0.41085386,0.54716,0.49162075
0::single::audio::6,Positive,0.041986126,0.41085386,0.54716,0.49162075
0::single::audio::7,Positive,0.041986126,0.41085386,0.54716,0.49162075
0::single::audio::8,Positive,0.041986126,0.41085386,0.54716,0.49162075
0::single::audio::9,Positive,0.041986126,0.41085386,0.54716,0.49162075
0::single::audio::10,Positive,0.041986126,0.41085386,0.54716,0.49162075
0::single::audio::11,Positive,0.041986126,0.41085386,0.54716,0.49162075
0::single::audio::12,Positive,0.041986126,0.41085386,0.54716,0.49162075
0::single::audio::13,Positive,0.041986126,0.41085386,0.54716,0.49162075
0::single::audio::14,Positive,0.041986126,0.41085386,0.54716,0.49162075
0::single::audio::15,Positive,0.041986126,0.41085386,0.54716,0.49162075
0::single::audio::16,Positive,0.041986126,0.41085386,0.54716,0.49162075
0::single::audio::17,Positive,0.041986126,0.41085386,0.54716,0.49162075
0::single::audio::18,Positive,0.041986126,0.41085386,0.54716,0.49162075
0::single::audio::19,Positive,0.041986126,0.41085386,0.54716,0.49162075
0::single::audio::20,Positive,0.041986126,0.41085386,0.54716,0.49162075
0::single::audio::21,Positive,0.041986126,0.41085386,0.54716,0.49162075
0::single::audio::22,Positive,0.041986126,0.41085386,0.54716,0.49162075
0::single::audio::23,Positive,0.041986126,0.41085386,0.54716,0.49162075
0::single::vision::0,Positive,0.041986126,0.41085386,0.54716,0.49162075
0::single::vision::1,Positive,0.041986126,0.41085386,0.54716,0.49162075
0::single::vision::2,Positive,0.041986126,0.41085386,0.54716,0.49162075
0::single::vision::3,Positive,0.041986126,0.41085386,0.54716,0.49162075
0::single::vision::4,Positive,0.041986126,0.41085386,0.54716,0.49162075
0::single::vision::5,Positive,0.041986126,0.41085386,0.54716,0.49162075
0::single::vision::6,Positive,0.041986126,0.41085386,0.54716,0.49162075
0::single::vision::7,Positive,0.041986126,0.41085386,0.54716,0.49162075
0::single::vision::8,Positive,0.041986126,0.41085386,0.54716,0.49162075
0::single::vision::9,Positive,0.041986126,0.41085386,0.54716,0.49162075
0::single::vision::10,Positive,0.041986126,0.41085386,0.54716,0.49162075
0::single::vision::11,Positive,0.041986126,0.41085386,0.54716,0.49162075
0::single::vision::12,Positive,0.041986126,0.41085386,0.54716,0.49162075
0::single::vision::13,Positive,0.041986126,0.41085386,0.54716,0.49162075
0::single::vision::14,Positive,0.041986126,0.41085386,0.54716,0.49162075
0::single::vision::15,Positive,0.041986126,0.41085386,0.54716,0.49162075
0::single::vision::16,Positive,0.041986126,0.41085386,0.54716,0.49162075
0::single::vision::17,Positive,0.041986126,0.41085386,0.54716,0.49162075
0::single::vision::18,Positive,0.041986126,0.41085386,0.54716,0.49162075
0::single::vision::19,Positive,0.041986126,0.41085386,0.54716,0.49162075
0::single::vision::20,Positive,0.041986126,0.41085386,0.54716,0.49162075
0::single::vision::21,Positive,0.041986126,0.41085386,0.54716,0.49162075
0::single::vision::22,Positive,0.041986126,0.41085386,0.54716,0.49162075
0::single::vision::23,Positive,0.041986126,0.41085386,0.54716,0.49162075
1::single::text::0,Positive,0.06464099,0.16721225,0.76814675,0.70761245
1::single::text::1,Positive,0.06464099,0.16721225,0.76814675,0.70761245
1::single::text::2,Positive,0.03341774,0.12534255,0.84123975,0.701615
1::single::text::3,Positive,0.04004803,0.13289608,0.8270558,0.7039224
1::single::text::4,Positive,0.04004803,0.13289608,0.8270558,0.7039224
1::single::text::5,Positive,0.046078887,0.17099832,0.78292274,0.68775207
1::single::text::6,Positive,0.080345444,0.18347307,0.73618144,0.7094567
1::single::text::7,Positive,0.080345444,0.18347307,0.73618144,0.7094567
1::single::text::8,Positive,0.07034691,0.2125155,0.7171376,0.68404996
1::single::text::9,Positive,0.07022334,0.1922478,0.7375289,0.6983831
1::single::text::10,Positive,0.07022334,0.1922478,0.7375289,0.6983831
1::single::text::11,Positive,0.16850498,0.33191767,0.4995774,0.6361934
1::single::text::12,Positive,0.050212994,0.15938462,0.79040235,0.6993067
1::single::text::13,Positive,0.050212994,0.15938462,0.79040235,0.6993067
1::single::text::14,Negative,0.3908333,0.28473288,0.3244338,-0.7089957
1::single::text::15,Positive,0.07929275,0.17237782,0.74832946,0.713604
1::single::text::16,Positive,0.07929275,0.17237782,0.74832946,0.713604
1::single::text::17,Positive,0.061088994,0.19959486,0.73931617,0.68404996
1::single::text::18,Positive,0.12996197,0.31181568,0.55822235,0.623591
1::single::text::19,Positive,0.12996197,0.31181568,0.55822235,0.623591
1::single::text::20,Positive,0.0916324,0.15155007,0.75681746,0.713604
1::single::audio::0,Positive,0.054568794,0.15840185,0.7870294,0.703461
1::single::audio::1,Positive,0.054568794,0.15840185,0.7870294,0.703461
1::single::audio::2,Positive,0.054568794,0.15840185,0.7870294,0.703461
1::single::audio::3,Positive,0.054568794,0.15840185,0.7870294,0.703461
1::single::audio::4,Positive,0.054568794,0.15840185,0.7870294,0.703461
1::single::audio::5,Positive,0.054568794,0.15840185,0.7870294,0.703461
1::single::audio::6,Positive,0.054568794,0.15840185,0.7870294,0.703461
1::single::audio::7,Positive,0.054568794,0.15840185,0.7870294,0.703461
1::single::audio::8,Positive,0.054568794,0.15840185,0.7870294,0.703461
1::single::audio::9,Positive,0.054568794,0.15840185,0.7870294,0.703461
1::single::audio::10,Positive,0.054568794,0.15840185,0.7870294,0.703461
1::single::audio::11,Positive,0.054568794,0.15840185,0.7870294,0.703461
1::single::audio::12,Positive,0.054568794,0.15840185,0.7870294,0.703461
1::single::audio::13,Positive,0.054568794,0.15840185,0.7870294,0.703461
1::single::audio::14,Positive,0.054568794,0.15840185,0.7870294,0.703461
1::single::audio::15,Positive,0.054568794,0.15840185,0.7870294,0.703461
1::single::audio::16,Positive,0.054568794,0.15840185,0.7870294,0.703461
1::single::audio::17,Positive,0.054568794,0.15840185,0.7870294,0.703461
1::single::audio::18,Positive,0.054568794,0.15840185,0.7870294,0.703461
1::single::audio::19,Positive,0.054568794,0.15840185,0.7870294,0.703461
1::single::audio::20,Positive,0.054568794,0.15840185,0.7870294,0.703461
1::single::vision::0,Positive,0.054568794,0.15840185,0.7870294,0.703461
1::single::vision::1,Positive,0.054568794,0.15840185,0.7870294,0.703461
1::single::vision::2,Positive,0.054568794,0.15840185,0.7870294,0.703461
1::single::vision::3,Positive,0.054568794,0.15840185,0.7870294,0.703461
1::single::vision::4,Positive,0.054568794,0.15840185,0.7870294,0.703461
1::single::vision::5,Positive,0.054568794,0.15840185,0.7870294,0.703461
1::single::vision::6,Positive,0.054568794,0.15840185,0.7870294,0.703461
1::single::vision::7,Positive,0.054568794,0.15840185,0.7870294,0.703461
1::single::vision::8,Positive,0.054568794,0.15840185,0.7870294,0.703461
1::single::vision::9,Positive,0.054568794,0.15840185,0.7870294,0.703461
1::single::vision::10,Positive,0.054568794,0.15840185,0.7870294,0.703461
1::single::vision::11,Positive,0.054568794,0.15840185,0.7870294,0.703461
1::single::vision::12,Positive,0.054568794,0.15840185,0.7870294,0.703461
1::single::vision::13,Positive,0.054568794,0.15840185,0.7870294,0.703461
1::single::vision::14,Positive,0.054568794,0.15840185,0.7870294,0.703461
1::single::vision::15,Positive,0.054568794,0.15840185,0.7870294,0.703461
1::single::vision::16,Positive,0.054568794,0.15840185,0.7870294,0.703461
1::single::vision::17,Positive,0.054568794,0.15840185,0.7870294,0.703461
1::single::vision::18,Positive,0.054568794,0.15840185,0.7870294,0.703461
1::single::vision::19,Positive,0.054568794,0.15840185,0.7870294,0.703461
1::single::vision::20,Positive,0.054568794,0.15840185,0.7870294,0.703461
2::single::text::0,Negative,0.5476163,0.35957822,0.09280552,-0.6696838
2::single::text::1,Negative,0.5476163,0.35957822,0.09280552,-0.6696838
2::single::text::2,Negative,0.46155667,0.43753213,0.10091118,-0.60675204
2::single::text::3,Negative,0.6357398,0.28941324,0.074846916,-0.717288
2::single::text::4,Negative,0.6357398,0.28941324,0.074846916,-0.717288
2::single::text::5,Negative,0.6671446,0.25892606,0.073929355,-0.73154217
2::single::text::6,Negative,0.5032718,0.38759196,0.10913617,-0.66643536
2::single::text::7,Negative,0.50667137,0.38126886,0.11205973,-0.67432165
2::single::text::8,Negative,0.50667137,0.38126886,0.11205973,-0.67432165
2::single::text::9,Negative,0.5525701,0.34983352,0.097596414,-0.6942253
2::single::text::10,Negative,0.47878653,0.3967643,0.12444916,-0.6645784
2::single::text::11,Negative,0.47878653,0.3967643,0.12444916,-0.6645784
2::single::text::12,Negative,0.46543998,0.39375633,0.14080372,-0.6752488
2::single::text::13,Negative,0.4562057,0.4165346,0.12725979,-0.64038897
2::single::text::14,Negative,0.47811952,0.39449048,0.12738994,-0.67061174
2::single::text::15,Negative,0.47811952,0.39449048,0.12738994,-0.67061174
2::single::text::16,Negative,0.6504874,0.2719665,0.07754608,-0.72694784
2::single::text::17,Negative,0.57924277,0.3395644,0.08119277,-0.68219817
2::single::text::18,Negative,0.57924277,0.3395644,0.08119277,-0.68219817
2::single::text::19,Neutral,0.09662037,0.5510139,0.35236576,0.35501814
2::single::text::20,Negative,0.44280276,0.43266296,0.12453428,-0.6114336
2::single::text::21,Negative,0.60350853,0.3128675,0.08362399,-0.7140646
2::single::text::22,Negative,0.60350853,0.3128675,0.08362399,-0.7140646
2::single::text::23,Negative,0.55905265,0.3490734,0.09187398,-0.6919142
2::single::text::24,Neutral,0.34669614,0.48344487,0.169859,-0.5015937
2::single::text::25,Neutral,0.34669614,0.48344487,0.169859,-0.5015937
2::single::text::26,Negative,0.6616889,0.28749463,0.050816473,-0.6956116
2::single::text::27,Negative,0.71726745,0.23310287,0.049629677,-0.72602856
2::single::text::28,Negative,0.6105973,0.31357697,0.07582569,-0.7039224
2::single::text::29,Negative,0.6105973,0.31357697,0.07582569,-0.7039224
2::single::text::30,Negative,0.62302464,0.30078718,0.07618824,-0.7163673
2::single::text::31,Negative,0.5493678,0.34739563,0.10323654,-0.6997684
2::single::text::32,Negative,0.5493678,0.34739563,0.10323654,-0.6997684
2::single::text::33,Negative,0.498994,0.3899527,0.11105336,-0.66597116
2::single::text::34,Negative,0.5016539,0.38304743,0.11529867,-0.65389025
2::single::audio::0,Negative,0.5155905,0.3827992,0.10161026,-0.66643536
2::single::audio::1,Negative,0.5155905,0.3827992,0.10161026,-0.66643536
2::single::audio::2,Negative,0.5155905,0.3827992,0.10161026,-0.66643536
2::single::audio::3,Negative,0.5155905,0.3827992,0.10161026,-0.66643536
2::single::audio::4,Negative,0.5155905,0.3827992,0.10161026,-0.66643536
2::single::audio::5,Negative,0.5155905,0.3827992,0.10161026,-0.66643536
2::single::audio::6,Negative,0.5155905,0.3827992,0.10161026,-0.66643536
2::single::audio::7,Negative,0.5155905,0.3827992,0.10161026,-0.66643536
2::single::audio::8,Negative,0.5155905,0.3827992,0.10161026,-0.66643536
2::single::audio::9,Negative,0.5155905,0.3827992,0.10161026,-0.66643536
2::single::audio::10,Negative,0.5155905,0.3827992,0.10161026,-0.66643536
2::single::audio::11,Negative,0.5155905,0.3827992,0.10161026,-0.66643536
2::single::audio::12,Negative,0.5155905,0.3827992,0.10161026,-0.66643536
2::single::audio::13,Negative,0.5155905,0.3827992,0.10161026,-0.66643536
2::single::audio::14,Negative,0.5155905,0.3827992,0.10161026,-0.66643536
2::single::audio::15,Negative,0.5155905,0.3827992,0.10161026,-0.66643536
2::single::audio::16,Negative,0.5155905,0.3827992,0.10161026,-0.66643536
2::single::audio::17,Negative,0.5155905,0.3827992,0.10161026,-0.66643536
2::single::audio::18,Negative,0.5155905,0.3827992,0.10161026,-0.66643536
2::single::audio::19,Negative,0.5155905,0.3827992,0.10161026,-0.66643536
2::single::audio::20,Negative,0.5155905,0.3827992,0.10161026,-0.66643536
2::single::audio::21,Negative,0.5155905,0.3827992,0.10161026,-0.66643536
2::single::audio::22,Negative,0.5155905,0.3827992,0.10161026,-0.66643536
2::single::audio::23,Negative,0.5155905,0.3827992,0.10161026,-0.66643536
2::single::audio::24,Negative,0.5155905,0.3827992,0.10161026,-0.66643536
2::single::audio::25,Negative,0.5155905,0.3827992,0.10161026,-0.66643536
2::single::audio::26,Negative,0.5155905,0.3827992,0.10161026,-0.66643536
2::single::audio::27,Negative,0.5155905,0.3827992,0.10161026,-0.66643536
2::single::audio::28,Negative,0.5155905,0.3827992,0.10161026,-0.66643536
2::single::audio::29,Negative,0.5155905,0.3827992,0.10161026,-0.66643536
2::single::audio::30,Negative,0.5155905,0.3827992,0.10161026,-0.66643536
2::single::audio::31,Negative,0.5155905,0.3827992,0.10161026,-0.66643536
2::single::audio::32,Negative,0.5155905,0.3827992,0.10161026,-0.66643536
2::single::audio::33,Negative,0.5155905,0.3827992,0.10161026,-0.66643536
2::single::audio::34,Negative,0.5155905,0.3827992,0.10161026,-0.66643536
2::single::vision::0,Negative,0.5155905,0.3827992,0.10161026,-0.66643536
2::single::vision::1,Negative,0.5155905,0.3827992,0.10161026,-0.66643536
2::single::vision::2,Negative,0.5155905,0.3827992,0.10161026,-0.66643536
2::single::vision::3,Negative,0.5155905,0.3827992,0.10161026,-0.66643536
2::single::vision::4,Negative,0.5155905,0.3827992,0.10161026,-0.66643536
2::single::vision::5,Negative,0.5155905,0.3827992,0.10161026,-0.66643536
2::single::vision::6,Negative,0.5155905,0.3827992,0.10161026,-0.66643536
2::single::vision::7,Negative,0.5155905,0.3827992,0.10161026,-0.66643536
2::single::vision::8,Negative,0.5155905,0.3827992,0.10161026,-0.66643536
2::single::vision::9,Negative,0.5155905,0.3827992,0.10161026,-0.66643536
2::single::vision::10,Negative,0.5155905,0.3827992,0.10161026,-0.66643536
2::single::vision::11,Negative,0.5155905,0.3827992,0.10161026,-0.66643536
2::single::vision::12,Negative,0.5155905,0.3827992,0.10161026,-0.66643536
2::single::vision::13,Negative,0.5155905,0.3827992,0.10161026,-0.66643536
2::single::vision::14,Negative,0.5155905,0.3827992,0.10161026,-0.66643536
2::single::vision::15,Negative,0.5155905,0.3827992,0.10161026,-0.66643536
2::single::vision::16,Negative,0.5155905,0.3827992,0.10161026,-0.66643536
2::single::vision::17,Negative,0.5155905,0.3827992,0.10161026,-0.66643536
2::single::vision::18,Negative,0.5155905,0.3827992,0.10161026,-0.66643536
2::single::vision::19,Negative,0.5155905,0.3827992,0.10161026,-0.66643536
2::single::vision::20,Negative,0.5155905,0.3827992,0.10161026,-0.66643536
2::single::vision::21,Negative,0.5155905,0.3827992,0.10161026,-0.66643536
2::single::vision::22,Negative,0.5155905,0.3827992,0.10161026,-0.66643536
2::single::vision::23,Negative,0.5155905,0.3827992,0.10161026,-0.66643536
2::single::vision::24,Negative,0.5155905,0.3827992,0.10161026,-0.66643536
2::single::vision::25,Negative,0.5155905,0.3827992,0.10161026,-0.66643536
2::single::vision::26,Negative,0.5155905,0.3827992,0.10161026,-0.66643536
2::single::vision::27,Negative,0.5155905,0.3827992,0.10161026,-0.66643536
2::single::vision::28,Negative,0.5155905,0.3827992,0.10161026,-0.66643536
2::single::vision::29,Negative,0.5155905,0.3827992,0.10161026,-0.66643536
2::single::vision::30,Negative,0.5155905,0.3827992,0.10161026,-0.66643536
2::single::vision::31,Negative,0.5155905,0.3827992,0.10161026,-0.66643536
2::single::vision::32,Negative,0.5155905,0.3827992,0.10161026,-0.66643536
2::single::vision::33,Negative,0.5155905,0.3827992,0.10161026,-0.66643536
2::single::vision::34,Negative,0.5155905,0.3827992,0.10161026,-0.66643536
3::single::text::0,Negative,0.8598528,0.10233618,0.03781098,-0.7658818
3::single::text::1,Negative,0.8598528,0.10233618,0.03781098,-0.7658818
3::single::text::2,Negative,0.78625715,0.15026519,0.06347768,-0.7645122
3::single::text::3,Negative,0.84547716,0.11875483,0.035767984,-0.75903064
3::single::text::4,Negative,0.84547716,0.11875483,0.035767984,-0.75903064
3::single::text::5,Negative,0.7574713,0.17695372,0.06557496,-0.75537324
3::single::text::6,Negative,0.7138327,0.19536576,0.09080158,-0.76177216
3::single::text::7,Negative,0.7372414,0.18402946,0.07872921,-0.7604015
3::single::text::8,Negative,0.7372414,0.18402946,0.07872921,-0.7604015
3::single::text::9,Negative,0.7331883,0.18537818,0.08143363,-0.7604015
3::single::text::10,Negative,0.84041774,0.1255619,0.034020334,-0.75445855
3::single::text::11,Negative,0.84041774,0.1255619,0.034020334,-0.75445855
3::single::text::12,Negative,0.7870019,0.15889539,0.054102644,-0.75445855
3::single::text::13,Negative,0.82520247,0.13739932,0.037398215,-0.7512558
3::single::text::14,Negative,0.7845272,0.15795293,0.05751988,-0.75903064
3::single::text::15,Negative,0.7845272,0.15795293,0.05751988,-0.75903064
3::single::text::16,Negative,0.686108,0.20541672,0.10847534,-0.7654253
3::single::text::17,Negative,0.7160611,0.18162018,0.10231871,-0.7686198
3::single::text::18,Negative,0.7160611,0.18162018,0.10231871,-0.7686198
3::single::text::19,Negative,0.7287724,0.18321435,0.08801326,-0.76496875
3::single::text::20,Negative,0.6762294,0.22581099,0.09795967,-0.75262856
3::single::text::21,Negative,0.7489294,0.18889754,0.06217311,-0.74621934
3::single::text::22,Negative,0.7489294,0.18889754,0.06217311,-0.74621934
3::single::text::23,Negative,0.7474959,0.18759029,0.06491382,-0.7512558
3::single::text::24,Negative,0.8087048,0.13198845,0.059306767,-0.7667947
3::single::text::25,Negative,0.8087048,0.13198845,0.059306767,-0.7667947
3::single::text::26,Negative,0.75459343,0.18123974,0.06416679,-0.7512558
3::single::text::27,Negative,0.70610625,0.13992366,0.15397006,-0.7255689
3::single::audio::0,Negative,0.72451884,0.19268622,0.08279502,-0.75903064
3::single::audio::1,Negative,0.72451884,0.19268622,0.08279502,-0.75903064
3::single::audio::2,Negative,0.72451884,0.19268622,0.08279502,-0.75903064
3::single::audio::3,Negative,0.72451884,0.19268622,0.08279502,-0.75903064
3::single::audio::4,Negative,0.72451884,0.19268622,0.08279502,-0.75903064
3::single::audio::5,Negative,0.72451884,0.19268622,0.08279502,-0.75903064
3::single::audio::6,Negative,0.72451884,0.19268622,0.08279502,-0.75903064
3::single::audio::7,Negative,0.72451884,0.19268622,0.08279502,-0.75903064
3::single::audio::8,Negative,0.72451884,0.19268622,0.08279502,-0.75903064
3::single::audio::9,Negative,0.72451884,0.19268622,0.08279502,-0.75903064
3::single::audio::10,Negative,0.72451884,0.19268622,0.08279502,-0.75903064
3::single::audio::11,Negative,0.72451884,0.19268622,0.08279502,-0.75903064
3::single::audio::12,Negative,0.72451884,0.19268622,0.08279502,-0.75903064
3::single::audio::13,Negative,0.72451884,0.19268622,0.08279502,-0.75903064
3::single::audio::14,Negative,0.72451884,0.19268622,0.08279502,-0.75903064
3::single::audio::15,Negative,0.72451884,0.19268622,0.08279502,-0.75903064
3::single::audio::16,Negative,0.72451884,0.19268622,0.08279502,-0.75903064
3::single::audio::17,Negative,0.72451884,0.19268622,0.08279502,-0.75903064
3::single::audio::18,Negative,0.72451884,0.19268622,0.08279502,-0.75903064
3::single::audio::19,Negative,0.72451884,0.19268622,0.08279502,-0.75903064
3::single::audio::20,Negative,0.72451884,0.19268622,0.08279502,-0.75903064
3::single::audio::21,Negative,0.72451884,0.19268622,0.08279502,-0.75903064
3::single::audio::22,Negative,0.72451884,0.19268622,0.08279502,-0.75903064
3::single::audio::23,Negative,0.72451884,0.19268622,0.08279502,-0.75903064
3::single::audio::24,Negative,0.72451884,0.19268622,0.08279502,-0.75903064
3::single::audio::25,Negative,0.72451884,0.19268622,0.08279502,-0.75903064
3::single::audio::26,Negative,0.72451884,0.19268622,0.08279502,-0.75903064
3::single::audio::27,Negative,0.72451884,0.19268622,0.08279502,-0.75903064
3::single::vision::0,Negative,0.72451884,0.19268622,0.08279502,-0.75903064
3::single::vision::1,Negative,0.72451884,0.19268622,0.08279502,-0.75903064
3::single::vision::2,Negative,0.72451884,0.19268622,0.08279502,-0.75903064
3::single::vision::3,Negative,0.72451884,0.19268622,0.08279502,-0.75903064
3::single::vision::4,Negative,0.72451884,0.19268622,0.08279502,-0.75903064
3::single::vision::5,Negative,0.72451884,0.19268622,0.08279502,-0.75903064
3::single::vision::6,Negative,0.72451884,0.19268622,0.08279502,-0.75903064
3::single::vision::7,Negative,0.72451884,0.19268622,0.08279502,-0.75903064
3::single::vision::8,Negative,0.72451884,0.19268622,0.08279502,-0.75903064
3::single::vision::9,Negative,0.72451884,0.19268622,0.08279502,-0.75903064
3::single::vision::10,Negative,0.72451884,0.19268622,0.08279502,-0.75903064
3::single::vision::11,Negative,0.72451884,0.19268622,0.08279502,-0.75903064
3::single::vision::12,Negative,0.72451884,0.19268622,0.08279502,-0.75903064
3::single::vision::13,Negative,0.72451884,0.19268622,0.08279502,-0.75903064
3::single::vision::14,Negative,0.72451884,0.19268622,0.08279502,-0.75903064
3::single::vision::15,Negative,0.72451884,0.19268622,0.08279502,-0.75903064
3::single::vision::16,Negative,0.72451884,0.19268622,0.08279502,-0.75903064
3::single::vision::17,Negative,0.72451884,0.19268622,0.08279502,-0.75903064
3::single::vision::18,Negative,0.72451884,0.19268622,0.08279502,-0.75903064
3::single::vision::19,Negative,0.72451884,0.19268622,0.08279502,-0.75903064
3::single::vision::20,Negative,0.72451884,0.19268622,0.08279502,-0.75903064
3::single::vision::21,Negative,0.72451884,0.19268622,0.08279502,-0.75903064
3::single::vision::22,Negative,0.72451884,0.19268622,0.08279502,-0.75903064
3::single::vision::23,Negative,0.72451884,0.19268622,0.08279502,-0.75903064
3::single::vision::24,Negative,0.72451884,0.19268622,0.08279502,-0.75903064
3::single::vision::25,Negative,0.72451884,0.19268622,0.08279502,-0.75903064
3::single::vision::26,Negative,0.72451884,0.19268622,0.08279502,-0.75903064
3::single::vision::27,Negative,0.72451884,0.19268622,0.08279502,-0.75903064
4::single::text::0,Neutral,0.050332177,0.51286536,0.43680248,0.42366308
4::single::text::1,Neutral,0.050332177,0.51286536,0.43680248,0.42366308
4::single::text::2,Neutral,0.044824906,0.5511142,0.40406087,0.39011255
4::single::text::3,Neutral,0.044824906,0.5511142,0.40406087,0.39011255
4::single::text::4,Neutral,0.0424158,0.5071561,0.45042816,0.43083876
4::single::text::5,Neutral,0.042364676,0.5201167,0.43751863,0.41720074
4::single::text::6,Neutral,0.042364676,0.5201167,0.43751863,0.41720074
4::single::text::7,Neutral,0.046480753,0.60463476,0.34888452,0.32778776
4::single::text::8,Neutral,0.04768333,0.5218692,0.4304475,0.41528526
4::single::text::9,Neutral,0.04768333,0.5218692,0.4304475,0.41528526
4::single::text::10,Neutral,0.047406003,0.557653,0.394941,0.37161675
4::single::text::11,Neutral,0.045733597,0.5198439,0.43442255,0.4114532
4::single::text::12,Neutral,0.045733597,0.5198439,0.43442255,0.4114532
4::single::text::13,Neutral,0.044937942,0.5318741,0.4231879,0.40522307
4::single::text::14,Neutral,0.052642446,0.50900227,0.43835524,0.42198807
4::single::text::15,Neutral,0.052642446,0.50900227,0.43835524,0.42198807
4::single::text::16,Neutral,0.042302046,0.6151303,0.34256765,0.3207904
4::single::audio::0,Neutral,0.043334242,0.5325853,0.4240804,0.40714043
4::single::audio::1,Neutral,0.043334242,0.5325853,0.4240804,0.40714043
4::single::audio::2,Neutral,0.043334242,0.5325853,0.4240804,0.40714043
4::single::audio::3,Neutral,0.043334242,0.5325853,0.4240804,0.40714043
4::single::audio::4,Neutral,0.043334242,0.5325853,0.4240804,0.40714043
4::single::audio::5,Neutral,0.043334242,0.5325853,0.4240804,0.40714043
4::single::audio::6,Neutral,0.043334242,0.5325853,0.4240804,0.40714043
4::single::audio::7,Neutral,0.043334242,0.5325853,0.4240804,0.40714043
4::single::audio::8,Neutral,0.043334242,0.5325853,0.4240804,0.40714043
4::single::audio::9,Neutral,0.043334242,0.5325853,0.4240804,0.40714043
4::single::audio::10,Neutral,0.043334242,0.5325853,0.4240804,0.40714043
4::single::audio::11,Neutral,0.043334242,0.5325853,0.4240804,0.40714043
4::single::audio::12,Neutral,0.043334242,0.5325853,0.4240804,0.40714043
4::single::audio::13,Neutral,0.043334242,0.5325853,0.4240804,0.40714043
4::single::audio::14,Neutral,0.043334242,0.5325853,0.4240804,0.40714043
4::single::audio::15,Neutral,0.043334242,0.5325853,0.4240804,0.40714043
4::single::audio::16,Neutral,0.043334242,0.5325853,0.4240804,0.40714043
4::single::vision::0,Neutral,0.043334242,0.5325853,0.4240804,0.40714043
4::single::vision::1,Neutral,0.043334242,0.5325853,0.4240804,0.40714043
4::single::vision::2,Neutral,0.043334242,0.5325853,0.4240804,0.40714043
4::single::vision::3,Neutral,0.043334242,0.5325853,0.4240804,0.40714043
4::single::vision::4,Neutral,0.043334242,0.5325853,0.4240804,0.40714043
4::single::vision::5,Neutral,0.043334242,0.5325853,0.4240804,0.40714043
4::single::vision::6,Neutral,0.043334242,0.5325853,0.4240804,0.40714043
4::single::vision::7,Neutral,0.043334242,0.5325853,0.4240804,0.40714043
4::single::vision::8,Neutral,0.043334242,0.5325853,0.4240804,0.40714043
4::single::vision::9,Neutral,0.043334242,0.5325853,0.4240804,0.40714043
4::single::vision::10,Neutral,0.043334242,0.5325853,0.4240804,0.40714043
4::single::vision::11,Neutral,0.043334242,0.5325853,0.4240804,0.40714043
4::single::vision::12,Neutral,0.043334242,0.5325853,0.4240804,0.40714043
4::single::vision::13,Neutral,0.043334242,0.5325853,0.4240804,0.40714043
4::single::vision::14,Neutral,0.043334242,0.5325853,0.4240804,0.40714043
4::single::vision::15,Neutral,0.043334242,0.5325853,0.4240804,0.40714043
4::single::vision::16,Neutral,0.043334242,0.5325853,0.4240804,0.40714043
5::single::text::0,Positive,0.018978471,0.08438813,0.8966334,0.706229
5::single::text::1,Positive,0.018978471,0.08438813,0.8966334,0.706229
5::single::text::2,Positive,0.024309415,0.087151326,0.8885392,0.71130025
5::single::text::3,Positive,0.021834003,0.09451227,0.88365376,0.70484513
5::single::text::4,Positive,0.021019973,0.095777,0.8832031,0.7025381
5::single::text::5,Positive,0.021863485,0.09243877,0.8856977,0.706229
5::single::text::6,Positive,0.024594026,0.097806685,0.87759924,0.706229
5::single::text::7,Positive,0.024594026,0.097806685,0.87759924,0.706229
5::single::text::8,Positive,0.020249458,0.09131571,0.88843477,0.7039224
5::single::text::9,Positive,0.019621212,0.09517475,0.8852041,0.7011534
5::single::text::10,Positive,0.023137517,0.100540794,0.87632173,0.703461
5::single::text::11,Positive,0.020353233,0.09008515,0.88956165,0.7053065
5::single::text::12,Positive,0.022964941,0.09884944,0.8781856,0.7039224
5::single::text::13,Positive,0.022964941,0.09884944,0.8781856,0.7039224
5::single::text::14,Positive,0.021750612,0.09542871,0.88282067,0.7043838
5::single::text::15,Positive,0.020340102,0.09067218,0.8889877,0.70484513
5::single::text::16,Positive,0.022816563,0.10299301,0.8741904,0.7011534
5::single::text::17,Positive,0.024784008,0.111834764,0.86338127,0.6988449
5::single::text::18,Positive,0.020890746,0.09795503,0.88115424,0.7011534
5::single::text::19,Positive,0.020890746,0.09795503,0.88115424,0.7011534
5::single::text::20,Positive,0.02363906,0.10314009,0.8732208,0.7025381
5::single::text::21,Positive,0.021181036,0.09651401,0.88230497,0.7029996
5::single::text::22,Positive,0.021050675,0.09360592,0.8853434,0.7043838
5::single::text::23,Positive,0.019850112,0.094037645,0.8861123,0.70207655
5::single::text::24,Positive,0.021048455,0.10048232,0.8784692,0.6997684
5::single::text::25,Positive,0.021048455,0.10048232,0.8784692,0.6997684
5::single::text::26,Positive,0.022083294,0.09442275,0.88349396,0.70576775
5::single::text::27,Positive,0.022042928,0.102832824,0.8751243,0.7002301
5::single::text::28,Positive,0.021816466,0.09778178,0.8804018,0.7029996
5::single::text::29,Positive,0.024204534,0.09448449,0.8813109,0.70761245
5::single::text::30,Positive,0.022300392,0.09405416,0.8836455,0.70576775
5::single::text::31,Positive,0.022300392,0.09405416,0.8836455,0.70576775
5::single::text::32,Positive,0.024656741,0.10056532,0.87477785,0.7053065
5::single::text::33,Positive,0.022996692,0.10097777,0.8760255,0.7029996
5::single::text::34,Positive,0.020253075,0.093711674,0.88603514,0.7029996
5::single::text::35,Positive,0.021574832,0.095979474,0.8824457,0.703461
5::single::text::36,Positive,0.021965956,0.09330155,0.8847325,0.7053065
5::single::audio::0,Positive,0.021553565,0.09347499,0.88497156,0.70484513
5::single::audio::1,Positive,0.021553565,0.09347499,0.88497156,0.70484513
5::single::audio::2,Positive,0.021553565,0.09347499,0.88497156,0.70484513
5::single::audio::3,Positive,0.021553565,0.09347499,0.88497156,0.70484513
5::single::audio::4,Positive,0.021553565,0.09347499,0.88497156,0.70484513
5::single::audio::5,Positive,0.021553565,0.09347499,0.88497156,0.70484513
5::single::audio::6,Positive,0.021553565,0.09347499,0.88497156,0.70484513
5::single::audio::7,Positive,0.021553565,0.09347499,0.88497156,0.70484513
5::single::audio::8,Positive,0.021553565,0.09347499,0.88497156,0.70484513
5::single::audio::9,Positive,0.021553565,0.09347499,0.88497156,0.70484513
5::single::audio::10,Positive,0.021553565,0.09347499,0.88497156,0.70484513
5::single::audio::11,Positive,0.021553565,0.09347499,0.88497156,0.70484513
5::single::audio::12,Positive,0.021553565,0.09347499,0.88497156,0.70484513
5::single::audio::13,Positive,0.021553565,0.09347499,0.88497156,0.70484513
5::single::audio::14,Positive,0.021553565,0.09347499,0.88497156,0.70484513
5::single::audio::15,Positive,0.021553565,0.09347499,0.88497156,0.70484513
5::single::audio::16,Positive,0.021553565,0.09347499,0.88497156,0.70484513
5::single::audio::17,Positive,0.021553565,0.09347499,0.88497156,0.70484513
5::single::audio::18,Positive,0.021553565,0.09347499,0.88497156,0.70484513
5::single::audio::19,Positive,0.021553565,0.09347499,0.88497156,0.70484513
5::single::audio::20,Positive,0.021553565,0.09347499,0.88497156,0.70484513
5::single::audio::21,Positive,0.021553565,0.09347499,0.88497156,0.70484513
5::single::audio::22,Positive,0.021553565,0.09347499,0.88497156,0.70484513
5::single::audio::23,Positive,0.021553565,0.09347499,0.88497156,0.70484513
5::single::audio::24,Positive,0.021553565,0.09347499,0.88497156,0.70484513
5::single::audio::25,Positive,0.021553565,0.09347499,0.88497156,0.70484513
5::single::audio::26,Positive,0.021553565,0.09347499,0.88497156,0.70484513
5::single::audio::27,Positive,0.021553565,0.09347499,0.88497156,0.70484513
5::single::audio::28,Positive,0.021553565,0.09347499,0.88497156,0.70484513
5::single::audio::29,Positive,0.021553565,0.09347499,0.88497156,0.70484513
5::single::audio::30,Positive,0.021553565,0.09347499,0.88497156,0.70484513
5::single::audio::31,Positive,0.021553565,0.09347499,0.88497156,0.70484513
5::single::audio::32,Positive,0.021553565,0.09347499,0.88497156,0.70484513
5::single::audio::33,Positive,0.021553565,0.09347499,0.88497156,0.70484513
5::single::audio::34,Positive,0.021553565,0.09347499,0.88497156,0.70484513
5::single::audio::35,Positive,0.021553565,0.09347499,0.88497156,0.70484513
5::single::audio::36,Positive,0.021553565,0.09347499,0.88497156,0.70484513
5::single::vision::0,Positive,0.021553565,0.09347499,0.88497156,0.70484513
5::single::vision::1,Positive,0.021553565,0.09347499,0.88497156,0.70484513
5::single::vision::2,Positive,0.021553565,0.09347499,0.88497156,0.70484513
5::single::vision::3,Positive,0.021553565,0.09347499,0.88497156,0.70484513
5::single::vision::4,Positive,0.021553565,0.09347499,0.88497156,0.70484513
5::single::vision::5,Positive,0.021553565,0.09347499,0.88497156,0.70484513
5::single::vision::6,Positive,0.021553565,0.09347499,0.88497156,0.70484513
5::single::vision::7,Positive,0.021553565,0.09347499,0.88497156,0.70484513
5::single::vision::8,Positive,0.021553565,0.09347499,0.88497156,0.70484513
5::single::vision::9,Positive,0.021553565,0.09347499,0.88497156,0.70484513
5::single::vision::10,Positive,0.021553565,0.09347499,0.88497156,0.70484513
5::single::vision::11,Positive,0.021553565,0.09347499,0.88497156,0.70484513
5::single::vision::12,Positive,0.021553565,0.09347499,0.88497156,0.70484513
5::single::vision::13,Positive,0.021553565,0.09347499,0.88497156,0.70484513
5::single::vision::14,Positive,0.021553565,0.09347499,0.88497156,0.70484513
5::single::vision::15,Positive,0.021553565,0.09347499,0.88497156,0.70484513
5::single::vision::16,Positive,0.021553565,0.09347499,0.88497156,0.70484513
5::single::vision::17,Positive,0.021553565,0.09347499,0.88497156,0.70484513
5::single::vision::18,Positive,0.021553565,0.09347499,0.88497156,0.70484513
5::single::vision::19,Positive,0.021553565,0.09347499,0.88497156,0.70484513
5::single::vision::20,Positive,0.021553565,0.09347499,0.88497156,0.70484513
5::single::vision::21,Positive,0.021553565,0.09347499,0.88497156,0.70484513
5::single::vision::22,Positive,0.021553565,0.09347499,0.88497156,0.70484513
5::single::vision::23,Positive,0.021553565,0.09347499,0.88497156,0.70484513
5::single::vision::24,Positive,0.021553565,0.09347499,0.88497156,0.70484513
5::single::vision::25,Positive,0.021553565,0.09347499,0.88497156,0.70484513
5::single::vision::26,Positive,0.021553565,0.09347499,0.88497156,0.70484513
5::single::vision::27,Positive,0.021553565,0.09347499,0.88497156,0.70484513
5::single::vision::28,Positive,0.021553565,0.09347499,0.88497156,0.70484513
5::single::vision::29,Positive,0.021553565,0.09347499,0.88497156,0.70484513
5::single::vision::30,Positive,0.021553565,0.09347499,0.88497156,0.70484513
5::single::vision::31,Positive,0.021553565,0.09347499,0.88497156,0.70484513
5::single::vision::32,Positive,0.021553565,0.09347499,0.88497156,0.70484513
5::single::vision::33,Positive,0.021553565,0.09347499,0.88497156,0.70484513
5::single::vision::34,Positive,0.021553565,0.09347499,0.88497156,0.70484513
5::single::vision::35,Positive,0.021553565,0.09347499,0.88497156,0.70484513
5::single::vision::36,Positive,0.021553565,0.09347499,0.88497156,0.70484513
6::single::text::0,Positive,0.008393365,0.07567334,0.9159333,0.68590134
6::single::text::1,Positive,0.009322316,0.078948796,0.9117289,0.6868267
6::single::text::2,Positive,0.009416543,0.07757074,0.9130127,0.68775207
6::single::text::3,Positive,0.008988459,0.07307804,0.9179334,0.6905271
6::single::text::4,Positive,0.009378249,0.07606349,0.91455823,0.6891397
6::single::text::5,Positive,0.0092901895,0.08037402,0.91033584,0.6854385
6::single::text::6,Positive,0.009758053,0.07629503,0.9139468,0.6909895
6::single::text::7,Positive,0.009789753,0.081191316,0.9090189,0.6868267
6::single::text::8,Positive,0.01039,0.08762968,0.9019803,0.6831242
6::single::text::9,Positive,0.009308751,0.07678168,0.9139096,0.68775207
6::single::text::10,Positive,0.009279594,0.07704313,0.91367733,0.68821466
6::single::text::11,Positive,0.008330424,0.05960043,0.9320691,0.6993067
6::single::text::12,Positive,0.008025319,0.047116347,0.9448583,0.7085346
6::single::text::13,Positive,0.031281255,0.29415685,0.6745619,0.6100295
6::single::text::14,Positive,0.006726306,0.053589292,0.93968445,0.6988449
6::single::text::15,Positive,0.009568759,0.07769685,0.91273445,0.68821466
6::single::text::16,Positive,0.009329381,0.07737326,0.91329736,0.68821466
6::single::text::17,Positive,0.009173821,0.07796259,0.9128637,0.6868267
6::single::text::18,Positive,0.008881589,0.07269445,0.91842395,0.6905271
6::single::text::19,Positive,0.009052793,0.07440661,0.9165406,0.68960226
6::single::text::20,Positive,0.009738599,0.07901262,0.91124874,0.68775207
6::single::text::21,Positive,0.009340861,0.07623794,0.91442114,0.68867725
6::single::text::22,Positive,0.009064575,0.07231964,0.91861576,0.6914519
6::single::text::23,Positive,0.0092683025,0.075531036,0.9152007,0.6891397
6::single::text::24,Positive,0.009195192,0.076693796,0.9141111,0.68821466
6::single::text::25,Positive,0.009735722,0.08015959,0.9101047,0.6868267
6::single::text::26,Positive,0.009333764,0.076939814,0.91372645,0.68821466
6::single::text::27,Positive,0.009488537,0.07668783,0.9138236,0.6891397
6::single::text::28,Positive,0.009387581,0.076902084,0.9137103,0.68867725
6::single::text::29,Positive,0.0096301995,0.084922895,0.9054469,0.6831242
6::single::text::30,Positive,0.009642139,0.07766816,0.9126896,0.68867725
6::single::text::31,Positive,0.009233395,0.07550071,0.9152659,0.6891397
6::single::text::32,Positive,0.009156616,0.07442299,0.9164204,0.6900647
6::single::text::33,Positive,0.008570139,0.07047773,0.9209522,0.6909895
6::single::text::34,Positive,0.009392114,0.0773346,0.9132732,0.68867725
6::single::text::35,Positive,0.009177824,0.07404268,0.91677946,0.6905271
6::single::text::36,Positive,0.00995736,0.07781887,0.91222376,0.68960226
6::single::text::37,Positive,0.009557015,0.0770747,0.9133683,0.68867725
6::single::text::38,Positive,0.009343896,0.0768168,0.9138394,0.68821466
6::single::text::39,Positive,0.009335098,0.077685684,0.9129793,0.68775207
6::single::text::40,Positive,0.0094918525,0.07812067,0.91238743,0.68775207
6::single::text::41,Positive,0.009804165,0.07808677,0.9121091,0.68867725
6::single::text::42,Positive,0.008901141,0.074185215,0.9169136,0.6891397
6::single::text::43,Positive,0.009563051,0.077369705,0.91306734,0.6891397
6::single::text::44,Positive,0.010038862,0.07731515,0.91264606,0.6905271
6::single::text::45,Positive,0.0094623165,0.07660789,0.9139298,0.6891397
6::single::text::46,Positive,0.009444551,0.07658607,0.91396934,0.68867725
6::single::text::47,Positive,0.009467104,0.07614027,0.91439265,0.6891397
6::single::text::48,Positive,0.009458228,0.07700653,0.9135353,0.6891397
6::single::text::49,Positive,0.009320542,0.075612776,0.9150667,0.6900647
6::single::audio::0,Positive,0.00924099,0.07825531,0.91250366,0.6872894
6::single::audio::1,Positive,0.00924099,0.07825531,0.91250366,0.6872894
6::single::audio::2,Positive,0.00924099,0.07825531,0.91250366,0.6872894
6::single::audio::3,Positive,0.00924099,0.07825531,0.91250366,0.6872894
6::single::audio::4,Positive,0.00924099,0.07825531,0.91250366,0.6872894
6::single::audio::5,Positive,0.00924099,0.07825531,0.91250366,0.6872894
6::single::audio::6,Positive,0.00924099,0.07825531,0.91250366,0.6872894
6::single::audio::7,Positive,0.00924099,0.07825531,0.91250366,0.6872894
6::single::audio::8,Positive,0.00924099,0.07825531,0.91250366,0.6872894
6::single::audio::9,Positive,0.00924099,0.07825531,0.91250366,0.6872894
6::single::audio::10,Positive,0.00924099,0.07825531,0.91250366,0.6872894
6::single::audio::11,Positive,0.00924099,0.07825531,0.91250366,0.6872894
6::single::audio::12,Positive,0.00924099,0.07825531,0.91250366,0.6872894
6::single::audio::13,Positive,0.00924099,0.07825531,0.91250366,0.6872894
6::single::audio::14,Positive,0.00924099,0.07825531,0.91250366,0.6872894
6::single::audio::15,Positive,0.00924099,0.07825531,0.91250366,0.6872894
6::single::audio::16,Positive,0.00924099,0.07825531,0.91250366,0.6872894
6::single::audio::17,Positive,0.00924099,0.07825531,0.91250366,0.6872894
6::single::audio::18,Positive,0.00924099,0.07825531,0.91250366,0.6872894
6::single::audio::19,Positive,0.00924099,0.07825531,0.91250366,0.6872894
6::single::audio::20,Positive,0.00924099,0.07825531,0.91250366,0.6872894
6::single::audio::21,Positive,0.00924099,0.07825531,0.91250366,0.6872894
6::single::audio::22,Positive,0.00924099,0.07825531,0.91250366,0.6872894
6::single::audio::23,Positive,0.00924099,0.07825531,0.91250366,0.6872894
6::single::audio::24,Positive,0.00924099,0.07825531,0.91250366,0.6872894
6::single::audio::25,Positive,0.00924099,0.07825531,0.91250366,0.6872894
6::single::audio::26,Positive,0.00924099,0.07825531,0.91250366,0.6872894
6::single::audio::27,Positive,0.00924099,0.07825531,0.91250366,0.6872894
6::single::audio::28,Positive,0.00924099,0.07825531,0.91250366,0.6872894
6::single::audio::29,Positive,0.00924099,0.07825531,0.91250366,0.6872894
6::single::audio::30,Positive,0.00924099,0.07825531,0.91250366,0.6872894
6::single::audio::31,Positive,0.00924099,0.07825531,0.91250366,0.6872894
6::single::audio::32,Positive,0.00924099,0.07825531,0.91250366,0.6872894
6::single::audio::33,Positive,0.00924099,0.07825531,0.91250366,0.6872894
6::single::audio::34,Positive,0.00924099,0.07825531,0.91250366,0.6872894
6::single::audio::35,Positive,0.00924099,0.07825531,0.91250366,0.6872894
6::single::audio::36,Positive,0.00924099,0.07825531,0.91250366,0.6872894
6::single::audio::37,Positive,0.00924099,0.07825531,0.91250366,0.6872894
6::single::audio::38,Positive,0.00924099,0.07825531,0.91250366,0.6872894
6::single::audio::39,Positive,0.00924099,0.07825531,0.91250366,0.6872894
6::single::audio::40,Positive,0.00924099,0.07825531,0.91250366,0.6872894
6::single::audio::41,Positive,0.00924099,0.07825531,0.91250366,0.6872894
6::single::audio::42,Positive,0.00924099,0.07825531,0.91250366,0.6872894
6::single::audio::43,Positive,0.00924099,0.07825531,0.91250366,0.6872894
6::single::audio::44,Positive,0.00924099,0.07825531,0.91250366,0.6872894
6::single::audio::45,Positive,0.00924099,0.07825531,0.91250366,0.6872894
6::single::audio::46,Positive,0.00924099,0.07825531,0.91250366,0.6872894
6::single::audio::47,Positive,0.00924099,0.07825531,0.91250366,0.6872894
6::single::audio::48,Positive,0.00924099,0.07825531,0.91250366,0.6872894
6::single::audio::49,Positive,0.00924099,0.07825531,0.91250366,0.6872894
6::single::vision::0,Positive,0.00924099,0.07825531,0.91250366,0.6872894
6::single::vision::1,Positive,0.00924099,0.07825531,0.91250366,0.6872894
6::single::vision::2,Positive,0.00924099,0.07825531,0.91250366,0.6872894
6::single::vision::3,Positive,0.00924099,0.07825531,0.91250366,0.6872894
6::single::vision::4,Positive,0.00924099,0.07825531,0.91250366,0.6872894
6::single::vision::5,Positive,0.00924099,0.07825531,0.91250366,0.6872894
6::single::vision::6,Positive,0.00924099,0.07825531,0.91250366,0.6872894
6::single::vision::7,Positive,0.00924099,0.07825531,0.91250366,0.6872894
6::single::vision::8,Positive,0.00924099,0.07825531,0.91250366,0.6872894
6::single::vision::9,Positive,0.00924099,0.07825531,0.91250366,0.6872894
6::single::vision::10,Positive,0.00924099,0.07825531,0.91250366,0.6872894
6::single::vision::11,Positive,0.00924099,0.07825531,0.91250366,0.6872894
6::single::vision::12,Positive,0.00924099,0.07825531,0.91250366,0.6872894
6::single::vision::13,Positive,0.00924099,0.07825531,0.91250366,0.6872894
6::single::vision::14,Positive,0.00924099,0.07825531,0.91250366,0.6872894
6::single::vision::15,Positive,0.00924099,0.07825531,0.91250366,0.6872894
6::single::vision::16,Positive,0.00924099,0.07825531,0.91250366,0.6872894
6::single::vision::17,Positive,0.00924099,0.07825531,0.91250366,0.6872894
6::single::vision::18,Positive,0.00924099,0.07825531,0.91250366,0.6872894
6::single::vision::19,Positive,0.00924099,0.07825531,0.91250366,0.6872894
6::single::vision::20,Positive,0.00924099,0.07825531,0.91250366,0.6872894
6::single::vision::21,Positive,0.00924099,0.07825531,0.91250366,0.6872894
6::single::vision::22,Positive,0.00924099,0.07825531,0.91250366,0.6872894
6::single::vision::23,Positive,0.00924099,0.07825531,0.91250366,0.6872894
6::single::vision::24,Positive,0.00924099,0.07825531,0.91250366,0.6872894
6::single::vision::25,Positive,0.00924099,0.07825531,0.91250366,0.6872894
6::single::vision::26,Positive,0.00924099,0.07825531,0.91250366,0.6872894
6::single::vision::27,Positive,0.00924099,0.07825531,0.91250366,0.6872894
6::single::vision::28,Positive,0.00924099,0.07825531,0.91250366,0.6872894
6::single::vision::29,Positive,0.00924099,0.07825531,0.91250366,0.6872894
6::single::vision::30,Positive,0.00924099,0.07825531,0.91250366,0.6872894
6::single::vision::31,Positive,0.00924099,0.07825531,0.91250366,0.6872894
6::single::vision::32,Positive,0.00924099,0.07825531,0.91250366,0.6872894
6::single::vision::33,Positive,0.00924099,0.07825531,0.91250366,0.6872894
6::single::vision::34,Positive,0.00924099,0.07825531,0.91250366,0.6872894
6::single::vision::35,Positive,0.00924099,0.07825531,0.91250366,0.6872894
6::single::vision::36,Positive,0.00924099,0.07825531,0.91250366,0.6872894
6::single::vision::37,Positive,0.00924099,0.07825531,0.91250366,0.6872894
6::single::vision::38,Positive,0.00924099,0.07825531,0.91250366,0.6872894
6::single::vision::39,Positive,0.00924099,0.07825531,0.91250366,0.6872894
6::single::vision::40,Positive,0.00924099,0.07825531,0.91250366,0.6872894
6::single::vision::41,Positive,0.00924099,0.07825531,0.91250366,0.6872894
6::single::vision::42,Positive,0.00924099,0.07825531,0.91250366,0.6872894
6::single::vision::43,Positive,0.00924099,0.07825531,0.91250366,0.6872894
6::single::vision::44,Positive,0.00924099,0.07825531,0.91250366,0.6872894
6::single::vision::45,Positive,0.00924099,0.07825531,0.91250366,0.6872894
6::single::vision::46,Positive,0.00924099,0.07825531,0.91250366,0.6872894
6::single::vision::47,Positive,0.00924099,0.07825531,0.91250366,0.6872894
6::single::vision::48,Positive,0.00924099,0.07825531,0.91250366,0.6872894
6::single::vision::49,Positive,0.00924099,0.07825531,0.91250366,0.6872894
7::single::text::0,Neutral,0.046455402,0.5777942,0.3757504,0.35236993
7::single::text::1,Neutral,0.046455402,0.5777942,0.3757504,0.35236993
7::single::text::2,Neutral,0.043696377,0.50589865,0.450405,0.41576415
7::single::text::3,Neutral,0.04049213,0.560662,0.3988459,0.37089556
7::single::text::4,Neutral,0.037906215,0.5268589,0.43523484,0.40258622
7::single::text::5,Neutral,0.037906215,0.5268589,0.43523484,0.40258622
7::single::text::6,Neutral,0.052716732,0.55603504,0.39124826,0.35766584
7::single::text::7,Neutral,0.0511848,0.5818119,0.36700326,0.34080762
7::single::text::8,Neutral,0.04740733,0.600633,0.35195968,0.32875264
7::single::text::9,Neutral,0.04740733,0.600633,0.35195968,0.32875264
7::single::text::10,Neutral,0.05153494,0.6236381,0.324827,0.30050257
7::single::text::11,Neutral,0.05040354,0.63097495,0.31862152,0.2983272
7::single::text::12,Neutral,0.054775666,0.604423,0.34080136,0.3174111
7::single::audio::0,Neutral,0.046117805,0.58113134,0.37275088,0.351166
7::single::audio::1,Neutral,0.046117805,0.58113134,0.37275088,0.351166
7::single::audio::2,Neutral,0.046117805,0.58113134,0.37275088,0.351166
7::single::audio::3,Neutral,0.046117805,0.58113134,0.37275088,0.351166
7::single::audio::4,Neutral,0.046117805,0.58113134,0.37275088,0.351166
7::single::audio::5,Neutral,0.046117805,0.58113134,0.37275088,0.351166
7::single::audio::6,Neutral,0.046117805,0.58113134,0.37275088,0.351166
7::single::audio::7,Neutral,0.046117805,0.58113134,0.37275088,0.351166
7::single::audio::8,Neutral,0.046117805,0.58113134,0.37275088,0.351166
7::single::audio::9,Neutral,0.046117805,0.58113134,0.37275088,0.351166
7::single::audio::10,Neutral,0.046117805,0.58113134,0.37275088,0.351166
7::single::audio::11,Neutral,0.046117805,0.58113134,0.37275088,0.351166
7::single::audio::12,Neutral,0.046117805,0.58113134,0.37275088,0.351166
7::single::vision::0,Neutral,0.046117805,0.58113134,0.37275088,0.351166
7::single::vision::1,Neutral,0.046117805,0.58113134,0.37275088,0.351166
7::single::vision::2,Neutral,0.046117805,0.58113134,0.37275088,0.351166
7::single::vision::3,Neutral,0.046117805,0.58113134,0.37275088,0.351166
7::single::vision::4,Neutral,0.046117805,0.58113134,0.37275088,0.351166
7::single::vision::5,Neutral,0.046117805,0.58113134,0.37275088,0.351166
7::single::vision::6,Neutral,0.046117805,0.58113134,0.37275088,0.351166
7::single::vision::7,Neutral,0.046117805,0.58113134,0.37275088,0.351166
7::single::vision::8,Neutral,0.046117805,0.58113134,0.37275088,0.351166
7::single::vision::9,Neutral,0.046117805,0.58113134,0.37275088,0.351166
7::single::vision::10,Neutral,0.046117805,0.58113134,0.37275088,0.351166
7::single::vision::11,Neutral,0.046117805,0.58113134,0.37275088,0.351166
7::single::vision::12,Neutral,0.046117805,0.58113134,0.37275088,0.351166
8::single::text::0,Negative,0.9400832,0.04957255,0.010344248,-0.76314235
8::single::text::1,Negative,0.9400832,0.04957255,0.010344248,-0.76314235
8::single::text::2,Negative,0.9279992,0.060307488,0.011693289,-0.7594876
8::single::text::3,Negative,0.9322306,0.057481892,0.010287463,-0.7585736
8::single::text::4,Negative,0.9322306,0.057481892,0.010287463,-0.7585736
8::single::text::5,Negative,0.9245893,0.053838003,0.021572737,-0.76907605
8::single::text::6,Negative,0.9285927,0.05927129,0.012136018,-0.7608584
8::single::text::7,Negative,0.9285927,0.05927129,0.012136018,-0.7608584
8::single::text::8,Negative,0.9257643,0.062136646,0.01209906,-0.7594876
8::single::text::9,Negative,0.92598903,0.06363396,0.010376946,-0.75537324
8::single::text::10,Negative,0.9318785,0.056924943,0.011196596,-0.7604015
8::single::text::11,Negative,0.9318785,0.056924943,0.011196596,-0.7604015
8::single::text::12,Negative,0.9229483,0.065822974,0.011228729,-0.7558306
8::single::text::13,Negative,0.9244714,0.06463246,0.010896113,-0.7562878
8::single::text::14,Negative,0.9244714,0.06463246,0.010896113,-0.7562878
8::single::text::15,Negative,0.9260272,0.062248196,0.011724649,-0.75903064
8::single::text::16,Negative,0.60010016,0.14352185,0.25637802,-0.54467523
8::single::text::17,Negative,0.60010016,0.14352185,0.25637802,-0.54467523
8::single::text::18,Negative,0.9026025,0.083738945,0.0136585515,-0.74988264
8::single::text::19,Negative,0.92361665,0.06408399,0.012299365,-0.7585736
8::single::audio::0,Negative,0.92623425,0.062932484,0.010833274,-0.75674504
8::single::audio::1,Negative,0.92623425,0.062932484,0.010833274,-0.75674504
8::single::audio::2,Negative,0.92623425,0.062932484,0.010833274,-0.75674504
8::single::audio::3,Negative,0.92623425,0.062932484,0.010833274,-0.75674504
8::single::audio::4,Negative,0.92623425,0.062932484,0.010833274,-0.75674504
8::single::audio::5,Negative,0.92623425,0.062932484,0.010833274,-0.75674504
8::single::audio::6,Negative,0.92623425,0.062932484,0.010833274,-0.75674504
8::single::audio::7,Negative,0.92623425,0.062932484,0.010833274,-0.75674504
8::single::audio::8,Negative,0.92623425,0.062932484,0.010833274,-0.75674504
8::single::audio::9,Negative,0.92623425,0.062932484,0.010833274,-0.75674504
8::single::audio::10,Negative,0.92623425,0.062932484,0.010833274,-0.75674504
8::single::audio::11,Negative,0.92623425,0.062932484,0.010833274,-0.75674504
8::single::audio::12,Negative,0.92623425,0.062932484,0.010833274,-0.75674504
8::single::audio::13,Negative,0.92623425,0.062932484,0.010833274,-0.75674504
8::single::audio::14,Negative,0.92623425,0.062932484,0.010833274,-0.75674504
8::single::audio::15,Negative,0.92623425,0.062932484,0.010833274,-0.75674504
8::single::audio::16,Negative,0.92623425,0.062932484,0.010833274,-0.75674504
8::single::audio::17,Negative,0.92623425,0.062932484,0.010833274,-0.75674504
8::single::audio::18,Negative,0.92623425,0.062932484,0.010833274,-0.75674504
8::single::audio::19,Negative,0.92623425,0.062932484,0.010833274,-0.75674504
8::single::vision::0,Negative,0.92623425,0.062932484,0.010833274,-0.75674504
8::single::vision::1,Negative,0.92623425,0.062932484,0.010833274,-0.75674504
8::single::vision::2,Negative,0.92623425,0.062932484,0.010833274,-0.75674504
8::single::vision::3,Negative,0.92623425,0.062932484,0.010833274,-0.75674504
8::single::vision::4,Negative,0.92623425,0.062932484,0.010833274,-0.75674504
8::single::vision::5,Negative,0.92623425,0.062932484,0.010833274,-0.75674504
8::single::vision::6,Negative,0.92623425,0.062932484,0.010833274,-0.75674504
8::single::vision::7,Negative,0.92623425,0.062932484,0.010833274,-0.75674504
8::single::vision::8,Negative,0.92623425,0.062932484,0.010833274,-0.75674504
8::single::vision::9,Negative,0.92623425,0.062932484,0.010833274,-0.75674504
8::single::vision::10,Negative,0.92623425,0.062932484,0.010833274,-0.75674504
8::single::vision::11,Negative,0.92623425,0.062932484,0.010833274,-0.75674504
8::single::vision::12,Negative,0.92623425,0.062932484,0.010833274,-0.75674504
8::single::vision::13,Negative,0.92623425,0.062932484,0.010833274,-0.75674504
8::single::vision::14,Negative,0.92623425,0.062932484,0.010833274,-0.75674504
8::single::vision::15,Negative,0.92623425,0.062932484,0.010833274,-0.75674504
8::single::vision::16,Negative,0.92623425,0.062932484,0.010833274,-0.75674504
8::single::vision::17,Negative,0.92623425,0.062932484,0.010833274,-0.75674504
8::single::vision::18,Negative,0.92623425,0.062932484,0.010833274,-0.75674504
8::single::vision::19,Negative,0.92623425,0.062932484,0.010833274,-0.75674504
9::single::text::0,Negative,0.8460923,0.07124071,0.082667045,-0.7251091
9::single::text::1,Negative,0.8460923,0.07124071,0.082667045,-0.7251091
9::single::text::2,Negative,0.834858,0.09499777,0.07014426,-0.7608584
9::single::text::3,Negative,0.8078482,0.10965327,0.0824985,-0.7604015
9::single::text::4,Negative,0.7882132,0.11544437,0.09634243,-0.75445855
9::single::text::5,Negative,0.7882132,0.11544437,0.09634243,-0.75445855
9::single::text::6,Negative,0.7844493,0.11962224,0.09592848,-0.75765944
9::single::text::7,Negative,0.8130679,0.1130522,0.07387988,-0.7658818
9::single::text::8,Negative,0.8050834,0.11202609,0.08289054,-0.76177216
9::single::text::9,Negative,0.82336587,0.11565435,0.060979772,-0.76907605
9::single::text::10,Negative,0.82336587,0.11565435,0.060979772,-0.76907605
9::single::text::11,Negative,0.78978187,0.121342525,0.08887567,-0.7622289
9::single::text::12,Negative,0.7861136,0.119720615,0.09416584,-0.7585736
9::single::text::13,Negative,0.7932844,0.12361455,0.0831011,-0.7658818
9::single::text::14,Negative,0.7932844,0.12361455,0.0831011,-0.7658818
9::single::text::15,Negative,0.79507154,0.119573645,0.08535483,-0.763599
9::single::text::16,Negative,0.77316433,0.11736158,0.10947406,-0.7453031
9::single::text::17,Negative,0.8071539,0.11159849,0.08124771,-0.7622289
9::single::text::18,Negative,0.7925418,0.1221292,0.08532895,-0.7645122
9::single::text::19,Negative,0.7925418,0.1221292,0.08532895,-0.7645122
9::single::text::20,Negative,0.8124256,0.11938041,0.068193935,-0.7686198
9::single::text::21,Negative,0.87599695,0.08301363,0.040989455,-0.7686198
9::single::text::22,Negative,0.85453373,0.093820125,0.05164611,-0.7686198
9::single::text::23,Negative,0.85453373,0.093820125,0.05164611,-0.7686198
9::single::text::24,Negative,0.7709599,0.1282483,0.10079184,-0.7594876
9::single::text::25,Negative,0.6127898,0.18563834,0.20157182,-0.7145252
9::single::text::26,Negative,0.67017907,0.1671148,0.16270615,-0.73842674
9::single::text::27,Negative,0.83474374,0.1069963,0.058259968,-0.7686198
9::single::text::28,Negative,0.83474374,0.1069963,0.058259968,-0.7686198
9::single::text::29,Negative,0.8131847,0.10709573,0.07971956,-0.7608584
9::single::text::30,Negative,0.80392975,0.11112242,0.0849479,-0.7599447
9::single::text::31,Positive,0.05139607,0.2525619,0.696042,0.6310619
9::single::audio::0,Negative,0.8007831,0.11200051,0.08721641,-0.75903064
9::single::audio::1,Negative,0.8007831,0.11200051,0.08721641,-0.75903064
9::single::audio::2,Negative,0.8007831,0.11200051,0.08721641,-0.75903064
9::single::audio::3,Negative,0.8007831,0.11200051,0.08721641,-0.75903064
9::single::audio::4,Negative,0.8007831,0.11200051,0.08721641,-0.75903064
9::single::audio::5,Negative,0.8007831,0.11200051,0.08721641,-0.75903064
9::single::audio::6,Negative,0.8007831,0.11200051,0.08721641,-0.75903064
9::single::audio::7,Negative,0.8007831,0.11200051,0.08721641,-0.75903064
9::single::audio::8,Negative,0.8007831,0.11200051,0.08721641,-0.75903064
9::single::audio::9,Negative,0.8007831,0.11200051,0.08721641,-0.75903064
9::single::audio::10,Negative,0.8007831,0.11200051,0.08721641,-0.75903064
9::single::audio::11,Negative,0.8007831,0.11200051,0.08721641,-0.75903064
9::single::audio::12,Negative,0.8007831,0.11200051,0.08721641,-0.75903064
9::single::audio::13,Negative,0.8007831,0.11200051,0.08721641,-0.75903064
9::single::audio::14,Negative,0.8007831,0.11200051,0.08721641,-0.75903064
9::single::audio::15,Negative,0.8007831,0.11200051,0.08721641,-0.75903064
9::single::audio::16,Negative,0.8007831,0.11200051,0.08721641,-0.75903064
9::single::audio::17,Negative,0.8007831,0.11200051,0.08721641,-0.75903064
9::single::audio::18,Negative,0.8007831,0.11200051,0.08721641,-0.75903064
9::single::audio::19,Negative,0.8007831,0.11200051,0.08721641,-0.75903064
9::single::audio::20,Negative,0.8007831,0.11200051,0.08721641,-0.75903064
9::single::audio::21,Negative,0.8007831,0.11200051,0.08721641,-0.75903064
9::single::audio::22,Negative,0.8007831,0.11200051,0.08721641,-0.75903064
9::single::audio::23,Negative,0.8007831,0.11200051,0.08721641,-0.75903064
9::single::audio::24,Negative,0.8007831,0.11200051,0.08721641,-0.75903064
9::single::audio::25,Negative,0.8007831,0.11200051,0.08721641,-0.75903064
9::single::audio::26,Negative,0.8007831,0.11200051,0.08721641,-0.75903064
9::single::audio::27,Negative,0.8007831,0.11200051,0.08721641,-0.75903064
9::single::audio::28,Negative,0.8007831,0.11200051,0.08721641,-0.75903064
9::single::audio::29,Negative,0.8007831,0.11200051,0.08721641,-0.75903064
9::single::audio::30,Negative,0.8007831,0.11200051,0.08721641,-0.75903064
9::single::audio::31,Negative,0.8007831,0.11200051,0.08721641,-0.75903064
9::single::vision::0,Negative,0.8007831,0.11200051,0.08721641,-0.75903064
9::single::vision::1,Negative,0.8007831,0.11200051,0.08721641,-0.75903064
9::single::vision::2,Negative,0.8007831,0.11200051,0.08721641,-0.75903064
9::single::vision::3,Negative,0.8007831,0.11200051,0.08721641,-0.75903064
9::single::vision::4,Negative,0.8007831,0.11200051,0.08721641,-0.75903064
9::single::vision::5,Negative,0.8007831,0.11200051,0.08721641,-0.75903064
9::single::vision::6,Negative,0.8007831,0.11200051,0.08721641,-0.75903064
9::single::vision::7,Negative,0.8007831,0.11200051,0.08721641,-0.75903064
9::single::vision::8,Negative,0.8007831,0.11200051,0.08721641,-0.75903064
9::single::vision::9,Negative,0.8007831,0.11200051,0.08721641,-0.75903064
9::single::vision::10,Negative,0.8007831,0.11200051,0.08721641,-0.75903064
9::single::vision::11,Negative,0.8007831,0.11200051,0.08721641,-0.75903064
9::single::vision::12,Negative,0.8007831,0.11200051,0.08721641,-0.75903064
9::single::vision::13,Negative,0.8007831,0.11200051,0.08721641,-0.75903064
9::single::vision::14,Negative,0.8007831,0.11200051,0.08721641,-0.75903064
9::single::vision::15,Negative,0.8007831,0.11200051,0.08721641,-0.75903064
9::single::vision::16,Negative,0.8007831,0.11200051,0.08721641,-0.75903064
9::single::vision::17,Negative,0.8007831,0.11200051,0.08721641,-0.75903064
9::single::vision::18,Negative,0.8007831,0.11200051,0.08721641,-0.75903064
9::single::vision::19,Negative,0.8007831,0.11200051,0.08721641,-0.75903064
9::single::vision::20,Negative,0.8007831,0.11200051,0.08721641,-0.75903064
9::single::vision::21,Negative,0.8007831,0.11200051,0.08721641,-0.75903064
9::single::vision::22,Negative,0.8007831,0.11200051,0.08721641,-0.75903064
9::single::vision::23,Negative,0.8007831,0.11200051,0.08721641,-0.75903064
9::single::vision::24,Negative,0.8007831,0.11200051,0.08721641,-0.75903064
9::single::vision::25,Negative,0.8007831,0.11200051,0.08721641,-0.75903064
9::single::vision::26,Negative,0.8007831,0.11200051,0.08721641,-0.75903064
9::single::vision::27,Negative,0.8007831,0.11200051,0.08721641,-0.75903064
9::single::vision::28,Negative,0.8007831,0.11200051,0.08721641,-0.75903064
9::single::vision::29,Negative,0.8007831,0.11200051,0.08721641,-0.75903064
9::single::vision::30,Negative,0.8007831,0.11200051,0.08721641,-0.75903064
9::single::vision::31,Negative,0.8007831,0.11200051,0.08721641,-0.75903064
10::single::text::0,Negative,0.90241677,0.08241196,0.015171302,-0.75262856
10::single::text::1,Negative,0.87757504,0.10485098,0.017573994,-0.7448449
10::single::text::2,Negative,0.92609066,0.06342088,0.010488389,-0.7558306
10::single::text::3,Negative,0.91240287,0.0738235,0.013773711,-0.75537324
10::single::text::4,Positive,0.059459653,0.35472432,0.585816,0.5418416
10::single::text::5,Negative,0.89193,0.09010519,0.017964764,-0.75308615
10::single::text::6,Negative,0.89731485,0.086456485,0.016228728,-0.75262856
10::single::text::7,Negative,0.89605653,0.08833369,0.015609734,-0.7507981
10::single::text::8,Negative,0.8935358,0.08922885,0.017235298,-0.75262856
10::single::text::9,Negative,0.8911133,0.09259886,0.016287861,-0.74896705
10::single::text::10,Negative,0.9214357,0.06646378,0.012100498,-0.75720227
10::single::text::11,Negative,0.89697367,0.08615177,0.016874608,-0.75308615
10::single::text::12,Negative,0.88701373,0.09415062,0.018835595,-0.7517135
10::single::text::13,Negative,0.90895534,0.076254755,0.014789921,-0.7558306
10::single::text::14,Negative,0.8981899,0.08489638,0.016913733,-0.754001
10::single::text::15,Negative,0.90241677,0.08241196,0.015171302,-0.75262856
10::single::audio::0,Negative,0.90241677,0.08241196,0.015171302,-0.75262856
10::single::audio::1,Negative,0.90241677,0.08241196,0.015171302,-0.75262856
10::single::audio::2,Negative,0.90241677,0.08241196,0.015171302,-0.75262856
10::single::audio::3,Negative,0.90241677,0.08241196,0.015171302,-0.75262856
10::single::audio::4,Negative,0.90241677,0.08241196,0.015171302,-0.75262856
10::single::audio::5,Negative,0.90241677,0.08241196,0.015171302,-0.75262856
10::single::audio::6,Negative,0.90241677,0.08241196,0.015171302,-0.75262856
10::single::audio::7,Negative,0.90241677,0.08241196,0.015171302,-0.75262856
10::single::audio::8,Negative,0.90241677,0.08241196,0.015171302,-0.75262856
10::single::audio::9,Negative,0.90241677,0.08241196,0.015171302,-0.75262856
10::single::audio::10,Negative,0.90241677,0.08241196,0.015171302,-0.75262856
10::single::audio::11,Negative,0.90241677,0.08241196,0.015171302,-0.75262856
10::single::audio::12,Negative,0.90241677,0.08241196,0.015171302,-0.75262856
10::single::audio::13,Negative,0.90241677,0.08241196,0.015171302,-0.75262856
10::single::audio::14,Negative,0.90241677,0.08241196,0.015171302,-0.75262856
10::single::audio::15,Negative,0.90241677,0.08241196,0.015171302,-0.75262856
10::single::vision::0,Negative,0.90241677,0.08241196,0.015171302,-0.75262856
10::single::vision::1,Negative,0.90241677,0.08241196,0.015171302,-0.75262856
10::single::vision::2,Negative,0.90241677,0.08241196,0.015171302,-0.75262856
10::single::vision::3,Negative,0.90241677,0.08241196,0.015171302,-0.75262856
10::single::vision::4,Negative,0.90241677,0.08241196,0.015171302,-0.75262856
10::single::vision::5,Negative,0.90241677,0.08241196,0.015171302,-0.75262856
10::single::vision::6,Negative,0.90241677,0.08241196,0.015171302,-0.75262856
10::single::vision::7,Negative,0.90241677,0.08241196,0.015171302,-0.75262856
10::single::vision::8,Negative,0.90241677,0.08241196,0.015171302,-0.75262856
10::single::vision::9,Negative,0.90241677,0.08241196,0.015171302,-0.75262856
10::single::vision::10,Negative,0.90241677,0.08241196,0.015171302,-0.75262856
10::single::vision::11,Negative,0.90241677,0.08241196,0.015171302,-0.75262856
10::single::vision::12,Negative,0.90241677,0.08241196,0.015171302,-0.75262856
10::single::vision::13,Negative,0.90241677,0.08241196,0.015171302,-0.75262856
10::single::vision::14,Negative,0.90241677,0.08241196,0.015171302,-0.75262856
10::single::vision::15,Negative,0.90241677,0.08241196,0.015171302,-0.75262856
11::single::text::0,Negative,0.887912,0.092904344,0.019183708,-0.754001
11::single::text::1,Negative,0.887912,0.092904344,0.019183708,-0.754001
11::single::text::2,Negative,0.6775607,0.23115715,0.0912822,-0.754001
11::single::text::3,Negative,0.9097673,0.075415365,0.014817371,-0.75674504
11::single::text::4,Negative,0.9031323,0.081013195,0.01585444,-0.75537324
11::single::text::5,Negative,0.9031323,0.081013195,0.01585444,-0.75537324
11::single::text::6,Negative,0.8987683,0.08276005,0.0184716,-0.75765944
11::single::text::7,Negative,0.9076088,0.07633516,0.016056012,-0.75765944
11::single::text::8,Negative,0.9027489,0.08244886,0.014802306,-0.7535436
11::single::text::9,Negative,0.90914476,0.07173427,0.019120881,-0.763599
11::single::text::10,Negative,0.90914476,0.07173427,0.019120881,-0.763599
11::single::text::11,Negative,0.9085474,0.07548775,0.015964841,-0.75811654
11::single::text::12,Negative,0.89801466,0.08703248,0.014952879,-0.7512558
11::single::text::13,Negative,0.90034163,0.08343744,0.016220985,-0.75537324
11::single::text::14,Negative,0.9117117,0.071988314,0.016300019,-0.7604015
11::single::text::15,Negative,0.9117117,0.071988314,0.016300019,-0.7604015
11::single::text::16,Negative,0.9112913,0.07303061,0.01567801,-0.7594876
11::single::text::17,Negative,0.9016522,0.082165524,0.016182275,-0.75537324
11::single::text::18,Negative,0.9042536,0.079470605,0.016275827,-0.75674504
11::single::text::19,Negative,0.90673184,0.07878138,0.014486756,-0.75445855
11::single::text::20,Negative,0.90673184,0.07878138,0.014486756,-0.75445855
11::single::text::21,Negative,0.9069851,0.076516435,0.016498495,-0.7585736
11::single::text::22,Negative,0.9084207,0.07536934,0.016209986,-0.7585736
11::single::text::23,Negative,0.9076856,0.07642583,0.015888494,-0.75811654
11::single::text::24,Negative,0.9089965,0.07500005,0.016003465,-0.75903064
11::single::text::25,Negative,0.9089965,0.07500005,0.016003465,-0.75903064
11::single::text::26,Negative,0.9074993,0.0763382,0.016162457,-0.7585736
11::single::text::27,Negative,0.90538377,0.078507,0.016109278,-0.75720227
11::single::text::28,Negative,0.9053434,0.07682027,0.017836241,-0.7599447
11::single::text::29,Negative,0.89756525,0.083863266,0.018571407,-0.75765944
11::single::text::30,Negative,0.89756525,0.083863266,0.018571407,-0.75765944
11::single::text::31,Negative,0.9072621,0.07615486,0.016583033,-0.75903064
11::single::text::32,Negative,0.90175766,0.080408305,0.017834045,-0.7585736
11::single::text::33,Negative,0.90458703,0.079593934,0.015819049,-0.7562878
11::single::text::34,Negative,0.9049416,0.078941435,0.016116904,-0.75720227
11::single::text::35,Negative,0.9049416,0.078941435,0.016116904,-0.75720227
11::single::text::36,Negative,0.9099717,0.07530699,0.014721318,-0.75720227
11::single::text::37,Negative,0.89409,0.08587429,0.020035759,-0.7585736
11::single::text::38,Negative,0.90228987,0.08028929,0.017420894,-0.75811654
11::single::text::39,Negative,0.90612835,0.078783676,0.015087981,-0.75537324
11::single::text::40,Negative,0.90612835,0.078783676,0.015087981,-0.75537324
11::single::text::41,Negative,0.90905887,0.0758625,0.015078692,-0.75720227
11::single::text::42,Negative,0.9028672,0.08089748,0.016235245,-0.7562878
11::single::text::43,Negative,0.9084359,0.07445741,0.017106676,-0.7604015
11::single::audio::0,Negative,0.9038749,0.080409355,0.015715696,-0.75537324
11::single::audio::1,Negative,0.9038749,0.080409355,0.015715696,-0.75537324
11::single::audio::2,Negative,0.9038749,0.080409355,0.015715696,-0.75537324
11::single::audio::3,Negative,0.9038749,0.080409355,0.015715696,-0.75537324
11::single::audio::4,Negative,0.9038749,0.080409355,0.015715696,-0.75537324
11::single::audio::5,Negative,0.9038749,0.080409355,0.015715696,-0.75537324
11::single::audio::6,Negative,0.9038749,0.080409355,0.015715696,-0.75537324
11::single::audio::7,Negative,0.9038749,0.080409355,0.015715696,-0.75537324
11::single::audio::8,Negative,0.9038749,0.080409355,0.015715696,-0.75537324
11::single::audio::9,Negative,0.9038749,0.080409355,0.015715696,-0.75537324
11::single::audio::10,Negative,0.9038749,0.080409355,0.015715696,-0.75537324
11::single::audio::11,Negative,0.9038749,0.080409355,0.015715696,-0.75537324
11::single::audio::12,Negative,0.9038749,0.080409355,0.015715696,-0.75537324
11::single::audio::13,Negative,0.9038749,0.080409355,0.015715696,-0.75537324
11::single::audio::14,Negative,0.9038749,0.080409355,0.015715696,-0.75537324
11::single::audio::15,Negative,0.9038749,0.080409355,0.015715696,-0.75537324
11::single::audio::16,Negative,0.9038749,0.080409355,0.015715696,-0.75537324
11::single::audio::17,Negative,0.9038749,0.080409355,0.015715696,-0.75537324
11::single::audio::18,Negative,0.9038749,0.080409355,0.015715696,-0.75537324
11::single::audio::19,Negative,0.9038749,0.080409355,0.015715696,-0.75537324
11::single::audio::20,Negative,0.9038749,0.080409355,0.015715696,-0.75537324
11::single::audio::21,Negative,0.9038749,0.080409355,0.015715696,-0.75537324
11::single::audio::22,Negative,0.9038749,0.080409355,0.015715696,-0.75537324
11::single::audio::23,Negative,0.9038749,0.080409355,0.015715696,-0.75537324
11::single::audio::24,Negative,0.9038749,0.080409355,0.015715696,-0.75537324
11::single::audio::25,Negative,0.9038749,0.080409355,0.015715696,-0.75537324
11::single::audio::26,Negative,0.9038749,0.080409355,0.015715696,-0.75537324
11::single::audio::27,Negative,0.9038749,0.080409355,0.015715696,-0.75537324
11::single::audio::28,Negative,0.9038749,0.080409355,0.015715696,-0.75537324
11::single::audio::29,Negative,0.9038749,0.080409355,0.015715696,-0.75537324
11::single::audio::30,Negative,0.9038749,0.080409355,0.015715696,-0.75537324
11::single::audio::31,Negative,0.9038749,0.080409355,0.015715696,-0.75537324
11::single::audio::32,Negative,0.9038749,0.080409355,0.015715696,-0.75537324
11::single::audio::33,Negative,0.9038749,0.080409355,0.015715696,-0.75537324
11::single::audio::34,Negative,0.9038749,0.080409355,0.015715696,-0.75537324
11::single::audio::35,Negative,0.9038749,0.080409355,0.015715696,-0.75537324
11::single::audio::36,Negative,0.9038749,0.080409355,0.015715696,-0.75537324
11::single::audio::37,Negative,0.9038749,0.080409355,0.015715696,-0.75537324
11::single::audio::38,Negative,0.9038749,0.080409355,0.015715696,-0.75537324
11::single::audio::39,Negative,0.9038749,0.080409355,0.015715696,-0.75537324
11::single::audio::40,Negative,0.9038749,0.080409355,0.015715696,-0.75537324
11::single::audio::41,Negative,0.9038749,0.080409355,0.015715696,-0.75537324
11::single::audio::42,Negative,0.9038749,0.080409355,0.015715696,-0.75537324
11::single::audio::43,Negative,0.9038749,0.080409355,0.015715696,-0.75537324
11::single::vision::0,Negative,0.9038749,0.080409355,0.015715696,-0.75537324
11::single::vision::1,Negative,0.9038749,0.080409355,0.015715696,-0.75537324
11::single::vision::2,Negative,0.9038749,0.080409355,0.015715696,-0.75537324
11::single::vision::3,Negative,0.9038749,0.080409355,0.015715696,-0.75537324
11::single::vision::4,Negative,0.9038749,0.080409355,0.015715696,-0.75537324
11::single::vision::5,Negative,0.9038749,0.080409355,0.015715696,-0.75537324
11::single::vision::6,Negative,0.9038749,0.080409355,0.015715696,-0.75537324
11::single::vision::7,Negative,0.9038749,0.080409355,0.015715696,-0.75537324
11::single::vision::8,Negative,0.9038749,0.080409355,0.015715696,-0.75537324
11::single::vision::9,Negative,0.9038749,0.080409355,0.015715696,-0.75537324
11::single::vision::10,Negative,0.9038749,0.080409355,0.015715696,-0.75537324
11::single::vision::11,Negative,0.9038749,0.080409355,0.015715696,-0.75537324
11::single::vision::12,Negative,0.9038749,0.080409355,0.015715696,-0.75537324
11::single::vision::13,Negative,0.9038749,0.080409355,0.015715696,-0.75537324
11::single::vision::14,Negative,0.9038749,0.080409355,0.015715696,-0.75537324
11::single::vision::15,Negative,0.9038749,0.080409355,0.015715696,-0.75537324
11::single::vision::16,Negative,0.9038749,0.080409355,0.015715696,-0.75537324
11::single::vision::17,Negative,0.9038749,0.080409355,0.015715696,-0.75537324
11::single::vision::18,Negative,0.9038749,0.080409355,0.015715696,-0.75537324
11::single::vision::19,Negative,0.9038749,0.080409355,0.015715696,-0.75537324
11::single::vision::20,Negative,0.9038749,0.080409355,0.015715696,-0.75537324
11::single::vision::21,Negative,0.9038749,0.080409355,0.015715696,-0.75537324
11::single::vision::22,Negative,0.9038749,0.080409355,0.015715696,-0.75537324
11::single::vision::23,Negative,0.9038749,0.080409355,0.015715696,-0.75537324
11::single::vision::24,Negative,0.9038749,0.080409355,0.015715696,-0.75537324
11::single::vision::25,Negative,0.9038749,0.080409355,0.015715696,-0.75537324
11::single::vision::26,Negative,0.9038749,0.080409355,0.015715696,-0.75537324
11::single::vision::27,Negative,0.9038749,0.080409355,0.015715696,-0.75537324
11::single::vision::28,Negative,0.9038749,0.080409355,0.015715696,-0.75537324
11::single::vision::29,Negative,0.9038749,0.080409355,0.015715696,-0.75537324
11::single::vision::30,Negative,0.9038749,0.080409355,0.015715696,-0.75537324
11::single::vision::31,Negative,0.9038749,0.080409355,0.015715696,-0.75537324
11::single::vision::32,Negative,0.9038749,0.080409355,0.015715696,-0.75537324
11::single::vision::33,Negative,0.9038749,0.080409355,0.015715696,-0.75537324
11::single::vision::34,Negative,0.9038749,0.080409355,0.015715696,-0.75537324
11::single::vision::35,Negative,0.9038749,0.080409355,0.015715696,-0.75537324
11::single::vision::36,Negative,0.9038749,0.080409355,0.015715696,-0.75537324
11::single::vision::37,Negative,0.9038749,0.080409355,0.015715696,-0.75537324
11::single::vision::38,Negative,0.9038749,0.080409355,0.015715696,-0.75537324
11::single::vision::39,Negative,0.9038749,0.080409355,0.015715696,-0.75537324
11::single::vision::40,Negative,0.9038749,0.080409355,0.015715696,-0.75537324
11::single::vision::41,Negative,0.9038749,0.080409355,0.015715696,-0.75537324
11::single::vision::42,Negative,0.9038749,0.080409355,0.015715696,-0.75537324
11::single::vision::43,Negative,0.9038749,0.080409355,0.015715696,-0.75537324
12::single::text::0,Positive,0.039162744,0.47860748,0.48222974,0.4320342
12::single::text::1,Positive,0.039162744,0.47860748,0.48222974,0.4320342
12::single::text::2,Positive,0.036562897,0.47348407,0.48995295,0.43896508
12::single::text::3,Positive,0.04053091,0.44157872,0.5178904,0.4625892
12::single::text::4,Neutral,0.04142383,0.49857572,0.4600004,0.41528526
12::single::text::5,Positive,0.0374745,0.42308006,0.53944546,0.47878206
12::single::text::6,Positive,0.040243212,0.46279195,0.4969648,0.44493616
12::single::text::7,Positive,0.040243212,0.46279195,0.4969648,0.44493616
12::single::text::8,Positive,0.04221757,0.45946336,0.4983191,0.44636866
12::single::text::9,Positive,0.0410316,0.47812682,0.4808416,0.4329905
12::single::text::10,Neutral,0.041033108,0.48884696,0.4701199,0.42390233
12::single::text::11,Neutral,0.045369238,0.47996348,0.47466725,0.42701232
12::single::text::12,Positive,0.042944055,0.45137838,0.5056775,0.4528124
12::single::text::13,Positive,0.042944055,0.45137838,0.5056775,0.4528124
12::single::text::14,Neutral,0.043653633,0.4805855,0.47576088,0.42868662
12::single::text::15,Neutral,0.03950548,0.50086254,0.45963198,0.4145668
12::single::text::16,Positive,0.041562624,0.46690503,0.49153236,0.43992066
12::single::text::17,Neutral,0.044278238,0.4969001,0.45882165,0.4145668
12::single::text::18,Neutral,0.043838073,0.48273367,0.4734282,0.42653394
12::single::text::19,Positive,0.041169893,0.4712398,0.48759025,0.43705356
12::single::text::20,Positive,0.041169893,0.4712398,0.48759025,0.43705356
12::single::text::21,Neutral,0.0486976,0.5104295,0.4408729,0.39803016
12::single::text::22,Positive,0.040492777,0.44803736,0.51146984,0.45639044
12::single::text::23,Positive,0.04030054,0.46631318,0.49338636,0.44230932
12::single::text::24,Positive,0.0408372,0.47574514,0.48341763,0.43418568
12::single::text::25,Positive,0.04151959,0.47098398,0.48749653,0.43729258
12::single::text::26,Positive,0.04151959,0.47098398,0.48749653,0.43729258
12::single::text::27,Positive,0.04009508,0.46997654,0.48992833,0.43848723
12::single::text::28,Positive,0.040764365,0.4745885,0.48464707,0.43442476
12::single::text::29,Positive,0.042991593,0.46657574,0.49043265,0.44063732
12::single::text::30,Positive,0.039037663,0.45344725,0.5075151,0.45257384
12::single::text::31,Neutral,0.051010415,0.47957033,0.46941927,0.42366308
12::single::audio::0,Positive,0.04070031,0.47261563,0.48668405,0.4365757
12::single::audio::1,Positive,0.04070031,0.47261563,0.48668405,0.4365757
12::single::audio::2,Positive,0.04070031,0.47261563,0.48668405,0.4365757
12::single::audio::3,Positive,0.04070031,0.47261563,0.48668405,0.4365757
12::single::audio::4,Positive,0.04070031,0.47261563,0.48668405,0.4365757
12::single::audio::5,Positive,0.04070031,0.47261563,0.48668405,0.4365757
12::single::audio::6,Positive,0.04070031,0.47261563,0.48668405,0.4365757
12::single::audio::7,Positive,0.04070031,0.47261563,0.48668405,0.4365757
12::single::audio::8,Positive,0.04070031,0.47261563,0.48668405,0.4365757
12::single::audio::9,Positive,0.04070031,0.47261563,0.48668405,0.4365757
12::single::audio::10,Positive,0.04070031,0.47261563,0.48668405,0.4365757
12::single::audio::11,Positive,0.04070031,0.47261563,0.48668405,0.4365757
12::single::audio::12,Positive,0.04070031,0.47261563,0.48668405,0.4365757
12::single::audio::13,Positive,0.04070031,0.47261563,0.48668405,0.4365757
12::single::audio::14,Positive,0.04070031,0.47261563,0.48668405,0.4365757
12::single::audio::15,Positive,0.04070031,0.47261563,0.48668405,0.4365757
12::single::audio::16,Positive,0.04070031,0.47261563,0.48668405,0.4365757
12::single::audio::17,Positive,0.04070031,0.47261563,0.48668405,0.4365757
12::single::audio::18,Positive,0.04070031,0.47261563,0.48668405,0.4365757
12::single::audio::19,Positive,0.04070031,0.47261563,0.48668405,0.4365757
12::single::audio::20,Positive,0.04070031,0.47261563,0.48668405,0.4365757
12::single::audio::21,Positive,0.04070031,0.47261563,0.48668405,0.4365757
12::single::audio::22,Positive,0.04070031,0.47261563,0.48668405,0.4365757
12::single::audio::23,Positive,0.04070031,0.47261563,0.48668405,0.4365757
12::single::audio::24,Positive,0.04070031,0.47261563,0.48668405,0.4365757
12::single::audio::25,Positive,0.04070031,0.47261563,0.48668405,0.4365757
12::single::audio::26,Positive,0.04070031,0.47261563,0.48668405,0.4365757
12::single::audio::27,Positive,0.04070031,0.47261563,0.48668405,0.4365757
12::single::audio::28,Positive,0.04070031,0.47261563,0.48668405,0.4365757
12::single::audio::29,Positive,0.04070031,0.47261563,0.48668405,0.4365757
12::single::audio::30,Positive,0.04070031,0.47261563,0.48668405,0.4365757
12::single::audio::31,Positive,0.04070031,0.47261563,0.48668405,0.4365757
12::single::vision::0,Positive,0.04070031,0.47261563,0.48668405,0.4365757
12::single::vision::1,Positive,0.04070031,0.47261563,0.48668405,0.4365757
12::single::vision::2,Positive,0.04070031,0.47261563,0.48668405,0.4365757
12::single::vision::3,Positive,0.04070031,0.47261563,0.48668405,0.4365757
12::single::vision::4,Positive,0.04070031,0.47261563,0.48668405,0.4365757
12::single::vision::5,Positive,0.04070031,0.47261563,0.48668405,0.4365757
12::single::vision::6,Positive,0.04070031,0.47261563,0.48668405,0.4365757
12::single::vision::7,Positive,0.04070031,0.47261563,0.48668405,0.4365757
12::single::vision::8,Positive,0.04070031,0.47261563,0.48668405,0.4365757
12::single::vision::9,Positive,0.04070031,0.47261563,0.48668405,0.4365757
12::single::vision::10,Positive,0.04070031,0.47261563,0.48668405,0.4365757
12::single::vision::11,Positive,0.04070031,0.47261563,0.48668405,0.4365757
12::single::vision::12,Positive,0.04070031,0.47261563,0.48668405,0.4365757
12::single::vision::13,Positive,0.04070031,0.47261563,0.48668405,0.4365757
12::single::vision::14,Positive,0.04070031,0.47261563,0.48668405,0.4365757
12::single::vision::15,Positive,0.04070031,0.47261563,0.48668405,0.4365757
12::single::vision::16,Positive,0.04070031,0.47261563,0.48668405,0.4365757
12::single::vision::17,Positive,0.04070031,0.47261563,0.48668405,0.4365757
12::single::vision::18,Positive,0.04070031,0.47261563,0.48668405,0.4365757
12::single::vision::19,Positive,0.04070031,0.47261563,0.48668405,0.4365757
12::single::vision::20,Positive,0.04070031,0.47261563,0.48668405,0.4365757
12::single::vision::21,Positive,0.04070031,0.47261563,0.48668405,0.4365757
12::single::vision::22,Positive,0.04070031,0.47261563,0.48668405,0.4365757
12::single::vision::23,Positive,0.04070031,0.47261563,0.48668405,0.4365757
12::single::vision::24,Positive,0.04070031,0.47261563,0.48668405,0.4365757
12::single::vision::25,Positive,0.04070031,0.47261563,0.48668405,0.4365757
12::single::vision::26,Positive,0.04070031,0.47261563,0.48668405,0.4365757
12::single::vision::27,Positive,0.04070031,0.47261563,0.48668405,0.4365757
12::single::vision::28,Positive,0.04070031,0.47261563,0.48668405,0.4365757
12::single::vision::29,Positive,0.04070031,0.47261563,0.48668405,0.4365757
12::single::vision::30,Positive,0.04070031,0.47261563,0.48668405,0.4365757
12::single::vision::31,Positive,0.04070031,0.47261563,0.48668405,0.4365757
13::single::text::0,Neutral,0.07185137,0.52373487,0.40441376,0.42868662
13::single::text::1,Neutral,0.07185137,0.52373487,0.40441376,0.42868662
13::single::text::2,Neutral,0.073316336,0.5415234,0.3851603,0.40138748
13::single::text::3,Neutral,0.073316336,0.5415234,0.3851603,0.40138748
13::single::text::4,Neutral,0.06940094,0.577645,0.35295403,0.36055353
13::single::text::5,Neutral,0.06950165,0.59748024,0.33301806,0.33381706
13::single::text::6,Neutral,0.06950165,0.59748024,0.33301806,0.33381706
13::single::text::7,Neutral,0.071126424,0.5837024,0.34517118,0.351166
13::single::text::8,Neutral,0.06936088,0.550061,0.3805781,0.3973106
13::single::text::9,Neutral,0.06936088,0.550061,0.3805781,0.3973106
13::single::text::10,Neutral,0.07170957,0.57472634,0.3535641,0.36127537
13::single::text::11,Neutral,0.07011586,0.5656736,0.36421052,0.37498182
13::single::text::12,Neutral,0.07011586,0.5656736,0.36421052,0.37498182
13::single::text::13,Neutral,0.06888398,0.5649547,0.36616135,0.3776251
13::single::text::14,Neutral,0.07619866,0.5827788,0.34102255,0.34442198
13::single::text::15,Neutral,0.07619866,0.5827788,0.34102255,0.34442198
13::single::text::16,Neutral,0.071167424,0.5772664,0.35156617,0.35910976
13::single::text::17,Neutral,0.06365612,0.5445558,0.3917881,0.40785933
13::single::text::18,Neutral,0.06365612,0.5445558,0.3917881,0.40785933
13::single::text::19,Neutral,0.07197019,0.56437624,0.36365357,0.37522215
13::single::text::20,Neutral,0.07197019,0.56437624,0.36365357,0.37522215
13::single::text::21,Neutral,0.070192456,0.55326843,0.37653914,0.39059258
13::single::text::22,Neutral,0.06868281,0.5586022,0.37271494,0.38603157
13::single::text::23,Neutral,0.06868281,0.5586022,0.37271494,0.38603157
13::single::text::24,Neutral,0.07196965,0.563417,0.36461335,0.3761834
13::single::text::25,Neutral,0.0730539,0.57173896,0.35520718,0.3632
13::single::text::26,Neutral,0.0730539,0.57173896,0.35520718,0.3632
13::single::text::27,Neutral,0.072084785,0.5680323,0.3598829,0.36921257
13::single::text::28,Neutral,0.07220161,0.5678516,0.3599468,0.36921257
13::single::text::29,Neutral,0.07220161,0.5678516,0.3599468,0.36921257
13::single::text::30,Neutral,0.07166402,0.57261115,0.3557248,0.36344057
13::single::text::31,Neutral,0.07113039,0.57332474,0.3555449,0.36440274
13::single::text::32,Neutral,0.07113039,0.57332474,0.3555449,0.36440274
13::single::text::33,Neutral,0.07238455,0.5623073,0.36530814,0.37642366
13::single::text::34,Neutral,0.072386645,0.5748885,0.35272488,0.3603129
13::single::text::35,Neutral,0.072386645,0.5748885,0.35272488,0.3603129
13::single::text::36,Neutral,0.08717016,0.5927052,0.32012466,0.30533558
13::single::audio::0,Neutral,0.0725599,0.5580655,0.3693746,0.38315004
13::single::audio::1,Neutral,0.0725599,0.5580655,0.3693746,0.38315004
13::single::audio::2,Neutral,0.0725599,0.5580655,0.3693746,0.38315004
13::single::audio::3,Neutral,0.0725599,0.5580655,0.3693746,0.38315004
13::single::audio::4,Neutral,0.0725599,0.5580655,0.3693746,0.38315004
13::single::audio::5,Neutral,0.0725599,0.5580655,0.3693746,0.38315004
13::single::audio::6,Neutral,0.0725599,0.5580655,0.3693746,0.38315004
13::single::audio::7,Neutral,0.0725599,0.5580655,0.3693746,0.38315004
13::single::audio::8,Neutral,0.0725599,0.5580655,0.3693746,0.38315004
13::single::audio::9,Neutral,0.0725599,0.5580655,0.3693746,0.38315004
13::single::audio::10,Neutral,0.0725599,0.5580655,0.3693746,0.38315004
13::single::audio::11,Neutral,0.0725599,0.5580655,0.3693746,0.38315004
13::single::audio::12,Neutral,0.0725599,0.5580655,0.3693746,0.38315004
13::single::audio::13,Neutral,0.0725599,0.5580655,0.3693746,0.38315004
13::single::audio::14,Neutral,0.0725599,0.5580655,0.3693746,0.38315004
13::single::audio::15,Neutral,0.0725599,0.5580655,0.3693746,0.38315004
13::single::audio::16,Neutral,0.0725599,0.5580655,0.3693746,0.38315004
13::single::audio::17,Neutral,0.0725599,0.5580655,0.3693746,0.38315004
13::single::audio::18,Neutral,0.0725599,0.5580655,0.3693746,0.38315004
13::single::audio::19,Neutral,0.0725599,0.5580655,0.3693746,0.38315004
13::single::audio::20,Neutral,0.0725599,0.5580655,0.3693746,0.38315004
13::single::audio::21,Neutral,0.0725599,0.5580655,0.3693746,0.38315004
13::single::audio::22,Neutral,0.0725599,0.5580655,0.3693746,0.38315004
13::single::audio::23,Neutral,0.0725599,0.5580655,0.3693746,0.38315004
13::single::audio::24,Neutral,0.0725599,0.5580655,0.3693746,0.38315004
13::single::audio::25,Neutral,0.0725599,0.5580655,0.3693746,0.38315004
13::single::audio::26,Neutral,0.0725599,0.5580655,0.3693746,0.38315004
13::single::audio::27,Neutral,0.0725599,0.5580655,0.3693746,0.38315004
13::single::audio::28,Neutral,0.0725599,0.5580655,0.3693746,0.38315004
13::single::audio::29,Neutral,0.0725599,0.5580655,0.3693746,0.38315004
13::single::audio::30,Neutral,0.0725599,0.5580655,0.3693746,0.38315004
13::single::audio::31,Neutral,0.0725599,0.5580655,0.3693746,0.38315004
13::single::audio::32,Neutral,0.0725599,0.5580655,0.3693746,0.38315004
13::single::audio::33,Neutral,0.0725599,0.5580655,0.3693746,0.38315004
13::single::audio::34,Neutral,0.0725599,0.5580655,0.3693746,0.38315004
13::single::audio::35,Neutral,0.0725599,0.5580655,0.3693746,0.38315004
13::single::audio::36,Neutral,0.0725599,0.5580655,0.3693746,0.38315004
13::single::vision::0,Neutral,0.0725599,0.5580655,0.3693746,0.38315004
13::single::vision::1,Neutral,0.0725599,0.5580655,0.3693746,0.38315004
13::single::vision::2,Neutral,0.0725599,0.5580655,0.3693746,0.38315004
13::single::vision::3,Neutral,0.0725599,0.5580655,0.3693746,0.38315004
13::single::vision::4,Neutral,0.0725599,0.5580655,0.3693746,0.38315004
13::single::vision::5,Neutral,0.0725599,0.5580655,0.3693746,0.38315004
13::single::vision::6,Neutral,0.0725599,0.5580655,0.3693746,0.38315004
13::single::vision::7,Neutral,0.0725599,0.5580655,0.3693746,0.38315004
13::single::vision::8,Neutral,0.0725599,0.5580655,0.3693746,0.38315004
13::single::vision::9,Neutral,0.0725599,0.5580655,0.3693746,0.38315004
13::single::vision::10,Neutral,0.0725599,0.5580655,0.3693746,0.38315004
13::single::vision::11,Neutral,0.0725599,0.5580655,0.3693746,0.38315004
13::single::vision::12,Neutral,0.0725599,0.5580655,0.3693746,0.38315004
13::single::vision::13,Neutral,0.0725599,0.5580655,0.3693746,0.38315004
13::single::vision::14,Neutral,0.0725599,0.5580655,0.3693746,0.38315004
13::single::vision::15,Neutral,0.0725599,0.5580655,0.3693746,0.38315004
13::single::vision::16,Neutral,0.0725599,0.5580655,0.3693746,0.38315004
13::single::vision::17,Neutral,0.0725599,0.5580655,0.3693746,0.38315004
13::single::vision::18,Neutral,0.0725599,0.5580655,0.3693746,0.38315004
13::single::vision::19,Neutral,0.0725599,0.5580655,0.3693746,0.38315004
13::single::vision::20,Neutral,0.0725599,0.5580655,0.3693746,0.38315004
13::single::vision::21,Neutral,0.0725599,0.5580655,0.3693746,0.38315004
13::single::vision::22,Neutral,0.0725599,0.5580655,0.3693746,0.38315004
13::single::vision::23,Neutral,0.0725599,0.5580655,0.3693746,0.38315004
13::single::vision::24,Neutral,0.0725599,0.5580655,0.3693746,0.38315004
13::single::vision::25,Neutral,0.0725599,0.5580655,0.3693746,0.38315004
13::single::vision::26,Neutral,0.0725599,0.5580655,0.3693746,0.38315004
13::single::vision::27,Neutral,0.0725599,0.5580655,0.3693746,0.38315004
13::single::vision::28,Neutral,0.0725599,0.5580655,0.3693746,0.38315004
13::single::vision::29,Neutral,0.0725599,0.5580655,0.3693746,0.38315004
13::single::vision::30,Neutral,0.0725599,0.5580655,0.3693746,0.38315004
13::single::vision::31,Neutral,0.0725599,0.5580655,0.3693746,0.38315004
13::single::vision::32,Neutral,0.0725599,0.5580655,0.3693746,0.38315004
13::single::vision::33,Neutral,0.0725599,0.5580655,0.3693746,0.38315004
13::single::vision::34,Neutral,0.0725599,0.5580655,0.3693746,0.38315004
13::single::vision::35,Neutral,0.0725599,0.5580655,0.3693746,0.38315004
13::single::vision::36,Neutral,0.0725599,0.5580655,0.3693746,0.38315004
14::single::text::0,Positive,0.029782312,0.13608575,0.83413184,0.6928388
14::single::text::1,Positive,0.029782312,0.13608575,0.83413184,0.6928388
14::single::text::2,Positive,0.03873824,0.14572786,0.8155338,0.7006918
14::single::text::3,Positive,0.033353258,0.13105589,0.8355908,0.7011534
14::single::text::4,Positive,0.033353258,0.13105589,0.8355908,0.7011534
14::single::text::5,Positive,0.036183625,0.15373409,0.8100822,0.6928388
14::single::text::6,Positive,0.034421265,0.13814549,0.8274333,0.6988449
14::single::text::7,Positive,0.036364578,0.14005749,0.82357794,0.7002301
14::single::text::8,Positive,0.036364578,0.14005749,0.82357794,0.7002301
14::single::text::9,Positive,0.05100852,0.15183394,0.7971576,0.7071513
14::single::text::10,Positive,0.04094789,0.15772524,0.8013268,0.69376314
14::single::text::11,Positive,0.03286092,0.12467166,0.8424675,0.70484513
14::single::text::12,Positive,0.03286092,0.12467166,0.8424675,0.70484513
14::single::text::13,Positive,0.033593908,0.13763,0.82877606,0.6983831
14::single::text::14,Positive,0.041712143,0.14981334,0.80847454,0.701615
14::single::text::15,Positive,0.039700285,0.15757973,0.80271995,0.69514954
14::single::text::16,Positive,0.039700285,0.15757973,0.80271995,0.69514954
14::single::text::17,Positive,0.040261425,0.16193946,0.79779917,0.6914519
14::single::text::18,Positive,0.032651845,0.13665257,0.83069557,0.6979213
14::single::text::19,Positive,0.03132247,0.13096292,0.8377146,0.6983831
14::single::text::20,Positive,0.03132247,0.13096292,0.8377146,0.6983831
14::single::text::21,Positive,0.039524283,0.16361524,0.79686046,0.68960226
14::single::text::22,Positive,0.03812677,0.15844016,0.803433,0.6909895
14::single::audio::0,Positive,0.033312406,0.13612142,0.83056617,0.6983831
14::single::audio::1,Positive,0.033312406,0.13612142,0.83056617,0.6983831
14::single::audio::2,Positive,0.033312406,0.13612142,0.83056617,0.6983831
14::single::audio::3,Positive,0.033312406,0.13612142,0.83056617,0.6983831
14::single::audio::4,Positive,0.033312406,0.13612142,0.83056617,0.6983831
14::single::audio::5,Positive,0.033312406,0.13612142,0.83056617,0.6983831
14::single::audio::6,Positive,0.033312406,0.13612142,0.83056617,0.6983831
14::single::audio::7,Positive,0.033312406,0.13612142,0.83056617,0.6983831
14::single::audio::8,Positive,0.033312406,0.13612142,0.83056617,0.6983831
14::single::audio::9,Positive,0.033312406,0.13612142,0.83056617,0.6983831
14::single::audio::10,Positive,0.033312406,0.13612142,0.83056617,0.6983831
14::single::audio::11,Positive,0.033312406,0.13612142,0.83056617,0.6983831
14::single::audio::12,Positive,0.033312406,0.13612142,0.83056617,0.6983831
14::single::audio::13,Positive,0.033312406,0.13612142,0.83056617,0.6983831
14::single::audio::14,Positive,0.033312406,0.13612142,0.83056617,0.6983831
14::single::audio::15,Positive,0.033312406,0.13612142,0.83056617,0.6983831
14::single::audio::16,Positive,0.033312406,0.13612142,0.83056617,0.6983831
14::single::audio::17,Positive,0.033312406,0.13612142,0.83056617,0.6983831
14::single::audio::18,Positive,0.033312406,0.13612142,0.83056617,0.6983831
14::single::audio::19,Positive,0.033312406,0.13612142,0.83056617,0.6983831
14::single::audio::20,Positive,0.033312406,0.13612142,0.83056617,0.6983831
14::single::audio::21,Positive,0.033312406,0.13612142,0.83056617,0.6983831
14::single::audio::22,Positive,0.033312406,0.13612142,0.83056617,0.6983831
14::single::vision::0,Positive,0.033312406,0.13612142,0.83056617,0.6983831
14::single::vision::1,Positive,0.033312406,0.13612142,0.83056617,0.6983831
14::single::vision::2,Positive,0.033312406,0.13612142,0.83056617,0.6983831
14::single::vision::3,Positive,0.033312406,0.13612142,0.83056617,0.6983831
14::single::vision::4,Positive,0.033312406,0.13612142,0.83056617,0.6983831
14::single::vision::5,Positive,0.033312406,0.13612142,0.83056617,0.6983831
14::single::vision::6,Positive,0.033312406,0.13612142,0.83056617,0.6983831
14::single::vision::7,Positive,0.033312406,0.13612142,0.83056617,0.6983831
14::single::vision::8,Positive,0.033312406,0.13612142,0.83056617,0.6983831
14::single::vision::9,Positive,0.033312406,0.13612142,0.83056617,0.6983831
14::single::vision::10,Positive,0.033312406,0.13612142,0.83056617,0.6983831
14::single::vision::11,Positive,0.033312406,0.13612142,0.83056617,0.6983831
14::single::vision::12,Positive,0.033312406,0.13612142,0.83056617,0.6983831
14::single::vision::13,Positive,0.033312406,0.13612142,0.83056617,0.6983831
14::single::vision::14,Positive,0.033312406,0.13612142,0.83056617,0.6983831
14::single::vision::15,Positive,0.033312406,0.13612142,0.83056617,0.6983831
14::single::vision::16,Positive,0.033312406,0.13612142,0.83056617,0.6983831
14::single::vision::17,Positive,0.033312406,0.13612142,0.83056617,0.6983831
14::single::vision::18,Positive,0.033312406,0.13612142,0.83056617,0.6983831
14::single::vision::19,Positive,0.033312406,0.13612142,0.83056617,0.6983831
14::single::vision::20,Positive,0.033312406,0.13612142,0.83056617,0.6983831
14::single::vision::21,Positive,0.033312406,0.13612142,0.83056617,0.6983831
14::single::vision::22,Positive,0.033312406,0.13612142,0.83056617,0.6983831
15::single::text::0,Negative,0.92492884,0.06473591,0.010335217,-0.75491595
15::single::text::1,Negative,0.92492884,0.06473591,0.010335217,-0.75491595
15::single::text::2,Negative,0.9310332,0.057966955,0.010999851,-0.7594876
15::single::text::3,Negative,0.9310332,0.057966955,0.010999851,-0.7594876
15::single::text::4,Negative,0.9366112,0.048996057,0.0143928155,-0.767251
15::single::text::5,Negative,0.9146445,0.07327477,0.012080787,-0.7535436
15::single::text::6,Negative,0.9146445,0.07327477,0.012080787,-0.7535436
15::single::text::7,Negative,0.9249112,0.06449226,0.010596552,-0.75537324
15::single::text::8,Negative,0.9249112,0.06449226,0.010596552,-0.75537324
15::single::text::9,Negative,0.9296416,0.059532225,0.010826197,-0.7585736
15::single::text::10,Negative,0.91053915,0.07322082,0.01623999,-0.7599447
15::single::text::11,Negative,0.91053915,0.07322082,0.01623999,-0.7599447
15::single::text::12,Negative,0.9138187,0.077332675,0.008848624,-0.74347025
15::single::audio::0,Negative,0.9281951,0.06055033,0.011254637,-0.75903064
15::single::audio::1,Negative,0.9281951,0.06055033,0.011254637,-0.75903064
15::single::audio::2,Negative,0.9281951,0.06055033,0.011254637,-0.75903064
15::single::audio::3,Negative,0.9281951,0.06055033,0.011254637,-0.75903064
15::single::audio::4,Negative,0.9281951,0.06055033,0.011254637,-0.75903064
15::single::audio::5,Negative,0.9281951,0.06055033,0.011254637,-0.75903064
15::single::audio::6,Negative,0.9281951,0.06055033,0.011254637,-0.75903064
15::single::audio::7,Negative,0.9281951,0.06055033,0.011254637,-0.75903064
15::single::audio::8,Negative,0.9281951,0.06055033,0.011254637,-0.75903064
15::single::audio::9,Negative,0.9281951,0.06055033,0.011254637,-0.75903064
15::single::audio::10,Negative,0.9281951,0.06055033,0.011254637,-0.75903064
15::single::audio::11,Negative,0.9281951,0.06055033,0.011254637,-0.75903064
15::single::audio::12,Negative,0.9281951,0.06055033,0.011254637,-0.75903064
15::single::vision::0,Negative,0.9281951,0.06055033,0.011254637,-0.75903064
15::single::vision::1,Negative,0.9281951,0.06055033,0.011254637,-0.75903064
15::single::vision::2,Negative,0.9281951,0.06055033,0.011254637,-0.75903064
15::single::vision::3,Negative,0.9281951,0.06055033,0.011254637,-0.75903064
15::single::vision::4,Negative,0.9281951,0.06055033,0.011254637,-0.75903064
15::single::vision::5,Negative,0.9281951,0.06055033,0.011254637,-0.75903064
15::single::vision::6,Negative,0.9281951,0.06055033,0.011254637,-0.75903064
15::single::vision::7,Negative,0.9281951,0.06055033,0.011254637,-0.75903064
15::single::vision::8,Negative,0.9281951,0.06055033,0.011254637,-0.75903064
15::single::vision::9,Negative,0.9281951,0.06055033,0.011254637,-0.75903064
15::single::vision::10,Negative,0.9281951,0.06055033,0.011254637,-0.75903064
15::single::vision::11,Negative,0.9281951,0.06055033,0.011254637,-0.75903064
15::single::vision::12,Negative,0.9281951,0.06055033,0.011254637,-0.75903064
16::single::text::0,Positive,0.019895518,0.067738965,0.91236556,0.7140646
16::single::text::1,Positive,0.019895518,0.067738965,0.91236556,0.7140646
16::single::text::2,Positive,0.020322066,0.06987799,0.9097999,0.7140646
16::single::text::3,Positive,0.02242396,0.07526457,0.90231144,0.713604
16::single::text::4,Positive,0.02129814,0.07255943,0.9061424,0.713604
16::single::text::5,Positive,0.020603625,0.07106749,0.9083289,0.7140646
16::single::text::6,Positive,0.020081792,0.066942245,0.9129759,0.7145252
16::single::text::7,Positive,0.020081792,0.066942245,0.9129759,0.7145252
16::single::text::8,Positive,0.021908175,0.08287292,0.89521885,0.7103785
16::single::text::9,Positive,0.019117445,0.069836535,0.9110461,0.713604
16::single::text::10,Positive,0.018795883,0.06809675,0.9131073,0.713604
16::single::text::11,Positive,0.022625554,0.078255504,0.89911896,0.713604
16::single::text::12,Positive,0.022877129,0.07756801,0.89955485,0.71314335
16::single::text::13,Positive,0.024192976,0.07522671,0.9005803,0.7149858
16::single::text::14,Positive,0.024192976,0.07522671,0.9005803,0.7149858
16::single::text::15,Positive,0.022350725,0.07134247,0.9063068,0.7149858
16::single::text::16,Positive,0.025217988,0.07923177,0.8955502,0.7145252
16::single::text::17,Positive,0.016705977,0.06986775,0.91342634,0.71083945
16::single::text::18,Positive,0.015337856,0.064977266,0.91968495,0.71083945
16::single::text::19,Positive,0.017232483,0.0717222,0.9110453,0.7103785
16::single::text::20,Positive,0.017232483,0.0717222,0.9110453,0.7103785
16::single::text::21,Positive,0.018181143,0.06660055,0.9152183,0.713604
16::single::text::22,Positive,0.020715158,0.074774854,0.90450996,0.7126826
16::single::text::23,Positive,0.021215098,0.07617562,0.9026093,0.7126826
16::single::text::24,Positive,0.019495953,0.065598466,0.91490555,0.7145252
16::single::text::25,Positive,0.017964238,0.07425299,0.90778285,0.7099176
16::single::audio::0,Positive,0.01978954,0.070084244,0.91012615,0.71314335
16::single::audio::1,Positive,0.01978954,0.070084244,0.91012615,0.71314335
16::single::audio::2,Positive,0.01978954,0.070084244,0.91012615,0.71314335
16::single::audio::3,Positive,0.01978954,0.070084244,0.91012615,0.71314335
16::single::audio::4,Positive,0.01978954,0.070084244,0.91012615,0.71314335
16::single::audio::5,Positive,0.01978954,0.070084244,0.91012615,0.71314335
16::single::audio::6,Positive,0.01978954,0.070084244,0.91012615,0.71314335
16::single::audio::7,Positive,0.01978954,0.070084244,0.91012615,0.71314335
16::single::audio::8,Positive,0.01978954,0.070084244,0.91012615,0.71314335
16::single::audio::9,Positive,0.01978954,0.070084244,0.91012615,0.71314335
16::single::audio::10,Positive,0.01978954,0.070084244,0.91012615,0.71314335
16::single::audio::11,Positive,0.01978954,0.070084244,0.91012615,0.71314335
16::single::audio::12,Positive,0.01978954,0.070084244,0.91012615,0.71314335
16::single::audio::13,Positive,0.01978954,0.070084244,0.91012615,0.71314335
16::single::audio::14,Positive,0.01978954,0.070084244,0.91012615,0.71314335
16::single::audio::15,Positive,0.01978954,0.070084244,0.91012615,0.71314335
16::single::audio::16,Positive,0.01978954,0.070084244,0.91012615,0.71314335
16::single::audio::17,Positive,0.01978954,0.070084244,0.91012615,0.71314335
16::single::audio::18,Positive,0.01978954,0.070084244,0.91012615,0.71314335
16::single::audio::19,Positive,0.01978954,0.070084244,0.91012615,0.71314335
16::single::audio::20,Positive,0.01978954,0.070084244,0.91012615,0.71314335
16::single::audio::21,Positive,0.01978954,0.070084244,0.91012615,0.71314335
16::single::audio::22,Positive,0.01978954,0.070084244,0.91012615,0.71314335
16::single::audio::23,Positive,0.01978954,0.070084244,0.91012615,0.71314335
16::single::audio::24,Positive,0.01978954,0.070084244,0.91012615,0.71314335
16::single::audio::25,Positive,0.01978954,0.070084244,0.91012615,0.71314335
16::single::vision::0,Positive,0.01978954,0.070084244,0.91012615,0.71314335
16::single::vision::1,Positive,0.01978954,0.070084244,0.91012615,0.71314335
16::single::vision::2,Positive,0.01978954,0.070084244,0.91012615,0.71314335
16::single::vision::3,Positive,0.01978954,0.070084244,0.91012615,0.71314335
16::single::vision::4,Positive,0.01978954,0.070084244,0.91012615,0.71314335
16::single::vision::5,Positive,0.01978954,0.070084244,0.91012615,0.71314335
16::single::vision::6,Positive,0.01978954,0.070084244,0.91012615,0.71314335
16::single::vision::7,Positive,0.01978954,0.070084244,0.91012615,0.71314335
16::single::vision::8,Positive,0.01978954,0.070084244,0.91012615,0.71314335
16::single::vision::9,Positive,0.01978954,0.070084244,0.91012615,0.71314335
16::single::vision::10,Positive,0.01978954,0.070084244,0.91012615,0.71314335
16::single::vision::11,Positive,0.01978954,0.070084244,0.91012615,0.71314335
16::single::vision::12,Positive,0.01978954,0.070084244,0.91012615,0.71314335
16::single::vision::13,Positive,0.01978954,0.070084244,0.91012615,0.71314335
16::single::vision::14,Positive,0.01978954,0.070084244,0.91012615,0.71314335
16::single::vision::15,Positive,0.01978954,0.070084244,0.91012615,0.71314335
16::single::vision::16,Positive,0.01978954,0.070084244,0.91012615,0.71314335
16::single::vision::17,Positive,0.01978954,0.070084244,0.91012615,0.71314335
16::single::vision::18,Positive,0.01978954,0.070084244,0.91012615,0.71314335
16::single::vision::19,Positive,0.01978954,0.070084244,0.91012615,0.71314335
16::single::vision::20,Positive,0.01978954,0.070084244,0.91012615,0.71314335
16::single::vision::21,Positive,0.01978954,0.070084244,0.91012615,0.71314335
16::single::vision::22,Positive,0.01978954,0.070084244,0.91012615,0.71314335
16::single::vision::23,Positive,0.01978954,0.070084244,0.91012615,0.71314335
16::single::vision::24,Positive,0.01978954,0.070084244,0.91012615,0.71314335
16::single::vision::25,Positive,0.01978954,0.070084244,0.91012615,0.71314335
17::single::text::0,Negative,0.6142881,0.2904978,0.09521414,-0.7209698
17::single::text::1,Negative,0.6142881,0.2904978,0.09521414,-0.7209698
17::single::text::2,Negative,0.6723879,0.24131864,0.0862935,-0.7443867
17::single::text::3,Negative,0.6219965,0.2737764,0.10422709,-0.7365917
17::single::text::4,Negative,0.6842653,0.23312637,0.08260837,-0.74621934
17::single::text::5,Negative,0.6755857,0.24785315,0.076561145,-0.734756
17::single::text::6,Negative,0.6697788,0.2556575,0.07456371,-0.7283265
17::single::text::7,Negative,0.6709508,0.24698052,0.08206872,-0.73842674
17::single::text::8,Negative,0.66691834,0.24717079,0.08591089,-0.7411783
17::single::text::9,Negative,0.71153903,0.22162066,0.06684027,-0.7398027
17::single::text::10,Negative,0.70441705,0.22972703,0.06585599,-0.7365917
17::single::text::11,Negative,0.68045753,0.24362421,0.0759182,-0.73613274
17::single::text::12,Negative,0.6908277,0.23599094,0.0731813,-0.7388854
17::single::text::13,Negative,0.6908277,0.23599094,0.0731813,-0.7388854
17::single::text::14,Negative,0.6376904,0.26390657,0.09840309,-0.7398027
17::single::text::15,Negative,0.73535556,0.21667217,0.047972314,-0.7283265
17::single::text::16,Negative,0.66257155,0.2621909,0.075237595,-0.72694784
17::single::text::17,Negative,0.6433633,0.26917705,0.08745963,-0.728786
17::single::text::18,Negative,0.6723462,0.2504565,0.07719726,-0.73291975
17::single::text::19,Negative,0.6146264,0.28280133,0.102572225,-0.73108286
17::single::text::20,Negative,0.6291808,0.2802183,0.09060097,-0.7241895
17::single::text::21,Negative,0.60821635,0.2870479,0.1047358,-0.7292454
17::single::text::22,Negative,0.56568307,0.3237949,0.11052207,-0.70576775
17::single::text::23,Neutral,0.29049423,0.5121072,0.19739859,-0.31668687
17::single::text::24,Negative,0.6708363,0.24636617,0.08279746,-0.73842674
17::single::text::25,Negative,0.6275714,0.28137547,0.09105312,-0.7232698
17::single::text::26,Negative,0.6275714,0.28137547,0.09105312,-0.7232698
17::single::text::27,Negative,0.663642,0.2550759,0.08128207,-0.73246056
17::single::text::28,Negative,0.65334344,0.26151803,0.08513853,-0.73108286
17::single::text::29,Negative,0.66840625,0.2484694,0.083124325,-0.73842674
17::single::text::30,Negative,0.6487128,0.26949206,0.08179513,-0.72464937
17::single::text::31,Negative,0.6651724,0.25093442,0.08389315,-0.7370505
17::single::text::32,Negative,0.6607233,0.25704122,0.08223552,-0.73200136
17::single::text::33,Negative,0.6387225,0.27629745,0.08498009,-0.72142994
17::single::text::34,Negative,0.65936005,0.2549236,0.08571636,-0.7370505
17::single::text::35,Negative,0.63459563,0.28249505,0.08290935,-0.7154463
17::single::text::36,Negative,0.6494224,0.26077524,0.08980236,-0.7356739
17::single::text::37,Negative,0.65507793,0.25580573,0.08911632,-0.73750925
17::single::text::38,Negative,0.65507793,0.25580573,0.08911632,-0.73750925
17::single::text::39,Negative,0.65224725,0.2603756,0.087377146,-0.734297
17::single::text::40,Negative,0.66293114,0.24942642,0.08764245,-0.7407198
17::single::text::41,Negative,0.6567684,0.25600657,0.087225,-0.7370505
17::single::text::42,Negative,0.6030397,0.290078,0.10688223,-0.727867
17::single::text::43,Negative,0.6610895,0.254169,0.08474157,-0.73613274
17::single::text::44,Negative,0.64642996,0.26565126,0.08791876,-0.73200136
17::single::text::45,Negative,0.65420556,0.26031792,0.08547651,-0.7333788
17::single::text::46,Negative,0.65411586,0.25946945,0.08641471,-0.7338379
17::single::text::47,Negative,0.6595118,0.256445,0.08404314,-0.734297
17::single::text::48,Negative,0.64836544,0.26470435,0.08693024,-0.73154217
17::single::text::49,Negative,0.6806867,0.23321562,0.08609775,-0.74576116
17::single::audio::0,Negative,0.6594406,0.25039575,0.09016363,-0.7416367
17::single::audio::1,Negative,0.6594406,0.25039575,0.09016363,-0.7416367
17::single::audio::2,Negative,0.6594406,0.25039575,0.09016363,-0.7416367
17::single::audio::3,Negative,0.6594406,0.25039575,0.09016363,-0.7416367
17::single::audio::4,Negative,0.6594406,0.25039575,0.09016363,-0.7416367
17::single::audio::5,Negative,0.6594406,0.25039575,0.09016363,-0.7416367
17::single::audio::6,Negative,0.6594406,0.25039575,0.09016363,-0.7416367
17::single::audio::7,Negative,0.6594406,0.25039575,0.09016363,-0.7416367
17::single::audio::8,Negative,0.6594406,0.25039575,0.09016363,-0.7416367
17::single::audio::9,Negative,0.6594406,0.25039575,0.09016363,-0.7416367
17::single::audio::10,Negative,0.6594406,0.25039575,0.09016363,-0.7416367
17::single::audio::11,Negative,0.6594406,0.25039575,0.09016363,-0.7416367
17::single::audio::12,Negative,0.6594406,0.25039575,0.09016363,-0.7416367
17::single::audio::13,Negative,0.6594406,0.25039575,0.09016363,-0.7416367
17::single::audio::14,Negative,0.6594406,0.25039575,0.09016363,-0.7416367
17::single::audio::15,Negative,0.6594406,0.25039575,0.09016363,-0.7416367
17::single::audio::16,Negative,0.6594406,0.25039575,0.09016363,-0.7416367
17::single::audio::17,Negative,0.6594406,0.25039575,0.09016363,-0.7416367
17::single::audio::18,Negative,0.6594406,0.25039575,0.09016363,-0.7416367
17::single::audio::19,Negative,0.6594406,0.25039575,0.09016363,-0.7416367
17::single::audio::20,Negative,0.6594406,0.25039575,0.09016363,-0.7416367
17::single::audio::21,Negative,0.6594406,0.25039575,0.09016363,-0.7416367
17::single::audio::22,Negative,0.6594406,0.25039575,0.09016363,-0.7416367
17::single::audio::23,Negative,0.6594406,0.25039575,0.09016363,-0.7416367
17::single::audio::24,Negative,0.6594406,0.25039575,0.09016363,-0.7416367
17::single::audio::25,Negative,0.6594406,0.25039575,0.09016363,-0.7416367
17::single::audio::26,Negative,0.6594406,0.25039575,0.09016363,-0.7416367
17::single::audio::27,Negative,0.6594406,0.25039575,0.09016363,-0.7416367
17::single::audio::28,Negative,0.6594406,0.25039575,0.09016363,-0.7416367
17::single::audio::29,Negative,0.6594406,0.25039575,0.09016363,-0.7416367
17::single::audio::30,Negative,0.6594406,0.25039575,0.09016363,-0.7416367
17::single::audio::31,Negative,0.6594406,0.25039575,0.09016363,-0.7416367
17::single::audio::32,Negative,0.6594406,0.25039575,0.09016363,-0.7416367
17::single::audio::33,Negative,0.6594406,0.25039575,0.09016363,-0.7416367
17::single::audio::34,Negative,0.6594406,0.25039575,0.09016363,-0.7416367
17::single::audio::35,Negative,0.6594406,0.25039575,0.09016363,-0.7416367
17::single::audio::36,Negative,0.6594406,0.25039575,0.09016363,-0.7416367
17::single::audio::37,Negative,0.6594406,0.25039575,0.09016363,-0.7416367
17::single::audio::38,Negative,0.6594406,0.25039575,0.09016363,-0.7416367
17::single::audio::39,Negative,0.6594406,0.25039575,0.09016363,-0.7416367
17::single::audio::40,Negative,0.6594406,0.25039575,0.09016363,-0.7416367
17::single::audio::41,Negative,0.6594406,0.25039575,0.09016363,-0.7416367
17::single::audio::42,Negative,0.6594406,0.25039575,0.09016363,-0.7416367
17::single::audio::43,Negative,0.6594406,0.25039575,0.09016363,-0.7416367
17::single::audio::44,Negative,0.6594406,0.25039575,0.09016363,-0.7416367
17::single::audio::45,Negative,0.6594406,0.25039575,0.09016363,-0.7416367
17::single::audio::46,Negative,0.6594406,0.25039575,0.09016363,-0.7416367
17::single::audio::47,Negative,0.6594406,0.25039575,0.09016363,-0.7416367
17::single::audio::48,Negative,0.6594406,0.25039575,0.09016363,-0.7416367
17::single::audio::49,Negative,0.6594406,0.25039575,0.09016363,-0.7416367
17::single::vision::0,Negative,0.6594406,0.25039575,0.09016363,-0.7416367
17::single::vision::1,Negative,0.6594406,0.25039575,0.09016363,-0.7416367
17::single::vision::2,Negative,0.6594406,0.25039575,0.09016363,-0.7416367
17::single::vision::3,Negative,0.6594406,0.25039575,0.09016363,-0.7416367
17::single::vision::4,Negative,0.6594406,0.25039575,0.09016363,-0.7416367
17::single::vision::5,Negative,0.6594406,0.25039575,0.09016363,-0.7416367
17::single::vision::6,Negative,0.6594406,0.25039575,0.09016363,-0.7416367
17::single::vision::7,Negative,0.6594406,0.25039575,0.09016363,-0.7416367
17::single::vision::8,Negative,0.6594406,0.25039575,0.09016363,-0.7416367
17::single::vision::9,Negative,0.6594406,0.25039575,0.09016363,-0.7416367
17::single::vision::10,Negative,0.6594406,0.25039575,0.09016363,-0.7416367
17::single::vision::11,Negative,0.6594406,0.25039575,0.09016363,-0.7416367
17::single::vision::12,Negative,0.6594406,0.25039575,0.09016363,-0.7416367
17::single::vision::13,Negative,0.6594406,0.25039575,0.09016363,-0.7416367
17::single::vision::14,Negative,0.6594406,0.25039575,0.09016363,-0.7416367
17::single::vision::15,Negative,0.6594406,0.25039575,0.09016363,-0.7416367
17::single::vision::16,Negative,0.6594406,0.25039575,0.09016363,-0.7416367
17::single::vision::17,Negative,0.6594406,0.25039575,0.09016363,-0.7416367
17::single::vision::18,Negative,0.6594406,0.25039575,0.09016363,-0.7416367
17::single::vision::19,Negative,0.6594406,0.25039575,0.09016363,-0.7416367
17::single::vision::20,Negative,0.6594406,0.25039575,0.09016363,-0.7416367
17::single::vision::21,Negative,0.6594406,0.25039575,0.09016363,-0.7416367
17::single::vision::22,Negative,0.6594406,0.25039575,0.09016363,-0.7416367
17::single::vision::23,Negative,0.6594406,0.25039575,0.09016363,-0.7416367
17::single::vision::24,Negative,0.6594406,0.25039575,0.09016363,-0.7416367
17::single::vision::25,Negative,0.6594406,0.25039575,0.09016363,-0.7416367
17::single::vision::26,Negative,0.6594406,0.25039575,0.09016363,-0.7416367
17::single::vision::27,Negative,0.6594406,0.25039575,0.09016363,-0.7416367
17::single::vision::28,Negative,0.6594406,0.25039575,0.09016363,-0.7416367
17::single::vision::29,Negative,0.6594406,0.25039575,0.09016363,-0.7416367
17::single::vision::30,Negative,0.6594406,0.25039575,0.09016363,-0.7416367
17::single::vision::31,Negative,0.6594406,0.25039575,0.09016363,-0.7416367
17::single::vision::32,Negative,0.6594406,0.25039575,0.09016363,-0.7416367
17::single::vision::33,Negative,0.6594406,0.25039575,0.09016363,-0.7416367
17::single::vision::34,Negative,0.6594406,0.25039575,0.09016363,-0.7416367
17::single::vision::35,Negative,0.6594406,0.25039575,0.09016363,-0.7416367
17::single::vision::36,Negative,0.6594406,0.25039575,0.09016363,-0.7416367
17::single::vision::37,Negative,0.6594406,0.25039575,0.09016363,-0.7416367
17::single::vision::38,Negative,0.6594406,0.25039575,0.09016363,-0.7416367
17::single::vision::39,Negative,0.6594406,0.25039575,0.09016363,-0.7416367
17::single::vision::40,Negative,0.6594406,0.25039575,0.09016363,-0.7416367
17::single::vision::41,Negative,0.6594406,0.25039575,0.09016363,-0.7416367
17::single::vision::42,Negative,0.6594406,0.25039575,0.09016363,-0.7416367
17::single::vision::43,Negative,0.6594406,0.25039575,0.09016363,-0.7416367
17::single::vision::44,Negative,0.6594406,0.25039575,0.09016363,-0.7416367
17::single::vision::45,Negative,0.6594406,0.25039575,0.09016363,-0.7416367
17::single::vision::46,Negative,0.6594406,0.25039575,0.09016363,-0.7416367
17::single::vision::47,Negative,0.6594406,0.25039575,0.09016363,-0.7416367
17::single::vision::48,Negative,0.6594406,0.25039575,0.09016363,-0.7416367
17::single::vision::49,Negative,0.6594406,0.25039575,0.09016363,-0.7416367
18::single::text::0,Positive,0.11974546,0.15292622,0.72732836,0.69514954
18::single::text::1,Positive,0.11974546,0.15292622,0.72732836,0.69514954
18::single::text::2,Positive,0.117923856,0.20757253,0.6745036,0.7163673
18::single::text::3,Positive,0.10623276,0.202363,0.6914042,0.7154463
18::single::text::4,Positive,0.20179367,0.24397248,0.5542338,0.7039224
18::single::text::5,Positive,0.08538789,0.17349347,0.74111867,0.7154463
18::single::text::6,Positive,0.08538789,0.17349347,0.74111867,0.7154463
18::single::text::7,Positive,0.10724534,0.18061416,0.7121405,0.7149858
18::single::text::8,Positive,0.091995604,0.18227087,0.72573346,0.7154463
18::single::text::9,Positive,0.09385436,0.18106619,0.72507954,0.7163673
18::single::text::10,Positive,0.09453359,0.1791647,0.72630167,0.7159068
18::single::text::11,Positive,0.09453359,0.1791647,0.72630167,0.7159068
18::single::text::12,Positive,0.08551658,0.17198028,0.7425031,0.7163673
18::single::text::13,Positive,0.10828574,0.19364771,0.69806653,0.7163673
18::single::text::14,Positive,0.107455365,0.20277934,0.6897653,0.7145252
18::single::text::15,Positive,0.052088443,0.16023864,0.78767294,0.703461
18::single::text::16,Positive,0.052088443,0.16023864,0.78767294,0.703461
18::single::text::17,Positive,0.10535676,0.17974918,0.7148941,0.7154463
18::single::text::18,Positive,0.23791134,0.21299389,0.5490948,0.5922198
18::single::text::19,Positive,0.10922402,0.17964718,0.71112883,0.7154463
18::single::text::20,Positive,0.14878437,0.19392444,0.6572912,0.701615
18::single::text::21,Positive,0.14878437,0.19392444,0.6572912,0.701615
18::single::text::22,Positive,0.072283536,0.18139225,0.7463242,0.70761245
18::single::text::23,Positive,0.10104308,0.18363002,0.71532685,0.7159068
18::single::text::24,Positive,0.11661127,0.18490021,0.6984885,0.7140646
18::single::text::25,Positive,0.095913306,0.17869152,0.72539514,0.7163673
18::single::text::26,Positive,0.095913306,0.17869152,0.72539514,0.7163673
18::single::text::27,Positive,0.091955796,0.18410468,0.7239395,0.7154463
18::single::text::28,Positive,0.08698666,0.1756115,0.73740184,0.7154463
18::single::text::29,Positive,0.09509218,0.17790435,0.72700346,0.7163673
18::single::text::30,Positive,0.08935323,0.17530876,0.73533803,0.7159068
18::single::text::31,Positive,0.08935323,0.17530876,0.73533803,0.7159068
18::single::text::32,Positive,0.08851776,0.17199732,0.73948497,0.7159068
18::single::text::33,Positive,0.20504688,0.18677281,0.60818034,0.61424106
18::single::text::34,Positive,0.09058517,0.17266454,0.7367503,0.7163673
18::single::text::35,Positive,0.0962855,0.17829898,0.7254156,0.7163673
18::single::text::36,Positive,0.0962855,0.17829898,0.7254156,0.7163673
18::single::text::37,Positive,0.07079955,0.16762793,0.7615726,0.7126826
18::single::text::38,Positive,0.084289104,0.17661986,0.73909104,0.7140646
18::single::text::39,Positive,0.09918948,0.15895066,0.74185985,0.7126826
18::single::text::40,Positive,0.06719659,0.12317869,0.8096248,0.7154463
18::single::audio::0,Positive,0.08556369,0.17197025,0.742466,0.7159068
18::single::audio::1,Positive,0.08556369,0.17197025,0.742466,0.7159068
18::single::audio::2,Positive,0.08556369,0.17197025,0.742466,0.7159068
18::single::audio::3,Positive,0.08556369,0.17197025,0.742466,0.7159068
18::single::audio::4,Positive,0.08556369,0.17197025,0.742466,0.7159068
18::single::audio::5,Positive,0.08556369,0.17197025,0.742466,0.7159068
18::single::audio::6,Positive,0.08556369,0.17197025,0.742466,0.7159068
18::single::audio::7,Positive,0.08556369,0.17197025,0.742466,0.7159068
18::single::audio::8,Positive,0.08556369,0.17197025,0.742466,0.7159068
18::single::audio::9,Positive,0.08556369,0.17197025,0.742466,0.7159068
18::single::audio::10,Positive,0.08556369,0.17197025,0.742466,0.7159068
18::single::audio::11,Positive,0.08556369,0.17197025,0.742466,0.7159068
18::single::audio::12,Positive,0.08556369,0.17197025,0.742466,0.7159068
18::single::audio::13,Positive,0.08556369,0.17197025,0.742466,0.7159068
18::single::audio::14,Positive,0.08556369,0.17197025,0.742466,0.7159068
18::single::audio::15,Positive,0.08556369,0.17197025,0.742466,0.7159068
18::single::audio::16,Positive,0.08556369,0.17197025,0.742466,0.7159068
18::single::audio::17,Positive,0.08556369,0.17197025,0.742466,0.7159068
18::single::audio::18,Positive,0.08556369,0.17197025,0.742466,0.7159068
18::single::audio::19,Positive,0.08556369,0.17197025,0.742466,0.7159068
18::single::audio::20,Positive,0.08556369,0.17197025,0.742466,0.7159068
18::single::audio::21,Positive,0.08556369,0.17197025,0.742466,0.7159068
18::single::audio::22,Positive,0.08556369,0.17197025,0.742466,0.7159068
18::single::audio::23,Positive,0.08556369,0.17197025,0.742466,0.7159068
18::single::audio::24,Positive,0.08556369,0.17197025,0.742466,0.7159068
18::single::audio::25,Positive,0.08556369,0.17197025,0.742466,0.7159068
18::single::audio::26,Positive,0.08556369,0.17197025,0.742466,0.7159068
18::single::audio::27,Positive,0.08556369,0.17197025,0.742466,0.7159068
18::single::audio::28,Positive,0.08556369,0.17197025,0.742466,0.7159068
18::single::audio::29,Positive,0.08556369,0.17197025,0.742466,0.7159068
18::single::audio::30,Positive,0.08556369,0.17197025,0.742466,0.7159068
18::single::audio::31,Positive,0.08556369,0.17197025,0.742466,0.7159068
18::single::audio::32,Positive,0.08556369,0.17197025,0.742466,0.7159068
18::single::audio::33,Positive,0.08556369,0.17197025,0.742466,0.7159068
18::single::audio::34,Positive,0.08556369,0.17197025,0.742466,0.7159068
18::single::audio::35,Positive,0.08556369,0.17197025,0.742466,0.7159068
18::single::audio::36,Positive,0.08556369,0.17197025,0.742466,0.7159068
18::single::audio::37,Positive,0.08556369,0.17197025,0.742466,0.7159068
18::single::audio::38,Positive,0.08556369,0.17197025,0.742466,0.7159068
18::single::audio::39,Positive,0.08556369,0.17197025,0.742466,0.7159068
18::single::audio::40,Positive,0.08556369,0.17197025,0.742466,0.7159068
18::single::vision::0,Positive,0.08556369,0.17197025,0.742466,0.7159068
18::single::vision::1,Positive,0.08556369,0.17197025,0.742466,0.7159068
18::single::vision::2,Positive,0.08556369,0.17197025,0.742466,0.7159068
18::single::vision::3,Positive,0.08556369,0.17197025,0.742466,0.7159068
18::single::vision::4,Positive,0.08556369,0.17197025,0.742466,0.7159068
18::single::vision::5,Positive,0.08556369,0.17197025,0.742466,0.7159068
18::single::vision::6,Positive,0.08556369,0.17197025,0.742466,0.7159068
18::single::vision::7,Positive,0.08556369,0.17197025,0.742466,0.7159068
18::single::vision::8,Positive,0.08556369,0.17197025,0.742466,0.7159068
18::single::vision::9,Positive,0.08556369,0.17197025,0.742466,0.7159068
18::single::vision::10,Positive,0.08556369,0.17197025,0.742466,0.7159068
18::single::vision::11,Positive,0.08556369,0.17197025,0.742466,0.7159068
18::single::vision::12,Positive,0.08556369,0.17197025,0.742466,0.7159068
18::single::vision::13,Positive,0.08556369,0.17197025,0.742466,0.7159068
18::single::vision::14,Positive,0.08556369,0.17197025,0.742466,0.7159068
18::single::vision::15,Positive,0.08556369,0.17197025,0.742466,0.7159068
18::single::vision::16,Positive,0.08556369,0.17197025,0.742466,0.7159068
18::single::vision::17,Positive,0.08556369,0.17197025,0.742466,0.7159068
18::single::vision::18,Positive,0.08556369,0.17197025,0.742466,0.7159068
18::single::vision::19,Positive,0.08556369,0.17197025,0.742466,0.7159068
18::single::vision::20,Positive,0.08556369,0.17197025,0.742466,0.7159068
18::single::vision::21,Positive,0.08556369,0.17197025,0.742466,0.7159068
18::single::vision::22,Positive,0.08556369,0.17197025,0.742466,0.7159068
18::single::vision::23,Positive,0.08556369,0.17197025,0.742466,0.7159068
18::single::vision::24,Positive,0.08556369,0.17197025,0.742466,0.7159068
18::single::vision::25,Positive,0.08556369,0.17197025,0.742466,0.7159068
18::single::vision::26,Positive,0.08556369,0.17197025,0.742466,0.7159068
18::single::vision::27,Positive,0.08556369,0.17197025,0.742466,0.7159068
18::single::vision::28,Positive,0.08556369,0.17197025,0.742466,0.7159068
18::single::vision::29,Positive,0.08556369,0.17197025,0.742466,0.7159068
18::single::vision::30,Positive,0.08556369,0.17197025,0.742466,0.7159068
18::single::vision::31,Positive,0.08556369,0.17197025,0.742466,0.7159068
18::single::vision::32,Positive,0.08556369,0.17197025,0.742466,0.7159068
18::single::vision::33,Positive,0.08556369,0.17197025,0.742466,0.7159068
18::single::vision::34,Positive,0.08556369,0.17197025,0.742466,0.7159068
18::single::vision::35,Positive,0.08556369,0.17197025,0.742466,0.7159068
18::single::vision::36,Positive,0.08556369,0.17197025,0.742466,0.7159068
18::single::vision::37,Positive,0.08556369,0.17197025,0.742466,0.7159068
18::single::vision::38,Positive,0.08556369,0.17197025,0.742466,0.7159068
18::single::vision::39,Positive,0.08556369,0.17197025,0.742466,0.7159068
18::single::vision::40,Positive,0.08556369,0.17197025,0.742466,0.7159068
19::single::text::0,Positive,0.034413796,0.2869297,0.67865646,0.59456575
19::single::text::1,Positive,0.034413796,0.2869297,0.67865646,0.59456575
19::single::text::2,Positive,0.035277527,0.27236795,0.69235444,0.60675204
19::single::text::3,Positive,0.037953556,0.32088858,0.64115787,0.5720144
19::single::text::4,Positive,0.03441747,0.25685334,0.7087292,0.6147089
19::single::text::5,Positive,0.03441747,0.25685334,0.7087292,0.6147089
19::single::text::6,Positive,0.03448543,0.25127906,0.71423554,0.62125474
19::single::text::7,Positive,0.033679944,0.2518025,0.7145175,0.61891764
19::single::text::8,Positive,0.03336052,0.24168675,0.72495276,0.62639356
19::single::text::9,Positive,0.03336052,0.24168675,0.72495276,0.62639356
19::single::text::10,Positive,0.03448043,0.25344375,0.7120758,0.6193851
19::single::text::11,Positive,0.03435053,0.25215334,0.7134961,0.61985254
19::single::text::12,Positive,0.032679908,0.2419811,0.725339,0.6231238
19::single::text::13,Positive,0.032679908,0.2419811,0.725339,0.6231238
19::single::text::14,Positive,0.032127153,0.23816228,0.72971064,0.62499243
19::single::text::15,Positive,0.03170522,0.2440027,0.72429204,0.62031996
19::single::text::16,Positive,0.03141718,0.24463534,0.72394747,0.6179825
19::single::text::17,Positive,0.03141718,0.24463534,0.72394747,0.6179825
19::single::text::18,Positive,0.031007404,0.21497619,0.7540164,0.64225286
19::single::text::19,Positive,0.03004598,0.23720711,0.73274696,0.62125474
19::single::text::20,Positive,0.034657028,0.2625716,0.7027713,0.61236954
19::single::text::21,Positive,0.034657028,0.2625716,0.7027713,0.61236954
19::single::text::22,Positive,0.03263989,0.23309478,0.73426527,0.62826127
19::single::text::23,Positive,0.034399133,0.2579297,0.70767117,0.61424106
19::single::text::24,Positive,0.036586378,0.27642676,0.68698686,0.6044102
19::single::text::25,Positive,0.036586378,0.27642676,0.68698686,0.6044102
19::single::text::26,Positive,0.037826147,0.26877117,0.69340265,0.6133054
19::single::text::27,Positive,0.030952208,0.2156499,0.7533979,0.639923
19::single::text::28,Positive,0.03739539,0.28365543,0.6789491,0.599724
19::single::text::29,Positive,0.03739539,0.28365543,0.6789491,0.599724
19::single::text::30,Positive,0.034914687,0.25299442,0.71209085,0.61985254
19::single::text::31,Positive,0.032428283,0.23666315,0.7309085,0.6273275
19::single::text::32,Positive,0.034093276,0.2391362,0.7267705,0.62826127
19::single::text::33,Positive,0.034093276,0.2391362,0.7267705,0.62826127
19::single::text::34,Positive,0.030207207,0.23875676,0.73103607,0.6207874
19::single::text::35,Positive,0.032231737,0.2300313,0.737737,0.6319952
19::single::text::36,Positive,0.030278739,0.2284536,0.74126774,0.629195
19::single::text::37,Positive,0.030278739,0.2284536,0.74126774,0.629195
19::single::text::38,Positive,0.032699082,0.25054818,0.7167527,0.61751497
19::single::text::39,Positive,0.031096805,0.23772803,0.7311751,0.6226566
19::single::text::40,Positive,0.032579567,0.24430853,0.7231119,0.62125474
19::single::text::41,Positive,0.032579567,0.24430853,0.7231119,0.62125474
19::single::text::42,Positive,0.031789195,0.24200036,0.7262104,0.62172204
19::single::text::43,Positive,0.035812285,0.2680612,0.69612646,0.6090933
19::single::text::44,Positive,0.04037505,0.24672754,0.7128974,0.6301285
19::single::audio::0,Positive,0.03237302,0.2470246,0.7206024,0.6193851
19::single::audio::1,Positive,0.03237302,0.2470246,0.7206024,0.6193851
19::single::audio::2,Positive,0.03237302,0.2470246,0.7206024,0.6193851
19::single::audio::3,Positive,0.03237302,0.2470246,0.7206024,0.6193851
19::single::audio::4,Positive,0.03237302,0.2470246,0.7206024,0.6193851
19::single::audio::5,Positive,0.03237302,0.2470246,0.7206024,0.6193851
19::single::audio::6,Positive,0.03237302,0.2470246,0.7206024,0.6193851
19::single::audio::7,Positive,0.03237302,0.2470246,0.7206024,0.6193851
19::single::audio::8,Positive,0.03237302,0.2470246,0.7206024,0.6193851
19::single::audio::9,Positive,0.03237302,0.2470246,0.7206024,0.6193851
19::single::audio::10,Positive,0.03237302,0.2470246,0.7206024,0.6193851
19::single::audio::11,Positive,0.03237302,0.2470246,0.7206024,0.6193851
19::single::audio::12,Positive,0.03237302,0.2470246,0.7206024,0.6193851
19::single::audio::13,Positive,0.03237302,0.2470246,0.7206024,0.6193851
19::single::audio::14,Positive,0.03237302,0.2470246,0.7206024,0.6193851
19::single::audio::15,Positive,0.03237302,0.2470246,0.7206024,0.6193851
19::single::audio::16,Positive,0.03237302,0.2470246,0.7206024,0.6193851
19::single::audio::17,Positive,0.03237302,0.2470246,0.7206024,0.6193851
19::single::audio::18,Positive,0.03237302,0.2470246,0.7206024,0.6193851
19::single::audio::19,Positive,0.03237302,0.2470246,0.7206024,0.6193851
19::single::audio::20,Positive,0.03237302,0.2470246,0.7206024,0.6193851
19::single::audio::21,Positive,0.03237302,0.2470246,0.7206024,0.6193851
19::single::audio::22,Positive,0.03237302,0.2470246,0.7206024,0.6193851
19::single::audio::23,Positive,0.03237302,0.2470246,0.7206024,0.6193851
19::single::audio::24,Positive,0.03237302,0.2470246,0.7206024,0.6193851
19::single::audio::25,Positive,0.03237302,0.2470246,0.7206024,0.6193851
19::single::audio::26,Positive,0.03237302,0.2470246,0.7206024,0.6193851
19::single::audio::27,Positive,0.03237302,0.2470246,0.7206024,0.6193851
19::single::audio::28,Positive,0.03237302,0.2470246,0.7206024,0.6193851
19::single::audio::29,Positive,0.03237302,0.2470246,0.7206024,0.6193851
19::single::audio::30,Positive,0.03237302,0.2470246,0.7206024,0.6193851
19::single::audio::31,Positive,0.03237302,0.2470246,0.7206024,0.6193851
19::single::audio::32,Positive,0.03237302,0.2470246,0.7206024,0.6193851
19::single::audio::33,Positive,0.03237302,0.2470246,0.7206024,0.6193851
19::single::audio::34,Positive,0.03237302,0.2470246,0.7206024,0.6193851
19::single::audio::35,Positive,0.03237302,0.2470246,0.7206024,0.6193851
19::single::audio::36,Positive,0.03237302,0.2470246,0.7206024,0.6193851
19::single::audio::37,Positive,0.03237302,0.2470246,0.7206024,0.6193851
19::single::audio::38,Positive,0.03237302,0.2470246,0.7206024,0.6193851
19::single::audio::39,Positive,0.03237302,0.2470246,0.7206024,0.6193851
19::single::audio::40,Positive,0.03237302,0.2470246,0.7206024,0.6193851
19::single::audio::41,Positive,0.03237302,0.2470246,0.7206024,0.6193851
19::single::audio::42,Positive,0.03237302,0.2470246,0.7206024,0.6193851
19::single::audio::43,Positive,0.03237302,0.2470246,0.7206024,0.6193851
19::single::audio::44,Positive,0.03237302,0.2470246,0.7206024,0.6193851
19::single::vision::0,Positive,0.03237302,0.2470246,0.7206024,0.6193851
19::single::vision::1,Positive,0.03237302,0.2470246,0.7206024,0.6193851
19::single::vision::2,Positive,0.03237302,0.2470246,0.7206024,0.6193851
19::single::vision::3,Positive,0.03237302,0.2470246,0.7206024,0.6193851
19::single::vision::4,Positive,0.03237302,0.2470246,0.7206024,0.6193851
19::single::vision::5,Positive,0.03237302,0.2470246,0.7206024,0.6193851
19::single::vision::6,Positive,0.03237302,0.2470246,0.7206024,0.6193851
19::single::vision::7,Positive,0.03237302,0.2470246,0.7206024,0.6193851
19::single::vision::8,Positive,0.03237302,0.2470246,0.7206024,0.6193851
19::single::vision::9,Positive,0.03237302,0.2470246,0.7206024,0.6193851
19::single::vision::10,Positive,0.03237302,0.2470246,0.7206024,0.6193851
19::single::vision::11,Positive,0.03237302,0.2470246,0.7206024,0.6193851
19::single::vision::12,Positive,0.03237302,0.2470246,0.7206024,0.6193851
19::single::vision::13,Positive,0.03237302,0.2470246,0.7206024,0.6193851
19::single::vision::14,Positive,0.03237302,0.2470246,0.7206024,0.6193851
19::single::vision::15,Positive,0.03237302,0.2470246,0.7206024,0.6193851
19::single::vision::16,Positive,0.03237302,0.2470246,0.7206024,0.6193851
19::single::vision::17,Positive,0.03237302,0.2470246,0.7206024,0.6193851
19::single::vision::18,Positive,0.03237302,0.2470246,0.7206024,0.6193851
19::single::vision::19,Positive,0.03237302,0.2470246,0.7206024,0.6193851
19::single::vision::20,Positive,0.03237302,0.2470246,0.7206024,0.6193851
19::single::vision::21,Positive,0.03237302,0.2470246,0.7206024,0.6193851
19::single::vision::22,Positive,0.03237302,0.2470246,0.7206024,0.6193851
19::single::vision::23,Positive,0.03237302,0.2470246,0.7206024,0.6193851
19::single::vision::24,Positive,0.03237302,0.2470246,0.7206024,0.6193851
19::single::vision::25,Positive,0.03237302,0.2470246,0.7206024,0.6193851
19::single::vision::26,Positive,0.03237302,0.2470246,0.7206024,0.6193851
19::single::vision::27,Positive,0.03237302,0.2470246,0.7206024,0.6193851
19::single::vision::28,Positive,0.03237302,0.2470246,0.7206024,0.6193851
19::single::vision::29,Positive,0.03237302,0.2470246,0.7206024,0.6193851
19::single::vision::30,Positive,0.03237302,0.2470246,0.7206024,0.6193851
19::single::vision::31,Positive,0.03237302,0.2470246,0.7206024,0.6193851
19::single::vision::32,Positive,0.03237302,0.2470246,0.7206024,0.6193851
19::single::vision::33,Positive,0.03237302,0.2470246,0.7206024,0.6193851
19::single::vision::34,Positive,0.03237302,0.2470246,0.7206024,0.6193851
19::single::vision::35,Positive,0.03237302,0.2470246,0.7206024,0.6193851
19::single::vision::36,Positive,0.03237302,0.2470246,0.7206024,0.6193851
19::single::vision::37,Positive,0.03237302,0.2470246,0.7206024,0.6193851
19::single::vision::38,Positive,0.03237302,0.2470246,0.7206024,0.6193851
19::single::vision::39,Positive,0.03237302,0.2470246,0.7206024,0.6193851
19::single::vision::40,Positive,0.03237302,0.2470246,0.7206024,0.6193851
19::single::vision::41,Positive,0.03237302,0.2470246,0.7206024,0.6193851
19::single::vision::42,Positive,0.03237302,0.2470246,0.7206024,0.6193851
19::single::vision::43,Positive,0.03237302,0.2470246,0.7206024,0.6193851
19::single::vision::44,Positive,0.03237302,0.2470246,0.7206024,0.6193851
