variant_id,sample_index,sample_id,modality,deletion_ratio,strategy,deleted_count,deleted_positions,predicted_label,negative_probability,neutral_probability,positive_probability,predicted_intensity,neutral_authenticity,neutral_rejected,frozen_class_confidence_delta,intensity_delta,prediction_flipped
0::joint::text::10::top,0,01,text,0.1,top,3,15;13;12,Neutral,0.026388684248310177,0.634286764585686,0.33932455116600385,0.230197210130947,0.48071603132787366,0,0.3024522108820666,0.1413913812976245,1
0::joint::text::10::bottom,0,01,text,0.1,bottom,3,11;9;10,Positive,0.024169935361685678,0.3297995030532104,0.646030561585104,0.3809663690626621,1.0,0,-0.004253799537033531,-0.009377777634090645,0
0::joint::text::10::random,0,01,text,0.1,random,3,20;8;12,Neutral,0.024080485299520876,0.5410169240389444,0.43490259066153475,0.24854987300932407,0.38468176095251655,0,0.2068741713865357,0.1230387184192474,1
0::joint::text::20::top,0,01,text,0.2,top,5,15;13;12;7;14,Neutral,0.027983114368029086,0.5456229316420146,0.4263939539899564,0.24325567590338842,0.4292081832117351,0,0.21538280805811405,0.12833291552518306,1
0::joint::text::20::bottom,0,01,text,0.2,bottom,5,24;4;11;9;10,Positive,0.02374375067913373,0.3223286863778022,0.6539275629430641,0.4039590023458004,1.0,0,-0.012150800894993652,-0.03237041091722892,0
0::joint::text::20::random,0,01,text,0.2,random,5,20;8;12;13;2,Neutral,0.02273066981933691,0.6709505048748243,0.30631882530583876,0.18188562483659812,0.5503910994914392,0,0.3354579367422317,0.18970296659197336,1
0::joint::text::30::top,0,01,text,0.3,top,8,15;13;12;7;14;20;6;16,Neutral,0.024797260202714395,0.6683785153140276,0.3068242244832579,0.18883155951542513,0.5675536651359496,0,0.3349525375648125,0.18275703191314635,1
0::joint::text::30::bottom,0,01,text,0.3,bottom,8,8;1;5;24;4;11;9;10,Positive,0.022650426425516533,0.2473905820771278,0.7299589914973558,0.400410183846751,1.0,0,-0.08818222944928533,-0.028821592418179498,0
0::joint::text::30::random,0,01,text,0.3,random,8,20;8;12;13;2;7;23;1,Neutral,0.01677895511575747,0.5963489845887876,0.3868720602954549,0.2228353140609605,0.5448661892105247,0,0.25490470175261554,0.148753277367611,1
0::joint::audio::10::top,0,01,audio,0.1,top,3,2;12;4,Positive,0.02566913604675751,0.3363346087701379,0.6379962551831047,0.3565846404858998,1.0,0,0.0037805068649657825,0.015003950942671707,0
0::joint::audio::10::bottom,0,01,audio,0.1,bottom,3,21;1;10,Positive,0.023038543440132477,0.3348799458002728,0.6420815107595947,0.372603178024292,1.0,0,-0.00030474871152430527,-0.0010145865957205125,0
0::joint::audio::10::random,0,01,audio,0.1,random,3,24;7;1,Positive,0.023345316184061576,0.3355218354180529,0.6411328483978855,0.37095321289130617,1.0,0,0.0006439136501849019,0.0006353785372653076,0
0::joint::audio::20::top,0,01,audio,0.2,top,5,2;12;4;3;13,Positive,0.02753260798703862,0.41433763098213594,0.5581297610308255,0.338205774979932,1.0,0,0.08364700101724498,0.033382816448639496,0
0::joint::audio::20::bottom,0,01,audio,0.2,bottom,5,16;22;21;1;10,Positive,0.02331555629153336,0.33317337637539407,0.6435110673330725,0.3775655744331224,1.0,0,-0.001734305285002069,-0.0059769830045509065,0
0::joint::audio::20::random,0,01,audio,0.2,random,5,24;7;1;19;13,Positive,0.02335726481816744,0.33195458920302423,0.6446881459788083,0.38490234315395355,1.0,0,-0.0029113839307378653,-0.013313751725382073,0
0::joint::audio::30::top,0,01,audio,0.3,top,8,2;12;4;3;13;6;8;18,Positive,0.02546264101346679,0.40949407429168844,0.5650432846948448,0.35645995821271625,1.0,0,0.07673347735322567,0.015128633215855225,0
0::joint::audio::30::bottom,0,01,audio,0.3,bottom,8,24;19;23;16;22;21;1;10,Positive,0.02407515578946311,0.33087036069770837,0.6450544835128285,0.3864338546991348,1.0,0,-0.003277721464758021,-0.014845263270563347,0
0::joint::audio::30::random,0,01,audio,0.3,random,8,24;7;1;19;13;22;23;2,Positive,0.02602279169333808,0.3465314594899545,0.6274457488167074,0.353498460991042,1.0,0,0.014331013231362988,0.018090130437529495,0
0::joint::vision::10::top,0,01,vision,0.1,top,3,24;1;4,Positive,0.02408223046100841,0.3406341061051645,0.635283663433827,0.35814568613256725,1.0,0,0.006493098614243409,0.013442905296004226,0
0::joint::vision::10::bottom,0,01,vision,0.1,bottom,3,8;2;10,Positive,0.023120951518861534,0.33525933074271225,0.6416197177384263,0.36988370759146555,1.0,0,0.00015704430964413874,0.0017048838371059305,0
0::joint::vision::10::random,0,01,vision,0.1,random,3,13;19;16,Positive,0.023169959091116535,0.3345494845267501,0.6422805563821334,0.3739387265273503,1.0,0,-0.0005037943340630013,-0.002350135098778794,0
0::joint::vision::20::top,0,01,vision,0.2,top,5,24;1;4;3;23,Positive,0.023809116747117144,0.3378386596517986,0.6383522236010842,0.3655570319720677,1.0,0,0.003424538446986203,0.006031559456503799,0
0::joint::vision::20::bottom,0,01,vision,0.2,bottom,5,9;17;8;2;10,Positive,0.02314899670312275,0.3361881516720569,0.6406628516248203,0.3684327219213758,1.0,0,0.0011139104232501529,0.003155869507195652,0
0::joint::vision::20::random,0,01,vision,0.2,random,5,13;19;16;23;22,Positive,0.023154808625968557,0.33314400618614687,0.6437011851878847,0.38250841200351715,1.0,0,-0.0019244231398142242,-0.010919820574945671,0
0::joint::vision::30::top,0,01,vision,0.3,top,8,24;1;4;3;23;20;19;7,Positive,0.023806510933456426,0.3342457108177662,0.6419477782487774,0.37600724931274143,1.0,0,-0.00017101620070691936,-0.004418657884169952,0
0::joint::vision::30::bottom,0,01,vision,0.3,bottom,8,13;15;6;9;17;8;2;10,Positive,0.02288223185033319,0.3356316398370425,0.6414861283126243,0.3686813158648355,1.0,0,0.000290633735446133,0.0029072755637359893,0
0::joint::vision::30::random,0,01,vision,0.3,random,8,13;19;16;23;22;5;4;7,Positive,0.022711815793500865,0.33111071177271,0.6461774724337892,0.3890315070748329,1.0,0,-0.004400710385718765,-0.017442915646261437,0
1::joint::text::10::top,1,02,text,0.1,top,3,15;12;11,Negative,0.47693794930843914,0.40882386144137123,0.11423818925018953,-0.41291465397392,1.0,0,0.7566648618907563,0.9880367982596343,1
1::joint::text::10::bottom,1,02,text,0.1,bottom,3,21;16;17,Positive,0.055399247666660024,0.08738743048808525,0.8572133218452547,0.5216896927782467,1.0,0,0.013689729295691122,0.05343245150746756,0
1::joint::text::10::random,1,02,text,0.1,random,3,11;7;3,Positive,0.11558369806837304,0.0,0.8844163019316269,0.25178886311394827,0.15692696762852645,1,-0.013513250790681108,0.323333281171766,0
1::joint::text::20::top,1,02,text,0.2,top,5,15;12;11;9;10,Negative,0.6817601691433536,0.28448042795123113,0.03375940290541531,-0.5678572745195457,1.0,0,0.8371436482355304,1.14297941880526,1
1::joint::text::20::bottom,1,02,text,0.2,bottom,5,20;19;21;16;17,Positive,0.044351148646540196,0.18560311796538134,0.7700457333880786,0.5521694506917681,1.0,0,0.10085731775286721,0.02295269359394614,0
1::joint::text::20::random,1,02,text,0.2,random,5,11;7;3;5;15,Negative,0.5709532953341188,0.0,0.42904670466588124,-0.1406333547617708,0.2724241924480919,1,0.44185634647506455,0.715755499047485,1
1::joint::text::30::top,1,02,text,0.3,top,7,15;12;11;9;10;1;2,Negative,0.9007359090211662,0.06882283448700582,0.030441256491828064,-0.674145485673632,1.0,0,0.8404617946491177,1.2492676299593461,1
1::joint::text::30::bottom,1,02,text,0.3,bottom,7,14;6;20;19;21;16;17,Positive,0.04302096461591778,0.09095791013710543,0.8660211252469768,0.506032332777977,1.0,0,0.004881925893968964,0.0690898115077373,0
1::joint::text::30::random,1,02,text,0.3,random,7,11;7;3;5;15;13;10,Negative,0.5260658267194654,0.41271450667799436,0.06121966660254014,-0.31061841281397,1.0,0,0.8096833845384056,0.8857405570996844,1
1::joint::audio::10::top,1,02,audio,0.1,top,3,13;7;2,Positive,0.04077825216877726,0.08428408923350857,0.8749376585977142,0.5808936847107751,1.0,0,-0.004034607456768424,-0.005771540425060784,0
1::joint::audio::10::bottom,1,02,audio,0.1,bottom,3,19;14;3,Positive,0.0420967375285374,0.08673109571142446,0.8711721667600382,0.5749879394258771,1.0,0,-0.0002691156190923749,0.00013420485983717256,0
1::joint::audio::10::random,1,02,audio,0.1,random,3,16;5;2,Positive,0.04218688147791623,0.08606408414512806,0.8717490343769557,0.5692820208413261,1.0,0,-0.0008459832360099284,0.005840123444388223,0
1::joint::audio::20::top,1,02,audio,0.2,top,5,13;7;2;8;5,Positive,0.040044806482369535,0.0818119650053745,0.878143228512256,0.580100953578949,1.0,0,-0.007240177371310219,-0.004978809293234687,0
1::joint::audio::20::bottom,1,02,audio,0.2,bottom,5,17;16;19;14;3,Positive,0.04203507255859943,0.08467961750032264,0.873285309941078,0.5746375215905053,1.0,0,-0.0023822588001322087,0.0004846226952089916,0
1::joint::audio::20::random,1,02,audio,0.2,random,5,16;5;2;20;11,Positive,0.042622807772015506,0.08713219992634606,0.8702449923016383,0.5619285404682159,1.0,0,0.0006580588393074738,0.013193603817498345,0
1::joint::audio::30::top,1,02,audio,0.3,top,7,13;7;2;8;5;6;9,Positive,0.0383642325283239,0.07849393547062171,0.8831418320010543,0.58470818400383,1.0,0,-0.012238780860108545,-0.009586039718115669,0
1::joint::audio::30::bottom,1,02,audio,0.3,bottom,7,21;18;17;16;19;14;3,Positive,0.042494905235122275,0.08158244416887285,0.8759226505960049,0.5804435589483806,1.0,0,-0.005019599455059143,-0.005321414662666335,0
1::joint::audio::30::random,1,02,audio,0.3,random,7,16;5;2;20;11;13;17,Positive,0.040783661181308044,0.08417361795439365,0.8750427208642984,0.5680177722658429,1.0,0,-0.004139669723352557,0.007104372019871352,0
1::joint::vision::10::top,1,02,vision,0.1,top,3,19;2;16,Positive,0.04049938468036325,0.08362193997706308,0.8758786753425737,0.5886209777423314,1.0,0,-0.004975624201627893,-0.013498833456617065,0
1::joint::vision::10::bottom,1,02,vision,0.1,bottom,3,4;1;21,Positive,0.042910711376120014,0.08242994905970452,0.8746593395641755,0.5875158778258732,1.0,0,-0.0037562884232297256,-0.012393733540158935,0
1::joint::vision::10::random,1,02,vision,0.1,random,3,12;11;9,Positive,0.04145853152620615,0.08409142968934409,0.8744500387844497,0.5834345455680575,1.0,0,-0.0035469876435039183,-0.00831240128234323,0
1::joint::vision::20::top,1,02,vision,0.2,top,5,19;2;16;13;9,Positive,0.04004063695614027,0.08198473491274313,0.8779746281311167,0.5942827143839428,1.0,0,-0.007071576990170914,-0.01916057009822847,0
1::joint::vision::20::bottom,1,02,vision,0.2,bottom,5,7;20;4;1;21,Positive,0.04299087203014211,0.0811935273921764,0.8758156005776816,0.5905029603413173,1.0,0,-0.0049125494367358025,-0.015380816055603042,0
1::joint::vision::20::random,1,02,vision,0.2,random,5,12;11;9;6;18,Positive,0.041225896794400266,0.08257813574463525,0.8761959674609644,0.5883250279085976,1.0,0,-0.005292916320018604,-0.013202883622883355,0
1::joint::vision::30::top,1,02,vision,0.3,top,7,19;2;16;13;9;5;14,Positive,0.03974446720569002,0.08051434982580125,0.8797411829685087,0.5995403826236725,1.0,0,-0.008838131827562878,-0.024418238337958198,0
1::joint::vision::30::bottom,1,02,vision,0.3,bottom,7,15;3;7;20;4;1;21,Positive,0.04331635683774948,0.08048201778105327,0.8762016253811973,0.5914632060698101,1.0,0,-0.005298574240251486,-0.01634106178409578,0
1::joint::vision::30::random,1,02,vision,0.3,random,7,12;11;9;6;18;4;20,Positive,0.04124227753218076,0.0818612073022668,0.8768965151655524,0.5907334983348846,1.0,0,-0.005993464024606654,-0.015611354049170356,0
2::joint::text::10::top,2,03,text,0.1,top,4,20;21;25;26,Neutral,0.05426306607137166,0.6568198344803476,0.28891709944828076,0.15607321900980814,0.3982166531323718,0,0.7505578755785683,-0.6926114972955224,1
2::joint::text::10::bottom,2,03,text,0.1,bottom,4,33;2;1;34,Negative,0.8756172698475888,0.08119488167645568,0.04318784847595538,-0.5542545872075217,1.0,0,-0.0707963281976488,0.017716308921807422,0
2::joint::text::10::random,2,03,text,0.1,random,4,35;34;11;4,Negative,0.8143826281640482,0.14660326569397705,0.039014106141974814,-0.5265537798404694,1.0,0,-0.009561686514108159,-0.00998449844524496,0
2::joint::text::20::top,2,03,text,0.2,top,7,20;21;25;26;13;14;15,Neutral,0.041370663409352686,0.6229310382565075,0.33569829833413983,0.21891248332602636,0.3059153524817573,0,0.7634502782405873,-0.7554507616117407,1
2::joint::text::20::bottom,2,03,text,0.2,bottom,7,5;7;32;33;2;1;34,Negative,0.8796656604742285,0.07784589798784053,0.042488441537931014,-0.5453226608889443,1.0,0,-0.07484471882428845,0.008784382603230001,0
2::joint::text::20::random,2,03,text,0.2,random,7,35;34;11;4;18;21;13,Negative,0.5120175693332588,0.41754638376763986,0.07043604689910143,-0.13813244631247862,1.0,0,0.2928033723166812,-0.3984058319732357,0
2::joint::text::30::top,2,03,text,0.3,top,11,20;21;25;26;13;14;15;16;28;8;9,Neutral,0.04070202335864073,0.6794305418493467,0.2798674347920126,0.17415807875139372,0.5208729015121544,0,0.7641189182912993,-0.7106963570371081,1
2::joint::text::30::bottom,2,03,text,0.3,bottom,11,29;6;10;4;5;7;32;33;2;1;34,Negative,0.8162986053498779,0.14824661021041555,0.03545478443970658,-0.5354417147380965,1.0,0,-0.011477663699937857,-0.0010965635476177793,0
2::joint::text::30::random,2,03,text,0.3,random,11,35;34;11;4;18;21;13;23;9;24;17,Neutral,0.21515394379868377,0.640600201699816,0.1442458545015002,-0.1255075316876173,0.46931898011798895,0,0.5896669978512562,-0.411030746598097,1
2::joint::audio::10::top,2,03,audio,0.1,top,4,18;13;26;27,Negative,0.8034864241793509,0.15487131386593128,0.0416422619547179,-0.5185891512249198,1.0,0,0.0013345174705891028,-0.017949127060794545,0
2::joint::audio::10::bottom,2,03,audio,0.1,bottom,4,21;8;10;2,Negative,0.8046801880014475,0.15442981967554292,0.04088999232300956,-0.5370604262820312,1.0,0,0.00014075364849253091,0.0005221479963168907,0
2::joint::audio::10::random,2,03,audio,0.1,random,4,7;10;29;18,Negative,0.8062470231634365,0.15389717263603142,0.03985580420053206,-0.5512920421149049,1.0,0,-0.0014260815134965465,0.01475376382919058,0
2::joint::audio::20::top,2,03,audio,0.2,top,7,18;13;26;27;32;15;1,Negative,0.8038375399555084,0.15478401758496277,0.04137844245952861,-0.5232690013945103,1.0,0,0.0009834016944315627,-0.013269276891204052,0
2::joint::audio::20::bottom,2,03,audio,0.2,bottom,7,19;33;20;21;8;10;2,Negative,0.8046688157762728,0.15440156686157763,0.040929617362149576,-0.5381783454545906,1.0,0,0.0001521258736671971,0.0016400671688763246,0
2::joint::audio::20::random,2,03,audio,0.2,random,7,7;10;29;18;3;4;22,Negative,0.8060840553723515,0.1537326805731871,0.04018326405446146,-0.549618554434606,1.0,0,-0.0012631137224115019,0.013080276148891734,0
2::joint::audio::30::top,2,03,audio,0.3,top,11,18;13;26;27;32;15;1;9;5;30;14,Negative,0.8046637675086785,0.15508020334312156,0.040256029148199916,-0.5335282976073878,1.0,0,0.00015717414126148466,-0.0030099806783264738,0
2::joint::audio::30::bottom,2,03,audio,0.3,bottom,11,17;22;24;29;19;33;20;21;8;10;2,Negative,0.8047387635032841,0.15398964656537242,0.041271589931343555,-0.5438240995364529,1.0,0,8.217814665589795e-05,0.007285821250738622,0
2::joint::audio::30::random,2,03,audio,0.3,random,11,7;10;29;18;3;4;22;17;27;1;32,Negative,0.8052154129578875,0.15427523752658112,0.04050934951553145,-0.5400727385921138,1.0,0,-0.00039447130794745267,0.0035344603063994784,0
2::joint::vision::10::top,2,03,vision,0.1,top,4,34;14;33;1,Negative,0.8049842260731531,0.1543873535760929,0.04062842035075398,-0.5416540242731571,1.0,0,-0.00016328442321311698,0.005115745987442799,0
2::joint::vision::10::bottom,2,03,vision,0.1,bottom,4,32;10;12;11,Negative,0.8047576236690818,0.15463070574342205,0.04061167058749615,-0.536180746874639,1.0,0,6.331798085823515e-05,-0.00035753141107530695,0
2::joint::vision::10::random,2,03,vision,0.1,random,4,33;34;9;18,Negative,0.8052942612150819,0.15439232430848995,0.04031341447642822,-0.5434686818293163,1.0,0,-0.0004733195651418498,0.006930403543601971,0
2::joint::vision::20::top,2,03,vision,0.2,top,7,34;14;33;1;35;15;29,Negative,0.8045669940356734,0.15423839052897534,0.04119461543535127,-0.5371530699942794,1.0,0,0.00025394761426655865,0.0006147917085650434,0
2::joint::vision::20::bottom,2,03,vision,0.2,bottom,7,9;31;22;32;10;12;11,Negative,0.8048789028320856,0.1546619791629032,0.0404591180050112,-0.5357889096651759,1.0,0,-5.796118214562718e-05,-0.0007493686205384265,0
2::joint::vision::20::random,2,03,vision,0.2,random,7,33;34;9;18;22;8;21,Negative,0.8054641741757235,0.15449421610625186,0.04004160971802468,-0.5434451928096158,1.0,0,-0.0006432325257834659,0.006906914523901464,0
2::joint::vision::30::top,2,03,vision,0.3,top,11,34;14;33;1;35;15;29;30;23;3;2,Negative,0.8046648332547379,0.15416136548094844,0.041173801264313734,-0.5356317694698062,1.0,0,0.00015610839520208142,-0.0009065088159081469,0
2::joint::vision::30::bottom,2,03,vision,0.3,bottom,11,21;25;16;28;9;31;22;32;10;12;11,Negative,0.8047543422825244,0.15479958518184397,0.04044607253563169,-0.5312837990266936,1.0,0,6.659936741559846e-05,-0.005254479259020672,0
2::joint::vision::30::random,2,03,vision,0.3,random,11,33;34;9;18;22;8;21;24;16;17;20,Negative,0.8054014377130683,0.1548455531094958,0.03975300917743583,-0.540417014488152,1.0,0,-0.0005804960631282663,0.003878736202437727,0
3::joint::text::10::top,3,04,text,0.1,top,3,28;13;21,Negative,0.6985394282779249,0.03524838552311114,0.26621218619896386,-0.4574486017227173,1.0,0,0.2562783092825028,0.38929957743700305,1
3::joint::text::10::bottom,3,04,text,0.1,bottom,3,22;12;11,Positive,0.449177579144655,0.03976310194659768,0.5110593189087473,-0.11362508365086146,1.0,0,0.011431176572719304,0.04547605936514722,0
3::joint::text::10::random,3,04,text,0.1,random,3,15;9;21,Positive,0.44784252454847084,0.05387050836664252,0.4982869670848866,-0.21241660628999984,1.0,0,0.02420352839658002,0.14426758200428558,0
3::joint::text::20::top,3,04,text,0.2,top,6,28;13;21;27;10;14,Negative,0.886329551070227,0.034875293321108614,0.07879515560866432,-0.5731627323797771,1.0,0,0.4436953398728023,0.5050137080940629,1
3::joint::text::20::bottom,3,04,text,0.2,bottom,6,6;3;23;22;12;11,Positive,0.4526667937708227,0.03994543897758,0.5073877672515973,-0.16993139045579092,1.0,0,0.015102728229869355,0.10178236617007667,0
3::joint::text::20::random,3,04,text,0.2,random,6,15;9;21;10;1;24,Negative,0.5550797965995101,0.04159020874152903,0.4033299946589608,-0.3064026279108865,1.0,0,0.11916050082250584,0.23825360362517228,1
3::joint::text::30::top,3,04,text,0.3,top,9,28;13;21;27;10;14;26;25;24,Negative,0.7922277477966251,0.06877894803193166,0.13899330417144323,-0.1566029249557427,1.0,0,0.3834971913100234,0.08845390067002847,1
3::joint::text::30::bottom,3,04,text,0.3,bottom,9,1;2;20;6;3;23;22;12;11,Positive,0.4341112028060718,0.03633208150500758,0.5295567156889206,-0.036028491599219184,1.0,0,-0.007066220207453955,-0.03212053268649506,0
3::joint::text::30::random,3,04,text,0.3,random,9,15;9;21;10;1;24;20;18;17,Negative,0.8276565028677167,0.04888550388788646,0.12345799324439678,-0.4232260914785521,1.0,0,0.3990325022370699,0.3550770671928379,1
3::joint::audio::10::top,3,04,audio,0.1,top,3,27;2;26,Positive,0.44021967261655554,0.052631386590746704,0.5071489407926979,-0.10285062449319023,1.0,0,0.015341554688768744,0.03470160020747598,0
3::joint::audio::10::bottom,3,04,audio,0.1,bottom,3,20;17;3,Positive,0.4277137094922417,0.049865846722970945,0.5224204437847874,-0.0684535801410675,1.0,0,7.005169667928524e-05,0.00030455585535325846,0
3::joint::audio::10::random,3,04,audio,0.1,random,3,1;20;19,Positive,0.4285324509737909,0.05035234735631731,0.5211152016698919,-0.07039619343621391,1.0,0,0.0013752938115747515,0.0022471691504996616,0
3::joint::audio::20::top,3,04,audio,0.2,top,6,27;2;26;25;11;14,Positive,0.4567201724494131,0.05630073818577229,0.48697908936481465,-0.15088616098676408,1.0,0,0.03551140611665199,0.08273713670104983,0
3::joint::audio::20::bottom,3,04,audio,0.2,bottom,6,21;15;28;20;17;3,Positive,0.42876575213992707,0.049948230479918206,0.5212860173801548,-0.06852719613483974,1.0,0,0.0012044781013118566,0.00037817184912548873,0
3::joint::audio::20::random,3,04,audio,0.2,random,6,1;20;19;6;28;26,Positive,0.4310382980064056,0.05029402359130543,0.518667678402289,-0.07788418872015816,1.0,0,0.003822817079177643,0.009735164434443916,0
3::joint::audio::30::top,3,04,audio,0.3,top,9,27;2;26;25;11;14;13;8;7,Positive,0.45183541608405126,0.05405860327353412,0.4941059806424147,-0.14482016222817556,1.0,0,0.028384514839051966,0.07667113794246132,0
3::joint::audio::30::bottom,3,04,audio,0.3,bottom,9,6;23;22;21;15;28;20;17;3,Positive,0.42990686500740843,0.04950984684640857,0.520583288146183,-0.07329480988638741,1.0,0,0.0019072073352836005,0.005145785600673164,0
3::joint::audio::30::random,3,04,audio,0.3,random,9,1;20;19;6;28;26;21;11;24,Positive,0.43321322597459383,0.050390395426596096,0.5163963785988102,-0.08732710140092033,1.0,0,0.006094116882656486,0.019178077115206082,0
3::joint::vision::10::top,3,04,vision,0.1,top,3,2;15;10,Positive,0.43043053236370554,0.05027820721881859,0.5192912604174759,-0.0818201984677996,1.0,0,0.0031992350639907796,0.013671174182085355,0
3::joint::vision::10::bottom,3,04,vision,0.1,bottom,3,14;11;7,Positive,0.42722904063152056,0.050481422176801696,0.5222895371916778,-0.0692501153264727,1.0,0,0.0002009582897888329,0.0011010910407584507,0
3::joint::vision::10::random,3,04,vision,0.1,random,3,22;25;26,Positive,0.4299135321678542,0.05024048059182112,0.5198459872403247,-0.07392670001302447,1.0,0,0.0026445082411419296,0.005777675727310222,0
3::joint::vision::20::top,3,04,vision,0.2,top,6,2;15;10;8;27;9,Positive,0.4328110902503845,0.05134960703956731,0.5158393027100482,-0.09775974069322858,1.0,0,0.006651192771418457,0.029610716407514337,0
3::joint::vision::20::bottom,3,04,vision,0.2,bottom,6,13;12;5;14;11;7,Positive,0.4273805645966031,0.050597201530725416,0.5220222338726715,-0.07410187380654472,1.0,0,0.00046826160879509526,0.005952849520830472,0
3::joint::vision::20::random,3,04,vision,0.2,random,6,22;25;26;6;10;15,Positive,0.4310364489044462,0.05034195818006993,0.5186215929154839,-0.08557162114552089,1.0,0,0.0038689025659827125,0.01742259685980664,0
3::joint::vision::30::top,3,04,vision,0.3,top,9,2;15;10;8;27;9;22;24;25,Positive,0.43662740383854465,0.05119116172498149,0.5121814344364739,-0.10931758795465742,1.0,0,0.01030906104499274,0.04116856366894317,0
3::joint::vision::30::bottom,3,04,vision,0.3,bottom,9,6;20;21;13;12;5;14;11;7,Positive,0.42858749012272523,0.0507852172304875,0.5206272926467872,-0.07669149126325335,1.0,0,0.001863202834679445,0.008542466977539104,0
3::joint::vision::30::random,3,04,vision,0.3,random,9,22;25;26;6;10;15;7;14;1,Positive,0.431617622959678,0.050761856815416714,0.5176205202249052,-0.08908788646970477,1.0,0,0.00486997525656141,0.02093886218399052,0
4::joint::text::10::top,4,05,text,0.1,top,2,17;8,Positive,0.008288277680464187,0.3172571688349759,0.67445455348456,0.6311489726815905,1.0,0,0.15213336864612148,0.22727641588983805,0
4::joint::text::10::bottom,4,05,text,0.1,bottom,2,9;10,Positive,0.008814301731263637,0.16537909436184461,0.8258066039068918,0.8624757911477771,1.0,0,0.0007813182237896843,-0.0040504025763484774,0
4::joint::text::10::random,4,05,text,0.1,random,2,9;17,Positive,0.008891000952869255,0.18243039043846576,0.808678608608665,0.7810730763844081,1.0,0,0.017909313522016412,0.07735231218702043,0
4::joint::text::20::top,4,05,text,0.2,top,4,17;8;2;1,Positive,0.00954014880341894,0.3569219148478428,0.6335379363487382,0.4833391181060246,1.0,0,0.1930499857819432,0.375086270465404,0
4::joint::text::20::bottom,4,05,text,0.2,bottom,4,13;14;9;10,Positive,0.008725258237310414,0.16212421462789456,0.829150527134795,0.880778853382383,1.0,0,-0.0025626050041135384,-0.02235346481095446,0
4::joint::text::20::random,4,05,text,0.2,random,4,9;17;4;14,Positive,0.008820421141254906,0.18153095536813077,0.8096486234906144,0.7387925556727818,1.0,0,0.016939298640067046,0.11963283289864679,0
4::joint::text::30::top,4,05,text,0.3,top,6,17;8;2;1;3;4,Neutral,0.012245044731549639,0.5006858593101339,0.48706909595831654,0.37242828735283445,0.3329192304855372,0,0.3395188261723649,0.48599710121859413,1
4::joint::text::30::bottom,4,05,text,0.3,bottom,6,12;15;13;14;9;10,Positive,0.008401320312544177,0.08722889792417753,0.9043697817632783,0.8790390746934074,1.0,0,-0.07778185963259687,-0.02061368612197878,0
4::joint::text::30::random,4,05,text,0.3,random,6,9;17;4;14;11;10,Positive,0.009837176602788333,0.17224499678983282,0.8179178266073789,0.7778078147343227,1.0,0,0.008670095523302557,0.08061757383710588,0
4::joint::audio::10::top,4,05,audio,0.1,top,2,4;2,Positive,0.008324780355816502,0.16139982224445207,0.8302753973997314,0.8992670859609332,1.0,0,-0.00368747526905,-0.040841697389504605,0
4::joint::audio::10::bottom,4,05,audio,0.1,bottom,2,10;5,Positive,0.00840352824917207,0.16502585426509045,0.8265706174857375,0.8560226304190499,1.0,0,1.7304644943982872e-05,0.00240275815237867,0
4::joint::audio::10::random,4,05,audio,0.1,random,2,4;17,Positive,0.008404460863628987,0.16283494239711646,0.8287605967392546,0.8905902845518929,1.0,0,-0.0021726746085731774,-0.03216489598046435,0
4::joint::audio::20::top,4,05,audio,0.2,top,4,4;2;3;12,Positive,0.008294767664820945,0.15823757142046702,0.833467660914712,0.9410087295940944,1.0,0,-0.006879738784030587,-0.08258334102266585,0
4::joint::audio::20::bottom,4,05,audio,0.2,bottom,4,13;11;10;5,Positive,0.008419875088532992,0.16549343987748916,0.8260866850339779,0.850908236844199,1.0,0,0.0005012370967035773,0.007517151727229554,0
4::joint::audio::20::random,4,05,audio,0.2,random,4,4;17;13;1,Positive,0.008507842113946226,0.1627886220116669,0.8287035358743869,0.9015962822096688,1.0,0,-0.0021156137437055023,-0.043170893638240226,0
4::joint::audio::30::top,4,05,audio,0.3,top,6,4;2;3;12;1;14,Positive,0.008351363164593874,0.15715739137719317,0.8344912454582131,0.9626344357218061,1.0,0,-0.00790332332753163,-0.10420904715037749,0
4::joint::audio::30::bottom,4,05,audio,0.3,bottom,6,9;6;13;11;10;5,Positive,0.00843131082421889,0.1660890543835009,0.8254796347922801,0.8364010538373675,1.0,0,0.0011082873384012926,0.02202433473406107,0
4::joint::audio::30::random,4,05,audio,0.3,random,6,4;17;13;1;15;16,Positive,0.008447028737384486,0.16233200927075278,0.8292209619918627,0.9051969988005502,1.0,0,-0.002633039861181241,-0.046771610229121574,0
4::joint::vision::10::top,4,05,vision,0.1,top,2,5;3,Positive,0.008641290214407614,0.16831290557922288,0.8230458042063695,0.8328751581055778,1.0,0,0.003542117924311916,0.02555023046585081,0
4::joint::vision::10::bottom,4,05,vision,0.1,bottom,2,9;14,Positive,0.008379176753129946,0.1653168764518282,0.8263039467950419,0.8545765280723572,1.0,0,0.00028397533563950805,0.003848860499071405,0
4::joint::vision::10::random,4,05,vision,0.1,random,2,1;6,Positive,0.008419408524423924,0.1654589232397179,0.8261216682358581,0.8521207315581185,1.0,0,0.0004662538948233541,0.0063046570133100666,0
4::joint::vision::20::top,4,05,vision,0.2,top,4,5;3;6;2,Positive,0.008822510319460701,0.17135029196155457,0.8198271977189847,0.7995226723807198,1.0,0,0.006760724411696728,0.05890271619070875,0
4::joint::vision::20::bottom,4,05,vision,0.2,bottom,4,1;13;9;14,Positive,0.008432450850900637,0.16543142596083588,0.8261361231882635,0.8522423250334603,1.0,0,0.00045179894241798024,0.00618306353796827,0
4::joint::vision::20::random,4,05,vision,0.2,random,4,1;6;9;15,Positive,0.008413205952264552,0.16534474146613884,0.8262420525815966,0.8546480877058846,1.0,0,0.0003458695490848873,0.0037773008655439533,0
4::joint::vision::30::top,4,05,vision,0.3,top,6,5;3;6;2;4;12,Positive,0.009088066533569248,0.17390859833060154,0.8170033351358292,0.779306675706591,1.0,0,0.009584586994852207,0.07911871286483763,0
4::joint::vision::30::bottom,4,05,vision,0.3,bottom,6,8;17;1;13;9;14,Positive,0.008489499840569016,0.16534560558950817,0.8261648945699228,0.8496776819229126,1.0,0,0.00042302756075862646,0.008747706648515985,0
4::joint::vision::30::random,4,05,vision,0.3,random,6,1;6;9;15;5;3,Positive,0.008757181820848746,0.1693726339586354,0.8218701842205158,0.8225226402282715,1.0,0,0.004717737910165609,0.0359027483431571,0
5::joint::text::10::top,5,06,text,0.1,top,4,30;27;3;35,Positive,0.01251874095432159,0.19399024911914345,0.793491009926535,0.6587247337613787,1.0,0,0.011545817111119017,0.10220475766719272,0
5::joint::text::10::bottom,5,06,text,0.1,bottom,4,25;23;26;9,Positive,0.01302106342596544,0.17778551278726565,0.809193423786769,0.7215615425791059,1.0,0,-0.004156596749114949,0.039367948849465595,0
5::joint::text::10::random,5,06,text,0.1,random,4,9;27;32;25,Positive,0.011703300613513766,0.18002569817285333,0.8082710012136329,0.7003817984036037,1.0,0,-0.003234174175978932,0.060547693024967764,0
5::joint::text::20::top,5,06,text,0.2,top,8,30;27;3;35;2;1;33;31,Positive,0.010163248671832575,0.08363854487847529,0.9061982064496922,0.7551446301596505,1.0,0,-0.10116137941203818,0.005784861268920971,0
5::joint::text::20::bottom,5,06,text,0.2,bottom,8,36;10;16;22;25;23;26;9,Positive,0.012200738649776242,0.21643899512074508,0.7713602662294786,0.6773824287312371,1.0,0,0.03367656080817538,0.08354706269733436,0
5::joint::text::20::random,5,06,text,0.2,random,8,9;27;32;25;20;6;5;18,Positive,0.02495839360422567,0.0,0.9750416063957743,0.45109026985509054,0.23847842333462654,1,-0.1700047793581203,0.3098392215734809,0
5::joint::text::30::top,5,06,text,0.3,top,12,30;27;3;35;2;1;33;31;5;32;7;8,Positive,0.024614860349219767,0.0,0.9753851396507802,0.44512913695403505,0.2045418891209882,1,-0.17034831261312622,0.3158003544745364,0
5::joint::text::30::bottom,5,06,text,0.3,bottom,12,34;28;29;6;36;10;16;22;25;23;26;9,Positive,0.011137996562887128,0.22560547588220936,0.7632565275549035,0.6397336881075587,1.0,0,0.04178029948275053,0.12119580332101276,0
5::joint::text::30::random,5,06,text,0.3,random,12,9;27;32;25;20;6;5;18;16;36;10;33,Neutral,0.013182032964610341,0.582361448935395,0.4044565180999947,0.3510191376720156,0.40678031333308945,0,0.4005803089376593,0.4099103537565559,1
5::joint::audio::10::top,5,06,audio,0.1,top,4,22;2;4;5,Positive,0.012877606423036387,0.1979757181123144,0.7891466754646492,0.7438182830810547,1.0,0,0.015890151573004774,0.017111208347516782,0
5::joint::audio::10::bottom,5,06,audio,0.1,bottom,4,1;19;7;21,Positive,0.013250614634029358,0.18179951069960673,0.8049498746663639,0.7624871560505458,1.0,0,8.695237129008326e-05,-0.001557664621974375,0
5::joint::audio::10::random,5,06,audio,0.1,random,4,16;17;37;30,Positive,0.013200350915669278,0.1821536142519856,0.8046460348323451,0.7616811863013676,1.0,0,0.0003907922053089097,-0.0007516948727961381,0
5::joint::audio::20::top,5,06,audio,0.2,top,8,22;2;4;5;6;28;17;14,Positive,0.01319191279925656,0.2019054673530993,0.7849026198476442,0.7358520882470267,1.0,0,0.0201342071900098,0.025077403181544722,0
5::joint::audio::20::bottom,5,06,audio,0.2,bottom,8,34;36;35;25;1;19;7;21,Positive,0.013263014918055599,0.17546349426311103,0.8112734908188335,0.7720545658043453,1.0,0,-0.006236663781179486,-0.011125074375773814,0
5::joint::audio::20::random,5,06,audio,0.2,random,8,16;17;37;30;9;33;2;34,Positive,0.013321527255217956,0.18752146197091654,0.7991570107738656,0.760149530002049,1.0,0,0.005879816263788418,0.0007799614265224797,0
5::joint::audio::30::top,5,06,audio,0.3,top,12,22;2;4;5;6;28;17;14;10;24;12;3,Positive,0.01358922876566805,0.21082911111969566,0.7755816601146363,0.715131795832089,1.0,0,0.02945516692301775,0.0457976955964825,0
5::joint::audio::30::bottom,5,06,audio,0.3,bottom,12,31;20;32;27;34;36;35;25;1;19;7;21,Positive,0.01344660550369792,0.1730769480473696,0.8134764464489325,0.7875486016273499,1.0,0,-0.008439619411278465,-0.026619110198778384,0
5::joint::audio::30::random,5,06,audio,0.3,random,12,16;17;37;30;9;33;2;34;29;32;8;24,Positive,0.013176172117951055,0.1953836798630222,0.7914401480190268,0.7551906044994082,1.0,0,0.013596679018627156,0.005738886929163245,0
5::joint::vision::10::top,5,06,vision,0.1,top,4,37;1;9;34,Positive,0.014108445795020404,0.1993757113060099,0.7865158428989697,0.7233577838965825,1.0,0,0.018520984138684304,0.03757170753198902,0
5::joint::vision::10::bottom,5,06,vision,0.1,bottom,4,29;13;25;27,Positive,0.012705787838571526,0.18081459694040286,0.8064796152210256,0.7591111532279423,1.0,0,-0.0014427881833716238,0.0018183382006291549,0
5::joint::vision::10::random,5,06,vision,0.1,random,4,36;6;32;11,Positive,0.01254011826685204,0.1709955112002731,0.8164643705328749,0.7690228564398629,1.0,0,-0.011427543495220904,-0.008093365011291431,0
5::joint::vision::20::top,5,06,vision,0.2,top,8,37;1;9;34;8;33;35;18,Positive,0.013781022656157351,0.19003550687882442,0.7961834704650183,0.7387402823993138,1.0,0,0.008853356572635751,0.022189209029257695,0
5::joint::vision::20::bottom,5,06,vision,0.2,bottom,8,31;30;12;14;29;13;25;27,Positive,0.01272591467440418,0.1805308202510028,0.806743265074593,0.7561961923326764,1.0,0,-0.0017064380369390397,0.004733299095895038,0
5::joint::vision::20::random,5,06,vision,0.2,random,8,36;6;32;11;19;12;7;23,Positive,0.012390101064048456,0.08935948076649429,0.8982504181694573,0.7776207753590175,1.0,0,-0.09321359113180328,-0.016691283930446055,0
5::joint::vision::30::top,5,06,vision,0.3,top,12,37;1;9;34;8;33;35;18;7;32;3;10,Positive,0.013479473014779333,0.17967133980672603,0.8068491871784946,0.7532612809113094,1.0,0,-0.0018123601408406298,0.007668210517262075,0
5::joint::vision::30::bottom,5,06,vision,0.3,bottom,12,15;11;26;28;31;30;12;14;29;13;25;27,Positive,0.012654706975545988,0.19034648729790263,0.7969988057265515,0.7460271630968366,1.0,0,0.008038021311102539,0.014902328331734882,0
5::joint::vision::30::random,5,06,vision,0.3,random,12,36;6;32;11;19;12;7;23;3;21;2;22,Positive,0.012080386745693396,0.08036464700537665,0.90755496624893,0.7880293301173619,1.0,0,-0.10251813921127595,-0.0270998386887904,0
6::joint::text::10::top,6,07,text,0.1,top,5,14;13;6;21;45,Positive,0.010396497599063326,0.07646285398826344,0.9131406484126733,0.7054767693792071,1.0,0,0.04005198449312242,0.21878479490650726,0
6::joint::text::10::bottom,6,07,text,0.1,bottom,5,29;37;35;38;41,Positive,0.007917506829864255,0.0382413336426143,0.9538411595275215,0.9114839945520673,1.0,0,-0.0006485266217257646,0.012777569733647076,0
6::joint::text::10::random,6,07,text,0.1,random,5,38;33;23;29;6,Positive,0.007435933430850085,0.03490625544121686,0.957657811127933,0.9511774437768119,1.0,0,-0.004465178222137323,-0.026915879491097527,0
6::joint::text::20::top,6,07,text,0.2,top,10,14;13;6;21;45;7;22;49;47;15,Positive,0.011017978660701767,0.08714010383106906,0.9018419175082292,0.6393004613263267,1.0,0,0.051350715397566526,0.2849611029593877,0
6::joint::text::20::bottom,6,07,text,0.2,bottom,10,19;43;25;5;36;29;37;35;38;41,Positive,0.00798578618257479,0.04021818260741602,0.9517960312100092,0.897423940045493,1.0,0,0.0013966016957864813,0.026837624240221403,0
6::joint::text::20::random,6,07,text,0.2,random,10,38;33;23;29;6;11;16;43;49;5,Positive,0.007612123043151408,0.03628550312548098,0.9561023738313676,0.9252368807792664,1.0,0,-0.0029097409255719464,-0.0009753164935519809,0
6::joint::text::30::top,6,07,text,0.3,top,15,14;13;6;21;45;7;22;49;47;15;9;48;34;44;8,Positive,0.010447699925216786,0.08018768777301248,0.9093646123017708,0.6557006878512246,1.0,0,0.04382802060402491,0.2685608764344898,0
6::joint::text::30::bottom,6,07,text,0.3,bottom,15,10;27;12;33;28;19;43;25;5;36;29;37;35;38;41,Positive,0.007598986887199437,0.035760704912044874,0.9566403082007557,0.9290361830166408,1.0,0,-0.0034476752949600398,-0.004774618730926439,0
6::joint::text::30::random,6,07,text,0.3,random,15,38;33;23;29;6;11;16;43;49;5;18;40;10;20;36,Positive,0.007639034344568865,0.03891251802192191,0.9534484476335092,0.8783652612141201,1.0,0,-0.00025581472771352143,0.04589630307159431,0
6::joint::audio::10::top,6,07,audio,0.1,top,5,8;1;50;23;7,Positive,0.0074716794517122,0.03533309715170211,0.9571952233965857,0.9648408038275582,1.0,0,-0.004002590490789992,-0.04057923954184384,0
6::joint::audio::10::bottom,6,07,audio,0.1,bottom,5,26;34;36;37;20,Positive,0.007716181924024392,0.03917988807373893,0.9531039300022367,0.9248800618307931,1.0,0,8.870290355900146e-05,-0.0006184975450787,0
6::joint::audio::10::random,6,07,audio,0.1,random,5,10;17;34;3;5,Positive,0.007643436073572044,0.038516986142825886,0.9538395777836021,0.9326038786343166,1.0,0,-0.0006469448778063658,-0.00834231434860222,0
6::joint::audio::20::top,6,07,audio,0.2,top,10,8;1;50;23;7;24;13;2;32;48,Positive,0.007337161095834093,0.03612543620652022,0.9565374026976456,0.9440873605864388,1.0,0,-0.003344769791849944,-0.019825796300724452,0
6::joint::audio::20::bottom,6,07,audio,0.2,bottom,10,9;14;38;21;35;26;34;36;37;20,Positive,0.007725320126950389,0.04013924061105912,0.9521354392619905,0.926568159035274,1.0,0,0.0010571936438051877,-0.0023065947495596317,0
6::joint::audio::20::random,6,07,audio,0.2,random,10,10;17;34;3;5;42;1;31;24;15,Positive,0.007260824351333935,0.03571499742530151,0.9570241782233646,0.9464099832943508,1.0,0,-0.0038315453175689074,-0.0221484190086364,0
6::joint::audio::30::top,6,07,audio,0.3,top,15,8;1;50;23;7;24;13;2;32;48;28;16;43;22;3,Positive,0.0074501440031200135,0.03559340167763746,0.9569564543192426,0.9466635669980731,1.0,0,-0.0037638214134468884,-0.022402002712358704,0
6::joint::audio::30::bottom,6,07,audio,0.3,bottom,15,41;33;42;45;40;9;14;38;21;35;26;34;36;37;20,Positive,0.0076963137093236465,0.039932294309739,0.9523713919809373,0.9343393104416984,1.0,0,0.0008212409248583574,-0.010077746155984002,0
6::joint::audio::30::random,6,07,audio,0.3,random,15,10;17;34;3;5;42;1;31;24;15;9;29;43;48;45,Positive,0.007406188748181046,0.03716340488424546,0.9554304063675735,0.9389575379235404,1.0,0,-0.002237773461777781,-0.014695973637826043,0
6::joint::vision::10::top,6,07,vision,0.1,top,5,1;50;8;20;2,Positive,0.016155188060014737,0.14232653084548827,0.841518281094497,0.8393285231930869,1.0,0,0.1116743518112987,0.08493304109262745,0
6::joint::vision::10::bottom,6,07,vision,0.1,bottom,5,36;34;46;35;22,Positive,0.007681328323426932,0.03874288325587983,0.9535757884206933,0.9296198998178754,1.0,0,-0.00038315551489764843,-0.005358335532161029,0
6::joint::vision::10::random,6,07,vision,0.1,random,5,41;17;24;42;5,Positive,0.007570701498543261,0.038246689068748355,0.9541826094327084,0.9341955695833478,1.0,0,-0.0009899765269126837,-0.009934005297633441,0
6::joint::vision::20::top,6,07,vision,0.2,top,10,1;50;8;20;2;49;13;6;4;7,Positive,0.013976389172325184,0.0562885612380905,0.9297350495895843,0.8772408493927547,1.0,0,0.023457583316211394,0.04702071489295967,0
6::joint::vision::20::bottom,6,07,vision,0.2,bottom,10,42;37;40;17;48;36;34;46;35;22,Positive,0.007552878177103006,0.03822414759039114,0.9542229742325059,0.9368486659867423,1.0,0,-0.0010303413267102046,-0.012587101701027947,0
6::joint::vision::20::random,6,07,vision,0.2,random,10,41;17;24;42;5;20;48;11;1;7,Positive,0.008202553484056562,0.039372427182110974,0.9524250193338325,0.9258599196161542,1.0,0,0.0007676135719631993,-0.001598355330439838,0
6::joint::vision::30::top,6,07,vision,0.3,top,15,1;50;8;20;2;49;13;6;4;7;5;3;23;14;9,Positive,0.011115799793948236,0.042350931528572264,0.9465332686774796,0.9258932386125837,1.0,0,0.006659364228316145,-0.0016316743268692813,0
6::joint::vision::30::bottom,6,07,vision,0.3,bottom,15,45;26;33;25;41;42;37;40;17;48;36;34;46;35;22,Positive,0.007522405053673575,0.03800398088858331,0.9544736140577432,0.9413961086954389,1.0,0,-0.0012809811519475245,-0.017134544409724506,0
6::joint::vision::30::random,6,07,vision,0.3,random,15,41;17;24;42;5;20;48;11;1;7;6;49;9;18;47,Positive,0.007804553861099154,0.037185095816810045,0.9550103503220908,0.9476922580174038,1.0,0,-0.001817717416295106,-0.023430693731689378,0
7::joint::text::10::top,7,08,text,0.1,top,2,4;3,Neutral,0.01748263125820007,0.7835887307765148,0.19892863796528515,0.20244819298386574,0.6860258251423358,0,-0.10724485501050052,0.06329674644470568,0
7::joint::text::10::bottom,7,08,text,0.1,bottom,2,6;5,Neutral,0.012329300296438424,0.6770437403404441,0.31062695936311746,0.2680721820465156,0.5050087476235684,0,-0.0006998645744298315,-0.002327242617944203,0
7::joint::text::10::random,7,08,text,0.1,random,2,3;12,Neutral,0.01651078770067567,0.7801620848564434,0.2033271274428808,0.1966020930558443,0.6765953358417773,0,-0.10381820909042916,0.06914284637272711,0
7::joint::text::20::top,7,08,text,0.2,top,3,4;3;12,Neutral,0.01774087973401378,0.7922562574921191,0.19000286277386688,0.18475117827100412,0.7114560838995326,0,-0.11591238172610485,0.08099376115756729,0
7::joint::text::20::bottom,7,08,text,0.2,bottom,3,10;6;5,Neutral,0.012096087724047118,0.67898574951423,0.30891816276172296,0.26470075570978224,0.5083503416965781,0,-0.002641873748215673,0.0010441837187891712,0
7::joint::text::20::random,7,08,text,0.2,random,3,3;12;11,Neutral,0.01989481553452918,0.7805327071134996,0.19957247735197114,0.17671966752303497,0.6459691396207501,0,-0.10418883134748536,0.08902527190553644,0
7::joint::text::30::top,7,08,text,0.3,top,4,4;3;12;11,Neutral,0.019654139743841687,0.7959419737590436,0.1844038864971147,0.16795118153095245,0.7030704316028986,0,-0.11959809799302934,0.09779375789761896,0
7::joint::text::30::bottom,7,08,text,0.3,bottom,4,9;10;6;5,Neutral,0.012347364402335501,0.6807632831273237,0.3068893524703409,0.26222396133068415,0.5161593769988524,0,-0.004419407361309413,0.003520978097887262,0
7::joint::text::30::random,7,08,text,0.3,random,4,3;12;11;8,Neutral,0.022308741993366073,0.7741565661777058,0.20353469182892814,0.1798094186399664,0.6251090631950468,0,-0.0978126904116915,0.085935520788605,0
7::joint::audio::10::top,7,08,audio,0.1,top,2,2;12,Neutral,0.014807005549862718,0.6810688548537953,0.30412413959634205,0.2588525017989533,0.5092263283730903,0,-0.004724979087781023,0.006892437629618109,0
7::joint::audio::10::bottom,7,08,audio,0.1,bottom,2,5;4,Neutral,0.014282059929899891,0.6748965716625706,0.3108213684075296,0.26870690871562275,0.5017621272128651,0,0.0014473041034437362,-0.002961969287051336,0
7::joint::audio::10::random,7,08,audio,0.1,random,2,8;3,Neutral,0.014236328465723742,0.6742144124179091,0.31154925911636716,0.26826893351972103,0.5048499913897975,0,0.002129463348105154,-0.0025239940911496173,0
7::joint::audio::20::top,7,08,audio,0.2,top,3,2;12;7,Neutral,0.013738025604944467,0.6766964172495248,0.3095655571455308,0.26845414929890205,0.4879207720696004,0,-0.0003525414835104934,-0.002709209870330631,0
7::joint::audio::20::bottom,7,08,audio,0.2,bottom,3,3;5;4,Neutral,0.014733770879010172,0.6744454988230464,0.31082073029794344,0.2687335078205381,0.49850337035495523,0,0.0018983769429679054,-0.002988568391966706,0
7::joint::audio::20::random,7,08,audio,0.2,random,3,8;3;1,Neutral,0.015623314809209234,0.6677605320018353,0.3166161531889555,0.27086860473666874,0.48194831179560027,0,0.008583343764179019,-0.005123665308097325,0
7::joint::audio::30::top,7,08,audio,0.3,top,4,2;12;7;9,Neutral,0.013757397539678274,0.6687791469201771,0.3174634555401446,0.2784027632858072,0.4724040851211474,0,0.007564728845837143,-0.012657823857235795,0
7::joint::audio::30::bottom,7,08,audio,0.3,bottom,4,10;3;5;4,Neutral,0.01548200758063417,0.6804957461864238,0.3040222462329421,0.2605921929436071,0.501264422418553,0,-0.0041518704204095425,0.005152746484964332,0
7::joint::audio::30::random,7,08,audio,0.3,random,4,8;3;1;4,Neutral,0.016029327226384442,0.6664866834356077,0.3174839893380079,0.2736747485718557,0.47532275648963274,0,0.009857192330406606,-0.007929809143284283,0
7::joint::vision::10::top,7,08,vision,0.1,top,2,2;5,Neutral,0.014270324261017384,0.6659180044363957,0.3198116713025869,0.28259179767753395,0.4941264517024065,0,0.010425871329618586,-0.016846858248962537,0
7::joint::vision::10::bottom,7,08,vision,0.1,bottom,2,10;12,Neutral,0.014307718729723133,0.6703472438150008,0.31534503745527603,0.2745882647910288,0.5033647636067687,0,0.00599663195101352,-0.00884332536245741,0
7::joint::vision::10::random,7,08,vision,0.1,random,2,7;3,Neutral,0.014272880531340095,0.6681006045271002,0.31762651494155975,0.27819266276700155,0.49825119699678566,0,0.008243271238914107,-0.012447723338430139,0
7::joint::vision::20::top,7,08,vision,0.2,top,3,2;5;13,Neutral,0.01454784559519973,0.6621711087191459,0.32328104568565447,0.28620668926409315,0.4901577877367951,0,0.014172767046868429,-0.020461749835521736,0
7::joint::vision::20::bottom,7,08,vision,0.2,bottom,3,9;10;12,Neutral,0.01429169891424038,0.6668822265551028,0.31882607453065676,0.279658892990223,0.5011453047008687,0,0.009461649210911527,-0.013913953561651593,0
7::joint::vision::20::random,7,08,vision,0.2,random,3,7;3;13,Neutral,0.014626868229462653,0.6641902361196417,0.32118289565089564,0.28235469119889395,0.4934677673586427,0,0.012153639646372616,-0.016609751770322534,0
7::joint::vision::30::top,7,08,vision,0.3,top,4,2;5;13;3,Neutral,0.014345721628756787,0.6584522222891149,0.32720205608212827,0.29105893921639236,0.486290588253957,0,0.01789165347689936,-0.02531399978782095,0
7::joint::vision::30::bottom,7,08,vision,0.3,bottom,4,6;9;10;12,Neutral,0.014255715297536867,0.6647254296495785,0.3210188550528847,0.2829845888190903,0.49980230745143517,0,0.01161844611643581,-0.017239649390518863,0
7::joint::vision::30::random,7,08,vision,0.3,random,4,7;3;13;2,Neutral,0.014332395068962316,0.6592263296804032,0.32644127525063454,0.29026520465101513,0.48604420123432795,0,0.017117546085611113,-0.024520265222443716,0
8::joint::text::10::top,8,09,text,0.1,top,2,17;18,Negative,0.9630418855195085,0.015466800640204257,0.021491313840287185,-1.8680749450411116,1.0,0,0.02324224686441534,-0.12124460353031696,0
8::joint::text::10::bottom,8,09,text,0.1,bottom,2,20;3,Negative,0.9861073718832587,0.009548516347594162,0.004344111769147205,-1.987739426749093,1.0,0,0.00017676050066517401,-0.0015801218223354674,0
8::joint::text::10::random,8,09,text,0.1,random,2,18;5,Negative,0.9686386889287387,0.014817799414688894,0.016543511656572436,-1.788583755493164,1.0,0,0.01764544345518515,-0.2007357930782645,0
8::joint::text::20::top,8,09,text,0.2,top,4,17;18;6;19,Negative,0.4898217509907622,0.29760206484281276,0.21257618416642496,-0.3527130564408643,1.0,0,0.4964623813931617,-1.6366064921305643,0
8::joint::text::20::bottom,8,09,text,0.2,bottom,4,4;16;20;3,Negative,0.9870605511911817,0.0087974401150653,0.0041420086937529275,-1.981208622455597,1.0,0,-0.0007764188072578726,-0.00811092611583164,0
8::joint::text::20::random,8,09,text,0.2,random,4,18;5;9;13,Negative,0.6877027921292772,0.2736088338271753,0.03868837404354753,-0.9877423388617379,1.0,0,0.29858134025464667,-1.0015772097096907,0
8::joint::text::30::top,8,09,text,0.3,top,6,17;18;6;19;13;1,Positive,0.15183124640536844,0.021141073991672612,0.827027679602959,0.7762875812394279,1.0,0,0.8344528859785554,-2.7656071298108564,1
8::joint::text::30::bottom,8,09,text,0.3,bottom,6,15;5;4;16;20;3,Negative,0.9867191339494032,0.00918460973527962,0.0040962563153172,-1.9776013238089425,1.0,0,-0.00043500156547937596,-0.011718224762486074,0
8::joint::text::30::random,8,09,text,0.3,random,6,18;5;9;13;16;3,Negative,0.9486635830370774,0.023650972691551083,0.02768544427137153,-1.488921812602452,1.0,0,0.037620549346846444,-0.5003977359689766,0
8::joint::audio::10::top,8,09,audio,0.1,top,2,8;2,Negative,0.9864173415697473,0.009443148623605215,0.004139509806647585,-1.9881255882126945,1.0,0,-0.0001332091858233797,-0.001193960358734092,0
8::joint::audio::10::bottom,8,09,audio,0.1,bottom,2,18;16,Negative,0.9863558206194988,0.00945505010856547,0.0041891292719357775,-1.9897307923861913,1.0,0,-7.168823557490711e-05,0.00041124381476276284,0
8::joint::audio::10::random,8,09,audio,0.1,random,2,18;6,Negative,0.9863556881456704,0.009441310701098828,0.004203001153230729,-1.9891612104007177,1.0,0,-7.155576174655565e-05,-0.00015833817071086997,0
8::joint::audio::20::top,8,09,audio,0.2,top,4,8;2;12;7,Negative,0.9867801269981424,0.009286999786887866,0.003932873214969733,-1.9910525849887304,1.0,0,-0.0004959946142185645,0.0017330364173018253,0
8::joint::audio::20::bottom,8,09,audio,0.2,bottom,4,6;19;18;16,Negative,0.986362420575852,0.009437489948343664,0.0042000894758041935,-1.9869323372840881,1.0,0,-7.828819192812198e-05,-0.0023872112873404294,0
8::joint::audio::20::random,8,09,audio,0.2,random,4,18;6;12;2,Negative,0.9866600801476989,0.009329901394065272,0.0040100184582358474,-1.993972292968205,1.0,0,-0.0003759477637750308,0.0046527443967765425,0
8::joint::audio::30::top,8,09,audio,0.3,top,6,8;2;12;7;1;20,Negative,0.9867363887210474,0.00930051936247875,0.003963091916473874,-1.9883700694356645,1.0,0,-0.0004522563371235355,-0.000949479135764042,0
8::joint::audio::30::bottom,8,09,audio,0.3,bottom,6,17;5;6;19;18;16,Negative,0.9863180881401525,0.009459407424620182,0.004222504435227282,-1.9862870403698512,1.0,0,-3.39557562286652e-05,-0.0030325082015774107,0
8::joint::audio::30::random,8,09,audio,0.3,random,6,18;6;12;2;20;8,Negative,0.9866490762999799,0.009344862755672523,0.004006060944347608,-1.9907462511743819,1.0,0,-0.0003649439160560153,0.0014267026029533003,0
8::joint::vision::10::top,8,09,vision,0.1,top,2,17;3,Negative,0.986135598366428,0.009542638249634357,0.004321763383937745,-1.9857161811419897,1.0,0,0.0001485340174959271,-0.0036033674294388973,0
8::joint::vision::10::bottom,8,09,vision,0.1,bottom,2,15;20,Negative,0.9862752676795424,0.009487495067098606,0.004237237253358987,-1.9891124538012914,1.0,0,8.864704381439381e-06,-0.0002070947701371395,0
8::joint::vision::10::random,8,09,vision,0.1,random,2,11;2,Negative,0.9862390811577042,0.009512965538299748,0.004247953303996085,-1.9881613509995597,1.0,0,4.505122621967228e-05,-0.0011581975718688575,0
8::joint::vision::20::top,8,09,vision,0.2,top,4,17;3;5;4,Negative,0.9859546789685764,0.009610363565430947,0.004434957465992561,-1.980619558266231,1.0,0,0.0003294534153475137,-0.008699990305197636,0
8::joint::vision::20::bottom,8,09,vision,0.2,bottom,4,10;11;15;20,Negative,0.9862798387371202,0.009470815867980402,0.004249345394899457,-1.9891382200377328,1.0,0,4.293646803654738e-06,-0.00018132853369579038,0
8::joint::vision::20::random,8,09,vision,0.2,random,4,11;2;18;5,Negative,0.9861638339281553,0.009552485340796215,0.004283680731048523,-1.986017303807395,1.0,0,0.00012029845576855269,-0.003302244764033624,0
8::joint::vision::30::top,8,09,vision,0.3,top,6,17;3;5;4;8;2,Negative,0.985772228429693,0.009678037239938327,0.0045497343303686835,-1.9748098254203796,1.0,0,0.0005119039542308412,-0.014509723151048926,0
8::joint::vision::30::bottom,8,09,vision,0.3,bottom,6,13;12;10;11;15;20,Negative,0.9862642193730624,0.009453607499511681,0.004282173127426039,-1.9885149938719613,1.0,0,1.991301086146091e-05,-0.0008045546994672748,0
8::joint::vision::30::random,8,09,vision,0.3,random,6,11;2;18;5;9;3,Negative,0.9860402985364831,0.009593080705513225,0.004366620758003638,-1.9817108511924744,1.0,0,0.00024383384744075531,-0.007608697378954199,0
9::joint::text::10::top,9,10,text,0.1,top,4,32;1;2;26,Positive,0.157687367072603,0.021150184582633298,0.8211624483447637,0.9556441988263812,1.0,0,0.8095718138787263,-2.5029438759692386,1
9::joint::text::10::bottom,9,10,text,0.1,bottom,4,28;7;12;16,Negative,0.971896666632971,0.016579865199029944,0.011523468167998971,-1.57426883493151,1.0,0,-0.004637485681641684,0.02696915778865261,0
9::joint::text::10::random,9,10,text,0.1,random,4,20;29;21;5,Negative,0.9751035097586771,0.015207720047550692,0.009688770193772248,-1.689745341028486,1.0,0,-0.007844328807347756,0.14244566388562863,0
9::joint::text::20::top,9,10,text,0.2,top,7,32;1;2;26;30;17;27,Positive,0.158733506300541,0.02249883236994707,0.818767661329512,0.8761153135980878,1.0,0,0.8085256746507883,-2.423414990740945,1
9::joint::text::20::bottom,9,10,text,0.2,bottom,7,18;31;29;28;7;12;16,Negative,0.9702530153712094,0.017886810622788244,0.01186017400600229,-1.5938428044319153,1.0,0,-0.0029938344198801037,0.04654312728905796,0
9::joint::text::20::random,9,10,text,0.2,random,7,20;29;21;5;30;8;15,Negative,0.9675975617656042,0.01865419603036687,0.013748242204028989,-1.5229496274675642,1.0,0,-0.00033838081427484124,-0.024350049675293084,0
9::joint::text::30::top,9,10,text,0.3,top,10,32;1;2;26;30;17;27;22;20;19,Positive,0.43223683585078443,0.04790348875582964,0.519859675393386,-0.15531451574393682,1.0,0,0.5350223451005449,-1.3919851613989205,1
9::joint::text::30::bottom,9,10,text,0.3,bottom,10,8;6;5;18;31;29;28;7;12;16,Negative,0.9713513831061787,0.01790405711846336,0.010744559775357914,-1.5757381745747157,1.0,0,-0.0040922021548494,0.028438497431858334,0
9::joint::text::30::random,9,10,text,0.3,random,10,20;29;21;5;30;8;15;2;25;24,Negative,0.9730748562360952,0.01337697809840809,0.013548165665496754,-1.5514104451451982,1.0,0,-0.005815675284765898,0.004110768002340892,0
9::joint::audio::10::top,9,10,audio,0.1,top,4,13;31;11;10,Negative,0.9683757089084157,0.015979757064411026,0.01564453402717322,-1.571506951536451,1.0,0,-0.0011165279570863884,0.024207274393593714,0
9::joint::audio::10::bottom,9,10,audio,0.1,bottom,4,8;3;5;27,Negative,0.9672068656024962,0.01631219968418706,0.016480934713316724,-1.5441739644323076,1.0,0,5.231534883309852e-05,-0.003125712710549733,0
9::joint::audio::10::random,9,10,audio,0.1,random,4,5;20;23;24,Negative,0.9674617602653817,0.016229924874045308,0.01630831486057308,-1.544853457382747,1.0,0,-0.00020257931405232021,-0.0024462197601102798,0
9::joint::audio::20::top,9,10,audio,0.2,top,7,13;31;11;10;14;19;16,Negative,0.9677350325273735,0.01612009689658764,0.016144870576038896,-1.556629547051021,1.0,0,-0.0004758515760441284,0.009329869908163646,0
9::joint::audio::20::bottom,9,10,audio,0.2,bottom,7,12;6;4;8;3;5;27,Negative,0.9669001542024017,0.01641984858370697,0.016679997213891306,-1.5403942465782166,1.0,0,0.00035902674892762665,-0.006905430564640769,0
9::joint::audio::20::random,9,10,audio,0.2,random,7,5;20;23;24;2;15;17,Negative,0.9668628743395055,0.016458867050692078,0.016678258609802384,-1.5356775266783578,1.0,0,0.00039630661182388227,-0.011622150464499548,0
9::joint::audio::30::top,9,10,audio,0.3,top,10,13;31;11;10;14;19;16;20;22;17,Negative,0.9667358289301689,0.016411587815558848,0.016852583254272226,-1.5365082962172372,1.0,0,0.0005233520211604947,-0.010791380925620153,0
9::joint::audio::30::bottom,9,10,audio,0.3,bottom,10,7;30;18;12;6;4;8;3;5;27,Negative,0.9667663718857064,0.016439862184804418,0.01679376592948922,-1.533508769103459,1.0,0,0.00049280906562299,-0.013790908039398309,0
9::joint::audio::30::random,9,10,audio,0.3,random,10,5;20;23;24;2;15;17;16;8;1,Negative,0.9662304145164452,0.01661845681798824,0.017151128665566583,-1.5239658100264413,1.0,0,0.001028766434884143,-0.02333386711641605,0
9::joint::vision::10::top,9,10,vision,0.1,top,4,4;3;2;1,Negative,0.9657455001385087,0.01664268502156764,0.017611814839923745,-1.5149995684623718,1.0,0,0.0015136808128206614,-0.032300108680485495,0
9::joint::vision::10::bottom,9,10,vision,0.1,bottom,4,23;19;8;11,Negative,0.9671587750347094,0.01635980137560922,0.01648142358968145,-1.5464828951018197,1.0,0,0.00010040591661997222,-0.0008167820410376336,0
9::joint::vision::10::random,9,10,vision,0.1,random,4,25;8;19;3,Negative,0.9668968281621938,0.016392123487955535,0.01671104834985072,-1.5405398522104536,1.0,0,0.0003623527891355449,-0.00675982493240368,0
9::joint::vision::20::top,9,10,vision,0.2,top,7,4;3;2;1;32;5;26,Negative,0.9657327804598815,0.01669093234235812,0.017576287197760394,-1.5123266748019628,1.0,0,0.0015264004914478102,-0.03497300234089451,0
9::joint::vision::20::bottom,9,10,vision,0.2,bottom,7,27;14;13;23;19;8;11,Negative,0.9670830052522684,0.016403855697061903,0.016513139050669614,-1.5443426285471236,1.0,0,0.0001761756990609209,-0.0029570485957337578,0
9::joint::vision::20::random,9,10,vision,0.2,random,7,25;8;19;3;11;30;29,Negative,0.9670461816492395,0.016391124189214425,0.016562694161546054,-1.541846948010581,1.0,0,0.00021299930208984463,-0.005452729132276346,0
9::joint::vision::30::top,9,10,vision,0.3,top,10,4;3;2;1;32;5;26;31;25;24,Negative,0.9660086973655551,0.01668373566812453,0.017307566966320506,-1.5122743248939514,1.0,0,0.0012504835857742869,-0.035025352248905905,0
9::joint::vision::30::bottom,9,10,vision,0.3,bottom,10,18;20;10;27;14;13;23;19;8;11,Negative,0.9669728375722334,0.016448163851938997,0.016578998575827633,-1.5422658664839608,1.0,0,0.00028634337909594354,-0.00503381065889652,0
9::joint::vision::30::random,9,10,vision,0.3,random,10,25;8;19;3;11;30;29;5;7;31,Negative,0.9668093320686619,0.01649600679949621,0.016694661131841905,-1.5366374169077193,1.0,0,0.0004498488826674141,-0.010662260235138055,0
10::joint::text::10::top,10,11,text,0.1,top,2,5;9,Neutral,0.16457765861798648,0.6703114532886303,0.16511088809338326,-0.07218144887260028,0.48093262880022525,0,0.814797318376808,-1.6252852454131141,1
10::joint::text::10::bottom,10,11,text,0.1,bottom,2,1;16,Negative,0.9798844513140808,0.013984544494367607,0.006131004191551611,-1.7012763023376465,1.0,0,-0.0005094743192862738,0.0038096080519320896,0
10::joint::text::10::random,10,11,text,0.1,random,2,6;1,Negative,0.9792527764269345,0.014690434547335672,0.006056789025729859,-1.6892550076757158,1.0,0,0.0001222005678599425,-0.008211686609998603,0
10::joint::text::20::top,10,11,text,0.2,top,4,5;9;4;3,Neutral,0.1796655123304741,0.6662675489977721,0.1540669386717538,-0.08172900868313653,0.33735873863273064,0,0.7997094646643204,-1.6157376856025778,1
10::joint::text::20::bottom,10,11,text,0.2,bottom,4,11;10;1;16,Negative,0.9800183457288028,0.013951630245726168,0.0060300240254710005,-1.664859652519226,1.0,0,-0.0006433687340082761,-0.03260704176648832,0
10::joint::text::20::random,10,11,text,0.2,random,4,6;1;2;4,Negative,0.9427980287505765,0.046946597461562704,0.010255373787860834,-1.2859200494629996,1.0,0,0.03657694824421798,-0.41154664482271475,0
10::joint::text::30::top,10,11,text,0.3,top,5,5;9;4;3;8,Neutral,0.1876936003766388,0.6583978377593404,0.15390856186402088,-0.07821719647784318,0.2922013903849439,0,0.7916813766181556,-1.6192494978078713,1
10::joint::text::30::bottom,10,11,text,0.3,bottom,5,15;11;10;1;16,Negative,0.9782204037264043,0.014987257601425814,0.00679233867216979,-1.599535005433219,1.0,0,0.001154573268390191,-0.09793168885249548,0
10::joint::text::30::random,10,11,text,0.3,random,5,6;1;2;4;14,Negative,0.9545297099467484,0.03697410104264391,0.008496189010607768,-1.398191205092839,1.0,0,0.024845267048046127,-0.2992754891928755,0
10::joint::audio::10::top,10,11,audio,0.1,top,2,5;4,Negative,0.9793080061805145,0.014481694666908344,0.006210299152577215,-1.6937661852155412,1.0,0,6.697081427997631e-05,-0.0037005090701731636,0
10::joint::audio::10::bottom,10,11,audio,0.1,bottom,2,8;11,Negative,0.9793616284345953,0.014474703307978478,0.00616366825742625,-1.6977542298180717,1.0,0,1.3348560199188952e-05,0.0002875355323572748,0
10::joint::audio::10::random,10,11,audio,0.1,random,2,3;4,Negative,0.9793767549515787,0.014418754045001855,0.006204491003419437,-1.6998202460152763,1.0,0,-1.7779567842435284e-06,0.0023535517295618646,0
10::joint::audio::20::top,10,11,audio,0.2,top,4,5;4;1;16,Negative,0.9794928718945837,0.01431250031820777,0.006194627787208537,-1.7016621317182268,1.0,0,-0.00011789489978919487,0.004195437432512383,0
10::joint::audio::20::bottom,10,11,audio,0.2,bottom,4,14;13;8;11,Negative,0.979338130005378,0.014476265051914947,0.0061856049427072134,-1.6981083835874284,1.0,0,3.6846989416527975e-05,0.0006416893017140435,0
10::joint::audio::20::random,10,11,audio,0.2,random,4,3;4;13;5,Negative,0.9792323557917527,0.014528096356823396,0.0062395478514239615,-1.692360247884478,1.0,0,0.00014262120304175951,-0.005106446401236475,0
10::joint::audio::30::top,10,11,audio,0.3,top,5,5;4;1;16;6,Negative,0.9795220992901393,0.014294920413549283,0.0061829802963113975,-1.7031423704964774,1.0,0,-0.0001471222953448592,0.0056756762107630365,0
10::joint::audio::30::bottom,10,11,audio,0.3,bottom,5,2;14;13;8;11,Negative,0.9793278802215566,0.014494701596183445,0.006177418182259867,-1.6979574646268571,1.0,0,4.709677323788686e-05,0.0004907703411427544,0
10::joint::audio::30::random,10,11,audio,0.3,random,5,3;4;13;5;2,Negative,0.9792151429869564,0.014556504268912699,0.006228352744130854,-1.6915749311447144,1.0,0,0.00015983400783803337,-0.005891763141000039,0
10::joint::vision::10::top,10,11,vision,0.1,top,2,16;1,Negative,0.9797809138495026,0.014225976246710332,0.005993109903787043,-1.709979466029576,1.0,0,-0.00040593685470813323,0.012512771743861562,0
10::joint::vision::10::bottom,10,11,vision,0.1,bottom,2,10;8,Negative,0.9793955528582724,0.01445842288183763,0.006146024259889918,-1.6973386662346976,1.0,0,-2.057586347792295e-05,-0.00012802805101674863,0
10::joint::vision::10::random,10,11,vision,0.1,random,2,3;14,Negative,0.9790172979694419,0.014673002595266637,0.006309699435291486,-1.6921165670667375,1.0,0,0.000357679025352553,-0.0053501272189768745,0
10::joint::vision::20::top,10,11,vision,0.2,top,4,16;1;3;4,Negative,0.9790870654741368,0.014631130405841124,0.006281804120022132,-1.6996666022709437,1.0,0,0.0002879115206576577,0.002199907985229288,0
10::joint::vision::20::bottom,10,11,vision,0.2,bottom,4,9;13;10;8,Negative,0.9793836347762163,0.014464242300212454,0.0061521229235712216,-1.6957574571881975,1.0,0,-8.657781421783639e-06,-0.0017092370975169136,0
10::joint::vision::20::random,10,11,vision,0.2,random,4,3;14;5;6,Negative,0.9787937097110013,0.014752501037892251,0.0064537892511064,-1.68498614856175,1.0,0,0.0005812672837931521,-0.012480545723964287,0
10::joint::vision::30::top,10,11,vision,0.3,top,5,16;1;3;4;5,Negative,0.9786131480875051,0.01483867282736682,0.006548179085128109,-1.6912582942417689,1.0,0,0.0007618289072893747,-0.006208400043945517,0
10::joint::vision::30::bottom,10,11,vision,0.3,bottom,5,12;9;13;10;8,Negative,0.9794072154143736,0.014458992494042757,0.00613379209158366,-1.6957790851593018,1.0,0,-3.2238419579111444e-05,-0.001687609126412637,0
10::joint::vision::30::random,10,11,vision,0.3,random,5,3;14;5;6;7,Negative,0.9787989347674307,0.014733713812612915,0.006467351419956362,-1.683402385030474,1.0,0,0.0005760422273637378,-0.014064309255240381,0
11::joint::text::10::top,11,12,text,0.1,top,5,3;29;37;25;17,Negative,0.5381168028975748,0.4336839521994202,0.02819924490300502,-0.5128817821719817,1.0,0,0.42761470452676675,-0.5124374949708755,0
11::joint::text::10::bottom,11,12,text,0.1,bottom,5,1;16;32;2;38,Negative,0.9647790765962552,0.02557907774077082,0.009641845662973984,-1.0420682515416826,1.0,0,0.0009524308280863814,0.01674897439882539,0
11::joint::text::10::random,11,12,text,0.1,random,5,43;32;24;13;10,Negative,0.9334439880945226,0.05202787423909249,0.014528137666384945,-0.861256160906383,1.0,0,0.03228751932981899,-0.16406311623647418,0
11::joint::text::20::top,11,12,text,0.2,top,9,3;29;37;25;17;42;26;33;43,Neutral,0.44942179813907535,0.5179743338892622,0.03260386797166261,-0.43853360234892796,0.5076824059980589,0,0.5163097092852662,-0.5867856747939293,1
11::joint::text::20::bottom,11,12,text,0.2,bottom,9,15;34;7;23;1;16;32;2;38,Negative,0.9595235033237529,0.02995956995272159,0.010516926723525553,-1.0351463385990687,1.0,0,0.006208004100588638,0.009827061456211483,0
11::joint::text::20::random,11,12,text,0.2,random,9,43;32;24;13;10;36;7;8;38,Negative,0.7958265421437714,0.18695550778792963,0.017217950068298855,-0.8012178242206573,1.0,0,0.1699049652805702,-0.22410145292219985,0
11::joint::text::30::top,11,12,text,0.3,top,14,3;29;37;25;17;42;26;33;43;18;10;11;24;44,Neutral,0.2706398611511771,0.5719641464164279,0.157395992432395,-0.0664227195084095,0.565571251498278,0,0.6950916462731644,-0.9588965576344477,1
11::joint::text::30::bottom,11,12,text,0.3,bottom,14,13;22;8;12;39;15;34;7;23;1;16;32;2;38,Negative,0.9708658496147866,0.021090101909328085,0.008044048475885215,-1.212612807750702,1.0,0,-0.005134342190445063,0.1872935306078447,0
11::joint::text::30::random,11,12,text,0.3,random,14,43;32;24;13;10;36;7;8;38;37;35;41;33;16,Negative,0.9455593371748751,0.04061614061863162,0.013824522206493366,-0.947116323879787,1.0,0,0.020172170249466492,-0.07820295326307025,0
11::joint::audio::10::top,11,12,audio,0.1,top,5,42;43;41;35;34,Negative,0.9562308359869108,0.03292710794244314,0.010842056070646124,-0.9355031507355827,1.0,0,0.009500671437430719,-0.08981612640727454,0
11::joint::audio::10::bottom,11,12,audio,0.1,bottom,5,29;26;25;23;31,Negative,0.9659129773658572,0.02505518161313287,0.009031841021009896,-1.0263388923236303,1.0,0,-0.0001814699415156884,0.0010196151807730924,0
11::joint::audio::10::random,11,12,audio,0.1,random,5,33;13;15;24;11,Negative,0.9660464766533869,0.02534127506828008,0.008612248278332969,-1.031731298991612,1.0,0,-0.00031496922904539204,0.00641202184875489,0
11::joint::audio::20::top,11,12,audio,0.2,top,9,42;43;41;35;34;36;10;39;11,Negative,0.9553308239626183,0.03399211170788454,0.010677064329497233,-0.9339759009225028,1.0,0,0.010400683461723292,-0.09134337622035438,0
11::joint::audio::20::bottom,11,12,audio,0.2,bottom,9,33;15;22;21;29;26;25;23;31,Negative,0.9654845160868556,0.02530372486632817,0.009211759046816292,-1.0246625883238656,1.0,0,0.0002469913374859578,-0.0006566888189916131,0
11::joint::audio::20::random,11,12,audio,0.2,random,9,33;13;15;24;11;29;6;28;9,Negative,0.9665436126505473,0.02473457014081653,0.008721817208636158,-1.0348817024912154,1.0,0,-0.0008121052262057837,0.009562425348358161,0
11::joint::audio::30::top,11,12,audio,0.3,top,14,42;43;41;35;34;36;10;39;11;2;24;5;20;40,Negative,0.9585059053414516,0.03102713889442431,0.010466955764124123,-0.9505550946508136,1.0,0,0.007225602082889915,-0.07476418249204364,0
11::joint::audio::30::bottom,11,12,audio,0.3,bottom,14,38;44;30;14;8;33;15;22;21;29;26;25;23;31,Negative,0.9654712441042567,0.02507408451617509,0.009454671379568283,-1.027504026889801,1.0,0,0.00026026332008488584,0.002184749746943826,0
11::joint::audio::30::random,11,12,audio,0.3,random,14,33;13;15;24;11;29;6;28;9;12;2;31;44;27,Negative,0.9674596795116279,0.023877123147105547,0.008663197341266545,-1.0456926141466414,1.0,0,-0.0017281720872863726,0.020373337003784187,0
11::joint::vision::10::top,11,12,vision,0.1,top,5,44;1;13;24;9,Negative,0.9669076240029317,0.02461782008108733,0.00847455591598099,-1.036906429699489,1.0,0,-0.0011761165785901806,0.011587152556631786,0
11::joint::vision::10::bottom,11,12,vision,0.1,bottom,5,40;12;17;10;7,Negative,0.9658764303198241,0.025305486508509147,0.008818083171666838,-1.0224527205739702,1.0,0,-0.00014492289548251325,-0.002866556568887013,0
11::joint::vision::10::random,11,12,vision,0.1,random,5,10;11;37;5;44,Negative,0.966536771150364,0.024859865683639057,0.008603363165997012,-1.0300602572304862,1.0,0,-0.0008052637260224094,0.004740980087629021,0
11::joint::vision::20::top,11,12,vision,0.2,top,9,44;1;13;24;9;14;33;2;23,Negative,0.9666672469870748,0.024687544618417802,0.008645208394507425,-1.0272900547300066,1.0,0,-0.0009357395627332954,0.001970777587149364,0
11::joint::vision::20::bottom,11,12,vision,0.2,bottom,9,31;26;32;11;40;12;17;10;7,Negative,0.9657043804511686,0.025340965946242067,0.008954653602589444,-1.0203722715377808,1.0,0,2.7126973172975077e-05,-0.004947005605076438,0
11::joint::vision::20::random,11,12,vision,0.2,random,9,10;11;37;5;44;2;15;9;43,Negative,0.9662808510672055,0.02494251634423422,0.008776632588560304,-1.021952816418239,1.0,0,-0.0005493436428639642,-0.0033664607246182143,0
11::joint::vision::30::top,11,12,vision,0.3,top,14,44;1;13;24;9;14;33;2;23;16;19;29;28;5,Negative,0.9659881446548545,0.025036885620620824,0.008974969724524669,-1.0165233867509025,1.0,0,-0.00025663723051294607,-0.00879589039195472,0
11::joint::vision::30::bottom,11,12,vision,0.3,bottom,14,15;22;38;39;43;31;26;32;11;40;12;17;10;7,Negative,0.9656161365626388,0.025283236561244826,0.009100626876116354,-1.0136902843202864,1.0,0,0.00011537086170276822,-0.011628992822570794,0
11::joint::vision::30::random,11,12,vision,0.3,random,14,10;11;37;5;44;2;15;9;43;33;24;4;6;3,Negative,0.9658618291100617,0.025133130103210888,0.00900504078672726,-1.009429497378213,1.0,0,-0.00013032168572013614,-0.01588977976464423,0
12::joint::text::10::top,12,13,text,0.1,top,4,22;32;18;15,Neutral,0.02481688278105114,0.7792507938154194,0.1959323234035295,0.15153228591329285,0.7062208667223796,0,-0.09311872693846523,0.05364612982956432,0
12::joint::text::10::bottom,12,13,text,0.1,bottom,4,3;8;7;10,Neutral,0.016500265095582885,0.6810664161363524,0.3024333187680646,0.21783375607005187,0.5648887333783179,0,0.005065650740601724,-0.012655340327194703,0
12::joint::text::10::random,12,13,text,0.1,random,4,20;29;15;21,Neutral,0.018984933582094337,0.7619636425248069,0.21905142389309884,0.19361072632351092,0.6258450138995784,0,-0.0758315756478527,0.011567689419346244,0
12::joint::text::20::top,12,13,text,0.2,top,7,22;32;18;15;16;12;5,Neutral,0.02375482765006484,0.7807676675304835,0.19547750481945161,0.14948834093021496,0.6954543645249587,0,-0.09463560065352938,0.05569007481264221,0
12::joint::text::20::bottom,12,13,text,0.2,bottom,7,1;28;2;3;8;7;10,Neutral,0.01795818850571047,0.6818106675704392,0.3002311439238503,0.21339332738092967,0.5611893212787863,0,0.004321399306514984,-0.008214911638072503,0
12::joint::text::20::random,12,13,text,0.2,random,7,20;29;15;21;4;26;6,Neutral,0.018271528431337947,0.6883206931257748,0.29340777844288735,0.1946655989491514,0.6256940433972916,0,-0.0021886262488206576,0.010512816793705776,0
12::joint::text::30::top,12,13,text,0.3,top,10,22;32;18;15;16;12;5;11;19;6,Neutral,0.02687919449980647,0.7738169337089167,0.1993038717912769,0.15718190438513244,0.6676510557508591,0,-0.08768486683196253,0.04799651135772473,0
12::joint::text::30::bottom,12,13,text,0.3,bottom,10,4;23;31;1;28;2;3;8;7;10,Neutral,0.017326036896427633,0.6875168016622039,0.2951571614413685,0.2009635431292866,0.6182957708607658,0,-0.0013847347852496972,0.004214872613570564,0
12::joint::text::30::random,12,13,text,0.3,random,10,20;29;15;21;4;26;6;28;23;32,Neutral,0.023026435050843154,0.7737392253407637,0.20323433960839318,0.1616700698754617,0.698895793439837,0,-0.08760715846380951,0.043508345867395465,0
12::joint::audio::10::top,12,13,audio,0.1,top,4,13;14;7;12,Neutral,0.020545130776892746,0.675208991707273,0.3042458775158342,0.21528844508741582,0.5093826158436603,0,0.010923075169681162,-0.010110029344558652,0
12::joint::audio::10::bottom,12,13,audio,0.1,bottom,4,3;2;24;5,Neutral,0.019110827093232613,0.6865289062159926,0.29436026669077475,0.20548906030931643,0.5923401707396068,0,-0.00039683933903844615,-0.0003106445664592672,0
12::joint::audio::10::random,12,13,audio,0.1,random,4,28;32;21;8,Neutral,0.019718644111577116,0.6789178243126974,0.30136353157572554,0.2137885314545461,0.5433320068128552,0,0.007214242564256734,-0.008610115711688932,0
12::joint::audio::20::top,12,13,audio,0.2,top,7,13;14;7;12;22;1;30,Neutral,0.02243505533863248,0.6625827048936915,0.31498223976767603,0.22563509257244213,0.4135564344007994,0,0.02354936198326263,-0.020456676829584963,0
12::joint::audio::20::bottom,12,13,audio,0.2,bottom,7,23;10;26;3;2;24;5,Neutral,0.01916808831271909,0.6850935419331373,0.2957383697541436,0.20748699536280973,0.5853628262007576,0,0.0010385249438168431,-0.0023085796199525666,0
12::joint::audio::20::random,12,13,audio,0.2,random,7,28;32;21;8;22;14;2,Neutral,0.020454001031942535,0.6725639536406932,0.30698204532736423,0.2210318816027471,0.4972400431985411,0,0.013568113236260948,-0.01585346585988992,0
12::joint::audio::30::top,12,13,audio,0.3,top,10,13;14;7;12;22;1;30;32;19;18,Neutral,0.024606433324096916,0.5767364571953847,0.39865710948051836,0.23659614673150436,0.31257807155414796,0,0.10939560968156947,-0.0314177309886472,0
12::joint::audio::30::bottom,12,13,audio,0.3,bottom,10,11;29;27;23;10;26;3;2;24;5,Neutral,0.019032134309427132,0.6849779738390748,0.2959898918514982,0.20904048119804688,0.5872917330968356,0,0.001154093037879389,-0.003862065455189717,0
12::joint::audio::30::random,12,13,audio,0.3,random,10,28;32;21;8;22;14;2;16;25;6,Neutral,0.019681029740897586,0.6756832066233439,0.30463576363575845,0.21842264038111484,0.5268805085487934,0,0.010448860253610248,-0.013244224638257668,0
12::joint::vision::10::top,12,13,vision,0.1,top,4,32;24;18;6,Neutral,0.01973942256993294,0.6037149551217021,0.3765456223083649,0.21930904480229532,0.5391636190128504,0,0.08241711175525201,-0.014130629059438155,0
12::joint::vision::10::bottom,12,13,vision,0.1,bottom,4,9;14;30;1,Neutral,0.019658700396483424,0.6763940872559356,0.30394721234758093,0.2168053374293127,0.567232595258914,0,0.009737979621018522,-0.011626921686455544,0
12::joint::vision::10::random,12,13,vision,0.1,random,4,23;18;31;17,Neutral,0.019542498329452457,0.6748669285971736,0.30559057307337406,0.21996123556579864,0.5531818897658716,0,0.011265138279780595,-0.014782819822941468,0
12::joint::vision::20::top,12,13,vision,0.2,top,7,32;24;18;6;31;2;12,Neutral,0.02058690873546821,0.6036201103768012,0.3757929808877306,0.21560135803052358,0.539765235324469,0,0.08251195650015297,-0.010422942287666409,0
12::joint::vision::20::bottom,12,13,vision,0.2,bottom,7,26;5;13;9;14;30;1,Neutral,0.020569670300174456,0.6044020277215388,0.3750283019782868,0.21350638514351367,0.5450204467240467,0,0.08173003915541532,-0.008327969400656499,0
12::joint::vision::20::random,12,13,vision,0.2,random,7,23;18;31;17;19;7;5,Neutral,0.020487515832968595,0.6035867027351873,0.37592578143184413,0.2153239526918956,0.540357338023885,0,0.08254536414176683,-0.010145536949038442,0
12::joint::vision::30::top,12,13,vision,0.3,top,10,32;24;18;6;31;2;12;3;28;7,Neutral,0.02094339234817201,0.6027392642590745,0.3763173433927536,0.21589285215096815,0.5354269876422488,0,0.08339280261787962,-0.010714436408110983,0
12::joint::vision::30::bottom,12,13,vision,0.3,bottom,10,22;27;17;26;5;13;9;14;30;1,Neutral,0.02120723170995529,0.6043763741876181,0.3744163941024266,0.21148169639387301,0.5434813117415463,0,0.08175569268933602,-0.006303280651015847,0
12::joint::vision::30::random,12,13,vision,0.3,random,10,23;18;31;17;19;7;5;24;8;1,Neutral,0.020680381156707093,0.6026854249565724,0.3766341938867205,0.2159502673894167,0.5371977129198675,0,0.08344664192038176,-0.010771851646559527,0
13::joint::text::10::top,13,14,text,0.1,top,4,30;29;13;12,Positive,0.015429919253996834,0.32765959950481005,0.6569104812411931,0.5168340504169464,1.0,0,-0.14232360807900335,-0.07762938755980364,0
13::joint::text::10::bottom,13,14,text,0.1,bottom,4,3;25;5;14,Positive,0.01562861958576001,0.47100304557676986,0.5133683348374701,0.4500085072857993,1.0,0,0.0012185383247196313,-0.010803844428656506,0
13::joint::text::10::random,13,14,text,0.1,random,4,7;32;22;4,Neutral,0.01599443491735471,0.5020202390118172,0.48198532607082806,0.3698924652167729,0.46130075567170065,0,0.032601547091361704,0.06931219764036989,1
13::joint::text::20::top,13,14,text,0.2,top,8,30;29;13;12;7;6;2;1,Positive,0.015664589811228917,0.3551673401487204,0.6291680700400506,0.47487281050000874,1.0,0,-0.11458119687786084,-0.035668147642865966,0
13::joint::text::20::bottom,13,14,text,0.2,bottom,8,4;15;16;37;3;25;5;14,Neutral,0.018021876871310714,0.5589038190882054,0.4230743040404838,0.3923850165946143,0.42407220720301875,0,0.09151256912170597,0.04681964626252849,1
13::joint::text::20::random,13,14,text,0.2,random,8,7;32;22;4;23;28;30;21,Positive,0.016726069916175364,0.47398684866775903,0.5092870814160656,0.40809087668146404,1.0,0,0.005299791746124161,0.031113786175678726,0
13::joint::text::30::top,13,14,text,0.3,top,12,30;29;13;12;7;6;2;1;34;36;35;18,Positive,0.013929216326284646,0.3718643591784217,0.6142064244952937,0.4422628240925925,1.0,0,-0.09961955133310396,-0.003058161235449719,0
13::joint::text::30::bottom,13,14,text,0.3,bottom,12,27;9;31;26;4;15;16;37;3;25;5;14,Neutral,0.017249528648995236,0.5545995064517198,0.4281509648992849,0.39472862013748716,0.3975543268584815,0,0.08643590826290487,0.044476042719655606,1
13::joint::text::30::random,13,14,text,0.3,random,12,7;32;22;4;23;28;30;21;37;17;12;36,Positive,0.017235038323705685,0.3797891762558546,0.6029757854204397,0.4171579671757562,1.0,0,-0.08838891225824996,0.022046695681386563,0
13::joint::audio::10::top,13,14,audio,0.1,top,4,11;8;28;15,Positive,0.015725648877654225,0.4737222806648166,0.5105520704575293,0.4337728981460844,1.0,0,0.004034802704660501,0.005431764711058384,0
13::joint::audio::10::bottom,13,14,audio,0.1,bottom,4,35;10;3;23,Positive,0.0156629884305363,0.47041911259312685,0.5139178989763369,0.43884439553533283,1.0,0,0.0006689741858528775,0.00036026732180993726,0
13::joint::audio::10::random,13,14,audio,0.1,random,4,12;5;4;1,Positive,0.015751551813167494,0.4708592351063839,0.5133892130804486,0.43496724111693247,1.0,0,0.0011976600817411587,0.004237421740210301,0
13::joint::audio::20::top,13,14,audio,0.2,top,8,11;8;28;15;27;26;30;37,Positive,0.016184168808780156,0.44712609073479015,0.5366897404564297,0.4709236238683973,1.0,0,-0.022102867294239936,-0.03171896101125454,0
13::joint::audio::20::bottom,13,14,audio,0.2,bottom,8,1;24;6;9;35;10;3;23,Positive,0.01569335118474619,0.4705423592205608,0.513764289594693,0.43869646532194956,1.0,0,0.0008225835674967596,0.0005081975351932111,0
13::joint::audio::20::random,13,14,audio,0.2,random,8,12;5;4;1;28;13;32;35,Positive,0.015808224597574028,0.4671923214409777,0.5169994539614482,0.44327907477106365,1.0,0,-0.0024125807992584347,-0.004074411913920883,0
13::joint::audio::30::top,13,14,audio,0.3,top,12,11;8;28;15;27;26;30;37;25;22;29;12,Positive,0.01648561979771094,0.43220679634410747,0.5513075838581817,0.495444472346987,1.0,0,-0.03672071069599192,-0.05623980948984425,0
13::joint::audio::30::bottom,13,14,audio,0.3,bottom,12,32;17;5;31;1;24;6;9;35;10;3;23,Positive,0.01585423182088169,0.46418090362474723,0.5199648645543711,0.4440195986202785,1.0,0,-0.005377991392181314,-0.0048149357631357415,0
13::joint::audio::30::random,13,14,audio,0.3,random,12,12;5;4;1;28;13;32;35;6;37;31;19,Positive,0.0159586973698438,0.4575321316086762,0.52650917102148,0.45206653646060396,1.0,0,-0.01192229785929022,-0.012861873603461194,0
13::joint::vision::10::top,13,14,vision,0.1,top,4,36;20;16;34,Positive,0.015811819272548943,0.4729711913964511,0.511216989331,0.42492725593703135,1.0,0,0.003369883831189746,0.014277406920111424,0
13::joint::vision::10::bottom,13,14,vision,0.1,bottom,4,8;37;9;10,Positive,0.01571696422015993,0.46881195172957985,0.5154710840502602,0.4380748059068407,1.0,0,-0.0008842108880704469,0.001129856950302044,0
13::joint::vision::10::random,13,14,vision,0.1,random,4,24;26;18;21,Positive,0.015688342131785438,0.4694911317400264,0.5148205261281882,0.4338355915887015,1.0,0,-0.000233652965998421,0.005369071268441272,0
13::joint::vision::20::top,13,14,vision,0.2,top,8,36;20;16;34;19;17;31;6,Positive,0.01569458610997434,0.4746727753019886,0.5096326385880371,0.41650703975132536,1.0,0,0.004954234574152672,0.02269762310581741,0
13::joint::vision::20::bottom,13,14,vision,0.2,bottom,8,5;30;13;4;8;37;9;10,Positive,0.01570064354070592,0.46793867974016484,0.5163606767191292,0.43681649225098745,1.0,0,-0.0017738035569394572,0.0023881706061553154,0
13::joint::vision::20::random,13,14,vision,0.2,random,8,24;26;18;21;23;35;14;1,Positive,0.015744248694772558,0.4691418460414069,0.5151139052638206,0.4297255916254861,1.0,0,-0.0005270321016308532,0.009479071231656644,0
13::joint::vision::30::top,13,14,vision,0.3,top,12,36;20;16;34;19;17;31;6;15;18;29;35,Positive,0.015806616562941682,0.4820998039238228,0.5020935795132355,0.39621332713535856,1.0,0,0.01249329364895424,0.04299133572178421,0
13::joint::vision::30::bottom,13,14,vision,0.3,bottom,12,26;7;12;11;5;30;13;4;8;37;9;10,Positive,0.015786915260245747,0.46675525030387016,0.5174578344358841,0.4360646775790623,1.0,0,-0.00287096127369435,0.0031399852780804594,0
13::joint::vision::30::random,13,14,vision,0.3,random,12,24;26;18;21;23;35;14;1;13;17;19;9,Positive,0.015708833732236704,0.46992967635482963,0.5143614899129337,0.4239839230264936,1.0,0,0.00022538324925602815,0.015220739830649144,0
14::joint::text::10::top,14,15,text,0.1,top,3,22;15;21,Positive,0.016302153301810986,0.07926336032552839,0.9044344863726607,0.6217491286141532,1.0,0,0.050309484052465714,0.3904220328144181,0
14::joint::text::10::bottom,14,15,text,0.1,bottom,3,7;4;5,Positive,0.011961432136612115,0.033379208885721955,0.954659358977666,0.9873308198792594,1.0,0,8.461144746041427e-05,0.024840341549311917,0
14::joint::text::10::random,14,15,text,0.1,random,3,11;5;8,Positive,0.012968681365621513,0.033630250319228075,0.9534010683151505,1.0220367738178797,1.0,0,0.0013429021099758964,-0.009865612389308387,0
14::joint::text::20::top,14,15,text,0.2,top,5,22;15;21;17;16,Positive,0.01659079391828417,0.06854480277393175,0.9148644033077841,0.6546756327152252,1.0,0,0.03987956711734231,0.3574955287133461,0
14::joint::text::20::bottom,14,15,text,0.2,bottom,5,9;6;7;4;5,Positive,0.01193526819914969,0.036068797850881316,0.9519959339499691,1.012260070868901,1.0,0,0.0027480364751573116,-8.890944032957648e-05,0
14::joint::text::20::random,14,15,text,0.2,random,5,11;5;8;21;22,Positive,0.016065199405008255,0.05695594445995537,0.9269788561350364,0.7264608996255058,1.0,0,0.027765114290089987,0.2857102618030656,0
14::joint::text::30::top,14,15,text,0.3,top,7,22;15;21;17;16;20;19,Positive,0.01796226368673809,0.0717186129089533,0.9103191234043086,0.6554443751062665,1.0,0,0.044424847020817726,0.3567267863223048,0
14::joint::text::30::bottom,14,15,text,0.3,bottom,7,11;8;9;6;7;4;5,Positive,0.013565199009009826,0.0395157543531403,0.9469190466378499,0.9629605497632708,1.0,0,0.007824923787276505,0.0492106116653005,0
14::joint::text::30::random,14,15,text,0.3,random,7,11;5;8;21;22;10;12,Positive,0.019601709861594104,0.16284086276289528,0.8175574273755106,0.6530011211122785,1.0,0,0.13718654304961575,0.35917004031629285,0
14::joint::audio::10::top,14,15,audio,0.1,top,3,22;4;5,Positive,0.012469671876975051,0.03809600007422588,0.9494343280487991,0.964529173714774,1.0,0,0.0053096423763272504,0.04764198771379735,0
14::joint::audio::10::bottom,14,15,audio,0.1,bottom,3,13;12;11,Positive,0.012112092270253292,0.03344926476254129,0.9544386429672054,1.012001531464713,1.0,0,0.0003053274579210008,0.00016962996385827545,0
14::joint::audio::10::random,14,15,audio,0.1,random,3,5;3;21,Positive,0.01227955883206342,0.034744694294781525,0.9529757468731551,0.9961782353264945,1.0,0,0.0017682235519712597,0.01599292610207681,0
14::joint::audio::20::top,14,15,audio,0.2,top,5,22;4;5;1;23,Positive,0.011682375350677256,0.03363730631731478,0.9546803183320081,1.0002022555896215,1.0,0,6.365209311831599e-05,0.011968905838949828,0
14::joint::audio::20::bottom,14,15,audio,0.2,bottom,5,18;2;13;12;11,Positive,0.01218049985006528,0.033434662575859024,0.9543848375740757,1.01377158505576,1.0,0,0.00035913285105071413,-0.0016004236271887073,0
14::joint::audio::20::random,14,15,audio,0.2,random,5,5;3;21;11;19,Positive,0.012378051576869054,0.03477593225227152,0.9528460161708594,0.9966367653438023,1.0,0,0.0018979542542669758,0.015534396084769031,0
14::joint::audio::30::top,14,15,audio,0.3,top,7,22;4;5;1;23;9;14,Positive,0.011569509679203407,0.03386047261703355,0.954570017703763,0.9934567383357457,1.0,0,0.00017395272136333517,0.01871442309282567,0
14::joint::audio::30::bottom,14,15,audio,0.3,bottom,7,16;17;18;2;13;12;11,Positive,0.012438984338245999,0.033898197425660005,0.953662818236094,1.010816480432238,1.0,0,0.001081152189032375,0.0013546809963334017,0
14::joint::audio::30::random,14,15,audio,0.3,random,7,5;3;21;11;19;17;7,Positive,0.012492645481159664,0.035002961133810045,0.9525043933850303,0.9980405824525016,1.0,0,0.00223957704009603,0.01413057897606973,0
14::joint::vision::10::top,14,15,vision,0.1,top,3,18;22;1,Positive,0.012974249983630642,0.03699674947656642,0.950029000539803,0.9636926991598946,1.0,0,0.0047149698853233835,0.04847846226867669,0
14::joint::vision::10::bottom,14,15,vision,0.1,bottom,3,6;4;20,Positive,0.011962809889106444,0.033171762443678525,0.954865427667215,1.0152209060532706,1.0,0,-0.00012145724208867392,-0.003049744624699313,0
14::joint::vision::10::random,14,15,vision,0.1,random,3,11;5;7,Positive,0.011980388111994431,0.03315555608203369,0.9548640558059719,1.018591284751892,1.0,0,-0.00012008538084551379,-0.006420123323320759,0
14::joint::vision::20::top,14,15,vision,0.2,top,5,18;22;1;23;21,Positive,0.01462991010102991,0.04110813036881561,0.9442619595301545,0.9346634064401899,1.0,0,0.010482010894971916,0.07750775498838147,0
14::joint::vision::20::bottom,14,15,vision,0.2,bottom,5,10;3;6;4;20,Positive,0.011960934953104558,0.03293579654594178,0.9551032685009536,1.0223106486456734,1.0,0,-0.00035929807582724127,-0.010139487217102117,0
14::joint::vision::20::random,14,15,vision,0.2,random,5,11;5;7;12;3,Positive,0.012018023609810675,0.032958513808444515,0.9550234625817448,1.0259742821965898,1.0,0,-0.00027949215661837723,-0.013803120768018484,0
14::joint::vision::30::top,14,15,vision,0.3,top,7,18;22;1;23;21;16;17,Positive,0.014198283229168425,0.03925508729973716,0.9465466294710944,0.9568145445414952,1.0,0,0.008197340954032017,0.05535661688707616,0
14::joint::vision::30::bottom,14,15,vision,0.3,bottom,7,15;8;10;3;6;4;20,Positive,0.011961356210095036,0.03259796781293358,0.9554406759769714,1.0300586819648743,1.0,0,-0.0006967055518449783,-0.017887520536302937,0
14::joint::vision::30::random,14,15,vision,0.3,random,7,11;5;7;12;3;18;16,Positive,0.012152671876677283,0.033665794484788014,0.9541815336385348,1.0125819785254342,1.0,0,0.0005624367865916247,-0.00041081709686285883,0
15::joint::text::10::top,15,16,text,0.1,top,2,12;11,Negative,0.9843853975686092,0.011345948382299681,0.004268654049091157,-1.9018372467585973,1.0,0,0.0012777319078378646,-0.07107861038425978,0
15::joint::text::10::bottom,15,16,text,0.1,bottom,2,10;5,Negative,0.9858819792112137,0.009663249873732495,0.004454770915053913,-1.961932863507952,1.0,0,-0.00021884973476660186,-0.01098299363490507,0
15::joint::text::10::random,15,16,text,0.1,random,2,2;1,Negative,0.9853083497612148,0.010352968700246028,0.004338681538539144,-1.9609112058367049,1.0,0,0.00035477971523223406,-0.012004651306152248,0
15::joint::text::20::top,15,16,text,0.2,top,3,12;11;13,Negative,0.9833028595878522,0.01205438739064349,0.0046427530215043,-1.9222153340067183,1.0,0,0.0023602698885948348,-0.05070052313613882,0
15::joint::text::20::bottom,15,16,text,0.2,bottom,3,1;10;5,Negative,0.9854925077381327,0.010058213772808869,0.004449278489058441,-1.9481545516422816,1.0,0,0.00017062173831439154,-0.024761305500575537,0
15::joint::text::20::random,15,16,text,0.2,random,3,2;1;6,Negative,0.9818441104509039,0.012880557033025474,0.005275332516070581,-1.8870790004730225,1.0,0,0.0038190190255431578,-0.08583685666983465,0
15::joint::text::30::top,15,16,text,0.3,top,4,12;11;13;8,Negative,0.9839883881659213,0.011701560621989291,0.004310051212089539,-1.8438881550516402,1.0,0,0.0016747413105258069,-0.12902770209121694,0
15::joint::text::30::bottom,15,16,text,0.3,bottom,4,2;1;10;5,Negative,0.9855004491662813,0.010041121268472095,0.004458429565246578,-1.9485563891274589,1.0,0,0.00016268031016575257,-0.024359468015398233,0
15::joint::text::30::random,15,16,text,0.3,random,4,2;1;6;9,Negative,0.9832038765322597,0.011943589439583032,0.004852534028157199,-1.9683279309953963,1.0,0,0.0024592529441873623,-0.004587926147460841,0
15::joint::audio::10::top,15,16,audio,0.1,top,2,8;6,Negative,0.9867461185655185,0.009544155468055007,0.003709725966426602,-1.9869853172983443,1.0,0,-0.001082989089071451,0.014069460155487157,0
15::joint::audio::10::bottom,15,16,audio,0.1,bottom,2,2;3,Negative,0.985618710214158,0.010000194699302172,0.0043810950865398775,-1.9702724133219038,1.0,0,4.441926228904158e-05,-0.002643443820953273,0
15::joint::audio::10::random,15,16,audio,0.1,random,2,9;11,Negative,0.9855503409210493,0.010102974350380593,0.004346684728570106,-1.9702217664037431,1.0,0,0.00011278855539775812,-0.0026940907391139746,0
15::joint::audio::20::top,15,16,audio,0.2,top,3,8;6;11,Negative,0.9867938987820154,0.009528552267791963,0.003677548950192695,-1.9856330752372742,1.0,0,-0.0011307693055683243,0.01271721809441706,0
15::joint::audio::20::bottom,15,16,audio,0.2,bottom,3,9;2;3,Negative,0.9854621370701208,0.010066700052210366,0.004471162877668861,-1.9688646537917,1.0,0,0.00020099240632631687,-0.004051203351157051,0
15::joint::audio::20::random,15,16,audio,0.2,random,3,9;11;8,Negative,0.9866732936839919,0.0095998524496607,0.0037268538663473793,-1.984891150678907,1.0,0,-0.0010101642075448503,0.01197529353604998,0
15::joint::audio::30::top,15,16,audio,0.3,top,4,8;6;11;12,Negative,0.9868548303203939,0.009481889443714687,0.003663280235891459,-1.985874354839325,1.0,0,-0.001191700843946819,0.012958497696467841,0
15::joint::audio::30::bottom,15,16,audio,0.3,bottom,4,4;9;2;3,Negative,0.9853689888943031,0.010055457027513398,0.004575554078183415,-1.966746985912323,1.0,0,0.00029414058214394245,-0.006168871230534112,0
15::joint::audio::30::random,15,16,audio,0.3,random,4,9;11;8;5,Negative,0.9868777973041734,0.009505025335051617,0.0036171773607750375,-1.9869416866983687,1.0,0,-0.001214667827726279,0.01402582955551157,0
15::joint::vision::10::top,15,16,vision,0.1,top,2,1;13,Negative,0.9869345236272452,0.009370670133672057,0.003694806239082712,-1.98748494046075,1.0,0,-0.001271394150798133,0.014569083317892861,0
15::joint::vision::10::bottom,15,16,vision,0.1,bottom,2,2;12,Negative,0.9856327021355263,0.01006017419947304,0.004307123665000633,-1.97290700674057,1.0,0,3.0427340920735624e-05,-8.850402287041703e-06,0
15::joint::vision::10::random,15,16,vision,0.1,random,2,13;9,Negative,0.9860137564394836,0.009848050621932109,0.0041381929385842925,-1.9772365859576635,1.0,0,-0.00035062696303655994,0.004320728814806385,0
15::joint::vision::20::top,15,16,vision,0.2,top,3,1;13;11,Negative,0.9869101380727959,0.009384225498115075,0.003705636429088961,-1.98591171843665,1.0,0,-0.001247008596348853,0.01299586129379282,0
15::joint::vision::20::bottom,15,16,vision,0.2,bottom,3,4;2;12,Negative,0.9855856854267226,0.010080637598586146,0.004333676974691275,-1.97338547876903,1.0,0,7.744404972442887e-05,0.00046962162617281145,0
15::joint::vision::20::random,15,16,vision,0.2,random,3,13;9;10,Negative,0.9861437882746316,0.009785695888461138,0.004070515836907314,-1.9780471069472176,1.0,0,-0.00048065879818448565,0.005131249804360527,0
15::joint::vision::30::top,15,16,vision,0.3,top,4,1;13;11;6,Negative,0.9868304203971727,0.009419705169014112,0.0037498744338131185,-1.9844265750476293,1.0,0,-0.0011672909207256499,0.011510717904772205,0
15::joint::vision::30::bottom,15,16,vision,0.3,bottom,4,3;4;2;12,Negative,0.9855218624200128,0.010111347507263948,0.004366790072723228,-1.973416336945125,1.0,0,0.00014126705643424664,0.0005004798022678614,0
15::joint::vision::30::random,15,16,vision,0.3,random,4,13;9;10;7,Negative,0.9860120041577018,0.009833479024690473,0.0041545168176077875,-1.9769721116338457,1.0,0,-0.00034887468125477383,0.0040562544909885645,0
16::joint::text::10::top,16,17,text,0.1,top,3,15;14;26,Positive,0.007443796577029777,0.03535690662436623,0.9571992967986039,0.9914038266454425,1.0,0,0.018566415171151096,0.29512940192598613,0
16::joint::text::10::bottom,16,17,text,0.1,bottom,3,22;4;6,Positive,0.006072891963160457,0.017411127250877706,0.9765159807859618,1.2529372658048357,1.0,0,-0.0007502688162067672,0.033595962766592935,0
16::joint::text::10::random,16,17,text,0.1,random,3,2;9;6,Positive,0.00659585954545726,0.0200595832690039,0.9733445571855388,1.2034495728356498,1.0,0,0.0024211547842162284,0.0830836557357788,0
16::joint::text::20::top,16,17,text,0.2,top,6,15;14;26;11;21;20,Positive,0.007304334706123645,0.07374881672307712,0.9189468485707993,0.7795850847448621,1.0,0,0.0568188633989557,0.5069481438265665,0
16::joint::text::20::bottom,16,17,text,0.2,bottom,6,25;5;9;22;4;6,Positive,0.006947404594559526,0.01858176478814948,0.974470830617291,1.2583767942019872,1.0,0,0.001294881352464028,0.028156434369441374,0
16::joint::text::20::random,16,17,text,0.2,random,6,2;9;6;1;18;3,Positive,0.006048573814680618,0.02043300956643287,0.9735184166188865,1.156694965703147,1.0,0,0.002247295350868539,0.1298382628682817,0
16::joint::text::30::top,16,17,text,0.3,top,8,15;14;26;11;21;20;16;13,Positive,0.007780635867654104,0.08671562645498904,0.9055037376773568,0.7134407971586499,1.0,0,0.07026197429239822,0.5730924314127787,0
16::joint::text::30::bottom,16,17,text,0.3,bottom,8,23;12;25;5;9;22;4;6,Positive,0.0077446606680581,0.02058214441610914,0.9716731949158328,1.2452965719359261,1.0,0,0.004092517053922218,0.04123665663550247,0
16::joint::text::30::random,16,17,text,0.3,random,8,2;9;6;1;18;3;11;16,Positive,0.007045677667710604,0.029260217628797117,0.9636941047034923,0.9942926168441772,1.0,0,0.012071607266262774,0.29224061172725135,0
16::joint::audio::10::top,16,17,audio,0.1,top,3,20;17;4,Positive,0.006399347411299028,0.018828341957693274,0.9747723106310077,1.2818055323192052,1.0,0,0.0009934013387473684,0.004727696252223357,0
16::joint::audio::10::bottom,16,17,audio,0.1,bottom,3,8;14;6,Positive,0.006397875524598497,0.01779318655199808,0.9758089379234034,1.287201966558184,1.0,0,-4.322595364836257e-05,-0.0006687379867553744,0
16::joint::audio::10::random,16,17,audio,0.1,random,3,9;19;18,Positive,0.006358024418194701,0.01811377574804018,0.9755281998337652,1.2855262756347656,1.0,0,0.0002375121359898813,0.0010069529366629748,0
16::joint::audio::20::top,16,17,audio,0.2,top,6,20;17;4;25;24;1,Positive,0.006536343924954632,0.0194524106589814,0.974011245416064,1.2690799747194563,1.0,0,0.0017544665536910475,0.017453253851972272,0
16::joint::audio::20::bottom,16,17,audio,0.2,bottom,6,7;12;10;8;14;6,Positive,0.006406055396186864,0.017756683507917665,0.9758372610958954,1.2866465534482683,1.0,0,-7.154912614038e-05,-0.00011332487683968218,0
16::joint::audio::20::random,16,17,audio,0.2,random,6,9;19;18;22;14;1,Positive,0.006443494689036331,0.01786917777718632,0.9756873275337773,1.289937938962664,1.0,0,7.838443597774081e-05,-0.003404710391235355,0
16::joint::audio::30::top,16,17,audio,0.3,top,8,20;17;4;25;24;1;26;21,Positive,0.006454883295279114,0.019612011626282327,0.9739331050784386,1.266482847077506,1.0,0,0.0018326068913164795,0.020050381493922576,0
16::joint::audio::30::bottom,16,17,audio,0.3,bottom,8,13;15;7;12;10;8;14;6,Positive,0.006463834691573683,0.017879495604165446,0.9756566697042609,1.2837795870644706,1.0,0,0.00010904226549413032,0.0027536415069580045,0
16::joint::audio::30::random,16,17,audio,0.3,random,8,9;19;18;22;14;1;8;20,Positive,0.0064264951683172585,0.018692309632457323,0.9748811951992254,1.2836252280644007,1.0,0,0.0008845167705295864,0.002908000507027886,0
16::joint::vision::10::top,16,17,vision,0.1,top,3,26;1;21,Positive,0.007799381264727053,0.018808467985336724,0.9733921507499362,1.2747284855161394,1.0,0,0.0023735612198187983,0.011804743055289224,0
16::joint::vision::10::bottom,16,17,vision,0.1,bottom,3,5;8;9,Positive,0.006424355767208517,0.018025760339364105,0.9755498838934274,1.2790639911379134,1.0,0,0.00021582807632758438,0.007469237433515241,0
16::joint::vision::10::random,16,17,vision,0.1,random,3,21;7;4,Positive,0.006255206862789884,0.017586449192759323,0.9761583439444508,1.2984346832547868,1.0,0,-0.0003926319746957452,-0.011901454683358237,0
16::joint::vision::20::top,16,17,vision,0.2,top,6,26;1;21;20;24;23,Positive,0.007292506307874037,0.017915938674044233,0.9747915550180817,1.3011319126401628,1.0,0,0.000974156951673355,-0.014598684068734213,0
16::joint::vision::20::bottom,16,17,vision,0.2,bottom,6,6;18;17;5;8;9,Positive,0.006489801639123589,0.018164139614484657,0.9753460587463918,1.2728998746190752,1.0,0,0.00041965322336323663,0.013633353952353433,0
16::joint::vision::20::random,16,17,vision,0.2,random,6,21;7;4;9;12;24,Positive,0.006198700361823977,0.017361067052532087,0.9764402325856439,1.3052525009427751,1.0,0,-0.0006745206158889072,-0.018719272371346518,0
16::joint::vision::30::top,16,17,vision,0.3,top,8,26;1;21;20;24;23;22;3,Positive,0.007099048488464501,0.01759077957852874,0.9753101719330068,1.3127397980008806,1.0,0,0.0004555400367481921,-0.026206569429451987,0
16::joint::vision::30::bottom,16,17,vision,0.3,bottom,8,7;13;6;18;17;5;8;9,Positive,0.006544900187182866,0.018243284546410533,0.9752118152664065,1.271484068461827,1.0,0,0.0005538967033484887,0.015049160109601667,0
16::joint::vision::30::random,16,17,vision,0.3,random,8,21;7;4;9;12;24;23;5,Positive,0.0062326151381662245,0.017372115902607475,0.9763952689592263,1.303092019898551,1.0,0,-0.0006295569894713138,-0.016558791327122346,0
17::joint::text::10::top,17,18,text,0.1,top,5,24;17;36;16;34,Neutral,0.03922298302579448,0.8632438100839727,0.0975332068902329,0.10670056885906629,0.765606093022299,0,-0.21495880704740833,-0.38835941428763765,0
17::joint::text::10::bottom,17,18,text,0.1,bottom,5,8;10;27;26;50,Neutral,0.31365735267445877,0.6571841831368269,0.029158464188714383,-0.2854407307292734,0.6826776063321255,0,-0.008899180100262583,0.0037818853007020037,0
17::joint::text::10::random,17,18,text,0.1,random,5,21;33;40;17;2,Neutral,0.4241801701641918,0.5463592273615163,0.02946060247429186,-0.33440421974020346,0.6443166695573718,0,0.10192577567504801,0.052745374311632065,0
17::joint::text::20::top,17,18,text,0.2,top,10,24;17;36;16;34;29;22;31;33;41,Neutral,0.03164441454804929,0.8654722280030551,0.10288335744889555,0.13710223297987664,0.7664854531749178,0,-0.2171872249664908,-0.418761078408448,0
17::joint::text::20::bottom,17,18,text,0.2,bottom,10,32;5;20;25;40;8;10;27;26;50,Neutral,0.2973998857744172,0.6749364836091956,0.027663630616387307,-0.2858144932293466,0.6987042804568323,0,-0.026651480572631225,0.0041556478007752085,0
17::joint::text::20::random,17,18,text,0.2,random,10,21;33;40;17;2;4;29;15;12;1,Neutral,0.4243966339607069,0.5511478918234859,0.024455474215807304,-0.3773565856473787,0.6818863286272785,0,0.09713711121307844,0.09569774021880728,0
17::joint::text::30::top,17,18,text,0.3,top,15,24;17;36;16;34;29;22;31;33;41;11;15;45;7;37,Neutral,0.035500529555986385,0.8794866715451266,0.08501279889888705,0.11015185873423304,0.7858066193363845,0,-0.23120166850856227,-0.39181070416280445,0
17::joint::text::30::bottom,17,18,text,0.3,bottom,15,21;4;12;49;44;32;5;20;25;40;8;10;27;26;50,Neutral,0.38178356031786903,0.5945210163907136,0.023695423291417265,-0.34376105506505283,0.696125743778066,0,0.05376398664585069,0.06210220963648144,0
17::joint::text::30::random,17,18,text,0.3,random,15,21;33;40;17;2;4;29;15;12;1;27;42;16;41;49,Neutral,0.21689638992331267,0.7560116689895674,0.02709194108711996,-0.31096624050821575,0.7944841159334073,0,-0.10772666595300306,0.02930739507964436,0
17::joint::audio::10::top,17,18,audio,0.1,top,5,5;36;4;2;8,Neutral,0.3342270282795444,0.6285024319947333,0.037270539725722196,-0.2841175975544112,0.5913119048820672,0,0.01978257104183101,0.0024587521258397915,0
17::joint::audio::10::bottom,17,18,audio,0.1,bottom,5,35;39;26;9;25,Neutral,0.3204747966868504,0.6474615412828344,0.032063662030315215,-0.2818347697279283,0.6202013027688806,0,0.0008234617537299371,0.0001759242993569221,0
17::joint::audio::10::random,17,18,audio,0.1,random,5,45;37;24;47;28,Neutral,0.3178321185822414,0.6489184687999043,0.03324941261785426,-0.2743660391175321,0.6305277433030924,0,-0.000633465763340002,-0.0072928063110392904,0
17::joint::audio::20::top,17,18,audio,0.2,top,10,5;36;4;2;8;50;28;47;41;14,Neutral,0.3419427372863094,0.6157516965266611,0.042305566187029645,-0.2781158318477018,0.5530997128235919,0,0.03253330650990327,-0.003543013580869614,0
17::joint::audio::20::bottom,17,18,audio,0.2,bottom,10,24;19;29;18;38;35;39;26;9;25,Neutral,0.3211997850399474,0.6469238116607489,0.03187640329930382,-0.2823541865551046,0.63246220638752,0,0.0013611913758154737,0.0006953411265331888,0
17::joint::audio::20::random,17,18,audio,0.2,random,10,45;37;24;47;28;25;40;12;32;42,Neutral,0.3135428719047629,0.6543027297498412,0.03215439834539599,-0.27379811834543943,0.6504099676171422,0,-0.0060177267132768275,-0.007860727083131958,0
17::joint::audio::30::top,17,18,audio,0.3,top,15,5;36;4;2;8;50;28;47;41;14;43;3;10;12;46,Neutral,0.34714595108765195,0.6088201196285432,0.044033929283804805,-0.2753660022946341,0.5486471905386,0,0.03946488340802112,-0.006292843133937298,0
17::joint::audio::30::bottom,17,18,audio,0.3,bottom,15,16;34;37;23;30;24;19;29;18;38;35;39;26;9;25,Neutral,0.3231926493848408,0.6444608840324171,0.03234646658274208,-0.2829688313816275,0.6511266440670437,0,0.003824119004147253,0.001309985953056092,0
17::joint::audio::30::random,17,18,audio,0.3,random,15,45;37;24;47;28;25;40;12;32;42;19;35;7;8;9,Neutral,0.3114149428600589,0.6575172963076104,0.03106776083233086,-0.27471544553658794,0.681512790564699,0,-0.009232293271046021,-0.006943399891983448,0
17::joint::vision::10::top,17,18,vision,0.1,top,5,46;50;1;30;44,Neutral,0.3188733165580376,0.6489749924177395,0.03215169102422295,-0.2789863049983978,0.6328752684785051,0,-0.000689989381175149,-0.0026725404301735645,0
17::joint::vision::10::bottom,17,18,vision,0.1,bottom,5,23;35;19;4;17,Neutral,0.32021298229745365,0.647536826407226,0.032250191295320356,-0.28168085496872663,0.6219835893207106,0,0.0007481766293383485,2.2009540155243368e-05,0
17::joint::vision::10::random,17,18,vision,0.1,random,5,30;11;13;10;2,Neutral,0.3172958791314706,0.6503622658148474,0.03234185505368214,-0.2764308570351984,0.6348755035229946,0,-0.0020772627782830178,-0.005227988393373018,0
17::joint::vision::20::top,17,18,vision,0.2,top,10,46;50;1;30;44;49;48;47;25;24,Neutral,0.3130273552413721,0.6547521502760915,0.0322204944825365,-0.27418503697429386,0.6390841181999777,0,-0.006467147239527127,-0.007473808454277531,0
17::joint::vision::20::bottom,17,18,vision,0.2,bottom,10,36;21;40;22;20;23;35;19;4;17,Neutral,0.32013867667780044,0.6471857232898094,0.03267560003239023,-0.27986401971429586,0.6177161981726892,0,0.0010992797467549442,-0.0017948257142755275,0
17::joint::vision::20::random,17,18,vision,0.2,random,10,30;11;13;10;2;43;40;19;6;44,Neutral,0.31546474202166547,0.6509844618319616,0.033550796146373,-0.27069147516574177,0.621938766705296,0,-0.002699458795397236,-0.010967370262829623,0
17::joint::vision::30::top,17,18,vision,0.3,top,15,46;50;1;30;44;49;48;47;25;24;26;28;38;41;43,Neutral,0.3118270569053167,0.6548736272321157,0.033299315862567576,-0.26538631885445546,0.630245855905713,0,-0.006588624195551396,-0.01627252657411593,0
17::joint::vision::30::bottom,17,18,vision,0.3,bottom,15,5;2;3;8;16;36;21;40;22;20;23;35;19;4;17,Neutral,0.3198394154647192,0.6468846344252036,0.03327595011007721,-0.27762903911726816,0.6118727016306424,0,0.001400368611360725,-0.00402980631130323,0
17::joint::vision::30::random,17,18,vision,0.3,random,15,30;11;13;10;2;43;40;19;6;44;14;1;8;36;4,Neutral,0.31665172079091597,0.6492225159831667,0.03412576322591726,-0.269852469808289,0.6148214509622366,0,-0.0009375129466023813,-0.011806375620282417,0
18::joint::text::10::top,18,19,text,0.1,top,5,4;5;39;38;8,Negative,0.7289521083712158,0.07900179538876774,0.19204609624001648,-0.18982434006673948,1.0,0,0.6336244959354088,0.8036381114953108,1
18::joint::text::10::bottom,18,19,text,0.1,bottom,5,6;20;22;24;7,Positive,0.0805385116021355,0.06362516295498818,0.8558363254428764,0.7104788763182504,1.0,0,-0.03016573326745109,-0.09666510488967894,0
18::joint::text::10::random,18,19,text,0.1,random,5,9;2;15;13;31,Positive,0.16169834253988138,0.1572875967130228,0.6810140607470958,0.5820674215044294,1.0,0,0.14465653142832946,0.03174634992414205,0
18::joint::text::20::top,18,19,text,0.2,top,9,4;5;39;38;8;1;2;41;19,Negative,0.8170152572240063,0.041733073884075156,0.14125166889191865,-0.6001207248440811,1.0,0,0.6844189232835066,1.2139344962726524,1
18::joint::text::20::bottom,18,19,text,0.2,bottom,9,25;26;13;21;6;20;22;24;7,Positive,0.0821122289125975,0.06689436156011869,0.8509934095272838,0.7055308605943408,1.0,0,-0.025322817351858484,-0.09171708916576937,0
18::joint::text::20::random,18,19,text,0.2,random,9,9;2;15;13;31;37;32;38;40,Positive,0.26635409593432446,0.3163518388607494,0.4172940652049262,0.17842937473739898,1.0,0,0.4083765269704991,0.43538439669117246,0
18::joint::text::30::top,18,19,text,0.3,top,13,4;5;39;38;8;1;2;41;19;10;34;3;40,Negative,0.9438746223530186,0.02533361478167735,0.03079176286530406,-0.9851389846631459,1.0,0,0.7948788293101212,1.5989527560917174,1
18::joint::text::30::bottom,18,19,text,0.3,bottom,13,32;18;29;27;25;26;13;21;6;20;22;24;7,Positive,0.04732342374546183,0.0689457818368456,0.8837307944176925,0.8321869203022548,1.0,0,-0.05806020224226727,-0.21837314887368342,0
18::joint::text::30::random,18,19,text,0.3,random,13,9;2;15;13;31;37;32;38;40;35;1;3;34,Negative,0.6690120737516477,0.07055038494271655,0.2604375413056358,-0.33909752326352255,1.0,0,0.5652330508697895,0.9529112946920939,1
18::joint::audio::10::top,18,19,audio,0.1,top,5,14;13;40;35;15,Positive,0.2003647271057171,0.05494614173856928,0.7446891311557137,0.5970628048692431,1.0,0,0.0809814610197116,0.016750966559328284,0
18::joint::audio::10::bottom,18,19,audio,0.1,bottom,5,21;18;24;26;25,Positive,0.10668738923960266,0.06551488760694366,0.8277977231534537,0.615953158055033,1.0,0,-0.002127130978028413,-0.0021393866264616257,0
18::joint::audio::10::random,18,19,audio,0.1,random,5,32;19;41;11;21,Positive,0.10874966550867404,0.07030619047344663,0.8209441440178793,0.6095034235290119,1.0,0,0.0047264481575459705,0.00431034789955953,0
18::joint::audio::20::top,18,19,audio,0.2,top,9,14;13;40;35;15;6;11;12;5,Positive,0.11548798193616518,0.05557391263317803,0.8289381054306568,0.632982399314642,1.0,0,-0.0032675132552315578,-0.019168627886070544,0
18::joint::audio::20::bottom,18,19,audio,0.2,bottom,9,30;22;9;37;21;18;24;26;25,Positive,0.10777457752409247,0.06551047595063364,0.8267149465252739,0.6138197758368084,1.0,0,-0.0010443543498486196,-6.004408236948144e-06,0
18::joint::audio::20::random,18,19,audio,0.2,random,9,32;19;41;11;21;8;22;3;2,Positive,0.09876984804770499,0.07253447300557671,0.8286956789467184,0.6204988573278699,1.0,0,-0.003025086771293095,-0.006685085899298504,0
18::joint::audio::30::top,18,19,audio,0.3,top,13,14;13;40;35;15;6;11;12;5;1;41;17;16,Positive,0.09899946697229205,0.05602688932953512,0.8449736436981728,0.6656585420880999,1.0,0,-0.019303051522747583,-0.05184477065952853,0
18::joint::audio::30::bottom,18,19,audio,0.3,bottom,13,33;8;7;19;30;22;9;37;21;18;24;26;25,Positive,0.09965139478268807,0.07616585651336803,0.8241827487039439,0.6097029309187617,1.0,0,0.0014878434714813427,0.004110840509809699,0
18::joint::audio::30::random,18,19,audio,0.3,random,13,32;19;41;11;21;8;22;3;2;26;14;39;40,Positive,0.1020257580135449,0.06743999407055125,0.8305342479159038,0.6226419279617923,1.0,0,-0.004863655740478534,-0.008828156533220888,0
18::joint::vision::10::top,18,19,vision,0.1,top,5,41;1;11;3;40,Positive,0.18670059475914147,0.060067527372197144,0.7532318778686614,0.6140117294022015,1.0,0,0.07243871430676385,-0.00019795797363009182,0
18::joint::vision::10::bottom,18,19,vision,0.1,bottom,5,24;21;19;22;23,Positive,0.10856190580481373,0.06247829413011438,0.8289598000650719,0.6081203645361322,1.0,0,-0.003289207889646595,0.005693406892439246,0
18::joint::vision::10::random,18,19,vision,0.1,random,5,21;9;16;17;22,Positive,0.1027700900727074,0.05885531858229912,0.8383745913449935,0.6421661557895797,1.0,0,-0.012703999169568214,-0.028352384361008287,0
18::joint::vision::20::top,18,19,vision,0.2,top,9,41;1;11;3;40;12;10;2;16,Positive,0.10281057845559406,0.054663970960384944,0.842525450584021,0.6641260768686023,1.0,0,-0.016854858408595685,-0.05031230544003085,0
18::joint::vision::20::bottom,18,19,vision,0.2,bottom,9,26;34;4;25;24;21;19;22;23,Positive,0.10594585130832536,0.0597387472495804,0.8343154014420943,0.6210534788135972,1.0,0,-0.008644809266668996,-0.007239707385025773,0
18::joint::vision::20::random,18,19,vision,0.2,random,9,21;9;16;17;22;33;20;4;41,Positive,0.10816041619778706,0.05797790572658083,0.8338616780756322,0.6291122005454132,1.0,0,-0.008191085900206896,-0.01529842911684176,0
18::joint::vision::30::top,18,19,vision,0.3,top,13,41;1;11;3;40;12;10;2;16;8;15;5;13,Positive,0.09466832236397314,0.050959576682327194,0.8543721009536996,0.7035222740045616,1.0,0,-0.028701508778274376,-0.08970850257599017,0
18::joint::vision::30::bottom,18,19,vision,0.3,bottom,13,27;28;29;33;26;34;4;25;24;21;19;22;23,Positive,0.10046095041456272,0.05644285540674263,0.8430961941786946,0.6459020632651767,1.0,0,-0.01742560200326937,-0.03208829183660533,0
18::joint::vision::30::random,18,19,vision,0.3,random,13,21;9;16;17;22;33;20;4;41;25;8;13;39,Positive,0.10431038864333121,0.054747491721467,0.8409421196352018,0.6501314315412726,1.0,0,-0.015271527459776557,-0.03631766011270121,0
19::joint::text::10::top,19,20,text,0.1,top,5,4;3;29;30;20,Positive,0.008772260187903749,0.13860476992448864,0.8526229698876076,0.6573184132575989,1.0,0,0.08531290624446597,0.2848723167424011,0
19::joint::text::10::bottom,19,20,text,0.1,bottom,5,37;21;45;9;10,Positive,0.00813647096868041,0.053567287161706514,0.9382962418696131,0.9464477385793414,1.0,0,-0.0003603657375396141,-0.004257008579341415,0
19::joint::text::10::random,19,20,text,0.1,random,5,44;40;2;18;15,Positive,0.007169947010260034,0.07572573866406083,0.9171043143256791,0.8004241841179984,1.0,0,0.02083156180639445,0.14176654588200155,0
19::joint::text::20::top,19,20,text,0.2,top,9,4;3;29;30;20;19;1;2;24,Positive,0.008913395886515855,0.40270702342115716,0.5883795806923271,0.5816811919212341,1.0,0,0.3495562954397464,0.36050953807876585,0
19::joint::text::20::bottom,19,20,text,0.2,bottom,9,22;38;33;34;37;21;45;9;10,Positive,0.008019884478169427,0.05492015772637564,0.937059957795455,0.9376060026032584,1.0,0,0.0008759183366184864,0.004584727396741539,0
19::joint::text::20::random,19,20,text,0.2,random,9,44;40;2;18;15;12;33;3;29,Positive,0.008357566170959277,0.23900997924623685,0.7526324545828039,0.6238074813570295,1.0,0,0.1853034215492696,0.3183832486429705,0
19::joint::text::30::top,19,20,text,0.3,top,14,4;3;29;30;20;19;1;2;24;40;31;23;35;44,Positive,0.008255951937777464,0.4403999513297207,0.5513440967325018,0.5324755779334477,1.0,0,0.3865917793995717,0.4097151520665523,0
19::joint::text::30::bottom,19,20,text,0.3,bottom,14,41;16;27;15;8;22;38;33;34;37;21;45;9;10,Positive,0.008441953889807887,0.05229535814635444,0.9392626879638377,0.9835844806262425,1.0,0,-0.0013268118317641964,-0.04139375062624251,0
19::joint::text::30::random,19,20,text,0.3,random,14,44;40;2;18;15;12;33;3;29;34;17;41;8;39,Positive,0.008621076340420938,0.21180332285681405,0.779575600802765,0.6510199734142849,1.0,0,0.15836027532930852,0.2911707565857151,0
19::joint::audio::10::top,19,20,audio,0.1,top,5,25;16;14;10;30,Positive,0.007746042700159288,0.052563659611474,0.9396902976883668,0.9567885143416268,1.0,0,-0.0017544215562932397,-0.01459778434162684,0
19::joint::audio::10::bottom,19,20,audio,0.1,bottom,5,21;41;7;12;22,Positive,0.0076711536097516814,0.05442520337628101,0.9379036430139673,0.9433702996798924,1.0,0,3.223311810618412e-05,-0.0011795696798924116,0
19::joint::audio::10::random,19,20,audio,0.1,random,5,5;18;25;1;15,Positive,0.007683149036394075,0.05452173197657006,0.9377951189870358,0.9346521496772766,1.0,0,0.00014075714503769543,0.007538580322723365,0
19::joint::audio::20::top,19,20,audio,0.2,top,9,25;16;14;10;30;15;24;11;9,Positive,0.007862048952652008,0.05301614361602078,0.9391218074313272,0.9569014055388314,1.0,0,-0.0011859312992537063,-0.01471067553883143,0
19::joint::audio::20::bottom,19,20,audio,0.2,bottom,9,44;29;31;13;21;41;7;12;22,Positive,0.007696502644048485,0.054198442709112706,0.9381050546468389,0.9448031868253436,1.0,0,-0.00016917851476538903,-0.002612456825343612,0
19::joint::audio::20::random,19,20,audio,0.2,random,9,5;18;25;1;15;7;42;29;24,Positive,0.00769810747234736,0.05383843030269137,0.9384634622249614,0.936329824583871,1.0,0,-0.0005275860928878329,0.0058609054161289365,0
19::joint::audio::30::top,19,20,audio,0.3,top,14,25;16;14;10;30;15;24;11;9;18;4;17;26;40,Positive,0.007995103226172421,0.0514388330957497,0.9405660636780778,0.9739134396825518,1.0,0,-0.0026301875460043034,-0.031722709682551864,0
19::joint::audio::30::bottom,19,20,audio,0.3,bottom,14,43;42;23;45;1;44;29;31;13;21;41;7;12;22,Positive,0.007706242254101266,0.05389425412560452,0.9383995036202942,0.9501333917890277,1.0,0,-0.0004636274882207081,-0.007942661789027694,0
19::joint::audio::30::random,19,20,audio,0.3,random,14,5;18;25;1;15;7;42;29;24;2;34;31;27;23,Positive,0.007686803207950916,0.053341022992441964,0.9389721737996071,0.9379927941731044,1.0,0,-0.0010362976675335478,0.004197935826895538,0
19::joint::vision::10::top,19,20,vision,0.1,top,5,19;40;14;37;22,Positive,0.007717817481375361,0.05468550052527285,0.9375966819933518,0.9378108637673515,1.0,0,0.0003391941387217434,0.004379866232648522,0
19::joint::vision::10::bottom,19,20,vision,0.1,bottom,5,1;27;4;26;24,Positive,0.007763139095036457,0.05380413933155866,0.938432721573405,0.9434423872402736,1.0,0,-0.0004968454413314394,-0.0012516572402736514,0
19::joint::vision::10::random,19,20,vision,0.1,random,5,37;7;18;35;45,Positive,0.007650965506868037,0.053965879176145315,0.9383831553169867,0.9457910060882568,1.0,0,-0.000447279184913163,-0.0036002760882568596,0
19::joint::vision::20::top,19,20,vision,0.2,top,9,19;40;14;37;22;42;36;41;32,Positive,0.007615932936770504,0.05379965747445785,0.9385844095887717,0.9527210763522557,1.0,0,-0.0006485334566981305,-0.010530346352255693,0
19::joint::vision::20::bottom,19,20,vision,0.2,bottom,9,7;6;25;5;1;27;4;26;24,Positive,0.007879613786615466,0.05364024919495053,0.938480137018434,0.9409881149019513,1.0,0,-0.0005442608863605036,0.0012026150980486427,0
19::joint::vision::20::random,19,20,vision,0.2,random,9,37;7;18;35;45;10;6;44;41,Positive,0.007656132300741434,0.053707714273891205,0.9386361534253673,0.9498859814235142,1.0,0,-0.0007002772932938051,-0.007695251423514238,0
19::joint::vision::30::top,19,20,vision,0.3,top,14,19;40;14;37;22;42;36;41;32;33;34;44;18;35,Positive,0.007527411268082122,0.053057152701638646,0.9394154360302792,0.9650886484554836,1.0,0,-0.0014795598982056957,-0.022897918455483612,0
19::joint::vision::30::bottom,19,20,vision,0.3,bottom,14,29;3;45;30;28;7;6;25;5;1;27;4;26;24,Positive,0.007828348429123408,0.053436756982592565,0.9387348945882841,0.9498909286090306,1.0,0,-0.000799018456210554,-0.007700198609030595,0
19::joint::vision::30::random,19,20,vision,0.3,random,14,37;7;18;35;45;10;6;44;41;28;14;24;26;12,Positive,0.007760498511800082,0.05364394594404493,0.938595555544155,0.944796085357666,1.0,0,-0.0006596794120814486,-0.0026053553576660393,0
