variant_id,sample_index,sample_id,modality,position_zero_based,position,predicted_label,negative_probability,neutral_probability,positive_probability,predicted_intensity,neutral_authenticity,neutral_rejected,frozen_class_confidence_delta,intensity_delta,local_effect
0::single::text::0,0,01,text,0,1,Positive,0.02007764625793182,0.33953882570061367,0.6403835280414546,0.35539810359477997,1.0,0,0.00139323400661584,0.01619048783379151,0.003395031642273172
0::single::text::1,0,01,text,1,2,Positive,0.020336226673812942,0.34057361610022135,0.6390901572259657,0.35195228457450867,1.0,0,0.002686604822104699,0.019636306854062813,0.004616020220062819
0::single::text::2,0,01,text,2,3,Positive,0.0231307727091997,0.33849714857711477,0.6383720787136855,0.35650607145258356,1.0,0,0.003404683334384928,0.015082519975987918,0.004216094996523784
0::single::text::3,0,01,text,3,4,Positive,0.022274493659702993,0.33358687832088185,0.6441386280194152,0.37995052124772755,1.0,0,-0.002361865971344801,-0.008361929819156066,0.0025745879555317446
0::single::text::4,0,01,text,4,5,Positive,0.021878954855302613,0.33065906797771716,0.6474619771669803,0.37220420262643267,1.0,0,-0.005685215118909848,-0.0006156111978611878,0.002945209425765122
0::single::text::5,0,01,text,5,6,Positive,0.02415770849206324,0.34617125921453434,0.6296710322934025,0.3230948607836451,1.0,0,0.012105729754667949,0.0484937306449264,0.014135153318155042
0::single::text::6,0,01,text,6,7,Positive,0.02839754989545549,0.3594207897470054,0.6121816603575392,0.27753912125314983,1.0,0,0.029595101690531256,0.09404947017542165,0.030472462541169237
0::single::text::7,0,01,text,7,8,Positive,0.023474768624284888,0.3369237597444316,0.6396014716312834,0.35719929209777285,1.0,0,0.00217529041678699,0.014389299330798633,0.0034858617635266007
0::single::text::8,0,01,text,8,9,Positive,0.024037271182208948,0.3353074591566854,0.6406552696611056,0.3664252779313496,1.0,0,0.0011214923869647953,0.0051633134972218775,0.0014212984430193774
0::single::text::9,0,01,text,9,10,Positive,0.023938555298376785,0.33496061405782984,0.6411008306437934,0.3672940603324345,1.0,0,0.0006759314042770193,0.004294531096136978,0.0010537208848280057
0::single::text::10,0,01,text,10,11,Positive,0.024030953233417758,0.3319998578368014,0.6439691889297808,0.3664711133709976,1.0,0,-0.0021924268817103965,0.005117478057573899,0.0019491264504508479
0::single::text::11,0,01,text,11,12,Positive,0.023239342649083873,0.4338983998279876,0.5428622575229286,0.3014575956123216,1.0,0,0.09891450452514183,0.07013099581624987,0.06114575156527923
0::single::text::12,0,01,text,12,13,Positive,0.024673142963983347,0.4353881802543997,0.539938676781617,0.28392579313367605,1.0,0,0.10183808526645344,0.08766279829489543,0.0655295090157093
0::single::text::13,0,01,text,13,14,Positive,0.024671779216916278,0.3580375535757625,0.6172906672073213,0.3050442337989807,1.0,0,0.02448609484074915,0.06654435762959077,0.023333773691973037
0::single::text::14,0,01,text,14,15,Positive,0.025420969768175174,0.44779697303247573,0.5267820571993491,0.2758674658834934,1.0,0,0.11499470484872132,0.09572112554507806,0.07345087334854034
0::single::text::15,0,01,text,15,16,Positive,0.02365144943861507,0.34431145345064107,0.632037097110744,0.33205223615680424,1.0,0,0.009739664937326475,0.03953635527176724,0.01145922501395778
0::single::text::16,0,01,text,16,17,Positive,0.024486519616787553,0.3393383264607169,0.6361751539224956,0.34789823847157614,1.0,0,0.005601608125574864,0.023690352956995342,0.006749196222286656
0::single::text::17,0,01,text,17,18,Positive,0.02449708199646534,0.34034465033661865,0.635158267666916,0.3460237703153065,1.0,0,0.006618494381154472,0.02556482111326497,0.00757005070945473
0::single::text::18,0,01,text,18,19,Positive,0.024750700869550914,0.3354038154316315,0.6398454836988177,0.3504281831639154,1.0,0,0.001931278349252774,0.021160408264656094,0.004492373885402403
0::single::text::19,0,01,text,19,20,Positive,0.024275252919410784,0.3524440730878494,0.6232806739927398,0.30277557777506964,1.0,0,0.01849608805533065,0.06881301365350184,0.0207168796365823
0::single::text::20,0,01,text,20,21,Positive,0.022439544220500218,0.3309998042035305,0.6465606515759693,0.39429786588464466,1.0,0,-0.004783889527898877,-0.02270927445607318,0.006176823839961635
0::single::text::21,0,01,text,21,22,Positive,0.02479398665661683,0.33741242048720427,0.637793592856179,0.3585966644542558,1.0,0,0.003983169191891456,0.01299192697431567,0.004156905758331672
0::single::text::22,0,01,text,22,23,Positive,0.021870297626569103,0.3298134923873339,0.6483162099860971,0.39587528152125223,1.0,0,-0.006539447938026632,-0.02428669009268075,0.007317505651126775
0::single::text::23,0,01,text,23,24,Positive,0.023341571961857533,0.33044983570160574,0.6462085923365367,0.37516883654253824,1.0,0,-0.004431830288466276,-0.0035802451139667624,0.0028126226632275986
0::single::audio::0,0,01,audio,0,1,Positive,0.02333117783578861,0.3352333633074383,0.6414354588567731,0.37077459905828747,1.0,0,0.00034130319129732634,0.0008139923702840113,0.0003063169906959984
0::single::audio::1,0,01,audio,1,2,Positive,0.02543192291087057,0.35107076953170313,0.6234973075574264,0.33669184361185345,1.0,0,0.018279454490644054,0.03489674781671803,0.0149558518814417
0::single::audio::2,0,01,audio,2,3,Positive,0.02400601246105675,0.33904587924884705,0.6369481082900962,0.35989096760749817,1.0,0,0.004828653757974255,0.01169762382107331,0.004363930849166013
0::single::audio::3,0,01,audio,3,4,Positive,0.024008107249139595,0.3386421199500335,0.6373497728008269,0.3577470140797751,1.0,0,0.004426989247243496,0.013841577348796374,0.004520424181754476
0::single::audio::4,0,01,audio,4,5,Positive,0.023339440122915767,0.336342927181849,0.6403176326952352,0.3670890224831445,1.0,0,0.001459129352835209,0.004499568945426968,0.0014794928339887659
0::single::audio::5,0,01,audio,5,6,Positive,0.022783012147227243,0.3331493617355191,0.6440676261172538,0.380916708282062,1.0,0,-0.0022908640691833293,-0.009328116853490498,0.0027001181768400813
0::single::audio::6,0,01,audio,6,7,Positive,0.023108997836703966,0.3369091501811206,0.6399818519821755,0.36601483821868896,1.0,0,0.001794910065894939,0.005573753209882515,0.0018264139012612222
0::single::audio::7,0,01,audio,7,8,Positive,0.022733543257153536,0.3379457484953624,0.6393207082474841,0.36460405375276295,1.0,0,0.002456053800586333,0.006984537675808533,0.002392116512927922
0::single::audio::8,0,01,audio,8,9,Positive,0.022903577118879647,0.3370284762258282,0.6400679466552921,0.3664065514292036,1.0,0,0.00170881539277834,0.005182039999367893,0.0017180810296171523
0::single::audio::9,0,01,audio,9,10,Positive,0.022882945746233677,0.3352681892638612,0.6418488649899052,0.3716717085668019,1.0,0,-7.210294183479515e-05,-8.311713823039302e-05,4.9904327289129746e-05
0::single::audio::10,0,01,audio,10,11,Positive,0.023061999844455294,0.33374223432240024,0.6431957658331444,0.37718941484178814,1.0,0,-0.00141900378507398,-0.00560082341321666,0.0016429724614064334
0::single::audio::11,0,01,audio,11,12,Positive,0.022799524711339236,0.3314218180991656,0.6457786571894951,0.3892988754170282,1.0,0,-0.004001895141424683,-0.0177102839884567,0.004952661568788458
0::single::audio::12,0,01,audio,12,13,Positive,0.02298432433669092,0.3327928339435618,0.6442228417197473,0.3807425679905074,1.0,0,-0.0024460796716768707,-0.009153976561935895,0.0027487025961610845
0::single::audio::13,0,01,audio,13,14,Positive,0.02309432888790123,0.33344960221561787,0.6434560688964809,0.3772537037730217,1.0,0,-0.0016793068484104445,-0.005665112344450218,0.0017838388149469253
0::single::audio::14,0,01,audio,14,15,Positive,0.023206090455511186,0.3336351891274414,0.6431587204170474,0.37507665689502445,1.0,0,-0.001381958368976921,-0.003488065466452972,0.0012723234288972893
0::single::audio::15,0,01,audio,15,16,Positive,0.023519495559193734,0.3339490141707587,0.6425314902700475,0.3741312963621957,1.0,0,-0.0007547282219770857,-0.00254270493362424,0.0008011482665925829
0::single::audio::16,0,01,audio,16,17,Positive,0.023337587476515684,0.3335028138200814,0.643159598703403,0.37544049535478863,1.0,0,-0.0013828366553325644,-0.0038519039262171484,0.0013334023153691401
0::single::audio::17,0,01,audio,17,18,Positive,0.023124505303187323,0.3331145978329873,0.6437608968638254,0.3782160303422383,1.0,0,-0.00198413481575499,-0.006627438913666794,0.002096640560155294
0::single::audio::18,0,01,audio,18,19,Positive,0.023365131087880187,0.33406135859302066,0.6425735103190992,0.37528111040592194,1.0,0,-0.0007967482710287133,-0.0036925189773504563,0.0010137939650727659
0::single::audio::19,0,01,audio,19,20,Positive,0.02310527697903321,0.33362506283150223,0.6432696601894645,0.3771633559039661,1.0,0,-0.0014928981413940834,-0.005574764475394622,0.001675576483262812
0::single::audio::20,0,01,audio,20,21,Positive,0.023192121529133785,0.3347115385296158,0.6420963399412505,0.37262579266514095,1.0,0,-0.00031957789318004526,-0.0010372012365694738,0.0003326558193516016
0::single::audio::21,0,01,audio,21,22,Positive,0.023150309650535165,0.3346153558968759,0.6422343344525889,0.373375620160784,1.0,0,-0.00045757240451849146,-0.0017870287322125367,0.0005266243242946684
0::single::audio::22,0,01,audio,22,23,Positive,0.023376244725749007,0.33411785657979187,0.6425058986944591,0.3745274543762207,1.0,0,-0.0007291366463886284,-0.0029388629476492234,0.0008543788144691847
0::single::audio::23,0,01,audio,23,24,Positive,0.023301585323736912,0.33396965868450146,0.6427287559917616,0.37596155064446585,1.0,0,-0.0009519939436911651,-0.0043729592158943675,0.001204823507827977
0::single::vision::0,0,01,vision,0,1,Positive,0.02363935866078856,0.3372962295899744,0.6390644117492371,0.3641227994646345,1.0,0,0.0027123502988333215,0.007465791963936985,0.0026004738100728246
0::single::vision::1,0,01,vision,1,2,Positive,0.023122213607841734,0.3350308079331847,0.6418469784589735,0.37108100099223,1.0,0,-7.021641090310116e-05,0.0005075904363414652,0.00011970661150846144
0::single::vision::2,0,01,vision,2,3,Positive,0.023037962540680978,0.33406948143181525,0.6428925560275037,0.37556341929095133,1.0,0,-0.0011157939794332883,-0.003974827862379848,0.0012203683001132857
0::single::vision::3,0,01,vision,3,4,Positive,0.022947755543245078,0.3340486411287719,0.643003603327983,0.37525208613702227,1.0,0,-0.0012268412799125716,-0.0036634947084507874,0.0012240030913647504
0::single::vision::4,0,01,vision,4,5,Positive,0.022964987269988905,0.33449566206672626,0.6425393506632849,0.3729394631726401,1.0,0,-0.0007625886152144989,-0.0013508717440686158,0.0006064395982853521
0::single::vision::5,0,01,vision,5,6,Positive,0.023051888628059826,0.334791132901207,0.6421569784707332,0.3713312085185732,1.0,0,-0.00038021642266272693,0.0002573829099982716,0.00023300536299774208
0::single::vision::6,0,01,vision,6,7,Positive,0.023212201162870805,0.3343355241289622,0.6424522747081669,0.37368799639599665,1.0,0,-0.0006755126600964667,-0.002099404967425167,0.0006876571579524278
0::single::vision::7,0,01,vision,7,8,Positive,0.02315929719939054,0.33514231657064286,0.6416983862299667,0.37099905205624445,1.0,0,7.837581810377081e-05,0.0005895393723270304,0.00013744447110639046
0::single::vision::8,0,01,vision,8,9,Positive,0.023173554522026036,0.3353177379096631,0.6415087075683108,0.3710250897066934,1.0,0,0.0002680544797596385,0.0005635017218780791,0.00022794419352616574
0::single::vision::9,0,01,vision,9,10,Positive,0.023184858695405392,0.3350853325120936,0.6417298087925011,0.37138995953968595,1.0,0,4.69532555693597e-05,0.0001986318888855254,5.6581942598934086e-05
0::single::vision::10,0,01,vision,10,11,Positive,0.023127972523246068,0.33478456817086455,0.6420874593058894,0.37282041034528185,1.0,0,-0.0003106972578189593,-0.00123181891671037,0.00036065178169454126
0::single::vision::11,0,01,vision,11,12,Positive,0.023015859193177196,0.33474415776261973,0.642239983044203,0.37360071177993504,1.0,0,-0.00046322099613260725,-0.0020121203513635555,0.0005669638899602296
0::single::vision::12,0,01,vision,12,13,Positive,0.023104815434303413,0.3348118924284473,0.6420832921372492,0.37271930809531895,1.0,0,-0.00030653008917880253,-0.0011307166667474666,0.00034171782238064574
0::single::vision::13,0,01,vision,13,14,Positive,0.02309599507452179,0.3347546022407785,0.6421494026846998,0.37292072602680754,1.0,0,-0.00037264063662934,-0.0013321345982360566,0.00040834275135401277
0::single::vision::14,0,01,vision,14,15,Positive,0.023116903552588573,0.33482595058859693,0.6420571458588146,0.37256397413355963,1.0,0,-0.00028038381074413365,-0.000975382704988148,0.00030275568953675813
0::single::vision::15,0,01,vision,15,16,Positive,0.02323405469376536,0.33535535766448665,0.6414105876417481,0.37034489640167784,1.0,0,0.00036617440632236153,0.001243695026893643,0.0003903697076434546
0::single::vision::16,0,01,vision,16,17,Positive,0.023164665481617417,0.3349543064755049,0.6418810280428777,0.3724128210118839,1.0,0,-0.00010426599480728438,-0.000824229583312408,0.00018950459462237687
0::single::vision::17,0,01,vision,17,18,Positive,0.023300629792974963,0.33467216763220103,0.6420272025748239,0.37289827849183765,1.0,0,-0.0002504405267534926,-0.001309687063266174,0.0003435014405877753
0::single::vision::18,0,01,vision,18,19,Positive,0.023175041214791428,0.3344693559928678,0.6423556027923408,0.37425871406282696,1.0,0,-0.0005788407442703924,-0.0026701226342554785,0.000734440811177776
0::single::vision::19,0,01,vision,19,20,Positive,0.023105693143240784,0.33422692552064825,0.642667381336111,0.3754138137613024,1.0,0,-0.0008906192880405728,-0.0038252223327309154,0.001082846699475439
0::single::vision::20,0,01,vision,20,21,Positive,0.023250483681911533,0.3346103506910068,0.6421391656270816,0.3734437855226653,1.0,0,-0.0003624035790111835,-0.0018551940940937928,0.0004904008051878905
0::single::vision::21,0,01,vision,21,22,Positive,0.023240331250815503,0.33464508717805763,0.642114581571127,0.3734613848584039,1.0,0,-0.0003378195230565595,-0.0018727934298324311,0.00048104199983368495
0::single::vision::22,0,01,vision,22,23,Positive,0.023087237205174315,0.33430005444960087,0.6426127083452249,0.3757521552698953,1.0,0,-0.000835946297154444,-0.004163563841323825,0.0011119004554645262
0::single::vision::23,0,01,vision,23,24,Positive,0.02365056729652786,0.33740760479903364,0.6389418279044385,0.36423389826502117,1.0,0,0.0028349341436318953,0.007354693163550308,0.002643249265740999
1::single::text::0,1,02,text,0,1,Positive,0.04969544220344317,0.20177653448472463,0.7485280233118322,0.4381026987518583,1.0,0,0.12237502782911358,0.13701944553385598,0.08402408817019945
1::single::text::1,1,02,text,1,2,Positive,0.049448101126298875,0.20116394923852035,0.7493879496351807,0.44083707460335325,1.0,0,0.12151510150576506,0.13428506968236104,0.0831383956999427
1::single::text::2,1,02,text,2,3,Positive,0.04213958484808126,0.10762682610798294,0.8502335890439359,0.4691924346344812,1.0,0,0.020669462097009927,0.1059297096512331,0.027989682657043814
1::single::text::3,1,02,text,3,4,Positive,0.04481957056577442,0.1075276906949773,0.8476527387392484,0.5422357810395104,1.0,0,0.023250312401697393,0.032886363246203865,0.017106216741882674
1::single::text::4,1,02,text,4,5,Positive,0.04271439072854688,0.10732445223485669,0.8499611570365965,0.5510203604187284,1.0,0,0.020941894104349323,0.024101783866985915,0.014487911030005646
1::single::text::5,1,02,text,5,6,Positive,0.043016282538304806,0.08746423432584444,0.8695194831358507,0.5276478656700679,1.0,0,0.0013835680050950927,0.04747427861564635,0.008604163771821938
1::single::text::6,1,02,text,6,7,Positive,0.044389301650479954,0.09286257255711705,0.862748125792403,0.5110555865934917,1.0,0,0.008154925348542785,0.06406655769222258,0.014755222289641823
1::single::text::7,1,02,text,7,8,Positive,0.04340960541129928,0.09311456886854924,0.8634758257201515,0.5131989909069878,1.0,0,0.007427225420794326,0.06192315337872645,0.014034138273518237
1::single::text::8,1,02,text,8,9,Positive,0.04688850927051304,0.2277389755960067,0.7253725151334803,0.4154953770339489,1.0,0,0.14553053600746546,0.1596267672517654,0.0993697292123603
1::single::text::9,1,02,text,9,10,Positive,0.048798601814686184,0.22007912759227877,0.7311222705930351,0.4108290108186858,1.0,0,0.13978078054791065,0.1642931334670285,0.09727257918512675
1::single::text::10,1,02,text,10,11,Positive,0.050803837120930145,0.2208218808198048,0.728374282059265,0.40210292701210293,1.0,0,0.14252876908168077,0.17301921727361136,0.10010092075310895
1::single::text::11,1,02,text,11,12,Positive,0.08743564185164501,0.23746687987425466,0.6750974782741004,0.31456097135586397,1.0,0,0.1958055728668454,0.2605611729298503,0.14132964858839775
1::single::text::12,1,02,text,12,13,Positive,0.044476229094272915,0.09184834186756982,0.8636754290381573,0.535466696534838,1.0,0,0.007227622102788489,0.03965544775087626,0.010223052343206956
1::single::text::13,1,02,text,13,14,Positive,0.04386217824945861,0.09199048709020927,0.8641473346603321,0.5373594164848328,1.0,0,0.006755716480613683,0.037762727800881524,0.009671646207120427
1::single::text::14,1,02,text,14,15,Neutral,0.2516998155051575,0.542842433145452,0.20545775134939048,-0.02929946287934269,0.3714937851784026,0,0.6654452997915553,0.604421607165057,0.43345958442328714
1::single::text::15,1,02,text,15,16,Positive,0.04193364642730981,0.07907337532984386,0.8789929782428463,0.5894945349012103,1.0,0,-0.008089927101900485,-0.014372390615496,0.006440361986866242
1::single::text::16,1,02,text,16,17,Positive,0.043849337687231274,0.07906056688564646,0.8770900954271222,0.583632835320064,1.0,0,-0.006187044286176446,-0.00851069103434976,0.004511970648813183
1::single::text::17,1,02,text,17,18,Positive,0.03759203321039253,0.1062432895314711,0.8561646772581364,0.5104918458632061,1.0,0,0.014738373882809408,0.06463029842250823,0.018140903345156077
1::single::text::18,1,02,text,18,19,Positive,0.032950486133889345,0.09894966131203727,0.8680998525540734,0.6167480008942741,1.0,0,0.0028031985868723908,-0.041625856608559775,0.00833924206152949
1::single::text::19,1,02,text,19,20,Positive,0.04219171657458464,0.10099433170580119,0.8568139517196142,0.5836436493056161,1.0,0,0.01408909942133163,-0.008521505019901787,0.008464800547316112
1::single::text::20,1,02,text,20,21,Positive,0.04036342868460684,0.09766525112448791,0.8619713201909053,0.5887808139835086,1.0,0,0.008931730950040517,-0.013658669697794279,0.006742310424652639
1::single::audio::0,1,02,audio,0,1,Positive,0.04287423766677825,0.08652910378841697,0.8705966585448048,0.5779163305248533,1.0,0,0.0003063925961409586,-0.0027941862391389627,0.0006188940045936397
1::single::audio::1,1,02,audio,1,2,Positive,0.042786989292736055,0.08873212749074805,0.868480883216516,0.5694038995674678,1.0,0,0.002422167924429841,0.005718244718246446,0.002164124748589328
1::single::audio::2,1,02,audio,2,3,Positive,0.04206511841838147,0.0872600839267354,0.8706747976548832,0.5755927307265145,1.0,0,0.00022825348606259066,-0.0004705864408002247,0.00019255781649799947
1::single::audio::3,1,02,audio,3,4,Positive,0.04182916687720433,0.08622386000505199,0.8719469731177437,0.5782082357576915,1.0,0,-0.0010439219767979235,-0.003086091471977248,0.0010363095670618363
1::single::audio::4,1,02,audio,4,5,Positive,0.04132596931581242,0.08500284530750664,0.873671185376681,0.5768132018191474,1.0,0,-0.002768134235735187,-0.0016910575334331268,0.001665910040106448
1::single::audio::5,1,02,audio,5,6,Positive,0.041294552319878094,0.08588580188066969,0.8728196457994521,0.5786192268133163,1.0,0,-0.0019165946585063542,-0.003497082527602058,0.0015411444171868536
1::single::audio::6,1,02,audio,6,7,Positive,0.041393951014603476,0.08436811136366187,0.8742379376217346,0.5789023126874652,1.0,0,-0.0033348864807888345,-0.003780168401750883,0.0022974713073528976
1::single::audio::7,1,02,audio,7,8,Positive,0.042393707374653415,0.08859347515698203,0.8690128174683647,0.569712153502873,1.0,0,0.0018902336725811208,0.005409990782841323,0.001846781966764114
1::single::audio::8,1,02,audio,8,9,Positive,0.042148807129372856,0.08809888344130584,0.8697523094293214,0.5704702926533562,1.0,0,0.0011507417116244367,0.0046518516323580394,0.001350679461205225
1::single::audio::9,1,02,audio,9,10,Positive,0.04219574546818042,0.0881247690664265,0.8696794854653931,0.5709715230124337,1.0,0,0.001223565675552707,0.004150621273280586,0.0013035530499897843
1::single::audio::10,1,02,audio,10,11,Positive,0.04202311267976342,0.08827275418045018,0.8697041331397865,0.5725358213697161,1.0,0,0.0011989180011593437,0.0025863229159981405,0.0010305128199126952
1::single::audio::11,1,02,audio,11,12,Positive,0.04195116824674973,0.08643734940618963,0.8716114823470607,0.5804767736366817,1.0,0,-0.0007084312061148568,-0.005354629350967421,0.0012466538282186654
1::single::audio::12,1,02,audio,12,13,Positive,0.040701766182717314,0.08581274570534239,0.8734854881119403,0.5829406721251351,1.0,0,-0.0025824369709944728,-0.00781852783942083,0.0025943064587340414
1::single::audio::13,1,02,audio,13,14,Positive,0.0419862211571097,0.08736196286140514,0.8706518159814851,0.5740173863513129,1.0,0,0.0002512351594606832,0.0011047579344013458,0.0003097439021305659
1::single::audio::14,1,02,audio,14,15,Positive,0.04155484093684993,0.08740616663384966,0.8710389924293005,0.5715655429022652,1.0,0,-0.00013594128835470176,0.003556601383449043,0.000660737541418858
1::single::audio::15,1,02,audio,15,16,Positive,0.04206567819284661,0.08679177242048358,0.8711425493866698,0.5734242626598903,1.0,0,-0.00023949824572400136,0.0016978816258239604,0.00040272939383266076
1::single::audio::16,1,02,audio,16,17,Positive,0.04205913379545909,0.08706765630043374,0.8708732099041072,0.5723988945995059,1.0,0,2.98412368385792e-05,0.0027232496862084066,0.0004687955661206907
1::single::audio::17,1,02,audio,17,18,Positive,0.04213841822155608,0.08707299008134978,0.8707885916970942,0.5723458571093423,1.0,0,0.0001144594438515778,0.0027762871763720165,0.000519944251321125
1::single::audio::18,1,02,audio,18,19,Positive,0.042088190287148775,0.08644842338662731,0.8714633863262239,0.5745248049497604,1.0,0,-0.0005603351852780936,0.0005973393359538504,0.0003797241486313552
1::single::audio::19,1,02,audio,19,20,Positive,0.04216120555911104,0.08694886928717542,0.8708899251537136,0.5704912096261978,1.0,0,1.312598723224312e-05,0.004630934659516472,0.000778385436868867
1::single::audio::20,1,02,audio,20,21,Positive,0.0428693998072372,0.08720514065961968,0.8699254595331432,0.5757800489664078,1.0,0,0.0009775916078026414,-0.0006579046806934885,0.0005984465840169021
1::single::vision::0,1,02,vision,0,1,Positive,0.04261714169096581,0.08599111868121322,0.871391739627821,0.5758513467652457,1.0,0,-0.0004886884868752217,-0.0007292024795314545,0.0003658779900261866
1::single::vision::1,1,02,vision,1,2,Positive,0.04160572531904036,0.08585912115404187,0.8725351535269178,0.5798615877117429,1.0,0,-0.0016321023859720007,-0.004739443426028611,0.0016059584306574357
1::single::vision::2,1,02,vision,2,3,Positive,0.041829805355779515,0.08630493350269262,0.8718652611415278,0.5779225443090711,1.0,0,-0.0009622100005820533,-0.002800400023356797,0.0009478383375171595
1::single::vision::3,1,02,vision,3,4,Positive,0.0418696998114476,0.08643872369368852,0.8716915764948638,0.5772348642349243,1.0,0,-0.0007885253539180459,-0.002112719949210029,0.0007463826684940278
1::single::vision::4,1,02,vision,4,5,Positive,0.041705843471569665,0.08604124005312795,0.8722529164753023,0.5785419089453561,1.0,0,-0.001349865334356548,-0.0034197646596417774,0.0012448934437852368
1::single::vision::5,1,02,vision,5,6,Positive,0.041784922582356075,0.08612250936198657,0.8720925680556574,0.5781279419149671,1.0,0,-0.0011895169147115858,-0.0030057976292527933,0.0010957247288979253
1::single::vision::6,1,02,vision,6,7,Positive,0.0419841494122754,0.08610743742936247,0.8719084131583622,0.5776669936520713,1.0,0,-0.0010053620174164113,-0.002544849366357016,0.0009268225697677084
1::single::vision::7,1,02,vision,7,8,Positive,0.04182751949258038,0.08605460652663599,0.8721178739807837,0.577811232634953,1.0,0,-0.0012148228398378702,-0.002689088349238755,0.0010555928114587276
1::single::vision::8,1,02,vision,8,9,Positive,0.04170503380835317,0.08598801825836086,0.872306947933286,0.5785344626222338,1.0,0,-0.001403896792340209,-0.0034123183365195597,0.0012706681189233646
1::single::vision::9,1,02,vision,9,10,Positive,0.04175590718083534,0.0860074041255903,0.8722366886935744,0.57840610401971,1.0,0,-0.0013336375526286082,-0.003283959733995756,0.00121414539864693
1::single::vision::10,1,02,vision,10,11,Positive,0.041838274501604066,0.08597866848402787,0.872183057014368,0.5780780783721379,1.0,0,-0.001280005873422252,-0.002955934086423584,0.0011326586177817233
1::single::vision::11,1,02,vision,11,12,Positive,0.041762096685122416,0.08600136878607127,0.8722365345288063,0.5782959929534367,1.0,0,-0.0013334833878605457,-0.003173848667722412,0.0011957164718840083
1::single::vision::12,1,02,vision,12,13,Positive,0.041677011864387076,0.08595064287827191,0.8723723452573411,0.5786985286644527,1.0,0,-0.0014692941163952922,-0.0035763843787384175,0.0013307111213207157
1::single::vision::13,1,02,vision,13,14,Positive,0.0417548674043421,0.08599203834739946,0.8722530942482584,0.5783760121890477,1.0,0,-0.0013500431073125707,-0.003253867903333374,0.0012173328708785145
1::single::vision::14,1,02,vision,14,15,Positive,0.04201573095679355,0.08593408394622461,0.8720501850969818,0.5774959389652524,1.0,0,-0.0011471339560360505,-0.0023737946795381326,0.000969199424607714
1::single::vision::15,1,02,vision,15,16,Positive,0.04162571989458585,0.08595466209219894,0.8724196180132152,0.578853177172797,1.0,0,-0.0015165668722694203,-0.0037310328870827636,0.0013801222506485042
1::single::vision::16,1,02,vision,16,17,Positive,0.04184009650143029,0.0860209184685946,0.8721389850299751,0.5782002678939274,1.0,0,-0.001235933889029317,-0.0030781236082131347,0.0011309875458835141
1::single::vision::17,1,02,vision,17,18,Positive,0.041771326491282276,0.08600829756845542,0.8722203759402624,0.5784589520522526,1.0,0,-0.001317324799316566,-0.00333680776653833,0.0012147970274146713
1::single::vision::18,1,02,vision,18,19,Positive,0.04111581939429681,0.08561097570644878,0.8732732048992543,0.5815977837358203,1.0,0,-0.002370153758308513,-0.0064756394501059855,0.0022643501208385874
1::single::vision::19,1,02,vision,19,20,Positive,0.04182211513741576,0.08629849084274466,0.8718793940198396,0.5770294538566044,1.0,0,-0.00097634287889381,-0.0019073095708901366,0.0008060563679285944
1::single::vision::20,1,02,vision,20,21,Positive,0.04274355403859949,0.08629017609068577,0.8709662698707147,0.5746377472366605,1.0,0,-6.321872976888798e-05,0.00048439704905378633,0.00011234220639340838
2::single::text::0,2,03,text,0,1,Negative,0.8039829654879699,0.15364629417732723,0.04237074033470287,-0.5479052120021412,1.0,0,0.000837976161970122,0.01136693371642683,0.002313477033722866
2::single::text::1,2,03,text,1,2,Negative,0.8032625284263195,0.1537979590134127,0.04293951256026787,-0.5460136208151068,1.0,0,0.0015584132236204917,0.009475342529392528,0.0023584303667090007
2::single::text::2,2,03,text,2,3,Negative,0.7913975817066993,0.1648387312071775,0.04376368708612322,-0.46591249640498844,1.0,0,0.013423359943240731,-0.07062578188072588,0.018482643618408012
2::single::text::3,2,03,text,3,4,Negative,0.803543894912318,0.15311892565256613,0.04333717943511587,-0.49385918038231985,1.0,0,0.0012770467376219674,-0.04267909790339447,0.007751706352710062
2::single::text::4,2,03,text,4,5,Negative,0.8039420918379957,0.15327122648941635,0.04278668167258788,-0.49571863242558073,1.0,0,0.0008788498119443044,-0.04081964586013359,0.007242699215994418
2::single::text::5,2,03,text,5,6,Negative,0.8148627325525444,0.14553553062045352,0.03960173682700215,-0.5769639909267426,1.0,0,-0.010041790902604375,0.04042571264102823,0.011758514224806893
2::single::text::6,2,03,text,6,7,Negative,0.8081111960535924,0.15303177094397158,0.038857033002436085,-0.5546654835343361,1.0,0,-0.0032902544036523818,0.01812720524862177,0.004666328076596485
2::single::text::7,2,03,text,7,8,Negative,0.788446386749971,0.16373131569646462,0.04782229755356422,-0.42262120438473566,1.0,0,0.016374554899968974,-0.11391707390097866,0.02717345643348093
2::single::text::8,2,03,text,8,9,Negative,0.7884362483518108,0.16368327539817243,0.04788047625001677,-0.42273320789848057,1.0,0,0.016384693298129194,-0.11380507038723375,0.027159858380270224
2::single::text::9,2,03,text,9,10,Negative,0.8006099519463835,0.15560922719813947,0.04378082085547718,-0.4796323025865214,1.0,0,0.004210989703556489,-0.05690597569919292,0.011589824134977065
2::single::text::10,2,03,text,10,11,Negative,0.7929110882782925,0.16129392130118905,0.04579499042051848,-0.45240576192736626,1.0,0,0.011909853371647516,-0.08413251635834806,0.019977012745548438
2::single::text::11,2,03,text,11,12,Negative,0.7935484168527451,0.16105961025716317,0.04539197289009169,-0.4538716184241431,1.0,0,0.011272524797194872,-0.08266665986157123,0.01941403904219264
2::single::text::12,2,03,text,12,13,Negative,0.77043257173252,0.17602506696891426,0.0535423612985657,-0.3390132763556072,1.0,0,0.03438836991742,-0.19752500193010714,0.05011501861372786
2::single::text::13,2,03,text,13,14,Negative,0.7752038659961543,0.1707738539496408,0.05402228005420488,-0.357495407973017,1.0,0,0.029617075653785685,-0.17904287031269733,0.04464901621234239
2::single::text::14,2,03,text,14,15,Negative,0.7807616842806698,0.17032664166128303,0.04891167405804724,-0.3512365429529122,1.0,0,0.02405925736927017,-0.18530173533280214,0.042913251240102104
2::single::text::15,2,03,text,15,16,Negative,0.7823301295456631,0.16969762015605006,0.04797225029828693,-0.35557095067841665,1.0,0,0.022490812104276947,-0.18096732760729767,0.041406627320021414
2::single::text::16,2,03,text,16,17,Negative,0.8052507715096573,0.15422562710380608,0.04052360138653668,-0.4590977941240583,1.0,0,-0.00042982985971729004,-0.077440484161656,0.013121662290134645
2::single::text::17,2,03,text,17,18,Negative,0.7947649564074817,0.15936452389406708,0.04587051969845129,-0.4415601481284414,1.0,0,0.01005598524245832,-0.09497813015727291,0.020857680980774645
2::single::text::18,2,03,text,18,19,Negative,0.7940615169052698,0.15991194224194052,0.04602654085278962,-0.4415036791137287,1.0,0,0.010759424744670176,-0.09503459917198565,0.021218812234332696
2::single::text::19,2,03,text,19,20,Neutral,0.10174968593414215,0.607313078573696,0.2909372354921619,0.14033511387450354,0.3306392478653015,0,0.7030712557157979,-0.6768733921602179,0.4643478598846019
2::single::text::20,2,03,text,20,21,Negative,0.7112522390616023,0.21840775166648285,0.07034000927191487,-0.18147241470537015,1.0,0,0.09356870258833772,-0.3550658635803442,0.10596199522422622
2::single::text::21,2,03,text,21,22,Negative,0.8157351532089087,0.14784772217425365,0.0364171246168377,-0.6054001269595963,1.0,0,-0.010914211558968656,0.06886184867388201,0.01693408055846466
2::single::text::22,2,03,text,22,23,Negative,0.8172837616020815,0.1463819767775305,0.036334261620387956,-0.6056702126349721,1.0,0,-0.01246281995214149,0.0691319343492578,0.01775339903428038
2::single::text::23,2,03,text,23,24,Negative,0.8136586303442376,0.1493241394180263,0.03701723023773614,-0.6053702778049878,1.0,0,-0.008837688694297574,0.06883199951927343,0.015890844267027693
2::single::text::24,2,03,text,24,25,Negative,0.6987981065673675,0.24625184609777134,0.05495004733486121,-0.35029666338648113,1.0,0,0.10602283508257249,-0.1862416148992332,0.08405168669115844
2::single::text::25,2,03,text,25,26,Negative,0.6992888580066191,0.24602860007446054,0.05468254191892028,-0.35121967430625645,1.0,0,0.1055320836433209,-0.18531860397945787,0.08365247581823676
2::single::text::26,2,03,text,26,27,Negative,0.8158740699472931,0.1486579265938829,0.03546800345882403,-0.491713074701173,1.0,0,-0.011053128297353054,-0.04482520358454134,0.012997431412766752
2::single::text::27,2,03,text,27,28,Negative,0.8360353347757858,0.13608033486410934,0.027884330360104896,-0.6786436598215785,1.0,0,-0.03121439312584584,0.14210538153586416,0.039291426818900285
2::single::text::28,2,03,text,28,29,Negative,0.8162140115893467,0.14797379640598912,0.035812192004664144,-0.5778813745294299,1.0,0,-0.011393069939406697,0.04134309624371557,0.01258705101032261
2::single::text::29,2,03,text,29,30,Negative,0.8169535175060849,0.14714953367306544,0.0358969488208497,-0.5779762299997466,1.0,0,-0.012132575856144912,0.041437951714032306,0.012972613213744506
2::single::text::30,2,03,text,30,31,Negative,0.8163805913023152,0.14694883767126152,0.036670571026423356,-0.6056414959686143,1.0,0,-0.011559649652375215,0.06910321768289995,0.017297027773337602
2::single::text::31,2,03,text,31,32,Negative,0.8045032541139547,0.15317128052283085,0.04232546536321451,-0.5591762512922287,1.0,0,0.0003176875359852671,0.022637973006514378,0.003931839269078363
2::single::text::32,2,03,text,32,33,Negative,0.8047848690323153,0.152912287696036,0.04230284327164874,-0.5595117605158261,1.0,0,3.6072617624727243e-05,0.022973482230111753,0.003846950013830989
2::single::text::33,2,03,text,33,34,Negative,0.8057128141879597,0.15460826458347096,0.039678921228569426,-0.5459448418446949,1.0,0,-0.0008918725380197001,0.009406563558980618,0.0020136968621732865
2::single::text::34,2,03,text,34,35,Negative,0.8119940668427881,0.15088427131148802,0.03712166184572394,-0.5918032074613231,1.0,0,-0.007173125192848073,0.05526492917560877,0.012797384125692165
2::single::audio::0,2,03,audio,0,1,Negative,0.805101737621038,0.1543591301685077,0.04053913221045438,-0.5418482374932084,1.0,0,-0.00028079597109798016,0.005309959207494108,0.0010253911867980081
2::single::audio::1,2,03,audio,1,2,Negative,0.8048728363448782,0.15462389049721162,0.04050327315791029,-0.5366350343184811,1.0,0,-5.189469493815935e-05,9.675603276682043e-05,4.207335293021641e-05
2::single::audio::2,2,03,audio,2,3,Negative,0.8047137549719282,0.15472110841400671,0.04056513661406518,-0.5348689337926251,1.0,0,0.00010718667801179471,-0.0016693444930891976,0.0003318174211874303
2::single::audio::3,2,03,audio,3,4,Negative,0.8046688363046929,0.1547080351335946,0.04062312856171244,-0.5340382579181876,1.0,0,0.00015210534524712216,-0.002500020367526723,0.0004927227338780149
2::single::audio::4,2,03,audio,4,5,Negative,0.8052360689917943,0.15488914156477107,0.03987478944343463,-0.5404929470803056,1.0,0,-0.00041512734185433775,0.003954668794591276,0.0008666751366923816
2::single::audio::5,2,03,audio,5,6,Negative,0.8049077478905926,0.1546914086587804,0.04040084345062689,-0.537867935108287,1.0,0,-8.680624065260378e-05,0.001329656822572689,0.00026501259075508343
2::single::audio::6,2,03,audio,6,7,Negative,0.8048957399781609,0.15471365387747832,0.040390606144360935,-0.5379672662488052,1.0,0,-7.479832822088195e-05,0.0014289879630908775,0.00027556382462558726
2::single::audio::7,2,03,audio,7,8,Negative,0.804763013058662,0.15458600631070477,0.040650980630633236,-0.5367536411753723,1.0,0,5.792859127795591e-05,0.00021536288965795514,6.485811058197047e-05
2::single::audio::8,2,03,audio,8,9,Negative,0.8042598225936918,0.15501192046127016,0.040728256945038004,-0.5324642354888576,1.0,0,0.0005611190562482271,-0.004074042796856747,0.0009595666609335715
2::single::audio::9,2,03,audio,9,10,Negative,0.8047817176464691,0.1545585046710917,0.040659777682439224,-0.53676541735019,1.0,0,3.922400347089461e-05,0.00022713906447568988,5.746851248139562e-05
2::single::audio::10,2,03,audio,10,11,Negative,0.8051335242206511,0.15447242293667623,0.04039405284267274,-0.5388788703296866,1.0,0,-0.0003125825707110952,0.0023405920439723005,0.0005463899593509309
2::single::audio::11,2,03,audio,11,12,Negative,0.8046635654574646,0.1546903544888083,0.040646080053727135,-0.5352538861334324,1.0,0,0.00015737619247535584,-0.0012843921522819324,0.0002927534549513333
2::single::audio::12,2,03,audio,12,13,Negative,0.803872668525162,0.1550190285742342,0.04110830290060379,-0.5258346513978073,1.0,0,0.0009482731247779652,-0.010703626887907047,0.0022580743770401574
2::single::audio::13,2,03,audio,13,14,Negative,0.8050886490862815,0.15449394303267341,0.04041740788104508,-0.5397313338305268,1.0,0,-0.0002677074363415244,0.0031930555448125286,0.0006660296423061837
2::single::audio::14,2,03,audio,14,15,Negative,0.80535251244798,0.15443684915528796,0.04021063839673213,-0.542032351983445,1.0,0,-0.0005315707980400042,0.005494073697730695,0.0011814643486417844
2::single::audio::15,2,03,audio,15,16,Negative,0.8049807915487484,0.1548047835001713,0.040214424951080324,-0.5382045502109187,1.0,0,-0.00015984989880835077,0.00166627192520441,0.0003576369369382437
2::single::audio::16,2,03,audio,16,17,Negative,0.8047295307389293,0.1549524986125109,0.040317970648559825,-0.5353052440498557,1.0,0,9.141091101072529e-05,-0.0012330342358586321,0.00025121116148180134
2::single::audio::17,2,03,audio,17,18,Negative,0.8060093249192692,0.15407771361572004,0.039912961465010666,-0.5476949337337699,1.0,0,-0.0011883832693292407,0.011156655448055552,0.0024536342093405454
2::single::audio::18,2,03,audio,18,19,Negative,0.8047396632089207,0.1545752266735832,0.04068511011749618,-0.5373128136353833,1.0,0,8.127844101935011e-05,0.0007745353496689811,0.00016972844545450524
2::single::audio::19,2,03,audio,19,20,Negative,0.8047404726762807,0.15457352666882232,0.040686000654897025,-0.5368048649813447,1.0,0,8.046897365932004e-05,0.0002665866956303997,8.466560276805998e-05
2::single::audio::20,2,03,audio,20,21,Negative,0.8047074059430638,0.1545810601240162,0.04071153393292009,-0.536416540720633,1.0,0,0.00011353570687622216,-0.0001217375650812702,7.705744761832278e-05
2::single::audio::21,2,03,audio,21,22,Negative,0.8047597521423427,0.15437749686316446,0.04086275099449289,-0.5377440638840199,1.0,0,6.118950759725905e-05,0.001205785598305531,0.00023155902018288468
2::single::audio::22,2,03,audio,22,23,Negative,0.8044897845684166,0.1544587994291208,0.041051416002462635,-0.5344797410070896,1.0,0,0.0003311570815234255,-0.002058537278624706,0.0005086680871991638
2::single::audio::23,2,03,audio,23,24,Negative,0.804539490937852,0.15446870669781237,0.04099180236433558,-0.5363153597073895,1.0,0,0.0002814507120879606,-0.00022291857832479334,0.00017787845243144584
2::single::audio::24,2,03,audio,24,25,Negative,0.8044379950120532,0.15453763133258605,0.041024373655360824,-0.5338241495192051,1.0,0,0.00038294663788684957,-0.0027141287665092273,0.0006438281133616293
2::single::audio::25,2,03,audio,25,26,Negative,0.8039174215017949,0.15489700567243528,0.04118557282576987,-0.5269513252590384,1.0,0,0.0009035201481450983,-0.009586953026675893,0.0020495855785185313
2::single::audio::26,2,03,audio,26,27,Negative,0.8040843791279911,0.1548333711620936,0.04108224970991529,-0.528779748827219,1.0,0,0.0007365625219488692,-0.007758529458495311,0.0016613695040569865
2::single::audio::27,2,03,audio,27,28,Negative,0.8045017853457203,0.1546336769269738,0.04086453772730582,-0.53354544245771,1.0,0,0.0003191563042197476,-0.0029928358280043588,0.0006583841234439336
2::single::audio::28,2,03,audio,28,29,Negative,0.8049650665277241,0.154488506304312,0.04054642716796397,-0.5371438365961824,1.0,0,-0.0001441248777841464,0.0006055583104680462,0.00017298882397008092
2::single::audio::29,2,03,audio,29,30,Negative,0.8052687722882459,0.15439893651573866,0.040332291196015446,-0.5402424457882132,1.0,0,-0.00044783063830589054,0.003704167502498912,0.0008412765695694305
2::single::audio::30,2,03,audio,30,31,Negative,0.8048121756856222,0.15472555716456313,0.04046226714981464,-0.5347563619060176,1.0,0,8.765964317758446e-06,-0.001781916379696713,0.0003013690454416647
2::single::audio::31,2,03,audio,31,32,Negative,0.804346274671308,0.15496357540084296,0.04069014992784908,-0.5307970765445914,1.0,0,0.0004746669786319657,-0.005741201741122914,0.001194200446169802
2::single::audio::32,2,03,audio,32,33,Negative,0.8050501967402991,0.15474391875029112,0.040205884509409796,-0.5365908906928131,1.0,0,-0.00022925509035909286,5.2612407098751035e-05,0.00012339627969600495
2::single::audio::33,2,03,audio,33,34,Negative,0.8048046578687911,0.1548823640503072,0.040312978080901674,-0.5332724169961044,1.0,0,1.6283781148929144e-05,-0.003265861289609928,0.0005524521055094526
2::single::audio::34,2,03,audio,34,35,Negative,0.8047900668607492,0.15450743361359934,0.04070249952565155,-0.5385365821421146,1.0,0,3.087478919083786e-05,0.0019983038564003186,0.00034848803732880534
2::single::vision::0,2,03,vision,0,1,Negative,0.8051041238284511,0.15441915515185253,0.04047672101969643,-0.5388399474322796,1.0,0,-0.00028318217851108773,0.002301669146565266,0.0005252026136830883
2::single::vision::1,2,03,vision,1,2,Negative,0.8049285524298262,0.15458169423804896,0.04048975333212489,-0.5379532298871449,1.0,0,-0.00010761077988619139,0.0014149516014305696,0.00028963065684819067
2::single::vision::2,2,03,vision,2,3,Negative,0.8049694116014917,0.1545627141004293,0.04046787429807888,-0.5380424889070647,1.0,0,-0.00014846995155171072,0.0015042106213504214,0.0003249367460009256
2::single::vision::3,2,03,vision,3,4,Negative,0.8049213102108659,0.15460078804121122,0.04047790174792297,-0.5379182297204222,1.0,0,-0.00010036856092587865,0.0013799514347079267,0.00028017618624759377
2::single::vision::4,2,03,vision,4,5,Negative,0.8049354396575554,0.15458658890311575,0.04047797143932882,-0.5373460533363479,1.0,0,-0.00011449800761542672,0.0008077750506335635,0.00019187817891330727
2::single::vision::5,2,03,vision,5,6,Negative,0.804903826168113,0.1546254701555829,0.040470703676304086,-0.5373704050268445,1.0,0,-8.288451817295428e-05,0.0008321267411302014,0.00018013004927484402
2::single::vision::6,2,03,vision,6,7,Negative,0.8049050996218797,0.1546215071922027,0.04047339318591759,-0.5374975869698184,1.0,0,-8.415797193972452e-05,0.0009593086841040988,0.00020196376665387872
2::single::vision::7,2,03,vision,7,8,Negative,0.8049217358649137,0.1545714454319594,0.04050681870312706,-0.5375194592135293,1.0,0,-0.00010079421497366514,0.000981180927814962,0.00021392726212265956
2::single::vision::8,2,03,vision,8,9,Negative,0.8048082252607242,0.15457212534545667,0.040619649393819186,-0.5373083698962416,1.0,0,1.2716389215849944e-05,0.0007700916105273237,0.00013470679636247893
2::single::vision::9,2,03,vision,9,10,Negative,0.8047021904831139,0.1546378003428888,0.04066000917399735,-0.536571459046432,1.0,0,0.00011875116682613651,3.318076071767706e-05,6.490571019934777e-05
2::single::vision::10,2,03,vision,10,11,Negative,0.8047888772726296,0.15463706339121494,0.04057405933615554,-0.5366301211927619,1.0,0,3.206437731040346e-05,9.184290704755682e-05,3.133933982979453e-05
2::single::vision::11,2,03,vision,11,12,Negative,0.8048696814495144,0.15460141998149232,0.04052889856899327,-0.5366271265915462,1.0,0,-4.8739799574426534e-05,8.884830583189007e-05,3.9177950759194946e-05
2::single::vision::12,2,03,vision,12,13,Negative,0.8045949049848943,0.15471277429990715,0.04069232071519858,-0.5358778057353837,1.0,0,0.00022603666504572573,-0.0006604725503306375,0.00022309709091130242
2::single::vision::13,2,03,vision,13,14,Negative,0.8043305663769145,0.1547808936609275,0.04088853996215813,-0.5339975404952254,1.0,0,0.000490375273025534,-0.0025407377904889117,0.0006686439349275857
2::single::vision::14,2,03,vision,14,15,Negative,0.8045797134979087,0.1546682719011874,0.04075201460090398,-0.5343141662222999,1.0,0,0.0002412281520313142,-0.0022241120634144407,0.0004912994199180638
2::single::vision::15,2,03,vision,15,16,Negative,0.8047815322857139,0.15472107677401636,0.04049739094026983,-0.5357323310204914,1.0,0,3.940936422608399e-05,-0.0008059472652228727,0.00015402922631685412
2::single::vision::16,2,03,vision,16,17,Negative,0.8047712562248646,0.15472119537755888,0.04050754839757652,-0.5355729843888964,1.0,0,4.9685425075440826e-05,-0.0009652938968178759,0.00018572502867403307
2::single::vision::17,2,03,vision,17,18,Negative,0.8047953449508527,0.15470257521283845,0.04050207983630883,-0.53559838448252,1.0,0,2.5596699087304664e-05,-0.0009398938031943693,0.00016944731674271388
2::single::vision::18,2,03,vision,18,19,Negative,0.8048381653978554,0.15471108662914904,0.040450747972995624,-0.5354783668049744,1.0,0,-1.7223747915351417e-05,-0.0010599114807399168,0.0001852637874143285
2::single::vision::19,2,03,vision,19,20,Negative,0.8048425035261102,0.15470275033120606,0.04045474614268376,-0.5355269126594067,1.0,0,-2.1561876170195227e-05,-0.0010113656263076587,0.00017934187580304073
2::single::vision::20,2,03,vision,20,21,Negative,0.8048237756710587,0.1547163376884628,0.04045988664047855,-0.5355348794588021,1.0,0,-2.834021118669483e-06,-0.0010033988269122496,0.000168650148378043
2::single::vision::21,2,03,vision,21,22,Negative,0.8048577309979544,0.15472190659741955,0.04042036240462607,-0.5359345525503159,1.0,0,-3.678934801443212e-05,-0.0006037257353984637,0.00011901562990696002
2::single::vision::22,2,03,vision,22,23,Negative,0.8047139261533539,0.15470827709727797,0.04057779674936811,-0.5345217159816197,1.0,0,0.00010701549658609366,-0.002016562304094638,0.00038960146564215314
2::single::vision::23,2,03,vision,23,24,Negative,0.8047765958777402,0.15464988942937213,0.0405735146928877,-0.5354326090642384,1.0,0,4.434577219980529e-05,-0.0011056692214759245,0.0002064510896792234
2::single::vision::24,2,03,vision,24,25,Negative,0.8047291222063309,0.15460292328862058,0.04066795450504862,-0.5358335727027485,1.0,0,9.18194436091424e-05,-0.0007047055829658699,0.00016336065229888286
2::single::vision::25,2,03,vision,25,26,Negative,0.8048397153775152,0.1546357860991463,0.0405244985233385,-0.5376783864838737,1.0,0,-1.8773727575194243e-05,0.0011401081981593508,0.0001994048968141556
2::single::vision::26,2,03,vision,26,27,Negative,0.804896116164801,0.15463996292721796,0.040463920907981156,-0.5379852998469558,1.0,0,-7.517451486094284e-05,0.001447021561241435,0.0002787575176373772
2::single::vision::27,2,03,vision,27,28,Negative,0.8048292018503119,0.15462783142890077,0.04054296672078727,-0.5356561674603394,1.0,0,-8.260200371923432e-06,-0.0008821108253749266,0.0001511485710817828
2::single::vision::28,2,03,vision,28,29,Negative,0.8045689044655364,0.154659742650116,0.040771352884347585,-0.534447966409581,1.0,0,0.00025203718440358625,-0.0020903118761332884,0.0004744039048906745
2::single::vision::29,2,03,vision,29,30,Negative,0.8047260160046312,0.15467685551844007,0.040597128476928694,-0.5343728438019753,1.0,0,9.492564530877434e-05,-0.0021654344837390704,0.00040836856994423226
2::single::vision::30,2,03,vision,30,31,Negative,0.8048976964085917,0.15464303442703536,0.04045926916437307,-0.5360488029462951,1.0,0,-7.675475865165371e-05,-0.0004894753394192319,0.00011995660256236551
2::single::vision::31,2,03,vision,31,32,Negative,0.804873020325255,0.15468077289125517,0.04044620678348984,-0.5359952460442271,1.0,0,-5.207867531498156e-05,-0.000543032241487218,0.00011654471123869377
2::single::vision::32,2,03,vision,32,33,Negative,0.8050569216223057,0.15452058251307454,0.04042249586461981,-0.5393714468394007,1.0,0,-0.00023597997236568524,0.002833168553686427,0.0005901847451305804
2::single::vision::33,2,03,vision,33,34,Negative,0.8050812832939421,0.15450213156932383,0.04041658513673406,-0.5399296241147178,1.0,0,-0.00026034164400212667,0.003391345829003467,0.0006953951268349745
2::single::vision::34,2,03,vision,34,35,Negative,0.8050928216401659,0.1544258527504486,0.04048132560938559,-0.5387915750699384,1.0,0,-0.0002718799902259317,0.002253296784224035,0.000511489459150305
3::single::text::0,3,04,text,0,1,Positive,0.43810513841170123,0.03631849224032621,0.5255763693479726,-0.12943475587027414,1.0,0,-0.0030858738665059393,0.0612857315845599,0.01175722553067962
3::single::text::1,3,04,text,1,2,Positive,0.4379715988718748,0.0364514549838769,0.5255769461442483,-0.12802813734327043,1.0,0,-0.0030864506627816812,0.05987911305755618,0.011523077507650204
3::single::text::2,3,04,text,2,3,Positive,0.4159228955848902,0.052014535755964084,0.5320625686591457,-0.04901507071086338,1.0,0,-0.009572073177679052,-0.019133953574850864,0.00797502885131467
3::single::text::3,3,04,text,3,4,Positive,0.3965637565090724,0.04775586711650303,0.5556803763744246,0.05774625710078648,1.0,0,-0.033189880892957935,-0.12589528138650072,0.03757748734422908
3::single::text::4,3,04,text,4,5,Positive,0.3949971535921637,0.04797761486897043,0.557025231538866,0.0694573095866612,1.0,0,-0.03453473605739932,-0.13760633387237545,0.040201757007428895
3::single::text::5,3,04,text,5,6,Positive,0.4150497134811823,0.05798230535603884,0.5269679811627789,-0.023470376219068254,1.0,0,-0.004477485681312232,-0.044678648066645996,0.009685184185097114
3::single::text::6,3,04,text,6,7,Positive,0.41357698636716517,0.05191782956941122,0.5345051840634236,-0.012993995632444109,1.0,0,-0.012014688581956978,-0.05515502865327014,0.015199849066523512
3::single::text::7,3,04,text,7,8,Positive,0.4449006650759684,0.052146913849412606,0.502952421074619,-0.110999482018607,1.0,0,0.019538074406847628,0.042850457732892755,0.01691078015890594
3::single::text::8,3,04,text,8,9,Positive,0.44473368337420427,0.05216042449619021,0.5031058921296055,-0.10864061968667167,1.0,0,0.019384603351861096,0.040491595400957425,0.01644090090942345
3::single::text::9,3,04,text,9,10,Negative,0.5224727241122104,0.051647278218522885,0.4258799976692668,-0.0794750303030014,1.0,0,0.09661049781219982,0.011326006017287157,0.05019291657564777
3::single::text::10,3,04,text,10,11,Positive,0.43546033241194326,0.04238081570562638,0.5221588518824304,-0.08201497793197632,1.0,0,0.0003316435990362576,0.013865953646262072,0.002476814073895141
3::single::text::11,3,04,text,11,12,Positive,0.4355767332442155,0.04245778099653975,0.5219654857592448,-0.08501840489251274,1.0,0,0.0005250097222218031,0.01686938060679849,0.0030740682955773166
3::single::text::12,3,04,text,12,13,Negative,0.5328959784368874,0.04220144021206698,0.42490258135104564,-0.16133486053773335,1.0,0,0.097587914130421,0.09318583625201911,0.06432492977388035
3::single::text::13,3,04,text,13,14,Negative,0.5160790753771505,0.04594010617046713,0.4379808184523825,-0.09815595405442375,1.0,0,0.08450967702908413,0.0300069297687095,0.04725599347599365
3::single::text::14,3,04,text,14,15,Positive,0.4200367810737299,0.04418683936046017,0.53577637956581,-0.11844922815050397,1.0,0,-0.013285884084343391,0.05030020386478973,0.015026309352969983
3::single::text::15,3,04,text,15,16,Positive,0.4190615257286518,0.044397625610867186,0.5365408486604811,-0.10486197471618652,1.0,0,-0.014050353179014485,0.03671295043047228,0.013144001661252621
3::single::text::16,3,04,text,16,17,Positive,0.40948901353967176,0.05448660810841236,0.5360243783519159,-0.03370665226663862,1.0,0,-0.01353388287044921,-0.03444237201907563,0.01250733677173721
3::single::text::17,3,04,text,17,18,Positive,0.4097801052658479,0.05128044348495631,0.5389394512491957,0.006657353469303676,1.0,0,-0.01644895576772909,-0.07480637775501792,0.020692207509700862
3::single::text::18,3,04,text,18,19,Positive,0.4100162121443444,0.05132176548364785,0.5386620223720078,0.004917255469730922,1.0,0,-0.016171526890541132,-0.07306627975544516,0.02026347673784476
3::single::text::19,3,04,text,19,20,Positive,0.44284382303229547,0.04608145478188643,0.5110747221858181,-0.09398635583264488,1.0,0,0.011415773295648579,0.02583733154693063,0.01001410857231273
3::single::text::20,3,04,text,20,21,Negative,0.5257089528868071,0.05295529792985113,0.42133574918334177,-0.13715674728155136,1.0,0,0.10115474629812488,0.06900772299583711,0.06207866031503529
3::single::text::21,3,04,text,21,22,Positive,0.42953168291127947,0.04690330043532813,0.5235650166533925,-0.08643878783498492,1.0,0,-0.0010745211719258574,0.01828976354927067,0.003585554510841374
3::single::text::22,3,04,text,22,23,Positive,0.43028715355283564,0.04632065758332523,0.5233921888638392,-0.09573586923735482,1.0,0,-0.0009016933823725592,0.02758684495164057,0.005048654183126375
3::single::text::23,3,04,text,23,24,Positive,0.461865870876254,0.05119623359781653,0.4869378955259295,-0.21462951600551605,1.0,0,0.03555259995553717,0.14648049171980182,0.042189715264402225
3::single::text::24,3,04,text,24,25,Negative,0.475297348923765,0.05662038287188523,0.46808226820434984,-0.16542351245880127,1.0,0,0.054408227277116805,0.09727448817308702,0.043416528334072904
3::single::text::25,3,04,text,25,26,Negative,0.47745942624789267,0.055022480784306875,0.46751809296780045,-0.17455464601516724,1.0,0,0.054972402513666196,0.10640562172945299,0.04522047154507526
3::single::text::26,3,04,text,26,27,Negative,0.42964912896971197,0.14405468158596035,0.4262961894443276,-0.08826320086206708,1.0,0,0.09619430603713902,0.020114176576352838,0.05144951578129498
3::single::text::27,3,04,text,27,28,Negative,0.6309356623912135,0.05976863363497793,0.30929570397380857,-0.2206409594842366,1.0,0,0.21319479150765808,0.15249193519852233,0.1320127182869161
3::single::audio::0,3,04,audio,0,1,Positive,0.42668326133394363,0.05049018301682811,0.5228265556492283,-0.06679337791034154,1.0,0,-0.0003360601677616648,-0.0013556463753727072,0.00039397114644295023
3::single::audio::1,3,04,audio,1,2,Positive,0.4294010298843829,0.05022696346963965,0.5203720066459774,-0.07405172501291547,1.0,0,0.002118488835489263,0.005902700727201227,0.002043027872278169
3::single::audio::2,3,04,audio,2,3,Positive,0.4273465959053356,0.050174628261928304,0.5224787758327362,-0.06837933829852513,1.0,0,1.171964873047937e-05,0.0002303140128108866,4.424549316705412e-05
3::single::audio::3,3,04,audio,3,4,Positive,0.42621873703913327,0.05036803528473989,0.5234132276761269,-0.06719139218330383,1.0,0,-0.0009227321946602141,-0.0009576321024104134,0.0006209714477318426
3::single::audio::4,3,04,audio,4,5,Positive,0.42728855179789577,0.050471734441063655,0.5222397137610406,-0.07027955991881234,1.0,0,0.00025078172042602986,0.0021305356330980907,0.00048048013239603005
3::single::audio::5,3,04,audio,5,6,Positive,0.4272866562442873,0.05029677149672666,0.5224165722589861,-0.07015219756535121,1.0,0,7.392322248056526e-05,0.0020031732796369633,0.00037082382451310986
3::single::audio::6,3,04,audio,6,7,Positive,0.42605588055765337,0.049895177170741385,0.5240489422716053,-0.06694741759981428,1.0,0,-0.0015584467901386123,-0.0012016066858999697,0.0009794911760526344
3::single::audio::7,3,04,audio,7,8,Positive,0.4262552687186285,0.04958903691219259,0.5241556943691789,-0.06690015111650739,1.0,0,-0.001665198887712216,-0.0012488731692068544,0.0010407449720572504
3::single::audio::8,3,04,audio,8,9,Positive,0.4261400318589271,0.05015073719148976,0.5237092309495831,-0.06954467722347804,1.0,0,-0.0012187354681164608,0.0013956529377637944,0.0008419765570188628
3::single::audio::9,3,04,audio,9,10,Positive,0.42682791076185694,0.05014644624344732,0.5230256429946958,-0.07048878499439784,1.0,0,-0.0005351475132291394,0.002339760708683594,0.0006575338747285022
3::single::audio::10,3,04,audio,10,11,Positive,0.42791548295079224,0.050886608556615275,0.5211979084925925,-0.07317793369293213,1.0,0,0.0012925869888741337,0.0050289094072178825,0.001484445062306714
3::single::audio::11,3,04,audio,11,12,Positive,0.4271306709212165,0.050884017729653765,0.5219853113491298,-0.06577125617436,1.0,0,0.0005051841323368,-0.0023777681113542476,0.000648886751394108
3::single::audio::12,3,04,audio,12,13,Positive,0.4273904040543811,0.05134493686321106,0.5212646590824078,-0.07223071370806013,1.0,0,0.0012258363990588217,0.00408168942234588,0.001293199769920391
3::single::audio::13,3,04,audio,13,14,Positive,0.42754529872773733,0.05133846213171607,0.5211162391405467,-0.07279094627925328,1.0,0,0.0013742563409199215,0.004641921993539036,0.0014607818360498001
3::single::audio::14,3,04,audio,14,15,Positive,0.4272041943119971,0.0505169250586727,0.5222788806293301,-0.06851610541343689,1.0,0,0.0002116148521364991,0.00036708112772264323,0.00016698761402202344
3::single::audio::15,3,04,audio,15,16,Positive,0.42672817329897555,0.050481461864832135,0.5227903648361922,-0.06635812776429313,1.0,0,-0.0002998693547255904,-0.0017908965214211148,0.000448417430932981
3::single::audio::16,3,04,audio,16,17,Positive,0.42696578054722967,0.05048389787656969,0.5225503215762006,-0.06777877467019218,1.0,0,-5.982609473398348e-05,-0.0003702496155220669,9.162131662066957e-05
3::single::audio::17,3,04,audio,17,18,Positive,0.4278182236405648,0.05041761186961069,0.5217641644898245,-0.06972247787884303,1.0,0,0.000726330991642099,0.0015734535931287846,0.0006254077613425137
3::single::audio::18,3,04,audio,18,19,Positive,0.42804562377225513,0.050455510689584926,0.52149886553816,-0.07044032216072083,1.0,0,0.0009916299433065934,0.0022912978750065788,0.0008776979508210599
3::single::audio::19,3,04,audio,19,20,Positive,0.427136590077188,0.050269156823877295,0.5225942530989348,-0.06867625032152448,1.0,0,-0.0001037576174681698,0.0005272260358102354,0.00013974981470245745
3::single::audio::20,3,04,audio,20,21,Positive,0.4273700677312081,0.05036927356291741,0.5222606587058745,-0.0689068181174142,1.0,0,0.00022983677559218485,0.0007577938316999516,0.00024121735974608435
3::single::audio::21,3,04,audio,21,22,Positive,0.4271859415340432,0.05037870493352674,0.52243535353243,-0.06967214175633021,1.0,0,5.514194903666336e-05,0.0015231174706159673,0.0002814238862876596
3::single::audio::22,3,04,audio,22,23,Positive,0.4271963245328384,0.05029008163354935,0.5225135938336122,-0.07012156929288592,1.0,0,-2.309835214553413e-05,0.001972545007171672,0.00034030667726804575
3::single::audio::23,3,04,audio,23,24,Positive,0.42706890399260505,0.05028620513451697,0.5226448908728779,-0.07037727321897234,1.0,0,-0.00015439539141126613,0.002228248933258098,0.00044857251791531605
3::single::audio::24,3,04,audio,24,25,Positive,0.42826075141393466,0.050323791279689584,0.5214154573063758,-0.07398269857679095,1.0,0,0.0010750381750908033,0.0058336742910767014,0.0015097981360581852
3::single::audio::25,3,04,audio,25,26,Positive,0.4286767564774566,0.05065291566883071,0.5206703278537127,-0.07447876249040876,1.0,0,0.0018201676277539436,0.006329738204694513,0.001965040181326057
3::single::audio::26,3,04,audio,26,27,Positive,0.4364700496957525,0.05495351697110297,0.5085764333331446,-0.09959447809628078,1.0,0,0.013914062148322026,0.03144545381056653,0.012197940042588767
3::single::audio::27,3,04,audio,27,28,Positive,0.4268122976938874,0.050670027170133226,0.5225176751359795,-0.06725272110530309,1.0,0,-2.7179654512821116e-05,-0.0008963031804111593,0.00016297369065827044
3::single::vision::0,3,04,vision,0,1,Positive,0.42760218372694647,0.05029281245866367,0.5221050038143898,-0.06730982235499791,1.0,0,0.00038549166707679827,-0.0008392019307163351,0.0003326128219911217
3::single::vision::1,3,04,vision,1,2,Positive,0.42938396528580147,0.05034140714338428,0.5202746275708142,-0.07126930781773158,1.0,0,0.002215867910652425,0.0031202835320173344,0.0016279812106624347
3::single::vision::2,3,04,vision,2,3,Positive,0.427639839064393,0.04999395747267331,0.5223662034629337,-0.06675729581287929,1.0,0,0.00012429201853292327,-0.0013917284728349605,0.0002941007547389551
3::single::vision::3,3,04,vision,3,4,Positive,0.42729105923258887,0.04991563707670918,0.522793303690702,-0.06723317078181676,1.0,0,-0.000302808209235339,-0.0009158535038974874,0.0003040463552672507
3::single::vision::4,3,04,vision,4,5,Positive,0.4272647036577677,0.05020714555328562,0.5225281507889468,-0.06768997652190072,1.0,0,-3.7655307480122246e-05,-0.0004590477638135304,9.533561437564952e-05
3::single::vision::5,3,04,vision,5,6,Positive,0.42715905305503105,0.050543991652876076,0.5222969552920929,-0.06863761373928615,1.0,0,0.00019354018937378648,0.0004885894535718999,0.0001782016702822099
3::single::vision::6,3,04,vision,6,7,Positive,0.4270885778851069,0.05048108849466904,0.5224303336202241,-0.06839480996131897,1.0,0,6.016186124258027e-05,0.0002457856756047233,7.104520988874402e-05
3::single::vision::7,3,04,vision,7,8,Positive,0.42745565904579913,0.05061072526103529,0.5219336156931655,-0.0714582119669233,1.0,0,0.0005568797883011012,0.0033091876812090526,0.0008299711743520594
3::single::vision::8,3,04,vision,8,9,Positive,0.427488373186167,0.05057094643333959,0.5219406803804935,-0.0707793150629316,1.0,0,0.0005498151009731833,0.0026302907772173534,0.000713289346689484
3::single::vision::9,3,04,vision,9,10,Positive,0.4275628217721153,0.05057869284720502,0.5218584853806797,-0.0712489400591169,1.0,0,0.0006320101007869505,0.003099915773402656,0.000832657679293918
3::single::vision::10,3,04,vision,10,11,Positive,0.4270409801392478,0.050523941046311346,0.522435078814441,-0.06846554790224348,1.0,0,5.541666702568726e-05,0.00031652361652922956,8.046226960104855e-05
3::single::vision::11,3,04,vision,11,12,Positive,0.4270512011218407,0.05048401782782693,0.5224647810503323,-0.06893803817885262,1.0,0,2.5714431134304938e-05,0.0007890138931383739,0.0001443595310902148
3::single::vision::12,3,04,vision,12,13,Positive,0.426999344751777,0.050485187418626794,0.5225154678295963,-0.06896589057786125,1.0,0,-2.4972348129703725e-05,0.0008168662921470005,0.00014863055608935194
3::single::vision::13,3,04,vision,13,14,Positive,0.4270210969200096,0.05054340216747599,0.5224355009125145,-0.06854860271726336,1.0,0,5.499456895219357e-05,0.00039957843154911354,9.409368973428238e-05
3::single::vision::14,3,04,vision,14,15,Positive,0.42724746917793055,0.050356437945071886,0.5223960928769975,-0.07486081123352051,1.0,0,9.440260446913484e-05,0.006711786947806261,0.0011658324602022777
3::single::vision::15,3,04,vision,15,16,Positive,0.42651571476956224,0.050487233678192064,0.5229970515522457,-0.06649147186960493,1.0,0,-0.0005065560707790961,-0.0016575524161093202,0.0005295367714077681
3::single::vision::16,3,04,vision,16,17,Positive,0.42718436479330923,0.050425913140094106,0.5223897220665967,-0.06590829151017326,1.0,0,0.00010077341486991465,-0.002240732775540988,0.000423842170025122
3::single::vision::17,3,04,vision,17,18,Positive,0.42709292492185813,0.05037913437744841,0.5225279407006935,-0.06654193571635655,1.0,0,-3.744521922688371e-05,-0.0016070885693576925,0.0002865707045063906
3::single::vision::18,3,04,vision,18,19,Positive,0.4270287079801204,0.05033299772379523,0.5226382942960844,-0.06659521801131112,1.0,0,-0.00014779881461779443,-0.00155380627440313,0.0003328671197094189
3::single::vision::19,3,04,vision,19,20,Positive,0.4273887821884157,0.050295099346817605,0.5223161184647667,-0.06775616322244916,1.0,0,0.00017437701669997807,-0.00039286106326508197,0.00015266535222750271
3::single::vision::20,3,04,vision,20,21,Positive,0.4273459074611425,0.05028554371577046,0.5223685488230871,-0.06762136731828962,1.0,0,0.00012194665837950147,-0.0005276569674246279,0.00014891615709385536
3::single::vision::21,3,04,vision,21,22,Positive,0.42778515826532076,0.05032746346387918,0.5218873782708001,-0.0698323803288596,1.0,0,0.0006031172106665261,0.0016833560431453592,0.0005821179458574896
3::single::vision::22,3,04,vision,22,23,Positive,0.427799594610665,0.05031060487174055,0.5218898005175945,-0.06955101660319737,1.0,0,0.0006006949638721615,0.0014019923174831278,0.0005340128681832687
3::single::vision::23,3,04,vision,23,24,Positive,0.4277746987662441,0.05027459859584977,0.5219507026379062,-0.06977638176509313,1.0,0,0.0005397928435604271,0.0016273574793788798,0.0005411226683433603
3::single::vision::24,3,04,vision,24,25,Positive,0.4278380604754248,0.05032089786218411,0.5218410416623911,-0.06943456189973014,1.0,0,0.0006494538190755517,0.001285537614015897,0.0005389831785404253
3::single::vision::25,3,04,vision,25,26,Positive,0.4276832340223535,0.05034380286491291,0.5219729631127337,-0.06890571117401123,1.0,0,0.0005175323687329758,0.000756686888296984,0.0003848806657493186
3::single::vision::26,3,04,vision,26,27,Positive,0.4278236476290313,0.050617749110599845,0.5215586032603688,-0.07004287838935852,1.0,0,0.0009318922210977965,0.001893854103644274,0.0007815884611562772
3::single::vision::27,3,04,vision,27,28,Positive,0.4273418425280891,0.05044598032646677,0.5222121771454441,-0.06756012780325753,1.0,0,0.00027831833602254274,-0.0005888964824567189,0.00023730858175405784
4::single::text::0,4,05,text,0,1,Positive,0.009072407884657872,0.17656890861782032,0.8143586834975218,0.7427657246589661,1.0,0,0.012229238633159611,0.11565966391246252,0.025391229968656892
4::single::text::1,4,05,text,1,2,Positive,0.00906764360015577,0.17660311244022459,0.8143292439596196,0.7418753760201591,1.0,0,0.012258678171061854,0.11655001255126951,0.02555434117740918
4::single::text::2,4,05,text,2,3,Positive,0.008574610213186704,0.17262499652077012,0.8188003932660433,0.7738300008433205,1.0,0,0.007787528864638182,0.08459538772810804,0.0179929957203371
4::single::text::3,4,05,text,3,4,Positive,0.008477566901856848,0.17187332809409175,0.8196491050040514,0.776721328496933,1.0,0,0.006938817126630026,0.0817040600744956,0.01708675190906428
4::single::text::4,4,05,text,4,5,Positive,0.008086281367224045,0.162865228957059,0.829048489675717,0.832311076777322,1.0,0,-0.0024605675450355413,0.026114311794106615,0.00558266907153554
4::single::text::5,4,05,text,5,6,Positive,0.008215677357727035,0.16411237010790194,0.8276719525343711,0.8317347679819379,1.0,0,-0.0010840304036896509,0.026690620589490677,0.0049904519667599385
4::single::text::6,4,05,text,6,7,Positive,0.008071844605637597,0.16266013991943218,0.8292680154749302,0.8371974996158055,1.0,0,-0.0026800933442487906,0.02122788895562311,0.004878028164728246
4::single::text::7,4,05,text,7,8,Positive,0.008716850304595614,0.1805464590627012,0.8107366906327031,0.7468693171228681,1.0,0,0.01585123149797829,0.1115560714485605,0.02651829432374923
4::single::text::8,4,05,text,8,9,Positive,0.008743540186051186,0.16442716457570244,0.8268292952382463,0.864889166184834,1.0,0,-0.0002413731075648906,-0.0064637776134054414,0.0011979828226833522
4::single::text::9,4,05,text,9,10,Positive,0.008695053662059402,0.16481831264955552,0.8264866336883852,0.8648632892540523,1.0,0,0.00010128844229628786,-0.006437900682623732,0.0011236276682520991
4::single::text::10,4,05,text,10,11,Positive,0.008769354228947845,0.16903347974552216,0.82219716602553,0.8398397096565792,1.0,0,0.004390756105151494,0.018585678914849413,0.005292991205050649
4::single::text::11,4,05,text,11,12,Positive,0.0084192487562421,0.16309282133112968,0.8284879299126283,0.870462885924748,1.0,0,-0.0019000077819468775,-0.012037497353319382,0.0029562534498600024
4::single::text::12,4,05,text,12,13,Positive,0.00847075101310592,0.1635715847145481,0.827957664272346,0.8692881975855146,1.0,0,-0.0013697421416645206,-0.010862809014085983,0.0024953392398465906
4::single::text::13,4,05,text,13,14,Positive,0.008381873987912397,0.16363286384161418,0.8279852621704734,0.8672616566930499,1.0,0,-0.0013973400397919722,-0.008836268121621305,0.002171381373499537
4::single::text::14,4,05,text,14,15,Positive,0.009033309029170137,0.16273746286047833,0.8282292281103515,0.8700472712516785,1.0,0,-0.001641305979670049,-0.011621882680249884,0.0027576334365433386
4::single::text::15,4,05,text,15,16,Positive,0.009008757150979197,0.16228275875665332,0.8287084840923675,0.8734529529299054,1.0,0,-0.002120561961686085,-0.015027564358476853,0.0035648750405891847
4::single::text::16,4,05,text,16,17,Positive,0.008610505388144831,0.2787384192049583,0.7126510754068969,0.7599682467324393,1.0,0,0.11393684672378457,0.09845714183898924,0.07337794700172383
4::single::audio::0,4,05,audio,0,1,Positive,0.008444630136406485,0.16449638530134453,0.827058984562249,0.869847868170057,1.0,0,-0.00047106243156758154,-0.01142247959862841,0.002139277815555192
4::single::audio::1,4,05,audio,1,2,Positive,0.008345102381483933,0.1631754002957626,0.8284794973227535,0.8741232837949481,1.0,0,-0.0018915751920720592,-0.015697895223519498,0.0035621034666226126
4::single::audio::2,4,05,audio,2,3,Positive,0.008335110841180953,0.16332321368825922,0.8283416754705598,0.8729503921100071,1.0,0,-0.0017537533398783722,-0.014525003538578551,0.003297710593035611
4::single::audio::3,4,05,audio,3,4,Positive,0.008343998040751132,0.16303638658428882,0.82861961537496,0.8839806829180036,1.0,0,-0.002031693244278543,-0.025555294346574997,0.005275062346568438
4::single::audio::4,4,05,audio,4,5,Positive,0.00838170932395528,0.16494721181989694,0.8266710788561478,0.8576082927840096,1.0,0,-8.31567254663268e-05,0.0008170957874189533,0.0001777609939696556
4::single::audio::5,4,05,audio,5,6,Positive,0.008345027271606626,0.16515777698763107,0.8264971957407623,0.8555830376488822,1.0,0,9.072638991913795e-05,0.002842350922546366,0.0005190883487172966
4::single::audio::6,4,05,audio,6,7,Positive,0.00836091903790002,0.1653964864058158,0.8262425945562841,0.8544438481330872,1.0,0,0.0003453275743973139,0.003981540438341424,0.000836253860255561
4::single::audio::7,4,05,audio,7,8,Positive,0.008363729351007104,0.16530291618480397,0.826333354464189,0.8545462659427098,1.0,0,0.00025456766649245566,0.003879122628718812,0.0007738042713660298
4::single::audio::8,4,05,audio,8,9,Positive,0.00836700375371558,0.16494751827645415,0.8266854779698303,0.8555549298013959,1.0,0,-9.755583914883292e-05,0.002870458770032669,0.0005271877145798614
4::single::audio::9,4,05,audio,9,10,Positive,0.008364242799117941,0.16504446268096293,0.8265912945199191,0.8573196956089565,1.0,0,-3.3723892376436027e-06,0.0011056929624720935,0.0001859683550308374
4::single::audio::10,4,05,audio,10,11,Positive,0.008360951628575933,0.16506556053088153,0.8265734878405425,0.8570197820663452,1.0,0,1.4434290138920502e-05,0.0014056065050833677,0.0002414848959166882
4::single::audio::11,4,05,audio,11,12,Positive,0.00835145758696128,0.16419722586365418,0.8274513165493845,0.869841456413269,1.0,0,-0.0008633944187030895,-0.01141606784184046,0.0023343751829916215
4::single::audio::12,4,05,audio,12,13,Positive,0.008321551044535278,0.16501668416589738,0.8266617647895674,0.860878416470119,1.0,0,-7.384265888599195e-05,-0.0024530278986903964,0.00044575931255806206
4::single::audio::13,4,05,audio,13,14,Positive,0.008347806933561453,0.16422825611843644,0.8274239369480022,0.8658386809485299,1.0,0,-0.0008360148173207627,-0.00741329237710131,0.0016535561381772663
4::single::audio::14,4,05,audio,14,15,Positive,0.008336612447823938,0.16466457723585773,0.8269988103163183,0.8618165595190865,1.0,0,-0.0004108881856368374,-0.003391170947657951,0.0007706392507614105
4::single::audio::15,4,05,audio,15,16,Positive,0.008317296974770978,0.1646828807687407,0.8269998222564883,0.8612367340496608,1.0,0,-0.00041190012580683,-0.0028113454782322522,0.0006745076426087904
4::single::audio::16,4,05,audio,16,17,Positive,0.008424703536194244,0.1648624703144939,0.8267128261493119,0.8647557241576058,1.0,0,-0.00012490401863041178,-0.006330335586177238,0.0011175079403447457
4::single::vision::0,4,05,vision,0,1,Positive,0.008352707620811457,0.16450785582364352,0.827139436555545,0.8614308067730495,1.0,0,-0.0005515144248635639,-0.003005418201620924,0.0007766602460352693
4::single::vision::1,4,05,vision,1,2,Positive,0.008388569276164087,0.16577704292219747,0.8258343878016384,0.8483679720333644,1.0,0,0.0007535343290430152,0.010057416538064134,0.0020530032541988636
4::single::vision::2,4,05,vision,2,3,Positive,0.008466255188610232,0.1662245444983789,0.8253092003130109,0.8484776105199542,1.0,0,0.001278721817670525,0.009947778051474399,0.002297323917414329
4::single::vision::3,4,05,vision,3,4,Positive,0.008413405331008855,0.1658320875843002,0.8257545070846909,0.8496892622538975,1.0,0,0.0008334150459905487,0.008736126317531068,0.001872728575917119
4::single::vision::4,4,05,vision,4,5,Positive,0.00845649485144136,0.16648288070062722,0.8250606244479314,0.8465063146182469,1.0,0,0.0015272976827500617,0.011919073953181702,0.0027501611669053148
4::single::vision::5,4,05,vision,5,6,Positive,0.008415435968544101,0.16604505430585303,0.825539509725603,0.8487851619720459,1.0,0,0.0010484124050784693,0.009640226599382684,0.0021309106357696823
4::single::vision::6,4,05,vision,6,7,Positive,0.008365879221510315,0.16543418914334768,0.826199931635142,0.8541655029569354,1.0,0,0.000387990495539392,0.004259885614493197,0.0009039761835185622
4::single::vision::7,4,05,vision,7,8,Positive,0.008351552454868502,0.16535229684577057,0.8262961506993609,0.8541640724454608,1.0,0,0.00029177143132053107,0.004261316125967807,0.0008561050699882333
4::single::vision::8,4,05,vision,8,9,Positive,0.008366704323463953,0.16542450648181586,0.8262087891947202,0.8556287799562726,1.0,0,0.0003791329359612572,0.00279660861515596,0.0006556679038399553
4::single::vision::9,4,05,vision,9,10,Positive,0.008320594440214973,0.16469830823285575,0.8269810973269293,0.8641501665115356,1.0,0,-0.00039317519624781916,-0.005724777940107062,0.00115071725480842
4::single::vision::10,4,05,vision,10,11,Positive,0.008318237466119299,0.16459041091473894,0.8270913516191418,0.8641863635608128,1.0,0,-0.0005034294884603829,-0.0057609749893842155,0.001211877242460894
4::single::vision::11,4,05,vision,11,12,Positive,0.008316210979697808,0.1644661857532443,0.827217603267058,0.8668528539793832,1.0,0,-0.0006296811363765142,-0.008427465407954582,0.0017194181361806875
4::single::vision::12,4,05,vision,12,13,Positive,0.008369595425598775,0.16542006788484737,0.8262103366895538,0.8552670734269279,1.0,0,0.000377585441127648,0.003158315144500712,0.0007151785779806094
4::single::vision::13,4,05,vision,13,14,Positive,0.008365029197880333,0.16490295198929625,0.8267320188128234,0.857881852558681,1.0,0,-0.000144096682141992,0.0005435360127475919,0.00016263767652892797
4::single::vision::14,4,05,vision,14,15,Positive,0.008333521656738509,0.1644940299756283,0.8271724483676333,0.8650231105940682,1.0,0,-0.0005845262369518212,-0.0065977220226396405,0.0013918834555825173
4::single::vision::15,4,05,vision,15,16,Positive,0.008331479664353856,0.16461361904106062,0.8270549012945856,0.8649929421288627,1.0,0,-0.0004669791639041465,-0.006567553557434103,0.0013280818415244238
4::single::vision::16,4,05,vision,16,17,Positive,0.00837522659153924,0.164607497562885,0.8270172758455758,0.8621482167925153,1.0,0,-0.0004293537148943871,-0.003722828221086716,0.0008351482276283129
5::single::text::0,5,06,text,0,1,Positive,0.011956264299877763,0.0855165965963375,0.9025271391037848,0.8280607291630336,1.0,0,-0.09749031206613079,-0.06713123773446217,0.05993369565547576
5::single::text::1,5,06,text,1,2,Positive,0.011882376011398316,0.08545414550447777,0.9026634784841239,0.830784695489066,1.0,0,-0.09762665144646987,-0.0698552040604945,0.06045585973331735
5::single::text::2,5,06,text,2,3,Positive,0.011559922108348015,0.30181919666358153,0.6866208812280705,0.6373265236616135,1.0,0,0.11841594580958348,0.123602967766958,0.07980846753261807
5::single::text::3,5,06,text,3,4,Positive,0.01156985437345863,0.19933973359385845,0.789090412032683,0.7185201048851013,1.0,0,0.01594641500497096,0.04240938654347015,0.015041438593063838
5::single::text::4,5,06,text,4,5,Positive,0.011871685715427117,0.2220604682177369,0.766067846066836,0.6240397010530744,1.0,0,0.038968980970818023,0.1368897903754971,0.04229945554799186
5::single::text::5,5,06,text,5,6,Positive,0.011784606937435623,0.1894760833073073,0.7987393097552571,0.7251224006925311,1.0,0,0.006297517282396914,0.03580709073604038,0.009116607097205187
5::single::text::6,5,06,text,6,7,Positive,0.012934157866570418,0.21683206533113572,0.7702337768022939,0.6423915794917515,1.0,0,0.03480305023536012,0.11853791193681995,0.037157843773816715
5::single::text::7,5,06,text,7,8,Positive,0.012764428139276926,0.21577506611663347,0.7714605057440896,0.6486978616033282,1.0,0,0.03357632129356436,0.11223162982524326,0.03549343228432272
5::single::text::8,5,06,text,8,9,Positive,0.011966950581471798,0.18207421245967134,0.8059588369588568,0.7508247111524854,1.0,0,-0.0009220099212028376,0.010104780276086078,0.0021451350066157655
5::single::text::9,5,06,text,9,10,Positive,0.011126926793224287,0.17831264383988898,0.8105604293668868,0.7861753361565726,1.0,0,-0.0055236023292327685,-0.025245844728001177,0.00696944195261658
5::single::text::10,5,06,text,10,11,Positive,0.01182273517078993,0.19731598526769847,0.7908612795615115,0.6953114015715463,1.0,0,0.01417554747614247,0.06561808985702522,0.01802412204757544
5::single::text::11,5,06,text,11,12,Positive,0.011533861086882986,0.16070732155251755,0.8277588173605994,0.8249622711113521,1.0,0,-0.022721990322945418,-0.06403277968278065,0.022033125108602815
5::single::text::12,5,06,text,12,13,Positive,0.013441158927472203,0.20585617263779987,0.7807026684347279,0.6924383704151426,1.0,0,0.024334158602926093,0.06849112101342891,0.023582266137034534
5::single::text::13,5,06,text,13,14,Positive,0.013280291422308499,0.20587398608783572,0.7808457224898557,0.6964517384767532,1.0,0,0.02419110454779827,0.06447775295181823,0.022841844432535507
5::single::text::14,5,06,text,14,15,Positive,0.012863103173055798,0.20558465068650897,0.7815522461404353,0.6786655081169946,1.0,0,0.02348458089721872,0.08226398331157692,0.02545295433387218
5::single::text::15,5,06,text,15,16,Positive,0.011774344798671421,0.16979055894618864,0.8184350962551399,0.7620658661637988,1.0,0,-0.01339826921748588,-0.001136374735227319,0.006888530397947494
5::single::text::16,5,06,text,16,17,Positive,0.012560729160163575,0.20516401438612428,0.7822752564537122,0.6908600968973977,1.0,0,0.022761570583941793,0.07006939453117378,0.023059017713833195
5::single::text::17,5,06,text,17,18,Positive,0.012873651415280608,0.2063529681194604,0.780773380465259,0.6712326599018914,1.0,0,0.024263446572394987,0.08969683152668007,0.027081195207310838
5::single::text::18,5,06,text,18,19,Positive,0.011975601840116952,0.16041998598996957,0.8276044121699135,0.8330572077206203,1.0,0,-0.022567585132259538,-0.07212771629204884,0.023305078614804575
5::single::text::19,5,06,text,19,20,Positive,0.01203375747805149,0.16097657573457444,0.8269896667873742,0.8305959275790623,1.0,0,-0.021952839749720177,-0.06966643615049084,0.02258749256660856
5::single::text::20,5,06,text,20,21,Positive,0.01374371902044222,0.21029384196139167,0.7759624390181661,0.6509007002626147,1.0,0,0.029074388019487918,0.11002879116595676,0.03287532587073676
5::single::text::21,5,06,text,21,22,Positive,0.013576620888116309,0.18811068167084788,0.7983126974410358,0.7407533270972115,1.0,0,0.006724129596618167,0.020176164331359936,0.006724758853535739
5::single::text::22,5,06,text,22,23,Positive,0.013165456288401286,0.18093834813476634,0.8058961955768323,0.7449600057942527,1.0,0,-0.0008593685391783401,0.01596948563431877,0.0030912652086422985
5::single::text::23,5,06,text,23,24,Positive,0.01314958301716423,0.20171917348320878,0.7851312434996269,0.7174270770379475,1.0,0,0.019905583538027072,0.04350241439062397,0.017203194167450864
5::single::text::24,5,06,text,24,25,Positive,0.013036602656157706,0.18188446046675272,0.8050789368770896,0.7417877827371869,1.0,0,-4.21098394356445e-05,0.01914170869138454,0.0032113397016152456
5::single::text::25,5,06,text,25,26,Positive,0.012808188642420467,0.18067252581731374,0.8065192855402658,0.7492413776261466,1.0,0,-0.0014824585026117498,0.011688113802424849,0.002689248218376683
5::single::text::26,5,06,text,26,27,Positive,0.011840600257430918,0.061181931107486445,0.9269774686350827,0.8898099064826965,1.0,0,-0.12194064159742868,-0.12888041505412506,0.08245038997440185
5::single::text::27,5,06,text,27,28,Positive,0.011930990816841845,0.16801732093200145,0.8200516882511568,0.7816511988639832,1.0,0,-0.015014861213502817,-0.020721707435411685,0.010961048512653357
5::single::text::28,5,06,text,28,29,Positive,0.012040305999675718,0.19416733007828452,0.7937923639220398,0.7347477759633746,1.0,0,0.011244463115614223,0.026181715465196875,0.00998585080200659
5::single::text::29,5,06,text,29,30,Positive,0.015004151667272288,0.31212118146064144,0.6728746668720863,0.5623990765639714,1.0,0,0.1321621601655677,0.1985304148646001,0.09916948256021721
5::single::text::30,5,06,text,30,31,Positive,0.012963546871913784,0.22104530198763803,0.7659911511404482,0.6239216157368251,1.0,0,0.039045675897205756,0.13700787569174633,0.042357483897227266
5::single::text::31,5,06,text,31,32,Positive,0.012939869452014838,0.2207293440336282,0.7663307865143569,0.6270570925303868,1.0,0,0.03870604052329707,0.1338723988981847,0.04166508674467932
5::single::text::32,5,06,text,32,33,Positive,0.013639755525555974,0.22398313416125756,0.7623771103131864,0.6098600562129702,1.0,0,0.042659716724467556,0.15106943521560123,0.04650809756483398
5::single::text::33,5,06,text,33,34,Positive,0.012921241431438295,0.19361830529386542,0.7934604532746963,0.7201794045312064,1.0,0,0.011576373762957726,0.040750086897365034,0.012579868031039703
5::single::text::34,5,06,text,34,35,Positive,0.011490062299625415,0.07284858936265924,0.9156613483377153,0.8615613068853106,1.0,0,-0.11062452130006128,-0.10063181545673916,0.0720842298928205
5::single::text::35,5,06,text,35,36,Positive,0.012569648347471957,0.18599407213600694,0.8014362795165212,0.726913047688348,1.0,0,0.003600547521132813,0.0340164437402235,0.007469681050603656
5::single::text::36,5,06,text,36,37,Positive,0.013311217910755265,0.21537600599008105,0.7713127760991637,0.6519106413636889,1.0,0,0.03372405093849029,0.10901885006488254,0.03503183381339224
5::single::audio::0,5,06,audio,0,1,Positive,0.012934503853123436,0.18194645967161022,0.8051190364752663,0.761632331780025,1.0,0,-8.22094376122795e-05,-0.0007028403514535153,0.00015824477738172565
5::single::audio::1,5,06,audio,1,2,Positive,0.012802954793256575,0.1877243938352145,0.799472651371529,0.7549959676606315,1.0,0,0.005564175666124993,0.0059335237679399855,0.003771008461052494
5::single::audio::2,5,06,audio,2,3,Positive,0.01269570054792935,0.18491267113791976,0.8023916283141509,0.7593888257231031,1.0,0,0.002645198723503106,0.0015406657054684025,0.0015793769793296202
5::single::audio::3,5,06,audio,3,4,Positive,0.012731133738679182,0.18619986436765007,0.8010690018936707,0.7578224539756775,1.0,0,0.003967825143983306,0.0031070374528939793,0.0025017521474739826
5::single::audio::4,5,06,audio,4,5,Positive,0.012719683599670994,0.186047040588185,0.801233275812144,0.7579927870205471,1.0,0,0.0038035512255100157,0.0029367044080244042,0.002391226347425742
5::single::audio::5,5,06,audio,5,6,Positive,0.012692960669190567,0.18590509462553778,0.8014019447052717,0.7582241722515651,1.0,0,0.0036348823323822943,0.002705319177006338,0.0022683276956922036
5::single::audio::6,5,06,audio,6,7,Positive,0.012769949049429729,0.182319191311331,0.8049108596392391,0.760522506066731,1.0,0,0.00012596739841486126,0.00040698536184047285,0.00013081459284750946
5::single::audio::7,5,06,audio,7,8,Positive,0.012781707997758256,0.18338713842438703,0.8038311535778547,0.7595823364598411,1.0,0,0.0012056734597992724,0.0013471549687303908,0.000827362558021368
5::single::audio::8,5,06,audio,8,9,Positive,0.012769346623046041,0.18355530621197333,0.8036753471649807,0.759884523493903,1.0,0,0.0013614798726733213,0.0010449679346684615,0.0008549012587814042
5::single::audio::9,5,06,audio,9,10,Positive,0.013011903299498681,0.1841171714421749,0.8028709252583265,0.755412118775504,1.0,0,0.002165901779327517,0.005517372653067509,0.0020025129985083434
5::single::audio::10,5,06,audio,10,11,Positive,0.012930638757265111,0.18013933823629893,0.8069300230064359,0.7607352393014091,1.0,0,-0.0018931959687819022,0.0001942521271623976,0.0009789733389180173
5::single::audio::11,5,06,audio,11,12,Positive,0.012771853836763363,0.18469558848695275,0.802532557676284,0.757745053086962,1.0,0,0.0025042693613700484,0.003184438341609419,0.001782874404286594
5::single::audio::12,5,06,audio,12,13,Positive,0.012792908873364863,0.18427188958414634,0.8029352015424888,0.758026727608272,1.0,0,0.002101625495165238,0.0029027638202994144,0.0015346067176325213
5::single::audio::13,5,06,audio,13,14,Positive,0.012754140098969894,0.18492408899345356,0.8023217709075766,0.7569686642714909,1.0,0,0.0027150561300773868,0.003960827157080571,0.002017665924552122
5::single::audio::14,5,06,audio,14,15,Positive,0.012744940714376284,0.18104365389628624,0.8062114053893376,0.7614486387797764,1.0,0,-0.0011745783516835528,-0.0005191473512049516,0.0006738137343759351
5::single::audio::15,5,06,audio,15,16,Positive,0.01271637986028903,0.18097099232591993,0.8063126278137911,0.7617805004119873,1.0,0,-0.0012758007761370926,-0.0008510089834158352,0.0007797352186378522
5::single::audio::16,5,06,audio,16,17,Positive,0.012765979681922593,0.17869380239724772,0.8085402179208298,0.7630334624222347,1.0,0,-0.00350339088317575,-0.002103970993663218,0.0021023572738650778
5::single::audio::17,5,06,audio,17,18,Positive,0.012785632053385674,0.18039084031646188,0.8068235276301524,0.7632610201835632,1.0,0,-0.0017867005924984136,-0.002331528754991763,0.0012819384220811674
5::single::audio::18,5,06,audio,18,19,Positive,0.012706289165409541,0.18250481706743252,0.804788893767158,0.7610126520906176,1.0,0,0.00024793327049599245,-8.316066204616668e-05,0.000137826745589024
5::single::audio::19,5,06,audio,19,20,Positive,0.012788659843302776,0.1830745009400284,0.8041368392166689,0.7604513083185468,1.0,0,0.0008999878209851042,0.00047818311002467695,0.0005296910954966649
5::single::audio::20,5,06,audio,20,21,Positive,0.012800721782654942,0.18214925427974732,0.8050500239375977,0.7614283646856036,1.0,0,-1.319689994372375e-05,-0.0004988732570321286,8.974399281054997e-05
5::single::audio::21,5,06,audio,21,22,Positive,0.012645316160288883,0.19031254077253332,0.7970421430671778,0.7531116860253471,1.0,0,0.007994683970476202,0.00781780540322441,0.005300309552442169
5::single::audio::22,5,06,audio,22,23,Positive,0.012748386062139195,0.18352528882159772,0.8037263251162631,0.7584947092192513,1.0,0,0.0013105019213909275,0.002434782209320141,0.001061047995582154
5::single::audio::23,5,06,audio,23,24,Positive,0.012452865564301861,0.1854242895295725,0.8021228449061257,0.7583957825388227,1.0,0,0.00291398213152827,0.002533708889748798,0.001879275880722268
5::single::audio::24,5,06,audio,24,25,Positive,0.012683465498971825,0.18179956210382403,0.8055169723972041,0.7608723555292402,1.0,0,-0.0004801453595500993,5.7135899331317574e-05,0.0002495953296636026
5::single::audio::25,5,06,audio,25,26,Positive,0.012636976964876964,0.18132152160216986,0.8060415014329532,0.7621688331876483,1.0,0,-0.0010046743952991655,-0.0012393417590768063,0.0007088941574957172
5::single::audio::26,5,06,audio,26,27,Positive,0.012611752872206868,0.182955887044639,0.8044323600831542,0.7621800473758152,1.0,0,0.0006044669544997827,-0.00125055594724377,0.0005106594684571863
5::single::audio::27,5,06,audio,27,28,Positive,0.012834300526764519,0.1855980254126385,0.8015676740605969,0.7582587174006871,1.0,0,0.0034691529770570773,0.002670774027884404,0.0021797054931759394
5::single::audio::28,5,06,audio,28,29,Positive,0.012659714249022362,0.1813081501990589,0.8060321355519188,0.7636443674564362,1.0,0,-0.00099530851426477,-0.0027148760278646877,0.0009501335951098329
5::single::audio::29,5,06,audio,29,30,Positive,0.0127554240231952,0.18411404892990835,0.8031305270468965,0.760543269770486,1.0,0,0.0019062999907575318,0.0003862216580854394,0.0010175202717263392
5::single::audio::30,5,06,audio,30,31,Positive,0.012713014085305377,0.18315009200533292,0.8041368939093617,0.7614791435854775,1.0,0,0.0008999331282922851,-0.0005496521569060553,0.0005415752569638185
5::single::audio::31,5,06,audio,31,32,Positive,0.012797930086945634,0.18275429278962768,0.8044477771234267,0.7622823161738259,1.0,0,0.0005890499142272576,-0.001352824745254444,0.0005199957479893694
5::single::audio::32,5,06,audio,32,33,Positive,0.012673808756758163,0.18087957957438938,0.8064466116688526,0.7629285284451076,1.0,0,-0.001409784631198563,-0.0019990370165361426,0.0010380651516886386
5::single::audio::33,5,06,audio,33,34,Positive,0.012676897253161751,0.18276061957719247,0.8045624831696457,0.7622692925589425,1.0,0,0.00047434386800826456,-0.0013398011303710211,0.00046047212239930246
5::single::audio::34,5,06,audio,34,35,Positive,0.01274166061787737,0.18301571442815417,0.8042426249539685,0.7608233775411334,1.0,0,0.0007942020836855246,0.00010611388743808625,0.00041478668974911
5::single::audio::35,5,06,audio,35,36,Positive,0.012682919614406436,0.1830920427269567,0.8042250376586368,0.7606456960950579,1.0,0,0.0008117893790171582,0.0002837953335135257,0.0004531939117608334
5::single::audio::36,5,06,audio,36,37,Positive,0.012925071816119994,0.18442315414363727,0.8026517740402427,0.7593114674091339,1.0,0,0.002385052997411319,0.0016180240194375584,0.001462197168611919
5::single::vision::0,5,06,vision,0,1,Positive,0.01335698760872472,0.19489335380975784,0.7917496585815175,0.7397656525884356,1.0,0,0.013287168456136533,0.02116383884013584,0.01017089070142424
5::single::vision::1,5,06,vision,1,2,Positive,0.012600325358561893,0.17964108932007625,0.8077585853213619,0.7633380804743085,1.0,0,-0.002721758283707909,-0.002408589045737042,0.0017623106494767948
5::single::vision::2,5,06,vision,2,3,Positive,0.012628279419554486,0.17896119146697495,0.8084105291134704,0.7630762244973864,1.0,0,-0.0033737020758164427,-0.0021467330688149655,0.0020446398827107157
5::single::vision::3,5,06,vision,3,4,Positive,0.012629669732463171,0.17944682763762035,0.8079235026299165,0.7626923663275582,1.0,0,-0.002886675592262522,-0.0017628748989867438,0.0017371502792957183
5::single::vision::4,5,06,vision,4,5,Positive,0.012627032373437057,0.17945849424034502,0.8079144733862179,0.7627882276262555,1.0,0,-0.0028776463485639114,-0.0018587361976840633,0.001748612540562633
5::single::vision::5,5,06,vision,5,6,Positive,0.01263435101766046,0.1796062895240361,0.8077593594583035,0.7626961427075523,1.0,0,-0.0027225324206494594,-0.0017666512789807909,0.0016557080901548615
5::single::vision::6,5,06,vision,6,7,Positive,0.01263579048716427,0.17901725400927618,0.8083469555035595,0.7636891773768834,1.0,0,-0.003310128465905504,-0.002759685948311885,0.002115011891004733
5::single::vision::7,5,06,vision,7,8,Positive,0.012645917149698607,0.17838206027192255,0.8089720225783789,0.7641677388123104,1.0,0,-0.003935195540724856,-0.0032382473837389014,0.002507305667652245
5::single::vision::8,5,06,vision,8,9,Positive,0.01265796160099751,0.178234160504962,0.8091078778940405,0.764335070337568,1.0,0,-0.004071050856386482,-0.0034055789089965094,0.002603121913025993
5::single::vision::9,5,06,vision,9,10,Positive,0.01265960119858548,0.1791515050307885,0.8081888937706261,0.7633715271949768,1.0,0,-0.003152066732972081,-0.002442035766405337,0.0019830393275535965
5::single::vision::10,5,06,vision,10,11,Positive,0.012657288125098387,0.18015717083716057,0.807185541037741,0.7622187776224953,1.0,0,-0.002148714000086982,-0.0012892861939238776,0.0012892380323641373
5::single::vision::11,5,06,vision,11,12,Positive,0.012658842300382694,0.18072514135067783,0.8066160163489394,0.7615046756608146,1.0,0,-0.0015791893112854227,-0.00057518423224312,0.000885458694349898
5::single::vision::12,5,06,vision,12,13,Positive,0.012650924190804835,0.1810854381658672,0.806263637643328,0.7614280751773289,1.0,0,-0.001226810605673978,-0.0004985837487574418,0.0006965025942965627
5::single::vision::13,5,06,vision,13,14,Positive,0.012634741499752189,0.1807812648158452,0.8065839936844026,0.7613285269056048,1.0,0,-0.0015471666467485878,-0.0003990354770333493,0.0008400892362131854
5::single::vision::14,5,06,vision,14,15,Positive,0.012668812037742916,0.1800385292776764,0.8072926586845807,0.7622206381389073,1.0,0,-0.002255831646926665,-0.001291146710335811,0.0013431069418526342
5::single::vision::15,5,06,vision,15,16,Positive,0.012651819338344165,0.17972596496350932,0.8076222156981465,0.7628110008580344,1.0,0,-0.002585388660492516,-0.0018815094294629686,0.0016062792351567527
5::single::vision::16,5,06,vision,16,17,Positive,0.012667764005209216,0.17913858683862557,0.8081936491561652,0.7632370931761605,1.0,0,-0.0031568221185112044,-0.0023076017475890387,0.001963011350520442
5::single::vision::17,5,06,vision,17,18,Positive,0.012667834278720825,0.17881729911703748,0.8085148666042418,0.7634157282965524,1.0,0,-0.003478039566587765,-0.0024862368679808844,0.0021533925946240298
5::single::vision::18,5,06,vision,18,19,Positive,0.012659813250473967,0.17936010447600037,0.8079800822735257,0.7628841740744454,1.0,0,-0.002943255235871689,-0.001954682645873951,0.0017974080589148362
5::single::vision::19,5,06,vision,19,20,Positive,0.012659907221405668,0.1795173237051463,0.8078227690734481,0.7627868013722556,1.0,0,-0.0027859420357940756,-0.00185730994368416,0.0017025226751777311
5::single::vision::20,5,06,vision,20,21,Positive,0.01265211373057396,0.1798346452473048,0.8075132410221213,0.7625968754291534,1.0,0,-0.002476413984467296,-0.0016673840005819729,0.0015161043256639768
5::single::vision::21,5,06,vision,21,22,Positive,0.012644664638811868,0.179982749030899,0.8073725863302891,0.7627909438950675,1.0,0,-0.0023357592926350756,-0.0018614524664960497,0.0014781217240668794
5::single::vision::22,5,06,vision,22,23,Positive,0.012653644535148474,0.17955753816737352,0.8077888172974781,0.7629820108413696,1.0,0,-0.0027519902598240886,-0.0020525194127981594,0.0017180816987117375
5::single::vision::23,5,06,vision,23,24,Positive,0.01266703615213247,0.17944718061560594,0.8078857832322616,0.7627996674605778,1.0,0,-0.002848956194607566,-0.0018701760320063432,0.0017361741026381734
5::single::vision::24,5,06,vision,24,25,Positive,0.012749084070595865,0.18120081546476477,0.8060501004646393,0.7600769358021873,1.0,0,-0.0010132734269853172,0.0008525556263841993,0.0006487293178900252
5::single::vision::25,5,06,vision,25,26,Positive,0.012714568079345134,0.1837752373773891,0.8035101945432658,0.7577871978282928,1.0,0,0.0015266324943882248,0.003142293600278623,0.0012870318472405495
5::single::vision::26,5,06,vision,26,27,Positive,0.012549966189641602,0.1820287507407664,0.8054212830695919,0.7619229214532035,1.0,0,-0.00038445603193792977,-0.000993430024632036,0.00035779968674097085
5::single::vision::27,5,06,vision,27,28,Positive,0.012752339106954894,0.1800327815286602,0.807214879364385,0.7602039703301021,1.0,0,-0.0021780523267309615,0.0007255210984693505,0.001209946346443706
5::single::vision::28,5,06,vision,28,29,Positive,0.012709141320805828,0.1807630389190307,0.8065278197601634,0.7604536839893886,1.0,0,-0.00149099272250941,0.0004758074391828515,0.0008247976011185135
5::single::vision::29,5,06,vision,29,30,Positive,0.01272609845639989,0.18081722119629087,0.8064566803473093,0.7597462151731763,1.0,0,-0.0014198533096553279,0.0011832762553951603,0.0009071393640601907
5::single::vision::30,5,06,vision,30,31,Positive,0.012680076016899725,0.18000073277523507,0.8073191912078652,0.7612838021346501,1.0,0,-0.002282364170211215,-0.0003543107060786088,0.0012002338694520425
5::single::vision::31,5,06,vision,31,32,Positive,0.01264588320625256,0.17889445680009763,0.8084596599936498,0.7632647752761841,1.0,0,-0.0034228329559957693,-0.0023352838476126125,0.0021006304525999866
5::single::vision::32,5,06,vision,32,33,Positive,0.012635328375617271,0.17865017105945125,0.8087145005649315,0.7632241334233966,1.0,0,-0.0036776735272775474,-0.0022946419948250973,0.002221277096109623
5::single::vision::33,5,06,vision,33,34,Positive,0.01261883783424996,0.17833077101402325,0.8090503911517268,0.7642168274947575,1.0,0,-0.004013564114072832,-0.0032873360661860307,0.0025546714014007543
5::single::vision::34,5,06,vision,34,35,Positive,0.012646847343905693,0.17878414033589415,0.8085690123202002,0.7633058939661298,1.0,0,-0.003532185282546174,-0.002376402537558331,0.002162159730866142
5::single::vision::35,5,06,vision,35,36,Positive,0.012587940896839853,0.17990337903812542,0.8075086800650347,0.7628670036792755,1.0,0,-0.0024718530273807326,-0.0019375122507040432,0.0015588452221410403
5::single::vision::36,5,06,vision,36,37,Positive,0.013351979601413743,0.1949541661450465,0.7916938542535398,0.739851006439754,1.0,0,0.013342972784114226,0.02107848498881748,0.010184567223526694
6::single::text::0,6,07,text,0,1,Positive,0.0077098183671769184,0.03961957675502464,0.9526706048777984,0.9110219308308193,1.0,0,0.0005220280279972789,0.013239633454895094,0.0024676195898144884
6::single::text::1,6,07,text,1,2,Positive,0.007748755807880781,0.03763577724792084,0.9546154669441984,0.9379740953445435,1.0,0,-0.0014228340384027094,-0.01371253105882908,0.0029968388623395348
6::single::text::2,6,07,text,2,3,Positive,0.007753924016981483,0.038528454504921206,0.9537176214780974,0.9334378242492676,1.0,0,-0.0005249885723016545,-0.009176259963553202,0.0017918709467430276
6::single::text::3,6,07,text,3,4,Positive,0.007733274837068955,0.03809987587638086,0.9541668492865502,0.9331793444497245,1.0,0,-0.0009742163807544557,-0.008917780164010125,0.0019734048843789154
6::single::text::4,6,07,text,4,5,Positive,0.007870557573443474,0.03906710912732945,0.9530623332992271,0.9286192740712848,1.0,0,0.00013029960656862905,-0.004357709785570374,0.0007914347675460435
6::single::text::5,6,07,text,5,6,Positive,0.007778155839234372,0.036240493184111294,0.9559813509766544,0.9786441326141357,1.0,0,-0.0027887180708586756,-0.054382568328421366,0.010458120423499565
6::single::text::6,6,07,text,6,7,Positive,0.008006195592122312,0.04121302369951114,0.9507807807083666,0.8803272077015468,1.0,0,0.0024118521974291207,0.043934356584167555,0.008528318862742485
6::single::text::7,6,07,text,7,8,Positive,0.007867868947782544,0.0412724366637615,0.950859694388456,0.8976256166185651,1.0,0,0.0023329385173397332,0.026635947667149273,0.0056057938698614125
6::single::text::8,6,07,text,8,9,Positive,0.007870164150882085,0.042686280931159636,0.9494435549179583,0.8920322741780963,1.0,0,0.0037490779878374125,0.0322292901076181,0.00724608734518839
6::single::text::9,6,07,text,9,10,Positive,0.007779197344433843,0.038584389206628586,0.9536364134489375,0.933056082044329,1.0,0,-0.0004437805431417585,-0.008794517758614617,0.001687643231339982
6::single::text::10,6,07,text,10,11,Positive,0.007733778019408473,0.03774436717635874,0.9545218548042328,0.9421533857073102,1.0,0,-0.001329221898437094,-0.017891821421595844,0.0036465811861511876
6::single::text::11,6,07,text,11,12,Positive,0.007648892479356814,0.03937733169812744,0.9529737758225157,0.9166338188307626,1.0,0,0.00021885708327995523,0.0076277454549518175,0.0013807194507986138
6::single::text::12,6,07,text,12,13,Positive,0.007766289962391651,0.04111486696408707,0.9511188430735212,0.856974686895098,1.0,0,0.002073789832274464,0.06728687739061634,0.012251374481239955
6::single::text::13,6,07,text,13,14,Positive,0.010178960793088733,0.0742645130145445,0.9155565261923668,0.7429869089807782,1.0,0,0.037636106713428874,0.18127465530493614,0.04903049590753712
6::single::text::14,6,07,text,14,15,Positive,0.00788280628384906,0.04060978533536214,0.9515074083807888,0.8855931844030108,1.0,0,0.0016852245250068565,0.03866837988270355,0.00728734224295402
6::single::text::15,6,07,text,15,16,Positive,0.007895790832466481,0.04111962549299032,0.9509845836745432,0.9050671117646354,1.0,0,0.002208049231252507,0.019194452521078986,0.0043031000358060845
6::single::text::16,6,07,text,16,17,Positive,0.007774680265882977,0.03993737576307452,0.9522879439710425,0.8953377519335065,1.0,0,0.0009046889347531506,0.028923812352207867,0.00527297985941122
6::single::text::17,6,07,text,17,18,Positive,0.007747905148440238,0.03739770992360385,0.9548543849279559,0.9323412946292332,1.0,0,-0.0016617520221602344,-0.008079730343518832,0.0021774977349999225
6::single::text::18,6,07,text,18,19,Positive,0.007723002009297352,0.03847837491128876,0.9537986230794139,0.9294639570372445,1.0,0,-0.0006059901736181761,-0.005202392751530116,0.0011700605453974409
6::single::text::19,6,07,text,19,20,Positive,0.007707446983927297,0.040032109226909716,0.9522604437891631,0.9118403196334839,1.0,0,0.0009321891166326202,0.01242124465223049,0.002536302000354725
6::single::text::20,6,07,text,20,21,Positive,0.007827040087267832,0.0431094660953052,0.9490634938174269,0.8794917975153241,1.0,0,0.004129139088368761,0.04476976677039024,0.00952619733924942
6::single::text::21,6,07,text,21,22,Positive,0.007959877118580387,0.04320180217772219,0.9488383207036974,0.8899852803775242,1.0,0,0.004354312202098254,0.03427628390819015,0.007889870085747486
6::single::text::22,6,07,text,22,23,Positive,0.007687109887819425,0.040498413668193206,0.9518144764439874,0.8965119123458862,1.0,0,0.0013781564618082776,0.027749651939828146,0.005314020220875497
6::single::text::23,6,07,text,23,24,Positive,0.007685490772313746,0.040399331845394466,0.9519151773822918,0.9021255373954773,1.0,0,0.0012774555235038898,0.02213602689023708,0.004328065576791459
6::single::text::24,6,07,text,24,25,Positive,0.007857047304350119,0.03971159925334409,0.9524313534423059,0.9208345924104963,1.0,0,0.0007612794634898057,0.003426971875218121,0.000951801710947923
6::single::text::25,6,07,text,25,26,Positive,0.00772292153207808,0.0392849763824393,0.9529921020854826,0.9136423809187753,1.0,0,0.0002005308203131273,0.010619183366939122,0.0018701293046464174
6::single::text::26,6,07,text,26,27,Positive,0.0076965603240605135,0.0389017158365423,0.9534017238393971,0.9321802343641009,1.0,0,-0.00020909093360144126,-0.007918670078386536,0.0014243238131984766
6::single::text::27,6,07,text,27,28,Positive,0.007735072479282716,0.038144958820348435,0.9541199687003689,0.9293329630579267,1.0,0,-0.0009273357945731586,-0.005071398772212299,0.0013089010259886291
6::single::text::28,6,07,text,28,29,Positive,0.007684623515893167,0.038766533672303496,0.9535488428118033,0.9209262898990086,1.0,0,-0.0003562099060075985,0.0033352743867057777,0.0007339840174547622
6::single::text::29,6,07,text,29,30,Positive,0.007713638602791954,0.039583806338350076,0.9527025550588579,0.9145875913756234,1.0,0,0.0004900778469377753,0.009673972910090978,0.001857367741817384
6::single::text::30,6,07,text,30,31,Positive,0.007735352212131612,0.04046277175938661,0.9518018760284818,0.9097557493618557,1.0,0,0.0013907568773139367,0.014505814923858718,0.003113014259300088
6::single::text::31,6,07,text,31,32,Positive,0.007651347864003006,0.036952817667224844,0.9553958344687722,0.9368320448057992,1.0,0,-0.0022032015629764867,-0.012570480520084804,0.003196680868169044
6::single::text::32,6,07,text,32,33,Positive,0.007550049960995243,0.03756214825821422,0.9548878017807906,0.9273685046604702,1.0,0,-0.001695168874994879,-0.0031069403747557844,0.00136540783329007
6::single::text::33,6,07,text,33,34,Positive,0.007594742251067404,0.03578711402444405,0.9566181437244886,0.9533512762614659,1.0,0,-0.0034255108186929117,-0.029089711975751498,0.0065610407386383724
6::single::text::34,6,07,text,34,35,Positive,0.007769480924999357,0.03906551385024713,0.9531650052247536,0.9207468032836914,1.0,0,2.762768104214164e-05,0.0035147610020229703,0.0005996073408582325
6::single::text::35,6,07,text,35,36,Positive,0.007748076394108722,0.03921024273051266,0.9530416808753787,0.9202836837087359,1.0,0,0.00015095203041703975,0.003977880576978454,0.0007384561113715956
6::single::text::36,6,07,text,36,37,Positive,0.00783600315522534,0.03900276559969278,0.9531612312450818,0.920620492526463,1.0,0,3.140166071391448e-05,0.003641071759251324,0.0006225461235655113
6::single::text::37,6,07,text,37,38,Positive,0.007775818792926486,0.038843388254550665,0.9533807929525229,0.925513778414045,1.0,0,-0.00018816004672717046,-0.0012522141283306532,0.0003027823780853608
6::single::text::38,6,07,text,38,39,Positive,0.007790591604032515,0.04000874853563977,0.9522006598603278,0.9127121567726135,1.0,0,0.000991973045467942,0.011549407513100851,0.0024208877749174462
6::single::text::39,6,07,text,39,40,Positive,0.0077209787741854725,0.041358974147733006,0.9509200470780815,0.8987143635749817,1.0,0,0.0022725858277141686,0.025547200710732687,0.005394159698979199
6::single::text::40,6,07,text,40,41,Positive,0.0077524220185217155,0.03877056916255275,0.9534770088189255,0.9237914000238691,1.0,0,-0.0002843759131297974,0.00047016426184531834,0.00022054866687245173
6::single::text::41,6,07,text,41,42,Positive,0.007871903868811588,0.04061811066557747,0.951509985465611,0.9000540035111564,1.0,0,0.001682647440184648,0.02420756077455799,0.004875917182518656
6::single::text::42,6,07,text,42,43,Positive,0.007751466093765201,0.03897606521230499,0.9532724686939298,0.9181100470679147,1.0,0,-7.98357881340861e-05,0.006151517217799718,0.0010651707637003294
6::single::text::43,6,07,text,43,44,Positive,0.007753473738495736,0.041351965754626505,0.9508945605068777,0.8949148229190281,1.0,0,0.002298072398917994,0.029346741366686246,0.0060401597605733715
6::single::text::44,6,07,text,44,45,Positive,0.007938372709324416,0.042779409800466364,0.9492822174902091,0.8828652841704232,1.0,0,0.003910415415586566,0.04139628011529117,0.008854587727008478
6::single::text::45,6,07,text,45,46,Positive,0.0077406024222150165,0.0396848090421683,0.9525745885356167,0.9104631968906948,1.0,0,0.0006180443701789828,0.013798367395019606,0.002608750084259426
6::single::text::46,6,07,text,46,47,Positive,0.007818726635021605,0.042271690453182915,0.9499095829117955,0.8892645410129002,1.0,0,0.003283049994000198,0.034997023272814176,0.007474362209135795
6::single::text::47,6,07,text,47,48,Positive,0.007789017161560911,0.04138746397860619,0.9508235188598329,0.8916563902582441,1.0,0,0.00236911404596285,0.03260517402747032,0.006618752694226478
6::single::text::48,6,07,text,48,49,Positive,0.007954309918527979,0.04214534584226616,0.9499003442392059,0.8868163909230914,1.0,0,0.0032922886665898154,0.037445173362622985,0.00788700656039874
6::single::text::49,6,07,text,49,50,Positive,0.007774844762363335,0.040130885622752195,0.9520942696148845,0.899642390864236,1.0,0,0.0010983632909111751,0.024619173421478346,0.004652377215701979
6::single::audio::0,6,07,audio,0,1,Positive,0.007589013213370265,0.03649660887786991,0.9559143779087598,0.9430261935506549,1.0,0,-0.002721745002964071,-0.01876462926494049,0.004488310712305451
6::single::audio::1,6,07,audio,1,2,Positive,0.007875648491666404,0.04017267838601361,0.95195167312232,0.9189755661146981,1.0,0,0.0012409597834757147,0.005285998171016271,0.001501479586907236
6::single::audio::2,6,07,audio,2,3,Positive,0.007713919438114503,0.0384191393664406,0.9538669411954449,0.9292961444173541,1.0,0,-0.0006743082896492059,-0.00503458013163971,0.0011762508334312214
6::single::audio::3,6,07,audio,3,4,Positive,0.007741327464472275,0.03858252142527592,0.9536761511102518,0.9280152235712323,1.0,0,-0.0004835182044561348,-0.003753659285517963,0.0008673689831477279
6::single::audio::4,6,07,audio,4,5,Positive,0.007741435196690668,0.03862796054474081,0.9536306042585685,0.9277724708829608,1.0,0,-0.0004379713527727924,-0.0035109065972463993,0.0008041367759274628
6::single::audio::5,6,07,audio,5,6,Positive,0.007734140032499611,0.038609312300684234,0.9536565476668162,0.9278996586799622,1.0,0,-0.00046391476102047857,-0.0036380943942477817,0.0008383064462182029
6::single::audio::6,6,07,audio,6,7,Positive,0.0077994214049165195,0.041430097966809756,0.9507704806282737,0.9143296735627311,1.0,0,0.0024221522775219606,0.009931890722983283,0.002866391259258194
6::single::audio::7,6,07,audio,7,8,Positive,0.0075450015836771136,0.03644506396678292,0.95600993444954,0.9560810497828892,1.0,0,-0.002817301543744266,-0.03181948549717484,0.006711898354734606
6::single::audio::8,6,07,audio,8,9,Positive,0.007797250051370057,0.03919924598943622,0.9530035039591938,0.9251690677234105,1.0,0,0.00018912894660194635,-0.0009075034376960778,0.00024581504625031947
6::single::audio::9,6,07,audio,9,10,Positive,0.007683597875892404,0.03885764595502399,0.9534587561690836,0.9275713818413871,1.0,0,-0.0002661232632878985,-0.0033098175556727227,0.0006846978909227364
6::single::audio::10,6,07,audio,10,11,Positive,0.007686496678980751,0.03876902725281372,0.9535444760682056,0.9280741725649152,1.0,0,-0.00035184316240988167,-0.0038126082792008242,0.0008113562944050782
6::single::audio::11,6,07,audio,11,12,Positive,0.007668820954001441,0.03909161286803023,0.9532395661779683,0.9262210215841021,1.0,0,-4.6933272172644536e-05,-0.0019594572983877567,0.00035004285248428174
6::single::audio::12,6,07,audio,12,13,Positive,0.007770360304240223,0.03753600030681279,0.954693639388947,0.9357981341225761,1.0,0,-0.0015010064831513237,-0.011536569836861688,0.00267326488105261
6::single::audio::13,6,07,audio,13,14,Positive,0.0077816136965645965,0.039132625988821,0.9530857603146144,0.925318317753928,1.0,0,0.0001068725911812507,-0.001056753468213656,0.00022956187362623467
6::single::audio::14,6,07,audio,14,15,Positive,0.007755714362440441,0.03872016538024006,0.9535241202573195,0.9271320445196969,1.0,0,-0.00033148735152377373,-0.0028704802339825086,0.0006441570480923049
6::single::audio::15,6,07,audio,15,16,Positive,0.007682378469854436,0.03830268167236669,0.954014939857779,0.9300023913383484,1.0,0,-0.0008223069519832649,-0.005740827052634012,0.0013679579847639678
6::single::audio::16,6,07,audio,16,17,Positive,0.00775360742403114,0.039847120598616274,0.9523992719773526,0.9202897208077567,1.0,0,0.0007933609284430654,0.003971843477957648,0.001058654377214474
6::single::audio::17,6,07,audio,17,18,Positive,0.007768321426621174,0.03865992791734064,0.9535717506560383,0.9278908882822309,1.0,0,-0.00037911775024257466,-0.003629323996516498,0.000794446207874037
6::single::audio::18,6,07,audio,18,19,Positive,0.007772117009563158,0.038568622670889,0.9536592603195478,0.9281233038221087,1.0,0,-0.0004666274137521409,-0.0038617395363943485,0.0008769369629417952
6::single::audio::19,6,07,audio,19,20,Positive,0.007739320825346478,0.03909659626424109,0.9531640829104124,0.9243157846587045,1.0,0,2.8549995383264637e-05,-5.422037299007698e-05,2.3311726523311815e-05
6::single::audio::20,6,07,audio,20,21,Positive,0.007744440820226292,0.03917277490332996,0.9530827842764438,0.9236934781074524,1.0,0,0.00010984862935192741,0.0005680861782619839,0.00014960534438629436
6::single::audio::21,6,07,audio,21,22,Positive,0.00769083252852539,0.03989502802521914,0.9524141394462555,0.9192921434129987,1.0,0,0.0007784934595401749,0.00496942087271568,0.0012174835418893673
6::single::audio::22,6,07,audio,22,23,Positive,0.008811650679919264,0.04181970051139275,0.949368648808688,0.9138576814106533,1.0,0,0.0038239840971077133,0.01040388287506111,0.003645972527730708
6::single::audio::23,6,07,audio,23,24,Positive,0.007604435099402929,0.03992524364151968,0.9524703212590775,0.9094147000994001,1.0,0,0.00072231164671821,0.014846864186314312,0.0028356331877448238
6::single::audio::24,6,07,audio,24,25,Positive,0.007891903372798008,0.03976503251432239,0.9523430641128796,0.9206325667245048,1.0,0,0.0008495687929160889,0.0036289975612096015,0.0010296173233263115
6::single::audio::25,6,07,audio,25,26,Positive,0.0077643878109286925,0.039025228680199954,0.9532103835088713,0.923778874533517,1.0,0,-1.7750603075628035e-05,0.00048268975219734056,8.932359357070412e-05
6::single::audio::26,6,07,audio,26,27,Positive,0.0076659752380557784,0.038457625177082275,0.9538763995848619,0.9272059117044721,1.0,0,-0.0006837666790662222,-0.002944347418757709,0.0008326079093260627
6::single::audio::27,6,07,audio,27,28,Positive,0.007870857423651812,0.04014992883465834,0.9519792137416898,0.9193680116108486,1.0,0,0.001213419164105889,0.004893552674865798,0.0014223016945305775
6::single::audio::28,6,07,audio,28,29,Positive,0.007714277818076749,0.03942940899691927,0.952856313185004,0.9232263309614999,1.0,0,0.00033631972079173345,0.0010352333242145129,0.00034069874776495224
6::single::audio::29,6,07,audio,29,30,Positive,0.007730085495663363,0.03965931604660072,0.952610598457736,0.9215402603149414,1.0,0,0.0005820344480597095,0.0027213039707729703,0.0007445678858253497
6::single::audio::30,6,07,audio,30,31,Positive,0.007664157384549706,0.03849563289165302,0.9538402097237972,0.9285308037485395,1.0,0,-0.0006475768180015384,-0.004269239462825092,0.0010353283194716179
6::single::audio::31,6,07,audio,31,32,Positive,0.007616688166269372,0.03822410293686286,0.9541592088968678,0.9299990364483425,1.0,0,-0.0009665759910720828,-0.005737472162628099,0.0014395333559740577
6::single::audio::32,6,07,audio,32,33,Positive,0.007749024244358224,0.03891986740515704,0.9533311083504847,0.9256871257509504,1.0,0,-0.0001384754446890346,-0.0014255614652359805,0.0003068312998838474
6::single::audio::33,6,07,audio,33,34,Positive,0.007740448771398972,0.0390971270938984,0.9531624241347026,0.924490247453962,1.0,0,3.020877109305431e-05,-0.00022868316824764534,5.3218246921134714e-05
6::single::audio::34,6,07,audio,34,35,Positive,0.0077273525889087185,0.03903944526987756,0.9532332021412138,0.9246769121715,1.0,0,-4.056923541806423e-05,-0.0004153478857856774,8.950926533997834e-05
6::single::audio::35,6,07,audio,35,36,Positive,0.007729403531914368,0.03909813595294105,0.9531724605151446,0.9243662527629307,1.0,0,2.017239065110754e-05,-0.00010468847721634145,2.753427486161068e-05
6::single::audio::36,6,07,audio,36,37,Positive,0.007725033625517895,0.03907103069336719,0.9532039356811149,0.9241469076701573,1.0,0,-1.1302775319244063e-05,0.00011465661555709605,2.4760823585804708e-05
6::single::audio::37,6,07,audio,37,38,Positive,0.007720781048685093,0.039017780938973096,0.9532614380123418,0.9250577688217163,1.0,0,-6.880510654605487e-05,-0.0007962045360019321,0.00016710330927334946
6::single::audio::38,6,07,audio,38,39,Positive,0.007710567026714271,0.03851721816513627,0.9537722148081494,0.9281944291932243,1.0,0,-0.000579581902353743,-0.003932864907509881,0.0009452684357618516
6::single::audio::39,6,07,audio,39,40,Positive,0.007734966969913867,0.038945780198942195,0.9533192528311439,0.9255322643688747,1.0,0,-0.00012661992534823696,-0.0012707000831603255,0.000275093309867506
6::single::audio::40,6,07,audio,40,41,Positive,0.007730062923269247,0.038934174084692214,0.9533357629920385,0.9258369377681187,1.0,0,-0.000143130086242782,-0.0015753734824043297,0.0003341272901887793
6::single::audio::41,6,07,audio,41,42,Positive,0.007728047682300292,0.038959362079319104,0.9533125902383806,0.9257003239222935,1.0,0,-0.00011995733258485242,-0.0014387596365791344,0.0002997719390556153
6::single::audio::42,6,07,audio,42,43,Positive,0.00782628950934998,0.03998753762657993,0.9521861728640701,0.9194300259862628,1.0,0,0.0010064600417255543,0.004831538299451599,0.0013084864041047104
6::single::audio::43,6,07,audio,43,44,Positive,0.007803553007993249,0.03988176490276274,0.9523146820892441,0.9202646102224078,1.0,0,0.0008779508165516203,0.003996954063306579,0.0011051344188269066
6::single::audio::44,6,07,audio,44,45,Positive,0.007788898709095625,0.0392742750030292,0.9529368262878752,0.9232399889401027,1.0,0,0.0002558066179204621,0.0010215753456116472,0.00029816586656217225
6::single::audio::45,6,07,audio,45,46,Positive,0.007754716581796769,0.03941806937511248,0.9528272140430908,0.921858719417027,1.0,0,0.00036541886270491375,0.0024028448686873594,0.0005831835761336834
6::single::audio::46,6,07,audio,46,47,Positive,0.007762300570548903,0.039667514033399826,0.9525701853960513,0.9204630766596112,1.0,0,0.0006224475097443838,0.003798487626103131,0.0009443050258893804
6::single::audio::47,6,07,audio,47,48,Positive,0.0078002506560271205,0.04008471951503101,0.9521150298289419,0.9188878195626395,1.0,0,0.0010776030768537836,0.005373744723074836,0.0014344256589393645
6::single::audio::48,6,07,audio,48,49,Positive,0.007786019686004827,0.03958618683219363,0.9526277934818016,0.9223923257419041,1.0,0,0.0005648394239941013,0.0018692385438102699,0.0005939594692987622
6::single::audio::49,6,07,audio,49,50,Positive,0.007597063298246004,0.03653781808641297,0.9558651186153411,0.9424439924103873,1.0,0,-0.002672485709545369,-0.018182428124672967,0.00436664754221818
6::single::vision::0,6,07,vision,0,1,Positive,0.008613103932445649,0.04222603088200371,0.9491608651855507,0.9022629261016846,1.0,0,0.00403176772024505,0.021998638184029806,0.005682323557460825
6::single::vision::1,6,07,vision,1,2,Positive,0.007651567234752734,0.03873509948117114,0.9536133332840762,0.9277741483279637,1.0,0,-0.0004207003782804586,-0.0035125840422493004,0.0007957808628484461
6::single::vision::2,6,07,vision,2,3,Positive,0.007681088811065373,0.038774002395666765,0.9535449087932679,0.9272170918328422,1.0,0,-0.00035227588747221983,-0.002955527547127801,0.0006687258682574101
6::single::vision::3,6,07,vision,3,4,Positive,0.007677961253486677,0.03874076347068813,0.9535812752758251,0.9274048379489354,1.0,0,-0.0003886423700294461,-0.00314327366322098,0.0007182001288848864
6::single::vision::4,6,07,vision,4,5,Positive,0.007678923555131352,0.038746892938552734,0.953574183506316,0.9273086275373187,1.0,0,-0.0003815506005202529,-0.0030470632516043095,0.0006986191755275114
6::single::vision::5,6,07,vision,5,6,Positive,0.0076802543180327755,0.038743964902827804,0.9535757807791394,0.9274599977902004,1.0,0,-0.00038314787334370326,-0.003198433504486009,0.0007246461874195198
6::single::vision::6,6,07,vision,6,7,Positive,0.007682209685480671,0.03871794788919102,0.9535998424253284,0.9273225835391453,1.0,0,-0.0004072095195326586,-0.003061019253430941,0.0007137746353381528
6::single::vision::7,6,07,vision,7,8,Positive,0.007640649127874856,0.038535452993089116,0.953823897879036,0.9290548477854047,1.0,0,-0.0006312649732402864,-0.004793283499690326,0.0011145130699018644
6::single::vision::8,6,07,vision,8,9,Positive,0.0076887894390761866,0.03877752605670191,0.9535336845042219,0.9270542178835187,1.0,0,-0.0003410515984262341,-0.00279265359780434,0.0006359680655138404
6::single::vision::9,6,07,vision,9,10,Positive,0.0076811634505256415,0.038827418335451426,0.953491418214023,0.9267868995666504,1.0,0,-0.00029878530822724514,-0.002525335280936014,0.0005702818676029582
6::single::vision::10,6,07,vision,10,11,Positive,0.007687897986334981,0.03887555724861604,0.953436544765049,0.9265550034386771,1.0,0,-0.0002439118592533207,-0.002293439152962762,0.0005041957884537873
6::single::vision::11,6,07,vision,11,12,Positive,0.007689685545461996,0.0388688449566941,0.9534414694978438,0.9266036408288139,1.0,0,-0.00024883659204810726,-0.0023420765430994805,0.0005147643865406337
6::single::vision::12,6,07,vision,12,13,Positive,0.007682914434241002,0.03871114998197266,0.9536059355837864,0.9275337627955845,1.0,0,-0.0004133026779906679,-0.00327219850987015,0.0007520177573070256
6::single::vision::13,6,07,vision,13,14,Positive,0.0076795748449406,0.038792818794747524,0.953527606360312,0.9271240319524493,1.0,0,-0.00033497345451627414,-0.0028624676667349247,0.0006445646717139579
6::single::vision::14,6,07,vision,14,15,Positive,0.007699752091376975,0.03884222423954675,0.9534580236690763,0.9270927480288914,1.0,0,-0.00026539076328058187,-0.002831183743177035,0.0006045593388364634
6::single::vision::15,6,07,vision,15,16,Positive,0.00769533849592902,0.03885387074515667,0.9534507907589143,0.926432022026607,1.0,0,-0.0002581578531185569,-0.0021704577408926395,0.0004908218833747184
6::single::vision::16,6,07,vision,16,17,Positive,0.007721040421509308,0.039030519699638166,0.9532484398788525,0.9257288830620902,1.0,0,-5.5806973056848896e-05,-0.0014673187763758477,0.00027245661592439907
6::single::vision::17,6,07,vision,17,18,Positive,0.007717695524324627,0.03889584400812779,0.9533864604675476,0.9261734230177743,1.0,0,-0.00019382756175190252,-0.0019118587320599012,0.0004155569028859348
6::single::vision::18,6,07,vision,18,19,Positive,0.007708403681379338,0.03882257500609435,0.9534690213125263,0.9260211757251194,1.0,0,-0.00027638840673060994,-0.0017596114394050621,0.000431462776599482
6::single::vision::19,6,07,vision,19,20,Positive,0.007709311975325532,0.03853505099140565,0.9537556370332687,0.9283613732882908,1.0,0,-0.0005630041274730102,-0.004099809002576449,0.0009648035641659133
6::single::vision::20,6,07,vision,20,21,Positive,0.007718923387109783,0.03889019078176248,0.9533908858311277,0.9270568319729396,1.0,0,-0.00019825292533204308,-0.002795267687225267,0.0005650044105368994
6::single::vision::21,6,07,vision,21,22,Positive,0.007740304970308799,0.039227942565730936,0.9530317524639603,0.9246597460338047,1.0,0,0.00016088044183537598,-0.0003981817480903649,0.00014680384559941545
6::single::vision::22,6,07,vision,22,23,Positive,0.007698097966772107,0.03874919574417035,0.9535527062890575,0.9270549586841038,1.0,0,-0.0003600733832618275,-0.002793394398389437,0.0006456024246958199
6::single::vision::23,6,07,vision,23,24,Positive,0.007710737661905505,0.038910986956576715,0.9533782753815178,0.9262042386191232,1.0,0,-0.00018564247572205872,-0.0019426743334087782,0.00041660029342915905
6::single::vision::24,6,07,vision,24,25,Positive,0.0077130474133711826,0.038920882480445756,0.9533660701061831,0.9257921491350446,1.0,0,-0.00017343720038742738,-0.0015305848493302188,0.0003418160750820835
6::single::vision::25,6,07,vision,25,26,Positive,0.007719431788028904,0.038895690002863005,0.9533848782091081,0.9259329863956997,1.0,0,-0.00019224530331241052,-0.0016714221099852766,0.00037469300332041805
6::single::vision::26,6,07,vision,26,27,Positive,0.007698656664142467,0.038817446042051264,0.9534838972938062,0.9263079592159816,1.0,0,-0.0002912643880105259,-0.002046394930267259,0.0004866980157164728
6::single::vision::27,6,07,vision,27,28,Positive,0.007706435256409252,0.03880514739169431,0.9534884173518965,0.9258844767298017,1.0,0,-0.0002957844461007886,-0.0016229124440872988,0.0004183776303982774
6::single::vision::28,6,07,vision,28,29,Positive,0.00774877672910602,0.03875246232394721,0.9534987609469467,0.9261672667094639,1.0,0,-0.00030612804115104364,-0.0019057024237495446,0.00047068109120044593
6::single::vision::29,6,07,vision,29,30,Positive,0.007758399667707826,0.03874246734356503,0.9534991329887271,0.9265261122158596,1.0,0,-0.00030650008293142683,-0.0022645479301451887,0.0005306746964899116
6::single::vision::30,6,07,vision,30,31,Positive,0.0077398042776354375,0.0388106455218581,0.9534495502005065,0.926291286945343,1.0,0,-0.00025691729471077895,-0.002029722659628641,0.0004667457572934963
6::single::vision::31,6,07,vision,31,32,Positive,0.0077199667118915665,0.03884881493297602,0.9534312183551324,0.9263209615434919,1.0,0,-0.00023858544933674786,-0.0020593972577774844,0.0004625256009646213
6::single::vision::32,6,07,vision,32,33,Positive,0.007713626872158801,0.03890511553978783,0.9533812575880534,0.9259117671421596,1.0,0,-0.00018862468225766538,-0.0016502028564452376,0.00036934615053637226
6::single::vision::33,6,07,vision,33,34,Positive,0.007728924914129269,0.03899710075918732,0.9532739743266834,0.9251456090382167,1.0,0,-8.13414208876706e-05,-0.0008840447525023665,0.00018801150252756305
6::single::vision::34,6,07,vision,34,35,Positive,0.007727370385819066,0.039023087502087814,0.9532495421120931,0.9251222355025155,1.0,0,-5.690920629741747e-05,-0.0008606712168011121,0.0001718998059488941
6::single::vision::35,6,07,vision,35,36,Positive,0.007726889171716137,0.038993449357270414,0.9532796614710134,0.9252712811742511,1.0,0,-8.702856521769498e-05,-0.0010097168885366825,0.00021180043069829457
6::single::vision::36,6,07,vision,36,37,Positive,0.007724279125061469,0.038944712175542316,0.9533310086993962,0.9256159663200378,1.0,0,-0.00013837579360054253,-0.0013544020343234653,0.00029492156918751544
6::single::vision::37,6,07,vision,37,38,Positive,0.007703726961775066,0.03890195573780801,0.9533943173004169,0.9260364174842834,1.0,0,-0.00020168439462120435,-0.0017748531985690708,0.0003966510637387806
6::single::vision::38,6,07,vision,38,39,Positive,0.007723779763276482,0.03878773216464662,0.9534884880720769,0.9257637773241315,1.0,0,-0.00029585516628116704,-0.0015022130384171328,0.0003982964228767723
6::single::vision::39,6,07,vision,39,40,Positive,0.00770887962105688,0.03892397624758402,0.9533671441313591,0.925400938306536,1.0,0,-0.00017451122556344512,-0.0011393740208216485,0.000277151282918664
6::single::vision::40,6,07,vision,40,41,Positive,0.007709725888866545,0.038897028172177384,0.9533932459389561,0.9256992254938398,1.0,0,-0.000200613033160435,-0.0014376612081253848,0.00033991671793444833
6::single::vision::41,6,07,vision,41,42,Positive,0.007706945463133942,0.038891446211970514,0.9534016083248955,0.9256618618965149,1.0,0,-0.00020897541909981054,-0.001400297610800516,0.0003378706446833246
6::single::vision::42,6,07,vision,42,43,Positive,0.007709573673527884,0.03885664231573104,0.9534337840107411,0.9259146537099566,1.0,0,-0.00024115110494538072,-0.001653089424242249,0.0003960904565130652
6::single::vision::43,6,07,vision,43,44,Positive,0.0077047293565824845,0.03885105682665476,0.9534442138167627,0.9262190972055707,1.0,0,-0.00025158091096699753,-0.001957532919856342,0.0004520459421262224
6::single::vision::44,6,07,vision,44,45,Positive,0.0076972271607107425,0.03885045595425879,0.9534523168850305,0.925731999533517,1.0,0,-0.0002596839792348149,-0.0014704352478026594,0.0003749145309178507
6::single::vision::45,6,07,vision,45,46,Positive,0.00773432590523179,0.038877558983535204,0.953388115111233,0.9247995274407523,1.0,0,-0.00019548220543730288,-0.0005379631550379571,0.00018740162855831094
6::single::vision::46,6,07,vision,46,47,Positive,0.007696105170952006,0.03880266215949298,0.953501232669555,0.9267159104347229,1.0,0,-0.00030859976375929854,-0.002454346149008524,0.0005633575733810698
6::single::vision::47,6,07,vision,47,48,Positive,0.0077210125111257695,0.038962044880986285,0.953316942607888,0.9252701912607465,1.0,0,-0.00012430970209231784,-0.001008626975032123,0.0002302593468848461
6::single::vision::48,6,07,vision,48,49,Positive,0.007678626904879921,0.03873463727744741,0.9535867358176727,0.9276354994092669,1.0,0,-0.0003941029118770256,-0.0033739351235525517,0.0007593739765306048
6::single::vision::49,6,07,vision,49,50,Positive,0.008573758583561452,0.041731176383591514,0.9496950650328471,0.9050731403487069,1.0,0,0.003497567872948637,0.01918842393700748,0.004946854592642233
7::single::text::0,7,08,text,0,1,Neutral,0.013877478146344244,0.6884831385598233,0.2976393832938324,0.2511653256203447,0.49390418333340586,0,-0.012139262793809058,0.014579613808226699,0.008499567031608979
7::single::text::1,7,08,text,1,2,Neutral,0.01373108657168527,0.6877027412434464,0.29856617218486825,0.2543762874390398,0.4907349332760693,0,-0.011358865477432145,0.01136865198953163,0.007574208070304678
7::single::text::2,7,08,text,2,3,Neutral,0.016345906796594055,0.6920228299716662,0.29163126323173966,0.2245096984718527,0.6200117841605866,0,-0.015678954205651907,0.04123524095671871,0.01471201726227907
7::single::text::3,7,08,text,3,4,Neutral,0.013842506653432432,0.695986838302049,0.2901706550445186,0.22963875503877976,0.5875247296530797,0,-0.019642962536034703,0.03610618438979166,0.01583917866631596
7::single::text::4,7,08,text,4,5,Neutral,0.012439817136380548,0.6771865990001489,0.3103735838634705,0.26640970206686426,0.5013328985217496,0,-0.0008427232341345903,-0.0006647626382928484,0.0005321553901161032
7::single::text::5,7,08,text,5,6,Neutral,0.01236492158796986,0.6768048868440205,0.31083019156800956,0.2687564774283341,0.5044346369919125,0,-0.00046101107800622376,-0.00301153799976267,0.0007324285389635569
7::single::text::6,7,08,text,6,7,Neutral,0.014999106223364566,0.6869240130819255,0.2980768806947099,0.24291351357741015,0.5465240817580499,0,-0.010580137315911231,0.02283142585116127,0.009095306299815828
7::single::text::7,7,08,text,7,8,Neutral,0.014080430117679385,0.6882847422335622,0.2976348276487585,0.2553706624146019,0.527426311311992,0,-0.011940866467547884,0.010374277013969535,0.007699479402768865
7::single::text::8,7,08,text,8,9,Neutral,0.01408861528605542,0.6801091613229878,0.3058022233909568,0.2575731554201671,0.5038472191232648,0,-0.00376528555697353,0.008171784008404293,0.0032446067798874807
7::single::text::9,7,08,text,9,10,Neutral,0.013901688994766005,0.6789857987797018,0.3071125122255322,0.2597569759402956,0.49939058454613644,0,-0.002641923013687486,0.005987963488275794,0.002318955421556375
7::single::text::10,7,08,text,10,11,Neutral,0.01457773630422763,0.6874176148730481,0.2980046488227242,0.23803441332919256,0.5435239156727873,0,-0.011073739107033798,0.02771052609937885,0.01015529057008004
7::single::text::11,7,08,text,11,12,Neutral,0.013870019646619743,0.693375669817479,0.2927543105359013,0.2371047329423683,0.5494888730277541,0,-0.01703179405146471,0.028640206486203107,0.013289264773432872
7::single::text::12,7,08,text,12,13,Neutral,0.014304236915829131,0.6726049719342121,0.31309079114995875,0.2791518329509667,0.4710760423340568,0,0.0037389038318021983,-0.013406893522395269,0.004103934169633644
7::single::audio::0,7,08,audio,0,1,Neutral,0.014907999496529682,0.6714177795572751,0.3136742209461953,0.267952062189579,0.4992229066013876,0,0.0049260962087391835,-0.002207122761007596,0.0028309018978708578
7::single::audio::1,7,08,audio,1,2,Neutral,0.01439977636529078,0.6843455709798347,0.3012546526548745,0.25418808018522604,0.523827011447017,0,-0.008001695213820437,0.011556859243345374,0.005926990814134447
7::single::audio::2,7,08,audio,2,3,Neutral,0.014520223782727732,0.6776761858753759,0.3078035903418964,0.2633529467774289,0.5089242021147051,0,-0.001332310109361634,0.0023919926511425382,0.0010648204965379067
7::single::audio::3,7,08,audio,3,4,Neutral,0.01429475912802559,0.6761786257563399,0.30952661511563445,0.26655904070607256,0.5045040330762818,0,0.00016525000967437808,-0.0008141012775011447,0.00021830855108737982
7::single::audio::4,7,08,audio,4,5,Neutral,0.013998170599081873,0.6758904326375785,0.3101113967633397,0.26674857416323255,0.5027878524454994,0,0.00045344312843575985,-0.0010036347346611407,0.0003939940199947367
7::single::audio::5,7,08,audio,5,6,Neutral,0.01342642069115074,0.6726372636366145,0.31393631567223484,0.2729584083759359,0.48944908002225607,0,0.003706612129399822,-0.007213468947364465,0.0030555508892606553
7::single::audio::6,7,08,audio,6,7,Neutral,0.013316167010101177,0.671413083006104,0.31527074998379484,0.27465383735086235,0.48117407388072314,0,0.004930792759910263,-0.008908897922290937,0.003950212700336954
7::single::audio::7,7,08,audio,7,8,Neutral,0.013826723891056231,0.6727789859875698,0.31339429012137404,0.27074245869049,0.4975171281810799,0,0.003564889778444491,-0.004997519261918604,0.0026153647662086796
7::single::audio::8,7,08,audio,8,9,Neutral,0.014101356264176815,0.6710806402055598,0.31481800353026335,0.27174497209489346,0.4965849557241714,0,0.005263235560454493,-0.006000032666322042,0.003631623224614254
7::single::audio::9,7,08,audio,9,10,Neutral,0.014337902908199437,0.6784562563832122,0.3072058407085884,0.2629245948046446,0.5017524633497474,0,-0.002112380617197873,0.0028203446239268293,0.0015262477459200747
7::single::audio::10,7,08,audio,10,11,Neutral,0.014256311047542969,0.6722051256651216,0.3135385632873355,0.27015001340104,0.4977540126782204,0,0.0041387501008927075,-0.004405073972468587,0.002803554045857785
7::single::audio::11,7,08,audio,11,12,Neutral,0.014158608837412935,0.6683581111228263,0.31748328003976084,0.27723161157752785,0.46215542560395206,0,0.00798576464318801,-0.011486672148956434,0.00590732767975341
7::single::audio::12,7,08,audio,12,13,Neutral,0.01451110539411363,0.6716248049751925,0.31386408963069395,0.2692237155778067,0.5007960486567257,0,0.004719070790821789,-0.0034787761492353075,0.0029393314202834455
7::single::vision::0,7,08,vision,0,1,Neutral,0.014666764434338566,0.6719867646204248,0.31334647094523665,0.2709839018061757,0.5015640973415886,0,0.004357111145589454,-0.005238962377604295,0.0030517159690621096
7::single::vision::1,7,08,vision,1,2,Neutral,0.014222629581413947,0.6705716695668433,0.31520570085174276,0.27582807040640284,0.496504256662718,0,0.0057722061991709595,-0.010083130977831423,0.00456662492922405
7::single::vision::2,7,08,vision,2,3,Neutral,0.01418617463141601,0.6718453094445892,0.3139685159239948,0.27232343636985334,0.50108678079094,0,0.00449856632142509,-0.0065784969412819305,0.0033456993175928667
7::single::vision::3,7,08,vision,3,4,Neutral,0.014280327246030596,0.6721574431918687,0.31356222956210084,0.27145301337753025,0.5013862084904787,0,0.004186432574145638,-0.005708073948958836,0.0030445619452326247
7::single::vision::4,7,08,vision,4,5,Neutral,0.014288271003768317,0.6715108274255535,0.3142009015706782,0.2727239408663341,0.5016142384590306,0,0.004833048340460833,-0.0069790014377627,0.0035796910765241996
7::single::vision::5,7,08,vision,5,6,Neutral,0.014239974762339958,0.6726420682066027,0.31311795703105744,0.27132283417241915,0.5022559516754315,0,0.0037018075594116295,-0.005577894743847733,0.002780552903680437
7::single::vision::6,7,08,vision,6,7,Neutral,0.01423573226682401,0.6722563243104418,0.3135079434227343,0.2717489429217364,0.5017087181821476,0,0.004087551455572491,-0.006004003493164989,0.003044442976647077
7::single::vision::7,7,08,vision,7,8,Neutral,0.014208193986321994,0.6722198909178164,0.31357191509586163,0.2718120500711458,0.5012374470416817,0,0.00412398484819787,-0.006067110642574369,0.0030731775311946636
7::single::vision::8,7,08,vision,8,9,Neutral,0.014179041909663107,0.6727057764559131,0.3131151816344237,0.2714493805542588,0.5024042045938484,0,0.0036380993101011727,-0.0057044411256874095,0.0027697898426651546
7::single::vision::9,7,08,vision,9,10,Neutral,0.01422828845176033,0.672923465586089,0.3128482459621507,0.27107550642852274,0.5025813489344526,0,0.0034204101799253372,-0.005330566999951325,0.0025986329232878893
7::single::vision::10,7,08,vision,10,11,Neutral,0.014332214204603639,0.6724061724910166,0.3132616133043797,0.2710725872644356,0.5017419481050525,0,0.00393770327499765,-0.005327647835864202,0.002856792943476192
7::single::vision::11,7,08,vision,11,12,Neutral,0.014183015768302271,0.6733410968382822,0.3124758873934155,0.26984706627471106,0.5043116864893333,0,0.0030027789277320416,-0.004102126846139642,0.002185077271555961
7::single::vision::12,7,08,vision,12,13,Neutral,0.014772638692308812,0.6714194742563495,0.3138078870513417,0.271343827779804,0.5012695916345233,0,0.0049244015096647775,-0.005598888351232567,0.00339534881337115
8::single::text::0,8,09,text,0,1,Negative,0.9860380598222803,0.008849100055825315,0.00511284012189435,-1.970363940511431,1.0,0,0.00024607256164355107,-0.01895560805999752,0.003282304290821362
8::single::text::1,8,09,text,1,2,Negative,0.9860445180833491,0.008847820016520028,0.005107661900130864,-1.9708562578473772,1.0,0,0.00023961430057473088,-0.018463290724051395,0.003197022270962598
8::single::text::2,8,09,text,2,3,Negative,0.9863258890860593,0.009387450799107348,0.004286660114833369,-1.9901095117841447,1.0,0,-4.1756702135464785e-05,0.0007899632127161826,0.0001525388865204295
8::single::text::3,8,09,text,3,4,Negative,0.9869348826694138,0.009052749063444441,0.004012368267141804,-1.986948345388685,1.0,0,-0.0006507502854898872,-0.002371203182743642,0.0007205756732022173
8::single::text::4,8,09,text,4,5,Negative,0.986915811733685,0.009067114166220606,0.004017074100094238,-1.9862177116530282,1.0,0,-0.0006316793497611606,-0.0031018369184003802,0.000832812494613977
8::single::text::5,8,09,text,5,6,Negative,0.985288980691923,0.009691901267880377,0.005019118040196588,-1.8786547098840987,1.0,0,0.0009951516920008174,-0.1106648386873299,0.01894171562722206
8::single::text::6,8,09,text,6,7,Negative,0.9858366785328406,0.009649493480381174,0.00451382798677825,-1.9733124119894845,1.0,0,0.000447453851083246,-0.01600713658194408,0.0028915830225323034
8::single::text::7,8,09,text,7,8,Negative,0.9857388521810218,0.009678744478925144,0.00458240334005319,-1.9717024735042028,1.0,0,0.0005452802029021209,-0.017617075067225763,0.0032088192793220207
8::single::text::8,8,09,text,8,9,Negative,0.986158724476332,0.009603327540891972,0.004237947982775988,-1.9788343565804618,1.0,0,0.00012540790759185683,-0.010485191990966758,0.0018102359522903881
8::single::text::9,8,09,text,9,10,Negative,0.9860749671976442,0.009689971731553294,0.0042350610708024785,-1.9747444561549596,1.0,0,0.0002091651862796695,-0.014575092416468927,0.0025337646625513224
8::single::text::10,8,09,text,10,11,Negative,0.9869556835060738,0.008957165703865884,0.004087150790060388,-1.9722884552819389,1.0,0,-0.0006715511221498938,-0.017031093289489707,0.0031742911093232315
8::single::text::11,8,09,text,11,12,Negative,0.9869792377599192,0.008976914416513571,0.004043847823567219,-1.9740331513541085,1.0,0,-0.0006951053759953751,-0.015286397217320058,0.0028952855575510306
8::single::text::12,8,09,text,12,13,Negative,0.9861998295146881,0.009735305661048403,0.004064864824263516,-1.9689078075545174,1.0,0,8.430286923577501e-05,-0.020411741016911122,0.0034441082707697412
8::single::text::13,8,09,text,13,14,Negative,0.986176588626503,0.009617599840947453,0.004205811532549473,-1.9830046892166138,1.0,0,0.000107543757420836,-0.006314859354814795,0.0011062484378462172
8::single::text::14,8,09,text,14,15,Negative,0.9861750860862221,0.009627482764974786,0.004197431148803044,-1.9832533087049211,1.0,0,0.00010904629770180918,-0.00606623986650745,0.0010655631266021464
8::single::text::15,8,09,text,15,16,Negative,0.9863841248367634,0.009416927091224088,0.004198948072012404,-1.987123736313411,1.0,0,-9.999245283953684e-05,-0.00219581225801746,0.0004159649360893451
8::single::text::16,8,09,text,16,17,Negative,0.963020949303851,0.015475523569561608,0.02150352712658744,-1.8696730988366264,1.0,0,0.023263183080072913,-0.11964644973480221,0.03157266649583683
8::single::text::17,8,09,text,17,18,Negative,0.9630550997832016,0.015447127295260297,0.021497772921538195,-1.8699911321912492,1.0,0,0.023229032600722288,-0.11932841638017933,0.0315025856970577
8::single::text::18,8,09,text,18,19,Negative,0.9846012420706715,0.010993133896297492,0.004405624033030971,-1.9685816849981035,1.0,0,0.0016828903132524164,-0.020737863573325077,0.004297755752180388
8::single::text::19,8,09,text,19,20,Negative,0.9861733039852975,0.009575780683945009,0.004250915330757594,-1.990682099546705,1.0,0,0.00011082839862641691,0.0013625509752763776,0.0002825060285259381
8::single::audio::0,8,09,audio,0,1,Negative,0.9864745690192382,0.009402662642155286,0.004122768338606549,-1.9915809546198164,1.0,0,-0.00019043663531437272,0.0022614060483878706,0.00047211932572183146
8::single::audio::1,8,09,audio,1,2,Negative,0.986517562859328,0.009390847555783259,0.004091589584888721,-1.992195188999176,1.0,0,-0.00023343047540413941,0.002875640427747461,0.0005959886423266465
8::single::audio::2,8,09,audio,2,3,Negative,0.9864252724896375,0.009422550386768385,0.004152177123594074,-1.9903230922562736,1.0,0,-0.0001411401057136441,0.0010035436848450097,0.00023782733366432365
8::single::audio::3,8,09,audio,3,4,Negative,0.9864249965091684,0.009422627163390897,0.004152376327440623,-1.9903230922562736,1.0,0,-0.00014086412524449976,0.0010035436848450097,0.00023768934342975148
8::single::audio::4,8,09,audio,4,5,Negative,0.9864017999422325,0.009437066629637388,0.004161133428130077,-1.9896421006747655,1.0,0,-0.00011766755830866504,0.0003225521033369816,0.00011259246304382944
8::single::audio::5,8,09,audio,5,6,Negative,0.9863430649944487,0.009444378079386063,0.0042125569261652765,-1.98892285994121,1.0,0,-5.8932610524808915e-05,-0.0003966886302184669,9.558107696548228e-05
8::single::audio::6,8,09,audio,6,7,Negative,0.9865421544513154,0.00937158144648682,0.004086264102197648,-1.9914876988955907,1.0,0,-0.0002580220673915612,0.002168150324162177,0.0004903694210561433
8::single::audio::7,8,09,audio,7,8,Negative,0.986173576975025,0.00955054395987041,0.0042758790651046255,-1.984993074621473,1.0,0,0.0001105554088989269,-0.004326473949955556,0.0007763566961087228
8::single::audio::8,8,09,audio,8,9,Negative,0.9862990815414788,0.009492858073508666,0.00420806038501253,-1.988366152559008,1.0,0,-1.4949157554955406e-05,-0.0009533960124206153,0.0001663739141809136
8::single::audio::9,8,09,audio,9,10,Negative,0.9862639067453401,0.009503879282770761,0.004232213971889103,-1.9879259637423925,1.0,0,2.022563858372628e-05,-0.0013935848290360653,0.0002423769574645407
8::single::audio::10,8,09,audio,10,11,Negative,0.9862353754560033,0.009513658101098638,0.0042509664428981315,-1.9884710567338126,1.0,0,4.875692792061237e-05,-0.0008484918376159278,0.0001657937702296275
8::single::audio::11,8,09,audio,11,12,Negative,0.9864480310473863,0.009433471459824169,0.004118497492789497,-1.9919713480131966,1.0,0,-0.0001638986634624473,0.002651799441768077,0.0005239159053592364
8::single::audio::12,8,09,audio,12,13,Negative,0.9863634260022832,0.009469368866183167,0.00416720513153358,-1.9903121931212289,1.0,0,-7.929361835934401e-05,0.0009926445498003034,0.00020508756747972257
8::single::audio::13,8,09,audio,13,14,Negative,0.9863714715150848,0.009461222478610535,0.004167306006304768,-1.9901071531432015,1.0,0,-8.733913116087955e-05,0.0007876045717729596,0.00017493699420926637
8::single::audio::14,8,09,audio,14,15,Negative,0.9863121551323887,0.009474914804286335,0.004212930063324991,-1.9880854998316084,1.0,0,-2.802274846480657e-05,-0.0012340487398201372,0.00021968616420242615
8::single::audio::15,8,09,audio,15,16,Negative,0.9863419475944709,0.009458860021016873,0.004199192384512187,-1.9893925445420402,1.0,0,-5.781521054704086e-05,7.299597061161123e-05,4.1073600375455634e-05
8::single::audio::16,8,09,audio,16,17,Negative,0.9862723881033161,0.009497476187374199,0.0042301357093097675,-1.9900270445006234,1.0,0,1.1744280607794977e-05,0.0007074959291948346,0.0001237881285030366
8::single::audio::17,8,09,audio,17,18,Negative,0.9863093391118652,0.009483538009794923,0.004207122878339837,-1.9896662831306458,1.0,0,-2.5206727941373686e-05,0.00034673455921718777,7.039245717355147e-05
8::single::audio::18,8,09,audio,18,19,Negative,0.9863240286516493,0.009493089838937825,0.004182881509412882,-1.989002525806427,1.0,0,-3.989626772538113e-05,-0.00031702276500156223,7.278526136295094e-05
8::single::audio::19,8,09,audio,19,20,Negative,0.9864139370923439,0.009433306914141801,0.004152755993514383,-1.9906274165425981,1.0,0,-0.00012980470842005598,0.0013078679711695518,0.0002828803494049533
8::single::vision::0,8,09,vision,0,1,Negative,0.98629988883777,0.009487566831828487,0.004212544330401553,-1.9896042432103838,1.0,0,-1.5756453846105245e-05,0.0002846946389551963,5.532733341558534e-05
8::single::vision::1,8,09,vision,1,2,Negative,0.9862423166087831,0.009515142602380393,0.004242540788836393,-1.9883892451013838,1.0,0,4.181577514072998e-05,-0.0009303034700447466,0.00017595846591115608
8::single::vision::2,8,09,vision,2,3,Negative,0.9862266763130619,0.009518379056351544,0.004254944630586538,-1.9880942021097456,1.0,0,5.745607086193871e-05,-0.0012253464616829302,0.0002329524457114577
8::single::vision::3,8,09,vision,3,4,Negative,0.9862303333971885,0.009517391331197392,0.004252275271614051,-1.9881139738219125,1.0,0,5.379898673540939e-05,-0.0012055747495161029,0.00022782861828705517
8::single::vision::4,8,09,vision,4,5,Negative,0.9862266333516422,0.009519559445286253,0.004253807203071577,-1.9881007415907723,1.0,0,5.749903228169373e-05,-0.0012188069806562396,0.0002318840129168868
8::single::vision::5,8,09,vision,5,6,Negative,0.986242509586977,0.009507786513508453,0.004249703899514525,-1.9885206818580627,1.0,0,4.1622796946860774e-05,-0.00079886671336582,0.00015395585070106707
8::single::vision::6,8,09,vision,6,7,Negative,0.9862537256450649,0.009505298869131457,0.004240975485803747,-1.9886462092399597,1.0,0,3.040673885901235e-05,-0.0006733393314688474,0.00012742659134098072
8::single::vision::7,8,09,vision,7,8,Negative,0.986251781028879,0.009505537264568494,0.004242681706552495,-1.988177580492837,1.0,0,3.235135504486841e-05,-0.001141968078591571,0.00020650369062102936
8::single::vision::8,8,09,vision,8,9,Negative,0.9862583590497683,0.009500264476370889,0.004241376473860836,-1.9886116896356856,1.0,0,2.577333415554328e-05,-0.0007078589357429887,0.00013086315636826978
8::single::vision::9,8,09,vision,9,10,Negative,0.9862618083986642,0.009495252047098855,0.004242939554237012,-1.9891551647867476,1.0,0,2.232398525969792e-05,-0.00016438378468097703,3.8559290076678465e-05
8::single::vision::10,8,09,vision,10,11,Negative,0.9862746897353095,0.009492810155619829,0.004232500109070678,-1.9893705589430672,1.0,0,9.442648614355065e-06,5.101037163868227e-05,1.3223052913624578e-05
8::single::vision::11,8,09,vision,11,12,Negative,0.9862568766235885,0.009493725213664267,0.004249398162747227,-1.9891329067093986,1.0,0,2.725576033535404e-05,-0.00018664186202999034,4.473485717267541e-05
8::single::vision::12,8,09,vision,12,13,Negative,0.9862618800326747,0.009495617494349304,0.004242502472976,-1.9891113809176855,1.0,0,2.2252351249196778e-05,-0.00020816765374309654,4.582078458178115e-05
8::single::vision::13,8,09,vision,13,14,Negative,0.986256532921187,0.009497634324779885,0.004245832754033087,-1.9891124027115958,1.0,0,2.759946273689362e-05,-0.0002071458598327247,4.832404134056759e-05
8::single::vision::14,8,09,vision,14,15,Negative,0.9862719708051938,0.009493176802610023,0.00423485239219621,-1.9893605283328466,1.0,0,1.2161578730074396e-05,4.0979761418036276e-05,1.2910749601376576e-05
8::single::vision::15,8,09,vision,15,16,Negative,0.9862591336613878,0.009495305591630036,0.0042455607469822,-1.989086159637996,1.0,0,2.4998722536029305e-05,-0.000233388933432499,5.139751684009782e-05
8::single::vision::16,8,09,vision,16,17,Negative,0.9861964195331121,0.00951763800902187,0.0042859424578660845,-1.987446163381849,1.0,0,8.771285081177194e-05,-0.0018733851895795794,0.0003560872903358159
8::single::vision::17,8,09,vision,17,18,Negative,0.9862670559294556,0.009508176956530619,0.004224767114013784,-1.9889501248087202,1.0,0,1.7076454468245572e-05,-0.0003694237627083208,7.010885435217624e-05
8::single::vision::18,8,09,vision,18,19,Negative,0.9862972779396385,0.009501335211769497,0.004201386848591998,-1.9898212211472648,1.0,0,-1.3145555714633161e-05,0.0005016725758362206,9.018487383002001e-05
8::single::vision::19,8,09,vision,19,20,Negative,0.9862763279444716,0.009492480624901047,0.0042311914306273355,-1.9893330420766557,1.0,0,7.80443945225251e-06,1.3493505227168967e-05,6.151137263987749e-06
9::single::text::0,9,10,text,0,1,Negative,0.9423140331803148,0.017675575258149608,0.04001039156153562,-1.2100961293492998,1.0,0,0.02494514777101453,-0.33720354779355755,0.06867316518443353
9::single::text::1,9,10,text,1,2,Negative,0.9423616401879749,0.017659824370321122,0.039978535441704086,-1.211183556488582,1.0,0,0.024897540763354487,-0.3361161206542753,0.06846812382405645
9::single::text::2,9,10,text,2,3,Negative,0.9643963108003268,0.01629122572980534,0.01931246346986777,-1.4651877113751002,1.0,0,0.0028628701510025056,-0.08211196576775714,0.015116762703460776
9::single::text::3,9,10,text,3,4,Negative,0.9631618534018448,0.0170502947172861,0.019787851880869144,-1.471393849168505,1.0,0,0.004097327549484553,-0.0759058279743523,0.014699635103800993
9::single::text::4,9,10,text,4,5,Negative,0.963470802919892,0.01752850503641632,0.019000692043691744,-1.51378299508776,1.0,0,0.0037883780314373894,-0.03351668205509739,0.0074803026915682596
9::single::text::5,9,10,text,5,6,Negative,0.9634612842320294,0.01752903378020806,0.019009681987762598,-1.5137372527803694,1.0,0,0.0037978967192999757,-0.03356242436248791,0.007492685753397972
9::single::text::6,9,10,text,6,7,Negative,0.9659832959217612,0.017083856423693356,0.01693284765454545,-1.5452102252415247,1.0,0,0.0012758850295681023,-0.002089451901332584,0.0009861844983394819
9::single::text::7,9,10,text,7,8,Negative,0.9712385751667441,0.015884644590542087,0.012876780242713852,-1.595987183707101,1.0,0,-0.003979394215414711,0.04868750656424359,0.010104281535081286
9::single::text::8,9,10,text,8,9,Negative,0.9710997140910295,0.01573880763847192,0.013161478270498633,-1.6406815562929427,1.0,0,-0.0038405331397001197,0.09338187915008533,0.01748391309486428
9::single::text::9,9,10,text,9,10,Negative,0.974081813145017,0.015571740673541324,0.010346446181441806,-1.6273334962981088,1.0,0,-0.006822632193687617,0.08003381915525143,0.01675028595605238
9::single::text::10,9,10,text,10,11,Negative,0.9740699203527432,0.015575646548848309,0.0103544330984084,-1.6269316588129317,1.0,0,-0.006810739401413857,0.07963198167007435,0.016677366645719317
9::single::text::11,9,10,text,11,12,Negative,0.9668699506679974,0.016878018336318523,0.01625203099568416,-1.5464728134019035,1.0,0,0.00038923028333193166,-0.0008268637409538648,0.0003324257651582766
9::single::text::12,9,10,text,12,13,Negative,0.9639891101976863,0.01715987861524027,0.018851011187073496,-1.4801039951188224,1.0,0,0.0032700707536430507,-0.06719568202403492,0.01283431571416068
9::single::text::13,9,10,text,13,14,Negative,0.9628915150022126,0.01760924144393985,0.019499243553847474,-1.468890632901873,1.0,0,0.00436766594911675,-0.07840904424098438,0.015252007014722438
9::single::text::14,9,10,text,14,15,Negative,0.9628721652625766,0.017612134085497645,0.01951570065192578,-1.468275019100734,1.0,0,0.004387015688752771,-0.07902465804212322,0.015364284184730256
9::single::text::15,9,10,text,15,16,Negative,0.967571986747521,0.016730507121196447,0.015697506131282565,-1.5473534975733076,1.0,0,-0.00031280579619163973,5.382043045032425e-05,0.00016537296983754057
9::single::text::16,9,10,text,16,17,Negative,0.9575749325674824,0.018283798417716577,0.024141269014801094,-1.3962905406951904,1.0,0,0.00968424838384696,-0.1510091364476669,0.03001031359986796
9::single::text::17,9,10,text,17,18,Negative,0.9687552848231719,0.016037020812599636,0.015207694364228568,-1.5775699530329024,1.0,0,-0.0014961038718425135,0.03027027589004505,0.005793097917595432
9::single::text::18,9,10,text,18,19,Negative,0.9714785840380469,0.015853051734539225,0.012668364227413912,-1.700196521622794,1.0,0,-0.0042194030867175325,0.1528968444799368,0.027592508956681566
9::single::text::19,9,10,text,19,20,Negative,0.9715114641993611,0.01584386949044635,0.012644666310192596,-1.700993571962629,1.0,0,-0.00425228324803173,0.1536938948197717,0.02774179076064448
9::single::text::20,9,10,text,20,21,Negative,0.9726127781168104,0.015613487445484788,0.011773734437704896,-1.667633329119001,1.0,0,-0.0053535971654810055,0.12033365197614376,0.02273240724543113
9::single::text::21,9,10,text,21,22,Negative,0.9809826444632853,0.012008850769551488,0.007008504767163243,-1.685509545462472,1.0,0,-0.013723463511955969,0.13820986831961468,0.029896709809247097
9::single::text::22,9,10,text,22,23,Negative,0.9774369036190074,0.013390034909055047,0.009173061471937645,-1.6560675076075964,1.0,0,-0.010177722667678024,0.10876783046473903,0.023216833077962185
9::single::text::23,9,10,text,23,24,Negative,0.9774220847462608,0.013352944349435745,0.009224970904303503,-1.6554574966430664,1.0,0,-0.010162903794931455,0.10815781950020908,0.023107755147500575
9::single::text::24,9,10,text,24,25,Negative,0.9670240655892406,0.01737578174777778,0.015600152662981672,-1.6091234002794539,1.0,0,0.00023511536208875583,0.061823723136596564,0.010421511537143805
9::single::text::25,9,10,text,25,26,Negative,0.9428463126761109,0.02513407024218988,0.03201961708169935,-1.2919797386441911,1.0,0,0.02441286827521849,-0.2553199384986662,0.054759757220720275
9::single::text::26,9,10,text,26,27,Negative,0.9524024936250141,0.0220776351265081,0.025519871248477825,-1.412114952291761,1.0,0,0.014856687326315288,-0.13518472485109623,0.02995913113834035
9::single::text::27,9,10,text,27,28,Negative,0.9677046847331828,0.016821697740895505,0.015473617525921732,-1.5245541504451208,1.0,0,-0.0004455037818534846,-0.02274552669773655,0.0040136730072161675
9::single::text::28,9,10,text,28,29,Negative,0.9676285170224331,0.01683470437405194,0.015536778603514916,-1.5217365367071969,1.0,0,-0.0003693360711037874,-0.025563140435660436,0.0044451914414953
9::single::text::29,9,10,text,29,30,Negative,0.9565917292569063,0.01828486611397626,0.025123404629117496,-1.3426459091050285,1.0,0,0.010667451694423069,-0.20465376803782886,0.03944268718684968
9::single::text::30,9,10,text,30,31,Negative,0.9643427702663203,0.017411506785925793,0.01824572294775394,-1.5247514758791243,1.0,0,0.00291641068500903,-0.022548201263733025,0.00521623888646002
9::single::text::31,9,10,text,31,32,Positive,0.1598101173418911,0.031084800677063647,0.8091050819810452,0.8477960654667446,1.0,0,0.8074490636094382,-2.395095742609602,0.8029071555729861
9::single::audio::0,9,10,audio,0,1,Negative,0.967185543063752,0.016267616276241126,0.016546840660006695,-1.5448938352721078,1.0,0,7.363788757730472e-05,-0.0024058418707495477,0.000437792588913577
9::single::audio::1,9,10,audio,1,2,Negative,0.9671276848412957,0.016312091657161038,0.016560223501543094,-1.5447984167507716,1.0,0,0.00013149611003360206,-0.002501260392085758,0.000482624787031094
9::single::audio::2,9,10,audio,2,3,Negative,0.967227969336069,0.016309136383070938,0.01646289428085999,-1.5469347323690141,1.0,0,3.1211615260318126e-05,-0.0003649447738431899,7.642993660402406e-05
9::single::audio::3,9,10,audio,3,4,Negative,0.9672256817206177,0.016314949991007473,0.016459368288374836,-1.5463393330574036,1.0,0,3.3499230711608874e-05,-0.000960344085453757,0.0001768069629314306
9::single::audio::4,9,10,audio,4,5,Negative,0.9672744332266207,0.016317718965249074,0.016407847808130364,-1.546923475606101,1.0,0,-1.5252275291310902e-05,-0.0003762015367563265,7.032639377170986e-05
9::single::audio::5,9,10,audio,5,6,Negative,0.9672981572367424,0.01630637868449525,0.016395464078762346,-1.5483062182153975,1.0,0,-3.8976285413050427e-05,0.001006541072540168,0.00018724498812988655
9::single::audio::6,9,10,audio,6,7,Negative,0.9673765486397028,0.016261169997373582,0.016362281362923576,-1.5486521465437753,1.0,0,-0.00011736768837344869,0.0013524694009179328,0.0002840954110063798
9::single::audio::7,9,10,audio,7,8,Negative,0.9672564263179168,0.016289346948061594,0.016454226734021696,-1.5466344101088387,1.0,0,2.7546334125938543e-06,-0.0006652670340185907,0.00011225515570939537
9::single::audio::8,9,10,audio,8,9,Negative,0.9671545646174597,0.016317317802696695,0.01652811757984356,-1.544603509562356,1.0,0,0.00010461633386960045,-0.0026961675805012852,0.0005016694303516811
9::single::audio::9,9,10,audio,9,10,Negative,0.9674834536013389,0.016228115344379485,0.016288431054281648,-1.552805517401014,1.0,0,-0.00022427265000957153,0.005505840258156702,0.0010297763680309027
9::single::audio::10,9,10,audio,10,11,Negative,0.967495334690946,0.016258427179614714,0.01624623812943932,-1.554684851850782,1.0,0,-0.0002361537396166069,0.007385174707924769,0.0013489393211290983
9::single::audio::11,9,10,audio,11,12,Negative,0.9672698681414122,0.016314871832785835,0.016415260025801907,-1.548616281577519,1.0,0,-1.0687190082903086e-05,0.00131660443466175,0.00022477766748507655
9::single::audio::12,9,10,audio,12,13,Negative,0.9680627695473024,0.01609178052668923,0.015845449926008327,-1.5576445290020533,1.0,0,-0.0008035885959730704,0.01034485185919598,0.0021259362745191983
9::single::audio::13,9,10,audio,13,14,Negative,0.9670364511092395,0.016349531596402418,0.016614017294358113,-1.5418225611959184,1.0,0,0.00022272984208981939,-0.005477115946938893,0.0010242175788680585
9::single::audio::14,9,10,audio,14,15,Negative,0.9672983845026988,0.016410325631028833,0.016291289866272353,-1.5499851618494307,1.0,0,-3.920355136943776e-05,0.002685484706573371,0.0004671825601136141
9::single::audio::15,9,10,audio,15,16,Negative,0.9670065165446995,0.016383915572444632,0.016609567882855884,-1.543079435825348,1.0,0,0.00025266440662985445,-0.004220241317509421,0.0008297057562331641
9::single::audio::16,9,10,audio,16,17,Negative,0.967028039257491,0.0163939180358681,0.016578042706640886,-1.543695100716182,1.0,0,0.0002311416938383104,-0.003604576426675221,0.0007163335846983587
9::single::audio::17,9,10,audio,17,18,Negative,0.9672417744173529,0.016356970048255,0.016401255534392103,-1.545939862728119,1.0,0,1.7406533976416227e-05,-0.001359814414738425,0.00023533900277794562
9::single::audio::18,9,10,audio,18,19,Negative,0.9670951722234252,0.016333742901953194,0.016571084874621538,-1.5423446978841509,1.0,0,0.00016400872790411913,-0.004954979258706471,0.0009078342404031381
9::single::audio::19,9,10,audio,19,20,Negative,0.9671171762905609,0.0163331793322711,0.01654964437716798,-1.5431157095091683,1.0,0,0.00014200466076841334,-0.004183967633689001,0.0007683302693323735
9::single::audio::20,9,10,audio,20,21,Negative,0.967196534309074,0.016322780106416187,0.016480685584509765,-1.5437681249209814,1.0,0,6.264664225530403e-05,-0.0035315522218759554,0.000619915358106978
9::single::audio::21,9,10,audio,21,22,Negative,0.9671334276390359,0.016335911781170893,0.016530660579793285,-1.543355439390455,1.0,0,0.00012575331229347508,-0.00394423775240238,0.0007202496148804675
9::single::audio::22,9,10,audio,22,23,Negative,0.9675066567127942,0.016217739425419545,0.016275603861786326,-1.5486707091331482,1.0,0,-0.00024747576146488814,0.0013710319902908719,0.0003522432124475894
9::single::audio::23,9,10,audio,23,24,Negative,0.9674306211503765,0.016248355687164984,0.016321023162458623,-1.5499819431986128,1.0,0,-0.0001714401990471348,0.0026822660557555,0.0005327644421494842
9::single::audio::24,9,10,audio,24,25,Negative,0.967469845489533,0.016231037414981882,0.01629911709548518,-1.5502397418022156,1.0,0,-0.00021066453820361986,0.0029400646593582547,0.0005953430456615191
9::single::audio::25,9,10,audio,25,26,Negative,0.9674259382500481,0.016230079950467442,0.01634398179948455,-1.549337957586561,1.0,0,-0.0001667572987187338,0.0020382804437035773,0.00042309205664329647
9::single::audio::26,9,10,audio,26,27,Negative,0.9672738524405504,0.016292464793109467,0.01643368276634022,-1.5470605322292872,1.0,0,-1.4671489221074197e-05,-0.0002391449135701329,4.7193230205559246e-05
9::single::audio::27,9,10,audio,27,28,Negative,0.9674034030083722,0.016276990067957353,0.016319606923670515,-1.5494458930833,1.0,0,-0.0001442220570428976,0.0021462159404426195,0.0004298136852618854
9::single::audio::28,9,10,audio,28,29,Negative,0.9674602140968679,0.01625800791164697,0.01628177799148521,-1.550146656376975,1.0,0,-0.0002010331455385428,0.002846979234117697,0.0005750131117888875
9::single::audio::29,9,10,audio,29,30,Negative,0.967257192513239,0.01626866760308747,0.016474139883673578,-1.5458428263664246,1.0,0,1.9884380902945864e-06,-0.001456850776432761,0.0002438026817839408
9::single::audio::30,9,10,audio,30,31,Negative,0.9675998811192407,0.01630866267920375,0.016091456201555585,-1.5568276728902544,1.0,0,-0.00034070016791132307,0.009527995747397044,0.0017583493751885022
9::single::audio::31,9,10,audio,31,32,Negative,0.9672005599498796,0.016276478074450394,0.016522961975669964,-1.545092795576368,1.0,0,5.8621001449710164e-05,-0.002206881566489294,0.0003971240951397374
9::single::vision::0,9,10,vision,0,1,Negative,0.9676612237884211,0.016215652436139927,0.016123123775438973,-1.5516052842140198,1.0,0,-0.00040204283709177613,0.004305607071162454,0.0009186225970729637
9::single::vision::1,9,10,vision,1,2,Negative,0.9667776854622411,0.01640304616899581,0.01681926836876313,-1.5388696960040502,1.0,0,0.00048149548908826834,-0.008429981138807108,0.0016457446010119854
9::single::vision::2,9,10,vision,2,3,Negative,0.9667860981612953,0.01639681916730793,0.016817082671396696,-1.5385918191501073,1.0,0,0.0004730827900339962,-0.008707857992749979,0.0016878510604753278
9::single::vision::3,9,10,vision,3,4,Negative,0.9667735801440139,0.016399155677370547,0.01682726417861559,-1.5382641298430306,1.0,0,0.00048560080731541166,-0.009035547299826696,0.0017487249536288219
9::single::vision::4,9,10,vision,4,5,Negative,0.9669873806469806,0.01638470614000681,0.016627913213012394,-1.5431989516530717,1.0,0,0.0002718003043487016,-0.004100725489785573,0.0008193544004719463
9::single::vision::5,9,10,vision,5,6,Negative,0.9673477563229115,0.016313263649857468,0.016338980027230925,-1.5487648674419947,1.0,0,-8.857537158213358e-05,0.0014651902991373866,0.00028848606898063123
9::single::vision::6,9,10,vision,6,7,Negative,0.9673288253395014,0.01630398752174728,0.016367187138751297,-1.5481511439595903,1.0,0,-6.964438817202989e-05,0.000851466816732982,0.0001767333302081786
9::single::vision::7,9,10,vision,7,8,Negative,0.9672327588233444,0.016312842251025323,0.016454398925630317,-1.5471934505871363,1.0,0,2.642212798498189e-05,-0.0001062265557210118,3.091548994599291e-05
9::single::vision::8,9,10,vision,8,9,Negative,0.9671330050022422,0.016330458330537787,0.01653653666722002,-1.5454555324145727,1.0,0,0.00012617594908714835,-0.0018441447282846468,0.000370445429257682
9::single::vision::9,9,10,vision,9,10,Negative,0.9671895316326913,0.01632343562315,0.01648703274415873,-1.546695155756814,1.0,0,6.964931863806534e-05,-0.0006045213860432774,0.0001355782236595789
9::single::vision::10,9,10,vision,10,11,Negative,0.9672393059293232,0.016319249796559927,0.016441444274116878,-1.5472723501069205,1.0,0,1.987502200617719e-05,-2.732703593677499e-05,1.4492016992551093e-05
9::single::vision::11,9,10,vision,11,12,Negative,0.9673128544798135,0.016304461984507558,0.01638268353567892,-1.5482458642550878,1.0,0,-5.367352848417717e-05,0.0009461871122304899,0.00018453461628050358
9::single::vision::12,9,10,vision,12,13,Negative,0.967291613981374,0.016304903460153213,0.016403482558472775,-1.5477437376976013,1.0,0,-3.243303004463183e-05,0.00044406055474399686,9.022660747964872e-05
9::single::vision::13,9,10,vision,13,14,Negative,0.9672236913140121,0.01631484121197981,0.01646146747400819,-1.54681373494012,1.0,0,3.5489637317254186e-05,-0.0004859422027372329,9.873518578149924e-05
9::single::vision::14,9,10,vision,14,15,Negative,0.9673607274104172,0.016295584290781765,0.01634368829880099,-1.5484072055135454,1.0,0,-0.00010154645908788673,0.00110752837068806,0.00023536129132528671
9::single::vision::15,9,10,vision,15,16,Negative,0.9674118073356663,0.016289726849409377,0.016298465814924362,-1.549413536276136,1.0,0,-0.0001526263843369957,0.0021138591332787726,0.00042862304771495996
9::single::vision::16,9,10,vision,16,17,Negative,0.9673698300739384,0.01629655423825377,0.01633361568780792,-1.5487225822040014,1.0,0,-0.00011064912260905224,0.0014229050611440641,0.00029247540482853684
9::single::vision::17,9,10,vision,17,18,Negative,0.9673123550675398,0.01630332164238121,0.0163843232900791,-1.548140823841095,1.0,0,-5.317411621041934e-05,0.0008411466982376492,0.00016677817447815121
9::single::vision::18,9,10,vision,18,19,Negative,0.967257252986503,0.016311156035074235,0.01643159097842277,-1.547546855040959,1.0,0,1.9279648263426097e-06,0.00024717789810169144,4.216029876345321e-05
9::single::vision::19,9,10,vision,19,20,Negative,0.9672910819579094,0.016303578290615017,0.016405339751475678,-1.5480995263372148,1.0,0,-3.1901006580015157e-05,0.0007998491943574937,0.00014925870234958985
9::single::vision::20,9,10,vision,20,21,Negative,0.9673110114968422,0.0163010669458434,0.01638792155731438,-1.5483258877481734,1.0,0,-5.183054551283206e-05,0.001026210605316047,0.00019695037364242385
9::single::vision::21,9,10,vision,21,22,Negative,0.9672967360878403,0.01630212722171061,0.016401136690449136,-1.5482025231633867,1.0,0,-3.7555136510936116e-05,0.0009028460205293687,0.00016925190501036283
9::single::vision::22,9,10,vision,22,23,Negative,0.967205661058235,0.016320297256021653,0.016474041685743276,-1.5471390741212028,1.0,0,5.351989309432259e-05,-0.00016060302165454843,5.352711682291937e-05
9::single::vision::23,9,10,vision,23,24,Negative,0.96742103500072,0.016270927044835466,0.01630803795444452,-1.5501856378146581,1.0,0,-0.00016185404939061954,0.0028859606718008024,0.0005619204699954434
9::single::vision::24,9,10,vision,24,25,Negative,0.9674208006687323,0.016272888146305488,0.016306311184962334,-1.550507026059287,1.0,0,-0.00016161971740291659,0.0032073489164297087,0.0006153680114397431
9::single::vision::25,9,10,vision,25,26,Negative,0.9674413469938736,0.016275567219486798,0.016283085786639673,-1.5508442691394262,1.0,0,-0.00018216604254428503,0.003544591996568869,0.0006818483540336207
9::single::vision::26,9,10,vision,26,27,Negative,0.9672786434826723,0.01630700108310899,0.016414355434218618,-1.5478864312171936,1.0,0,-1.946253134299525e-05,0.000586754074336282,0.0001075236113942113
9::single::vision::27,9,10,vision,27,28,Negative,0.9673032999233031,0.01629991477834304,0.01639678529835382,-1.548197090625763,1.0,0,-4.4118971973761134e-05,0.000897413482905618,0.00017162839980448355
9::single::vision::28,9,10,vision,28,29,Negative,0.9673294982882916,0.016294778736409252,0.01637572297529901,-1.5483381492750985,1.0,0,-7.031733696227782e-05,0.001038472132241175,0.0002082373571880014
9::single::vision::29,9,10,vision,29,30,Negative,0.9674141804364926,0.01627994947998444,0.016305870083522873,-1.5497822335788183,1.0,0,-0.00015499948516328743,0.0024825564359609587,0.0004912591485751368
9::single::vision::30,9,10,vision,30,31,Negative,0.9675003454071746,0.01626715317277759,0.016232501420047833,-1.5506602099963598,1.0,0,-0.00024116445584521085,0.0033605328535024626,0.0006806710368396826
9::single::vision::31,9,10,vision,31,32,Negative,0.9676650111062386,0.01620921327438576,0.016125775619375685,-1.5514257039342607,1.0,0,-0.000405830154909248,0.004126026791403392,0.0008905862093551894
10::single::text::0,10,11,text,0,1,Negative,0.9798115794008809,0.014058857369271736,0.006129563229847418,-1.7005533831460136,1.0,0,-0.0004366024060864504,0.0030866888602991693,0.0007327493464264201
10::single::text::1,10,11,text,1,2,Negative,0.9778415796135916,0.016148438939672546,0.00600998144673578,-1.6840145417622157,1.0,0,0.001533397381202839,-0.01345215252349874,0.003008724111184543
10::single::text::2,10,11,text,2,3,Negative,0.9799258557070383,0.014460230439668622,0.00561391385329309,-1.6120219145502364,1.0,0,-0.0005508787122437964,-0.08544477973547804,0.014516235978701572
10::single::text::3,10,11,text,3,4,Negative,0.9746654394252502,0.01848690506363463,0.006847655511115196,-1.5249327250889368,1.0,0,0.0047095375695442865,-0.17253396919677755,0.0311104303175684
10::single::text::4,10,11,text,4,5,Neutral,0.2559772253877441,0.5345827158003316,0.20944005881192426,-0.027691233362669924,0.37654244357242234,0,0.7233977516070504,-1.6697754609230444,0.639994785957366
10::single::text::5,10,11,text,5,6,Negative,0.978767101959245,0.015134235653280332,0.00609866238747478,-1.685205944946834,1.0,0,0.0006078750355494877,-0.012260749338880439,0.002347395740921484
10::single::text::6,10,11,text,6,7,Negative,0.9776199838789815,0.015857216443355332,0.006522799677663065,-1.645309226853507,1.0,0,0.0017549931158129528,-0.052157467432207394,0.009570407796607708
10::single::text::7,10,11,text,7,8,Negative,0.9779524064627786,0.015616790036778483,0.006430803500442955,-1.6313601221357072,1.0,0,0.0014225705320158877,-0.06610657215000715,0.011729047291009135
10::single::text::8,10,11,text,8,9,Negative,0.9767308001827568,0.016562729373991628,0.006706470443251556,-1.5095476933888026,1.0,0,0.0026441768120376574,-0.18791900089691183,0.032641921888837466
10::single::text::9,10,11,text,9,10,Negative,0.9790648574608224,0.014800068046810659,0.0061350744923668425,-1.6926008462905884,1.0,0,0.00031011953397208636,-0.004865847995126016,0.0009660344328403792
10::single::text::10,10,11,text,10,11,Negative,0.9807715895845209,0.013279709346440686,0.005948701069038389,-1.705321158681597,1.0,0,-0.0013966125897264536,0.007854464395882665,0.0020073836941770047
10::single::text::11,10,11,text,11,12,Negative,0.979137933213683,0.014773661291252327,0.006088405495064689,-1.7439482808113098,1.0,0,0.00023704378111144564,0.04648158652559542,0.007865452978154958
10::single::text::12,10,11,text,12,13,Negative,0.9784565301574796,0.015211180899164147,0.006332288943356231,-1.7270456893103463,1.0,0,0.0009184468373149013,0.029578995024631904,0.005389055922762768
10::single::text::13,10,11,text,13,14,Negative,0.9803685850975975,0.013779770998616998,0.005851643903785345,-1.7320121952465601,1.0,0,-0.000993608102803023,0.03454550096084574,0.006254387544875802
10::single::text::14,10,11,text,14,15,Negative,0.9782049648364568,0.014982374237760377,0.0068126609257828045,-1.6881457907812936,1.0,0,0.0011700121583376744,-0.00932090350442083,0.0021384899965723085
10::single::text::15,10,11,text,15,16,Negative,0.9794497997568355,0.01440076509543802,0.006149435147726431,-1.6981994765145438,1.0,0,-7.48227620410713e-05,0.0007327822288294428,0.00015954175249210945
10::single::audio::0,10,11,audio,0,1,Negative,0.9794337529603317,0.014423534030956019,0.006142713008712302,-1.6993226323808943,1.0,0,-5.877596553727216e-05,0.001855938095179921,0.00033871099863195625
10::single::audio::1,10,11,audio,1,2,Negative,0.9793664242008759,0.014493176531846346,0.0061403992672777455,-1.697167090007237,1.0,0,8.552793918537027e-06,-0.00029960427847730564,5.4210443372152785e-05
10::single::audio::2,10,11,audio,2,3,Negative,0.9793331823735832,0.014498246033952564,0.006168571592464198,-1.696990234511239,1.0,0,4.179462121123301e-05,-0.00047645977447530186,0.00010030727301816682
10::single::audio::3,10,11,audio,3,4,Negative,0.9794198127690192,0.01440227800064097,0.006177909230339838,-1.700002806527274,1.0,0,-4.4835774224760705e-05,0.002536112241559696,0.00044510326070566303
10::single::audio::4,10,11,audio,4,5,Negative,0.9793272596109301,0.014534808511750586,0.0061379318773193536,-1.692771009036473,1.0,0,4.7717383864331886e-05,-0.004695685249241466,0.0008064729001390769
10::single::audio::5,10,11,audio,5,6,Negative,0.9793937619399812,0.01446237547720171,0.006143862582817047,-1.6985208136694772,1.0,0,-1.8784945186700597e-05,0.0010541193837627638,0.00018507903655381094
10::single::audio::6,10,11,audio,6,7,Negative,0.9793767571567931,0.014469943394330505,0.006153299448876479,-1.6979248523712158,1.0,0,-1.7801619985879924e-06,0.00045815808550142556,7.724976191619826e-05
10::single::audio::7,10,11,audio,7,8,Negative,0.9793716944954599,0.014473898037462327,0.0061544074670777625,-1.6976484911782401,1.0,0,3.282499334567035e-06,0.00018179689252573183,3.1940731754905485e-05
10::single::audio::8,10,11,audio,8,9,Negative,0.9793674151634028,0.014474143232965999,0.006158441603631222,-1.6979580095836095,1.0,0,7.561831391722507e-06,0.0004913152978951452,8.566679867838545e-05
10::single::audio::9,10,11,audio,9,10,Negative,0.9793782889029433,0.014457586193509191,0.0061641249035474755,-1.698238730430603,1.0,0,-3.3119081488397484e-06,0.0007720361448886326,0.00013032864488919196
10::single::audio::10,10,11,audio,10,11,Negative,0.9793679083236874,0.014475238071760165,0.006156853604552404,-1.6973923104149955,1.0,0,7.068671107113289e-06,-7.438387071889707e-05,1.593164734003949e-05
10::single::audio::11,10,11,audio,11,12,Negative,0.9793679622602357,0.014479784438679009,0.0061522533010853015,-1.6970404897417342,1.0,0,7.014734558774549e-06,-0.00042620454398023533,7.454145794275983e-05
10::single::audio::12,10,11,audio,12,13,Negative,0.9793741003595243,0.01447432435614715,0.0061515752843285705,-1.6977014201028007,1.0,0,8.766352701528035e-07,0.0002347258170862787,3.955928714945619e-05
10::single::audio::13,10,11,audio,13,14,Negative,0.9793636999156489,0.01447832601532414,0.006157974069026957,-1.697252835546221,1.0,0,1.1277079145610713e-05,-0.00021385873949331113,4.1281662821690546e-05
10::single::audio::14,10,11,audio,14,15,Negative,0.9793592566560867,0.014480329752537503,0.006160413591375687,-1.6978498186383928,1.0,0,1.572033870778089e-05,0.00038312435267839895,7.17142281336236e-05
10::single::audio::15,10,11,audio,15,16,Negative,0.9794315363858933,0.014427671009392684,0.006140792604714019,-1.6991483994892664,1.0,0,-5.655939109883157e-05,0.001681705203552042,0.00030856389614142277
10::single::vision::0,10,11,vision,0,1,Negative,0.9795872989456098,0.014340321471581324,0.006072379582808782,-1.7038931506020683,1.0,0,-0.00021232195081533067,0.006426456316353857,0.0011772370281333082
10::single::vision::1,10,11,vision,1,2,Negative,0.9793113899474528,0.014503556112985826,0.006185053939561428,-1.694929736001151,1.0,0,6.35870473416622e-05,-0.002536958284563351,0.0004546199044313896
10::single::vision::2,10,11,vision,2,3,Negative,0.9790579798583877,0.014662703049874142,0.006279317091738148,-1.6928260666983468,1.0,0,0.0003169971364067603,-0.004640627587367607,0.0009319364994313147
10::single::vision::3,10,11,vision,3,4,Negative,0.9791105711780368,0.014643441747454444,0.006245987074508734,-1.6939130510602678,1.0,0,0.0002644058167576846,-0.003553643225446601,0.0007244767792866091
10::single::vision::4,10,11,vision,4,5,Negative,0.9792943447033366,0.014479704371712657,0.006225950924950676,-1.6940101385116577,1.0,0,8.063229145782724e-05,-0.00345655577405668,0.0006164087747383603
10::single::vision::5,10,11,vision,5,6,Negative,0.9793419805246962,0.01448375736252636,0.006174262112777411,-1.6962025676454817,1.0,0,3.299647009824547e-05,-0.0012641266402326767,0.00022718600842123551
10::single::vision::6,10,11,vision,6,7,Negative,0.979432005439008,0.01444718795448847,0.006120806606503417,-1.6981958321162633,1.0,0,-5.702844421351383e-05,0.0007291378305489538,0.00015003719386491587
10::single::vision::7,10,11,vision,7,8,Negative,0.9793656380705171,0.014476141042715093,0.006158220886767834,-1.6971881219318934,1.0,0,9.338924277346727e-06,-0.000278572353821005,5.109818777550753e-05
10::single::vision::8,10,11,vision,8,9,Negative,0.9793500321584756,0.014488745004002839,0.006161222837521595,-1.6970327922276087,1.0,0,2.494483631887423e-05,-0.00043390205810567295,8.478942784371594e-05
10::single::vision::9,10,11,vision,9,10,Negative,0.9794080662539374,0.014454017383176856,0.006137916362885793,-1.6977927684783936,1.0,0,-3.3089259142915495e-05,0.00032607419267915994,7.089032835131773e-05
10::single::vision::10,10,11,vision,10,11,Negative,0.9794178301355465,0.014449961075929316,0.006132208788524193,-1.6982701846531458,1.0,0,-4.2853140752030505e-05,0.0008034903674314364,0.000155341631614588
10::single::vision::11,10,11,vision,11,12,Negative,0.9794048436839148,0.014457448836896142,0.006137707479189022,-1.6982611758368356,1.0,0,-2.9866689120305878e-05,0.0007944815511211623,0.00014734693641368
10::single::vision::12,10,11,vision,12,13,Negative,0.9794042815832548,0.014452044769531446,0.0061436736472138065,-1.6978787354060583,1.0,0,-2.9304588460288272e-05,0.00041204112034387563,8.332581428745674e-05
10::single::vision::13,10,11,vision,13,14,Negative,0.9793482180280283,0.014480894476665892,0.006170887495305826,-1.696650675364903,1.0,0,2.6758966766182724e-05,-0.00081601892081129,0.0001493826368516397
10::single::vision::14,10,11,vision,14,15,Negative,0.9793819599345646,0.014465297050537888,0.006152743014897643,-1.696563448224749,1.0,0,-6.982939770083796e-06,-0.0009032460609654791,0.00015403248004595507
10::single::vision::15,10,11,vision,15,16,Negative,0.979600688029901,0.014334198730739885,0.006065113239359114,-1.7039667197636195,1.0,0,-0.0002257110351064906,0.006500025477905069,0.0011961930972040902
11::single::text::0,11,12,text,0,1,Negative,0.966264440509107,0.025161372790550945,0.008574186700342155,-1.0304628270012992,1.0,0,-0.0005329330847654301,0.005143549858442009,0.00112372485212305
11::single::text::1,11,12,text,1,2,Negative,0.9661073111940163,0.025255949053003424,0.008636739752980337,-1.0272623470851354,1.0,0,-0.00037580376967472073,0.0019430699422782194,0.0005117468752170635
11::single::text::2,11,12,text,2,3,Negative,0.9393980824620303,0.04451727828158751,0.016084639256382264,-0.8745584402765546,1.0,0,0.02633342496231128,-0.1507608368663026,0.03829351862553941
11::single::text::3,11,12,text,3,4,Negative,0.9680361531721051,0.023662371715262774,0.008301475112632134,-1.0750278745378767,1.0,0,-0.0023046457477635673,0.04970859739501954,0.00943708910638504
11::single::text::4,11,12,text,4,5,Negative,0.9606294949312191,0.02886900338166576,0.010501501687115222,-0.990252707685743,1.0,0,0.005102012493122476,-0.03506656945711417,0.0083954344894136
11::single::text::5,11,12,text,5,6,Negative,0.9606358644569171,0.028876878783682954,0.010487256759399948,-0.9906875661441258,1.0,0,0.005095642967424485,-0.03463171099873141,0.008319773316834145
11::single::text::6,11,12,text,6,7,Negative,0.965811430182216,0.02553598076993932,0.008652589047844585,-1.0350023763520377,1.0,0,-7.992275787449543e-05,0.009683099209180535,0.0016538112471340034
11::single::text::7,11,12,text,7,8,Negative,0.9644596803909284,0.02623902253576974,0.009301297073301922,-1.0064631019319807,1.0,0,0.0012718270334131088,-0.018856175210876458,0.003778609385185964
11::single::text::8,11,12,text,8,9,Negative,0.9635841608376854,0.02790702993245179,0.008508809229862854,-0.988494302545275,1.0,0,0.0021473465866561625,-0.03682497459758216,0.007211169059591775
11::single::text::9,11,12,text,9,10,Negative,0.9600337536902313,0.029949680487979,0.01001656582178979,-0.9731207660266331,1.0,0,0.0056977537341103,-0.05219851111622409,0.011548628719759165
11::single::text::10,11,12,text,10,11,Negative,0.9600884970225552,0.029873577619761546,0.010037925357683362,-0.973547671522413,1.0,0,0.005643010401786386,-0.05177160562044425,0.0114501061376339
11::single::text::11,11,12,text,11,12,Negative,0.9645826479040961,0.026382713454085212,0.009034638641818747,-1.0373894572257996,1.0,0,0.00114885952024546,0.012070180082942361,0.0025861264406131235
11::single::text::12,11,12,text,12,13,Negative,0.9665805716111989,0.025235556358982857,0.008183872029818183,-1.0499784776142664,1.0,0,-0.0008490641868573734,0.024659200471409237,0.00453439883866356
11::single::text::13,11,12,text,13,14,Negative,0.9623790601814444,0.028370514528575887,0.00925042528997982,-1.0028687034334456,1.0,0,0.003352447242897183,-0.022450573709411614,0.005417985906350528
11::single::text::14,11,12,text,14,15,Negative,0.9661804511693395,0.02467174774434345,0.009147801086317124,-1.0345450043678284,1.0,0,-0.00044894374499793166,0.00922572722497117,0.0017620930766608274
11::single::text::15,11,12,text,15,16,Negative,0.965970261368009,0.024834491821723547,0.009195246810267442,-1.0312344602176122,1.0,0,-0.00023875394366745795,0.005915183074755026,0.0011052408176262334
11::single::text::16,11,12,text,16,17,Negative,0.9585998727850334,0.030870337778862132,0.010529789436104421,-0.9408694931438991,1.0,0,0.007131634639308104,-0.08444978399895808,0.0176407813194804
11::single::text::17,11,12,text,17,18,Negative,0.9604547004372342,0.02974672513179532,0.009798574430970361,-0.9635165078299386,1.0,0,0.0052768069871073076,-0.061802769312918615,0.012938865045706757
11::single::text::18,11,12,text,18,19,Negative,0.9638217868547626,0.02715361831801214,0.009024594827225256,-1.0024634855134147,1.0,0,0.0019097205695789432,-0.022855791629442512,0.004764158889696557
11::single::text::19,11,12,text,19,20,Negative,0.9614387191514808,0.02875647309107748,0.00980480775744173,-0.9891605973243713,1.0,0,0.004292788272860726,-0.03615867981848586,0.008172840772844674
11::single::text::20,11,12,text,20,21,Negative,0.961386972854368,0.028795779410029955,0.009817247735602077,-0.9885262165750776,1.0,0,0.004344534569973524,-0.036793060567779645,0.00830444404628337
11::single::text::21,11,12,text,21,22,Negative,0.9665390716201266,0.02480614192083591,0.008654786459037401,-1.0461489983967371,1.0,0,-0.0008075641957850932,0.02082972125387994,0.0038754023068725365
11::single::text::22,11,12,text,22,23,Negative,0.9659500580593187,0.025119805217382832,0.008930136723298543,-1.0329041566167558,1.0,0,-0.00021855063497711047,0.007584879473898631,0.0013734218964716605
11::single::text::23,11,12,text,23,24,Negative,0.9618230404891732,0.028156396740265374,0.010020562770561386,-0.9711950676781791,1.0,0,0.003908466935168331,-0.05412420946467811,0.010974935045030517
11::single::text::24,11,12,text,24,25,Negative,0.9588632558581963,0.030481385120563587,0.010655359021240126,-0.9391862494604928,1.0,0,0.006868251566145234,-0.08613302768236442,0.017789630396800017
11::single::text::25,11,12,text,25,26,Negative,0.9590742611023518,0.030347537855897732,0.010578201041750489,-0.9431055954524449,1.0,0,0.006657246321989718,-0.08221368169041232,0.01703090344273025
11::single::text::26,11,12,text,26,27,Negative,0.961889470512996,0.0284521037410127,0.009658425745991309,-0.9757288268634251,1.0,0,0.0038420369113455477,-0.0495904502794321,0.01018609350224479
11::single::text::27,11,12,text,27,28,Negative,0.9623552066556453,0.028188922732426427,0.00945587061192822,-0.9834628616060529,1.0,0,0.0033763007686962165,-0.0418564155368043,0.008664219640482158
11::single::text::28,11,12,text,28,29,Negative,0.9541025203633233,0.034735749661427485,0.01116172997524923,-0.9072826845305306,1.0,0,0.011628987061018226,-0.11803659261232657,0.025487258965896875
11::single::text::29,11,12,text,29,30,Negative,0.9620793889758201,0.028323263586241054,0.009597347437938804,-0.9799986566816058,1.0,0,0.003652118448521424,-0.045320620461251404,0.009379495967802614
11::single::text::30,11,12,text,30,31,Negative,0.961789864657652,0.028538512081683808,0.009671623260664201,-0.9756935834884644,1.0,0,0.003941642766689513,-0.049625693654392844,0.010241770325743563
11::single::text::31,11,12,text,31,32,Negative,0.9652270801466597,0.026023655595055952,0.008749264258284397,-1.0204249450138636,1.0,0,0.0005044272776818515,-0.004894332128993595,0.0010679356603398582
11::single::text::32,11,12,text,32,33,Negative,0.9563725550147605,0.03296588200932268,0.010661562975916836,-0.9546715702329364,1.0,0,0.009358952409581067,-0.07064770690992084,0.016454094023110676
11::single::text::33,11,12,text,33,34,Negative,0.9662440014670283,0.025124690495007377,0.008631308037964452,-1.033940247126988,1.0,0,-0.0005124940426867175,0.008620969984130866,0.0016930753520318365
11::single::text::34,11,12,text,34,35,Negative,0.9617413006982226,0.028544342558417903,0.009714356743359515,-0.9733473403113229,1.0,0,0.003990206726118939,-0.05197193683153434,0.01065709283498186
11::single::text::35,11,12,text,35,36,Negative,0.961791106880868,0.028536168819429414,0.009672724299702541,-0.9748025281088692,1.0,0,0.0039404005434735545,-0.05051674903398795,0.010389658444068103
11::single::text::36,11,12,text,36,37,Negative,0.9546402898313369,0.034234572713777896,0.01112513745488528,-0.9059799143246242,1.0,0,0.011091217593004687,-0.11933936281823299,0.025435502599541176
11::single::text::37,11,12,text,37,38,Negative,0.9649031985303568,0.026072482649875182,0.009024318819768128,-1.024956158229283,1.0,0,0.0008283088939847749,-0.0003631189135742119,0.00047467426592142276
11::single::text::38,11,12,text,38,39,Negative,0.9662784780136244,0.025089520371637627,0.008632001614737995,-1.0375696505819048,1.0,0,-0.0005469705892828802,0.012250373439047557,0.002315214201149366
11::single::text::39,11,12,text,39,40,Negative,0.9679153654468236,0.024084328460175275,0.008000306093001185,-1.0574443766048975,1.0,0,-0.0021838580224819992,0.03212509946204034,0.0064461122549143894
11::single::text::40,11,12,text,40,41,Negative,0.9677702765055378,0.02417456737625052,0.008055156118211596,-1.0560504964419775,1.0,0,-0.0020387690811962678,0.03073121929912026,0.006141254423784844
11::single::text::41,11,12,text,41,42,Negative,0.9596808045874149,0.0292658710144732,0.011053324398111864,-0.9376309514045715,1.0,0,0.006050702836926658,-0.08768832573828567,0.017640072374844273
11::single::text::42,11,12,text,42,43,Negative,0.9609081574462845,0.02921446625197538,0.009877376301740088,-0.9450176613671439,1.0,0,0.004823349978057001,-0.08030161577571326,0.015795277618314042
11::single::text::43,11,12,text,43,44,Negative,0.961265034456164,0.028758409069366858,0.009976556474469161,-0.9736790401594979,1.0,0,0.004466472968177593,-0.05164023698335929,0.010839942647982012
11::single::audio::0,11,12,audio,0,1,Negative,0.965988210702923,0.025316859851466943,0.008694929445610105,-1.0272664768355233,1.0,0,-0.00025670327858140496,0.0019471996926661017,0.00045288492140171943
11::single::audio::1,11,12,audio,1,2,Negative,0.9660192028366283,0.025328124397018252,0.008652672766353474,-1.029837625367301,1.0,0,-0.0002876954122867925,0.004518348224443747,0.0008969057435506874
11::single::audio::2,11,12,audio,2,3,Negative,0.9658424285690715,0.0254964165774779,0.008661154853450526,-1.0274058750697546,1.0,0,-0.00011092114472999182,0.00208659792689736,0.00040322689351455593
11::single::audio::3,11,12,audio,3,4,Negative,0.965910542393878,0.02545198618041359,0.008637471425708499,-1.0281233446938651,1.0,0,-0.00017903496953641795,0.002804067551007927,0.0005568620766028636
11::single::audio::4,11,12,audio,4,5,Negative,0.9660357201677486,0.02537549492205877,0.008588784910192448,-1.0290318386895316,1.0,0,-0.00030421274340708404,0.003712561546674431,0.0007708666294826139
11::single::audio::5,11,12,audio,5,6,Negative,0.9659706748547509,0.02536446662123859,0.008664858524010551,-1.0278506789888655,1.0,0,-0.00023916743040930388,0.0025314018460083076,0.0005414840228727031
11::single::audio::6,11,12,audio,6,7,Negative,0.9655857367464262,0.025495756498358214,0.00891850675521558,-1.023355484008789,1.0,0,0.0001457706779153245,-0.001963793134068137,0.00040018419463568505
11::single::audio::7,11,12,audio,7,8,Negative,0.9658135896866175,0.025435387764833613,0.008751022548548936,-1.0268460256712777,1.0,0,-8.208226227590654e-05,0.0015267485284204962,0.00029549921920803596
11::single::audio::8,11,12,audio,8,9,Negative,0.9655899799011237,0.02555857802929823,0.008851442069578124,-1.0229705146380834,1.0,0,0.00014152752321783257,-0.0023487625047737826,0.0004622241790712134
11::single::audio::9,11,12,audio,9,10,Negative,0.9664042961077968,0.025088370474857402,0.008507333417345815,-1.0320660812514169,1.0,0,-0.0006727886834552166,0.006746804108559656,0.0014608616931542178
11::single::audio::10,11,12,audio,10,11,Negative,0.9661899174328035,0.02524438187624221,0.008565700690954357,-1.0296410918235779,1.0,0,-0.00045841000846191804,0.004321814680720681,0.0009495074510177393
11::single::audio::11,11,12,audio,11,12,Negative,0.965948824370043,0.025406894888251697,0.00864428074170532,-1.0278511473110743,1.0,0,-0.00021731694570148452,0.0025318701682170985,0.0005306368342202588
11::single::audio::12,11,12,audio,12,13,Negative,0.9655029461417318,0.025712994336764553,0.008784059521503637,-1.0235401221684046,1.0,0,0.0002285612826097294,-0.0017791549744525792,0.00041080647038029455
11::single::audio::13,11,12,audio,13,14,Negative,0.9655616302923605,0.02566811828773794,0.0087702514199014,-1.023820970739637,1.0,0,0.00016987713198102217,-0.0014983064032201288,0.0003346562998605325
11::single::audio::14,11,12,audio,14,15,Negative,0.9656142113075863,0.025630793684063544,0.00875499500835019,-1.0240356581551688,1.0,0,0.00011729611675526108,-0.001283618987688362,0.0002725845563256909
11::single::audio::15,11,12,audio,15,16,Negative,0.9655662208177407,0.02555805894076122,0.008875720241498082,-1.022955528327397,1.0,0,0.00016528660660086736,-0.002363748815460198,0.0004766014392104667
11::single::audio::16,11,12,audio,16,17,Negative,0.9660680744210675,0.025179346067388,0.008752579511544506,-1.0282395056315832,1.0,0,-0.0003365669967259066,0.0029202284887259733,0.0006549882464839489
11::single::audio::17,11,12,audio,17,18,Negative,0.9660971979086305,0.0251763040076142,0.008726498083755323,-1.0281256096703666,1.0,0,-0.0003656904842889164,0.002806332527509392,0.0006505673300626902
11::single::audio::18,11,12,audio,18,19,Negative,0.9659811568061728,0.025314871375862563,0.00870397181796467,-1.0275958350726537,1.0,0,-0.00024964938183125174,0.00227655792979653,0.0005042510125483808
11::single::audio::19,11,12,audio,19,20,Negative,0.9660181224988958,0.025300639527854323,0.00868123797324984,-1.0284515278679984,1.0,0,-0.00028661507455429724,0.003132250725141228,0.0006653493248006866
11::single::audio::20,11,12,audio,20,21,Negative,0.9656488295303525,0.025566449017765627,0.008784721451881932,-1.0245992881911141,1.0,0,8.267789398908043e-05,-0.000719988951743078,0.00016133710561838654
11::single::audio::21,11,12,audio,21,22,Negative,0.9656814231328807,0.0255358408047298,0.008782736062389458,-1.0244201932634627,1.0,0,5.008429146080573e-05,-0.0008990838793945244,0.0001748894589628236
11::single::audio::22,11,12,audio,22,23,Negative,0.9657114067283655,0.02550529111451718,0.008783302157117362,-1.0247938973563058,1.0,0,2.0100695976021932e-05,-0.0005253797865514276,9.761364574658223e-05
11::single::audio::23,11,12,audio,23,24,Negative,0.9660918640483003,0.025228611604861048,0.008679524346838764,-1.0290297865867615,1.0,0,-0.00036035662395872414,0.003710509443904275,0.0007985965526300746
11::single::audio::24,11,12,audio,24,25,Negative,0.9658291776204581,0.025349098109840793,0.008821724269701231,-1.0257187145096915,1.0,0,-9.767019611650607e-05,0.00039943736683434317,0.00011540799253064356
11::single::audio::25,11,12,audio,25,26,Negative,0.9658174072260015,0.02545173143271611,0.008730861341282392,-1.0258035489491053,1.0,0,-8.589980165996103e-05,0.0004842718062481044,0.00012366186853799793
11::single::audio::26,11,12,audio,26,27,Negative,0.9660344019732798,0.025314497569003353,0.008651100457716688,-1.0278508407729012,1.0,0,-0.0003028945489382817,0.0025315636300440314,0.0005733745461431461
11::single::audio::27,11,12,audio,27,28,Negative,0.9660173928157092,0.02533277749963664,0.00864982968465426,-1.0276458433696203,1.0,0,-0.00028588539136764624,0.0023265662267630827,0.0005307037334776703
11::single::audio::28,11,12,audio,28,29,Negative,0.9658336552300316,0.02546971490777608,0.008696629862192306,-1.0259192671094621,1.0,0,-0.0001021478056900671,0.0005999899666049302,0.0001510722306125219
11::single::audio::29,11,12,audio,29,30,Negative,0.9658206966855999,0.025490790786003102,0.008688512528397018,-1.0272033214569092,1.0,0,-8.918926125833782e-05,0.0018840443140519803,0.00035860201630449895
11::single::audio::30,11,12,audio,30,31,Negative,0.9656791374165903,0.025589546221798203,0.008731316361611499,-1.0256163818495614,1.0,0,5.237000775126788e-05,0.00029710470670418765,7.570245499299855e-05
11::single::audio::31,11,12,audio,31,32,Negative,0.9654874837827088,0.02586774982488592,0.008644766392405304,-1.027056336402893,1.0,0,0.00024402364163278456,0.001737059260035867,0.0004115216974890368
11::single::audio::32,11,12,audio,32,33,Negative,0.9655283214985051,0.025867328786763663,0.008604349714731223,-1.0263668639319283,1.0,0,0.00020318592583645767,0.001047586789071131,0.00027619076109675067
11::single::audio::33,11,12,audio,33,34,Negative,0.9649190409847892,0.026314458093343113,0.008766500921867725,-1.0184797218867712,1.0,0,0.0008124664395523506,-0.006839555256086038,0.0015461590957905151
11::single::audio::34,11,12,audio,34,35,Negative,0.964936596339003,0.026289665220964674,0.008773738440032352,-1.0180291107722692,1.0,0,0.0007949110853385788,-0.0072901663705879916,0.0016124832711006214
11::single::audio::35,11,12,audio,35,36,Negative,0.964964612175229,0.026274967232765303,0.008760420592005647,-1.0184790917805262,1.0,0,0.0007668952491125536,-0.006840185362330997,0.0015234785182781097
11::single::audio::36,11,12,audio,36,37,Negative,0.9654403943301123,0.025793876304487512,0.00876572936540024,-1.0230231114796229,1.0,0,0.00029111309422924503,-0.0022961656632343175,0.0005282508243203421
11::single::audio::37,11,12,audio,37,38,Negative,0.9653190713176926,0.02592246269270863,0.008758465989598877,-1.0241761463029044,1.0,0,0.00041243610664898345,-0.0011431308399527662,0.0003967398599832861
11::single::audio::38,11,12,audio,38,39,Negative,0.9651766319295255,0.02598662049891591,0.008836747571558569,-1.019979749407087,1.0,0,0.0005548754948160317,-0.005339527735770178,0.0011673590367030453
11::single::audio::39,11,12,audio,39,40,Negative,0.9655010258076557,0.025654443143562185,0.00884453104878208,-1.022020629474095,1.0,0,0.00023048161668581812,-0.0032986476687622,0.0006650154198032757
11::single::audio::40,11,12,audio,40,41,Negative,0.9650773167829584,0.025907389495803086,0.00901529372123864,-1.0162833077566964,1.0,0,0.0006541906413831677,-0.009035969386160803,0.001833090218385051
11::single::audio::41,11,12,audio,41,42,Negative,0.9647894994497841,0.026210661442347388,0.008999839107868605,-1.0081925307001387,1.0,0,0.0009420079745574572,-0.0171267464427185,0.003325461727731812
11::single::audio::42,11,12,audio,42,43,Negative,0.9649629227073079,0.02605644799028904,0.008980629302403106,-1.0121107697486877,1.0,0,0.0007685847170336713,-0.013208507394169455,0.0025857102575450783
11::single::audio::43,11,12,audio,43,44,Negative,0.9659911655184392,0.02528384110001562,0.008724993381545225,-1.0267991764204842,1.0,0,-0.00025965809409767004,0.0014798992776270392,0.00037647892665334154
11::single::vision::0,11,12,vision,0,1,Negative,0.966473907432852,0.025032181406435195,0.008493911160712807,-1.034613949911935,1.0,0,-0.0007424000085104465,0.009294672769077694,0.001920312132434839
11::single::vision::1,11,12,vision,1,2,Negative,0.9658724816336389,0.02543680123115794,0.00869071713520301,-1.0244039297103882,1.0,0,-0.00014097420929737314,-0.0009153474324690158,0.0002230450100601892
11::single::vision::2,11,12,vision,2,3,Negative,0.9658044747736706,0.02549216615040928,0.008703359075920174,-1.024938438619886,1.0,0,-7.296734932904503e-05,-0.0003808385229711053,9.99567618263734e-05
11::single::vision::3,11,12,vision,3,4,Negative,0.9657913871349049,0.02550219819928676,0.00870641466580843,-1.0247234957558768,1.0,0,-5.9879710563315314e-05,-0.0005957813869803541,0.00012923675311171667
11::single::vision::4,11,12,vision,4,5,Negative,0.9658076845531455,0.02548084372415939,0.008711471722695195,-1.0244804450443812,1.0,0,-7.617712880392258e-05,-0.0008388320984760167,0.00017789391414796407
11::single::vision::5,11,12,vision,5,6,Negative,0.9657961223804524,0.025490769107809605,0.008713108511737995,-1.0248865059443883,1.0,0,-6.461495611087553e-05,-0.0004327711984688509,0.00010443601113357959
11::single::vision::6,11,12,vision,6,7,Negative,0.965810650051426,0.02548002400055519,0.008709325948018846,-1.0253028614180428,1.0,0,-7.914262708441644e-05,-1.641572481436704e-05,4.230726767793606e-05
11::single::vision::7,11,12,vision,7,8,Negative,0.965797412795755,0.025487056546546198,0.008715530657698851,-1.0246153048106603,1.0,0,-6.590537141348829e-05,-0.0007039723321968783,0.00015028140773955717
11::single::vision::8,11,12,vision,8,9,Negative,0.965720369889202,0.025544383838414186,0.008735246272383868,-1.0234893134662084,1.0,0,1.1137535139593702e-05,-0.0018299636766487826,0.00031056271367792726
11::single::vision::9,11,12,vision,9,10,Negative,0.9657915797824315,0.02549109335706197,0.008717326860506495,-1.0253946781158447,1.0,0,-6.007235808991318e-05,7.540097298752713e-05,4.260300787621111e-05
11::single::vision::10,11,12,vision,10,11,Negative,0.9658175292661373,0.025469975268816267,0.0087124954650465,-1.0251480681555611,1.0,0,-8.602184179573591e-05,-0.0001712089872960565,7.154575211387737e-05
11::single::vision::11,11,12,vision,11,12,Negative,0.9657761402829304,0.02551006675541969,0.008713792961649999,-1.0250768576349532,1.0,0,-4.463285858880006e-05,-0.00024241950790404587,6.271968061174102e-05
11::single::vision::12,11,12,vision,12,13,Negative,0.9658757102094092,0.02544048078599965,0.008683809004591094,-1.0273852859224593,1.0,0,-0.0001442027850676597,0.0020660087796020576,0.0004164361891341728
11::single::vision::13,11,12,vision,13,14,Negative,0.9657018357807303,0.0255581093083725,0.008740054910897155,-1.0236446176256453,1.0,0,2.967164361122876e-05,-0.0016746595172119072,0.00029394574134093226
11::single::vision::14,11,12,vision,14,15,Negative,0.9657902674340394,0.02549334888488252,0.008716383681078101,-1.0249344110488892,1.0,0,-5.876000969784467e-05,-0.0003848660939680393,9.352435384359555e-05
11::single::vision::15,11,12,vision,15,16,Negative,0.9658616427923709,0.02544013973284147,0.008698217474787691,-1.0261794243540083,1.0,0,-0.00013013536802930492,0.0008601472111511299,0.00020842555253984077
11::single::vision::16,11,12,vision,16,17,Negative,0.9658177681193698,0.025471852148878957,0.008710379731751218,-1.0254170213426863,1.0,0,-8.626069502826184e-05,9.774419982910842e-05,5.9421047485648984e-05
11::single::vision::17,11,12,vision,17,18,Negative,0.9657931863623462,0.025496484532077306,0.008710329105576363,-1.0248652356011527,1.0,0,-6.167893800468338e-05,-0.0004540415417044752,0.0001065130592864209
11::single::vision::18,11,12,vision,18,19,Negative,0.9657604401013237,0.02551943057046096,0.008720129328215252,-1.0242160558700562,1.0,0,-2.8932676982118544e-05,-0.001103221272801047,0.00019833655062456712
11::single::vision::19,11,12,vision,19,20,Negative,0.9657811655967653,0.025502996759267926,0.008715837643966813,-1.0248132262911116,1.0,0,-4.9658172423749924e-05,-0.0005060508517455986,0.0001091708948361414
11::single::vision::20,11,12,vision,20,21,Negative,0.965823623613412,0.025471173856142625,0.00870520253044543,-1.0248319166047233,1.0,0,-9.211618907045693e-05,-0.00048736053813391855,0.00012728485089088154
11::single::vision::21,11,12,vision,21,22,Negative,0.9658477088977907,0.025451508895771073,0.008700782206438228,-1.0255047593797957,1.0,0,-0.00011620147344915122,0.00018548223693848342,8.90144428809895e-05
11::single::vision::22,11,12,vision,22,23,Negative,0.9658503507157998,0.025444243352330552,0.008705405931869614,-1.0243877683367049,1.0,0,-0.00011884329145828154,-0.0009315088061523369,0.0002146731134211969
11::single::vision::23,11,12,vision,23,24,Negative,0.9657835533677018,0.025500754756703235,0.008715691875594967,-1.0232020616531372,1.0,0,-5.2045943360279345e-05,-0.0021172154897199924,0.00037889221996680506
11::single::vision::24,11,12,vision,24,25,Negative,0.9657944429127212,0.02548926003318263,0.008716297054096052,-1.0246845824377877,1.0,0,-6.293548837965623e-05,-0.000634694705069494,0.00013725019503474378
11::single::vision::25,11,12,vision,25,26,Negative,0.9657998509805716,0.025483534402731187,0.008716614616697196,-1.0250471574919564,1.0,0,-6.834355623008825e-05,-0.0002721196509007928,7.952505326517625e-05
11::single::vision::26,11,12,vision,26,27,Negative,0.9657778284261306,0.025502073683124238,0.008720097890745142,-1.0260143620627267,1.0,0,-4.6321001789029204e-05,0.0006950849198694709,0.0001390079875394264
11::single::vision::27,11,12,vision,27,28,Negative,0.9657963067999994,0.025488441248663063,0.008715251951337584,-1.0262099674769811,1.0,0,-6.479937565784244e-05,0.0008906903341239225,0.00018084807684957496
11::single::vision::28,11,12,vision,28,29,Negative,0.9655656182175042,0.025664458992676095,0.00876992278981964,-1.0259424618312292,1.0,0,0.0001658892068373552,0.0006231846883719694,0.00018680871814733918
11::single::vision::29,11,12,vision,29,30,Negative,0.9656199303061034,0.025634988785842118,0.008745080908054533,-1.0257954171725683,1.0,0,0.00011157711823817085,0.0004761400297110807,0.00013514523073759888
11::single::vision::30,11,12,vision,30,31,Negative,0.9655872396530241,0.02565354874084629,0.008759211606129745,-1.0252732038497925,1.0,0,0.00014426777131748558,-4.607329306471897e-05,7.981276783619595e-05
11::single::vision::31,11,12,vision,31,32,Negative,0.9657107228050127,0.025558822174925364,0.00873045502006202,-1.0249189223561967,1.0,0,2.0784619328861886e-05,-0.00040035478666045066,7.711810744117271e-05
11::single::vision::32,11,12,vision,32,33,Negative,0.9657343055164752,0.02554453931930306,0.008721155164221726,-1.0238528932843889,1.0,0,-2.7980921336601128e-06,-0.001466383858468312,0.00024579635581154874
11::single::vision::33,11,12,vision,33,34,Negative,0.9658454458471047,0.025458947012478802,0.008695607140416471,-1.0246755991663252,1.0,0,-0.00011393842276319344,-0.0006436779765319756,0.00016424887413692596
11::single::vision::34,11,12,vision,34,35,Negative,0.965853247167186,0.02545474004278589,0.00869201279002799,-1.0247618045125688,1.0,0,-0.0001217397428444622,-0.0005574726302883803,0.0001537819764702945
11::single::vision::35,11,12,vision,35,36,Negative,0.9658631649137751,0.025446724304196124,0.00869011078202875,-1.0251264827592033,1.0,0,-0.00013165748943355648,-0.00019279438365393808,9.796114199243458e-05
11::single::vision::36,11,12,vision,36,37,Negative,0.9658387064404532,0.025456298680703197,0.008704994878843637,-1.0250123739242554,1.0,0,-0.00010719901611166982,-0.00030690321860182834,0.00010475004448947298
11::single::vision::37,11,12,vision,37,38,Negative,0.9658294470763369,0.025462008457743893,0.008708544465919073,-1.025537175791604,1.0,0,-9.793965199533794e-05,0.0002178986487468837,8.528626745548293e-05
11::single::vision::38,11,12,vision,38,39,Negative,0.9658323414845151,0.025463668489218674,0.008703990026266255,-1.0255080716950553,1.0,0,-0.00010083406017358243,0.0001887945521981127,8.188278878647667e-05
11::single::vision::39,11,12,vision,39,40,Negative,0.9658479915937738,0.025454348443412683,0.008697659962813523,-1.0253733226231165,1.0,0,-0.00011648416943221829,5.4045480259334866e-05,6.724966475933163e-05
11::single::vision::40,11,12,vision,40,41,Negative,0.9657684117296893,0.025515125168088123,0.008716463102222679,-1.0246339525495256,1.0,0,-3.6904305347751354e-05,-0.0006853245933315932,0.00013267291822914123
11::single::vision::41,11,12,vision,41,42,Negative,0.9657597294836346,0.025516219697190087,0.008724050819175235,-1.0244603838239397,1.0,0,-2.8222059293092627e-05,-0.0008588933189175307,0.00015725991613280144
11::single::vision::42,11,12,vision,42,43,Negative,0.9658622941707067,0.025452892819116852,0.008684813010176476,-1.0254130959510803,1.0,0,-0.0001307867463651302,9.381880822312283e-05,8.102984121975225e-05
11::single::vision::43,11,12,vision,43,44,Negative,0.9666111059139819,0.024935401261428493,0.008453492824589641,-1.0362644706453596,1.0,0,-0.0008795984896403652,0.010945193502502448,0.002263998161903924
12::single::text::0,12,13,text,0,1,Neutral,0.01931005225493794,0.6871624766776628,0.2935274710673992,0.20060896979910986,0.5923503012136705,0,-0.001030409800708676,0.004569445943747308,0.0012767792243122225
12::single::text::1,12,13,text,1,2,Neutral,0.01912381810427325,0.6869728328238798,0.29390334907184695,0.2012275978922844,0.5901754303665577,0,-0.0008407659469256146,0.003950817850572774,0.0010788526152249365
12::single::text::2,12,13,text,2,3,Neutral,0.01789748527469581,0.6853136959235333,0.29678881880177094,0.20732220448553562,0.5888124825365767,0,0.000818370953420855,-0.002143788742678454,0.0007664836004901698
12::single::text::3,12,13,text,3,4,Neutral,0.019014660704440467,0.6835200964679884,0.2974652428275712,0.20791705764297927,0.5827633696017276,0,0.002611970408965769,-0.002738641900122102,0.0017624255211699015
12::single::text::4,12,13,text,4,5,Neutral,0.0193097648061158,0.7567724784313983,0.22391775676248588,0.2052975642228765,0.5837445037690192,0,-0.07064041155444412,-0.0001191484800193432,0.03534006385722528
12::single::text::5,12,13,text,5,6,Neutral,0.0168426098570876,0.6800324629272264,0.30312492721568596,0.22035585709714464,0.5650664890905843,0,0.00609960394972775,-0.015177441354287474,0.005579375533911787
12::single::text::6,12,13,text,6,7,Neutral,0.017869764557002163,0.6871227539200605,0.2950074815229373,0.20581740653142333,0.6017996705242927,0,-0.000990687043106342,-0.0006389907885661628,0.000601841986314198
12::single::text::7,12,13,text,7,8,Neutral,0.01795930608053417,0.6873851813629922,0.29465551255647354,0.20488886621647648,0.6013978241580838,0,-0.0012531144860380428,0.0002895495263806891,0.0006748154974158029
12::single::text::8,12,13,text,8,9,Neutral,0.01876931697021718,0.6806453507631793,0.3005853322666035,0.2134964128157922,0.5399633720304066,0,0.0054867161137748255,-0.00831799707293504,0.004129690902376586
12::single::text::9,12,13,text,9,10,Neutral,0.018182079108166795,0.6863565768081703,0.2954613440836629,0.20672225087348903,0.5853712875249406,0,-0.0002245099312161436,-0.0015438351306318598,0.00036956082071338176
12::single::text::10,12,13,text,10,11,Neutral,0.019126963475069626,0.7540185522673291,0.2268544842576013,0.21043516003659793,0.5703016355487015,0,-0.0678864853903749,-0.005256744293740762,0.034819366744144244
12::single::text::11,12,13,text,11,12,Neutral,0.019162401496017608,0.757431608508796,0.2234059899951864,0.20100155738847597,0.6016821073552203,0,-0.07129954163184182,0.004176858354381197,0.03634591387498445
12::single::text::12,12,13,text,12,13,Neutral,0.020924576642499956,0.681618133303268,0.2974572900542321,0.19974689611366817,0.5840631241561731,0,0.004513933573686124,0.005431519629189002,0.0031622200583745624
12::single::text::13,12,13,text,13,14,Neutral,0.02089122493348895,0.6819943072749389,0.29711446779157213,0.19811355429036276,0.5841739026562595,0,0.004137759602015234,0.007064861452494409,0.0032463567097566854
12::single::text::14,12,13,text,14,15,Neutral,0.01892034816438353,0.7584242519534342,0.2226553998821823,0.20164085725056274,0.6057168762453465,0,-0.07229218507648005,0.0035375584922944237,0.036735685620289095
12::single::text::15,12,13,text,15,16,Neutral,0.019384266452575277,0.7590276194814425,0.22158811406598225,0.20398519267993315,0.5919088559599224,0,-0.07289555260448832,0.0011932230629240204,0.0366466468127315
12::single::text::16,12,13,text,16,17,Neutral,0.019402732138038604,0.6888537195214358,0.29174354834052557,0.19490321020462684,0.6044532802182674,0,-0.0027216526444816536,0.010275205538230331,0.0030733605786125483
12::single::text::17,12,13,text,17,18,Neutral,0.020351995841639384,0.7604267786761408,0.21922122548221978,0.20029616794948066,0.6125441000318671,0,-0.07429471179918667,0.00488224779337651,0.03796106386515609
12::single::text::18,12,13,text,18,19,Neutral,0.020560891838255345,0.7517032844095644,0.22773582375218013,0.2065677982089775,0.5512426149571094,0,-0.0655712175326102,-0.0013893824661203313,0.033017172510658485
12::single::text::19,12,13,text,19,20,Neutral,0.018632413293234753,0.6914498087850143,0.28991777792175105,0.1952653885819018,0.6208910191523475,0,-0.005317741908060114,0.009913027160955379,0.00431104214752262
12::single::text::20,12,13,text,20,21,Neutral,0.01868569155226515,0.6916238654645384,0.28969044298319646,0.19439879452277506,0.6225384286828428,0,-0.005491798587584196,0.010779621220082108,0.004542502830472449
12::single::text::21,12,13,text,21,22,Neutral,0.02037663264591969,0.7647228574363993,0.21490050991768095,0.18159170768090657,0.6370806073510256,0,-0.07859079055944518,0.023586708061950595,0.04322651329004769
12::single::text::22,12,13,text,22,23,Neutral,0.019411143405015718,0.6855822684503267,0.29500658814465763,0.1978738445655576,0.6024766919221811,0,0.0005497984266275013,0.007304571177299574,0.0014923277428636795
12::single::text::23,12,13,text,23,24,Neutral,0.019188927822694133,0.690774488257036,0.2900365839202699,0.201250286506755,0.6163455660853352,0,-0.0046424213800818626,0.003928129236102168,0.0029758988960579594
12::single::text::24,12,13,text,24,25,Neutral,0.019340598036534005,0.6902291284553748,0.2904302735080912,0.20145566648404514,0.6107275392507819,0,-0.004097061578420602,0.003722749258812025,0.0026689889990123053
12::single::text::25,12,13,text,25,26,Neutral,0.018923510826946238,0.6873420628059671,0.2937344263670868,0.19637125890169824,0.5919320984627527,0,-0.0012099959290129414,0.00880715684115893,0.002072857438032959
12::single::text::26,12,13,text,26,27,Neutral,0.018869659978878604,0.6875867791694514,0.2935435608516701,0.1969669796526432,0.5943074363115893,0,-0.0014547122924972733,0.008211436090213964,0.0020959288279509642
12::single::text::27,12,13,text,27,28,Neutral,0.019734073699017463,0.6836865651665637,0.29657936113441885,0.20511713757046632,0.5680566728856113,0,0.0024455017103904853,6.127817239084954e-05,0.0012329638839270508
12::single::text::28,12,13,text,28,29,Neutral,0.02071051675525214,0.6788533531220894,0.3004361301226584,0.21033063903450966,0.5302659476072845,0,0.007278713754864774,-0.005152223291652491,0.004498060759374469
12::single::text::29,12,13,text,29,30,Neutral,0.0204167187033873,0.6849529232781947,0.294630358018418,0.19560498132237367,0.5876658211253649,0,0.00117914359875948,0.009573434420483501,0.002185144202793657
12::single::text::30,12,13,text,30,31,Neutral,0.019012275464534406,0.6866821719141583,0.2943055526213074,0.19871042522468738,0.6034234854120913,0,-0.0005501050372040961,0.006467990518169792,0.0013530509382970134
12::single::text::31,12,13,text,31,32,Neutral,0.02040609755380418,0.7670297498957758,0.21256415255042008,0.19087880251130887,0.657453907984187,0,-0.08089768301882161,0.014299613231548297,0.04283211038133552
12::single::audio::0,12,13,audio,0,1,Neutral,0.019375241496393178,0.6836941245035792,0.29693063400002756,0.2080190783765699,0.5766447932510274,0,0.002437942373374913,-0.0028406626337127427,0.0016924149589729136
12::single::audio::1,12,13,audio,1,2,Neutral,0.01933322288845326,0.6855172396749442,0.2951495374366026,0.20603094722277351,0.581785633533887,0,0.0006148272020100043,-0.0008525314799163464,0.0004495021809910599
12::single::audio::2,12,13,audio,2,3,Neutral,0.01914032189984352,0.6868876505236615,0.293972027576495,0.20463758527434298,0.5924550502758907,0,-0.0007555836467073584,0.0005408304685141918,0.0004679302347727112
12::single::audio::3,12,13,audio,3,4,Neutral,0.019086637044688076,0.6874766346548146,0.2934367283004974,0.2039451967658741,0.5959760501282546,0,-0.001344567777860406,0.0012332189769830582,0.000877820385094046
12::single::audio::4,12,13,audio,4,5,Neutral,0.01912379782274869,0.6858431481436673,0.29503305403358404,0.20578675983207567,0.5889695643642792,0,0.00028891873328684703,-0.0006083440892185044,0.0002458500481798409
12::single::audio::5,12,13,audio,5,6,Neutral,0.018963351888968718,0.6877106467947648,0.2933260013162665,0.20330512709915638,0.5966585330920819,0,-0.0015785799178106297,0.0018732886437007878,0.0011015047328554461
12::single::audio::6,12,13,audio,6,7,Neutral,0.019060856380114653,0.6887284894504804,0.29221065416940495,0.20167691490080739,0.6098015396727365,0,-0.0025964225735262136,0.0035015008420497817,0.0018817947604380706
12::single::audio::7,12,13,audio,7,8,Neutral,0.01926294979407581,0.6848290623302836,0.29590798787564065,0.20696716755628586,0.5764847168506593,0,0.0013030045466705387,-0.0017887518134286906,0.0009496275755733845
12::single::audio::8,12,13,audio,8,9,Neutral,0.01936033031592572,0.6841636610047058,0.2964760086793684,0.20755409329597438,0.5787219245969343,0,0.0019684058722483355,-0.0023756775531172114,0.0013801491949770363
12::single::audio::9,12,13,audio,9,10,Neutral,0.01923852396239483,0.6851748513013356,0.2955866247362696,0.20635921627815282,0.582667627656128,0,0.0009572155756185641,-0.0011808005352956508,0.0006754078770252239
12::single::audio::10,12,13,audio,10,11,Neutral,0.019101183662373202,0.6849936883085226,0.2959051280291041,0.20700729505292007,0.5810519153280184,0,0.001138378568431575,-0.0018288793100628975,0.0008740025025596038
12::single::audio::11,12,13,audio,11,12,Neutral,0.01929580973619652,0.683531474906332,0.2971727153574714,0.20861859353525297,0.5687132457874021,0,0.0026005919706221237,-0.0034401777923958043,0.0018736589507103627
12::single::audio::12,12,13,audio,12,13,Neutral,0.01994825148986658,0.6799142276500945,0.3001375208600389,0.21043122160647595,0.5321252643522595,0,0.0062178392268597005,-0.005252805863618787,0.003984387257366315
12::single::audio::13,12,13,audio,13,14,Neutral,0.019499114451993267,0.6828043187350722,0.2976965668129345,0.2089488489021148,0.5674891755765461,0,0.00332774814188197,-0.0037704331592576246,0.0022922795974839225
12::single::audio::14,12,13,audio,14,15,Neutral,0.019166916148028425,0.6847789611100367,0.2960541227419349,0.2071058787405491,0.5815816319954926,0,0.001353105766917495,-0.00192746299769192,0.0009977967164074009
12::single::audio::15,12,13,audio,15,16,Neutral,0.019206502561726353,0.6843466512949055,0.2964468461433682,0.20740826507764204,0.5773642317690392,0,0.0017854155820486994,-0.0022298493347848725,0.0012643493468218285
12::single::audio::16,12,13,audio,16,17,Neutral,0.01932878303838939,0.684151895407365,0.2965193215542456,0.20741494858105267,0.5773421978496676,0,0.001980171469589176,-0.0022365328381954985,0.001362841207827171
12::single::audio::17,12,13,audio,17,18,Neutral,0.01938757429791269,0.6841131695751426,0.2964992561269448,0.2076890194522483,0.5706527163002116,0,0.002018897301811595,-0.0025106037093911293,0.0014278826024709858
12::single::audio::18,12,13,audio,18,19,Neutral,0.019338047379805087,0.6839761372416571,0.29668581537853794,0.20770602393895388,0.5753329875207764,0,0.0021559296352970936,-0.002527608196096709,0.0014992328503313317
12::single::audio::19,12,13,audio,19,20,Neutral,0.0194281454884606,0.6843008187285907,0.2962710357829486,0.20682193485221692,0.5713512389763834,0,0.0018312481483634402,-0.0016435191093597534,0.001189543925741679
12::single::audio::20,12,13,audio,20,21,Neutral,0.019373060501110973,0.6845068963795479,0.2961200431193412,0.2073925222669329,0.5762484357576935,0,0.001625170497406292,-0.0022141065240757207,0.001181603002715766
12::single::audio::21,12,13,audio,21,22,Neutral,0.019444325804849207,0.6835051868189768,0.29705048737617407,0.20794924268765108,0.5728061455568269,0,0.0026268800579773988,-0.0027708269447939138,0.001775244519787685
12::single::audio::22,12,13,audio,22,23,Neutral,0.01935067816466423,0.6850975450150187,0.29555177682031714,0.20615855883806944,0.5823928130883052,0,0.0010345218619354224,-0.0009801430952122714,0.0006806181135030898
12::single::audio::23,12,13,audio,23,24,Neutral,0.019259155559003868,0.6855320215228615,0.2952088229181347,0.20568689477763005,0.584760878931088,0,0.0006000453540926376,-0.0005084790347728851,0.00038476918284179967
12::single::audio::24,12,13,audio,24,25,Neutral,0.01918125880589575,0.687338662419735,0.2934800787743694,0.20347114033730967,0.5975589188126096,0,-0.0012065955427807973,0.0017072754055474926,0.0008878436723149807
12::single::audio::25,12,13,audio,25,26,Neutral,0.019194329853220785,0.6852402210819839,0.29556544906479537,0.20646229798772506,0.5872805020087134,0,0.0008918457949702585,-0.00128388224486789,0.0006599032716297776
12::single::audio::26,12,13,audio,26,27,Neutral,0.019253857679554624,0.6870593021797561,0.29368684014068924,0.20375065016560256,0.5985884738260194,0,-0.0009272353028019209,0.0014277655772546027,0.0007015785809433942
12::single::audio::27,12,13,audio,27,28,Neutral,0.019233816087141878,0.6841083446935015,0.2966578392193566,0.2074802042916417,0.5806409168270639,0,0.002023722183452703,-0.0023017885487845446,0.0013954925165237757
12::single::audio::28,12,13,audio,28,29,Neutral,0.019235072908188308,0.6850815556514197,0.29568337144039203,0.20676151776154125,0.5852033343903577,0,0.0010505112255344562,-0.001583102018684085,0.0007891059492145757
12::single::audio::29,12,13,audio,29,30,Neutral,0.01933756908482858,0.6837575688903498,0.29690486202482164,0.20801284616546972,0.5728361561148384,0,0.0023744979866043847,-0.002834430422612555,0.0016596540637376183
12::single::audio::30,12,13,audio,30,31,Neutral,0.01920993206865925,0.6847462067209227,0.296043861210418,0.20726692463670457,0.5778663952135374,0,0.001385860156031482,-0.0020885088938474017,0.0010410148936569746
12::single::audio::31,12,13,audio,31,32,Neutral,0.019411414974064258,0.6837582559630719,0.29683032906286383,0.20767693161698325,0.5754076568868829,0,0.002373810913882224,-0.0024985158741260838,0.0016033247692954593
12::single::vision::0,12,13,vision,0,1,Neutral,0.018504529637079582,0.6774884262657862,0.30400704409713414,0.2209796803072095,0.5489577384730513,0,0.008643640611167958,-0.015801264564352324,0.0069553643996426995
12::single::vision::1,12,13,vision,1,2,Neutral,0.0188057643396546,0.6760206940159958,0.3051735416443495,0.22224218118935823,0.5245802645834653,0,0.010111372860958312,-0.017063765446501067,0.007899647338229334
12::single::vision::2,12,13,vision,2,3,Neutral,0.01879323625567827,0.6760486619213223,0.30515810182299946,0.22225058983479226,0.5248094137426887,0,0.01008340495563187,-0.017072174091935094,0.007887064826471784
12::single::vision::3,12,13,vision,3,4,Neutral,0.018801352387834456,0.6760652765662193,0.30513337104594623,0.22217855336410658,0.524820484045059,0,0.010066790310734874,-0.01700013762124941,0.007866751425575672
12::single::vision::4,12,13,vision,4,5,Neutral,0.01880409176620196,0.6760719258122543,0.30512398242154376,0.22215470299124718,0.5248301057586396,0,0.010060141064699879,-0.01697628724839001,0.007859451740414941
12::single::vision::5,12,13,vision,5,6,Neutral,0.018796867359365126,0.6760323391233269,0.30517079351730797,0.22232539792146003,0.5248015522155106,0,0.010099727753627219,-0.01714698217860286,0.007907694239914087
12::single::vision::6,12,13,vision,6,7,Neutral,0.018798703716420766,0.6760555911711715,0.3051457051124077,0.22225495374628476,0.5248243130261349,0,0.010076475705782628,-0.017076538003427594,0.007884327520129247
12::single::vision::7,12,13,vision,7,8,Neutral,0.01879578174334267,0.6760603590031016,0.30514385925355575,0.22222066830311502,0.5248374361974107,0,0.010071707873852587,-0.017042252560257848,0.007876229363635934
12::single::vision::8,12,13,vision,8,9,Neutral,0.018811358196482757,0.6761108976856074,0.30507774411790983,0.22210226793374335,0.5249690401674906,0,0.010021169191346768,-0.016923852190886185,0.007831226627487748
12::single::vision::9,12,13,vision,9,10,Neutral,0.018803717756148808,0.6760654325337426,0.3051308497101087,0.2221644866679396,0.5248075336129039,0,0.010066634343211533,-0.01698607092508242,0.007864328992452837
12::single::vision::10,12,13,vision,10,11,Neutral,0.018803626742620753,0.6760658536639431,0.3051305195934361,0.2222420195383685,0.5248841111806868,0,0.010066213213011044,-0.017063603795511334,0.007877040572424077
12::single::vision::11,12,13,vision,11,12,Neutral,0.018799504422764797,0.6760517053560563,0.30514879022117886,0.2222812862268516,0.5248306173616469,0,0.010080361520897863,-0.01710287048399442,0.007890659174448
12::single::vision::12,12,13,vision,12,13,Neutral,0.018812093434163384,0.6760838210464012,0.3051040855194355,0.2220218868127891,0.5247597287488194,0,0.010048245830552971,-0.01684347106993192,0.007831368093598473
12::single::vision::13,12,13,vision,13,14,Neutral,0.018821857470162007,0.6761333372756662,0.3050448052541718,0.22190263069101743,0.5248641221809626,0,0.009998729601288003,-0.01672421494816026,0.007786733958670711
12::single::vision::14,12,13,vision,14,15,Neutral,0.018800786364773187,0.676062958880953,0.30513625475427386,0.22225167974829674,0.5248569189619426,0,0.010069107996001136,-0.01707326400543957,0.007880097998907163
12::single::vision::15,12,13,vision,15,16,Neutral,0.01880324248551847,0.6760632431123917,0.3051335144020898,0.2221729845872947,0.5247825013739665,0,0.010068823764562418,-0.016994568844437535,0.007866840023020799
12::single::vision::16,12,13,vision,16,17,Neutral,0.018805662598775974,0.6760669430377695,0.3051273943634545,0.2221541367471218,0.5247822545905705,0,0.010065123839184675,-0.016975721004264643,0.007861848753636444
12::single::vision::17,12,13,vision,17,18,Neutral,0.01879254098185389,0.6760403053980494,0.3051671536200967,0.2223675213754177,0.5248586177725593,0,0.010091761478904782,-0.017189105632560542,0.007910731678212482
12::single::vision::18,12,13,vision,18,19,Neutral,0.018803492592141046,0.6760773133465557,0.30511919406130317,0.2221948935517243,0.5248721358450897,0,0.01005475353039842,-0.017016477808867142,0.0078634564000104
12::single::vision::19,12,13,vision,19,20,Neutral,0.01880710536051146,0.676073108220878,0.30511978641861054,0.22218541641320502,0.5248422381081466,0,0.0100589586560762,-0.017007000670347855,0.007863979439762742
12::single::vision::20,12,13,vision,20,21,Neutral,0.01880269535999834,0.6760718928617264,0.3051254117782752,0.22223023059112684,0.5248797109701608,0,0.01006017401522774,-0.017051814848269675,0.007872056148992149
12::single::vision::21,12,13,vision,21,22,Neutral,0.018804930795279715,0.6760740512214777,0.3051210179832426,0.22218412214091846,0.5248457715143182,0,0.010058015655476482,-0.017005706398061288,0.007863292227415122
12::single::vision::22,12,13,vision,22,23,Neutral,0.018804406422691385,0.6760680686301485,0.3051275249471601,0.22217277171356337,0.5248057290160575,0,0.010063998246805705,-0.0169943559707062,0.00786439178518722
12::single::vision::23,12,13,vision,23,24,Neutral,0.018775713694319313,0.6760209933729122,0.3052032929327685,0.22257170985851968,0.5249856334246535,0,0.010111073504041945,-0.01739329411566251,0.007954419104631391
12::single::vision::24,12,13,vision,24,25,Neutral,0.018801144072688517,0.6760622677909043,0.30513658813640726,0.22219501701848848,0.5248216474692196,0,0.01006979908604988,-0.017016601275631316,0.00787099975563016
12::single::vision::25,12,13,vision,25,26,Neutral,0.01880244611669307,0.6760686985565036,0.3051288553268033,0.2221528041575636,0.5248123381813745,0,0.010063368320450516,-0.016974388414706443,0.007860748896009665
12::single::vision::26,12,13,vision,26,27,Neutral,0.018804008529840363,0.6760576645613283,0.30513832690883136,0.22213121450373105,0.524737686728474,0,0.010074402315625841,-0.016952798760873883,0.007862667617958568
12::single::vision::27,12,13,vision,27,28,Neutral,0.018794091968073197,0.6760465423885634,0.3051593656433634,0.22223724265183722,0.5247803473845102,0,0.010085524488390729,-0.017058826908980057,0.007885900062358708
12::single::vision::28,12,13,vision,28,29,Neutral,0.01879680319614156,0.6760518605140536,0.3051513362898049,0.22224189607160433,0.5247879146661186,0,0.010080206362900523,-0.01706348032874716,0.007884016569574789
12::single::vision::29,12,13,vision,29,30,Neutral,0.018818955659977554,0.6761646461741981,0.3050163981658243,0.2219039462506771,0.5250352251581127,0,0.009967420702756025,-0.01672553050781994,0.007771298769348003
12::single::vision::30,12,13,vision,30,31,Neutral,0.01880022944959537,0.6760265295746026,0.305173240975802,0.22227497984256064,0.5247442296407856,0,0.01010553730235153,-0.017096564099703476,0.007902196001126344
12::single::vision::31,12,13,vision,31,32,Neutral,0.019607081002337032,0.654639465255672,0.32575345374199105,0.23974507727793284,0.3491576045189906,0,0.0314926016212822,-0.03456666153507568,0.021507411066487046
13::single::text::0,13,14,text,0,1,Positive,0.015987362698900907,0.45591634093408234,0.5280962963670167,0.462475312607629,1.0,0,-0.013509423204826954,-0.023270649750486205,0.01063315322749451
13::single::text::1,13,14,text,1,2,Positive,0.01579587796799652,0.45546673567067997,0.5287373863613236,0.4641251947198595,1.0,0,-0.014150513199133852,-0.024920531862716755,0.011228678576686385
13::single::text::2,13,14,text,2,3,Positive,0.01558994200638166,0.4763872286435481,0.5080228293500703,0.43388763070106506,1.0,0,0.006564043812119502,0.005317032156077706,0.004168193932072702
13::single::text::3,13,14,text,3,4,Positive,0.015791610884844303,0.4767904291570624,0.5074179599580932,0.4320334323814937,1.0,0,0.0071689132040965164,0.007171230475649049,0.0047796616813231
13::single::text::4,13,14,text,4,5,Positive,0.015694412689033113,0.4687257275320746,0.5155798597788923,0.44135184798921856,1.0,0,-0.0009929866167025514,-0.0021471851320757906,0.0008543574970305741
13::single::text::5,13,14,text,5,6,Positive,0.015688589443273542,0.48497119984534875,0.4993402107113778,0.40214397438934874,1.0,0,0.015246662450811965,0.037060688467794034,0.013800112636704987
13::single::text::6,13,14,text,6,7,Positive,0.015895092226355524,0.485133574381072,0.49897133339257244,0.40080541585172924,1.0,0,0.015615539769617326,0.03839924700541353,0.014207644385710917
13::single::text::7,13,14,text,7,8,Positive,0.015164505297250715,0.48059313657052005,0.5042423581322292,0.4328780472278595,1.0,0,0.010344515029960588,0.006326615629283272,0.0062266934531941725
13::single::text::8,13,14,text,8,9,Positive,0.015307084741420774,0.4611499805711742,0.523542934687405,0.44254767894744873,1.0,0,-0.00895606152521522,-0.0033430160903059614,0.005035200110991937
13::single::text::9,13,14,text,9,10,Positive,0.015350603598887149,0.46099589666937957,0.5236534997317334,0.4428384133747646,1.0,0,-0.009066626569543601,-0.0036337505176218254,0.005138938371042105
13::single::text::10,13,14,text,10,11,Positive,0.01566518114304183,0.47780045974866314,0.506534359108295,0.43191653915813993,1.0,0,0.008052514053894733,0.007288123699002835,0.005240944310114505
13::single::text::11,13,14,text,11,12,Positive,0.015544305172245343,0.4348493124321248,0.5496063823956299,0.47132853099278044,1.0,0,-0.035019509233440105,-0.03212386813563767,0.02286373263932633
13::single::text::12,13,14,text,12,13,Positive,0.015422411443718921,0.43438024238055567,0.5501973461757255,0.4719086970601763,1.0,0,-0.035610473013535704,-0.03270403420303353,0.023255908873940107
13::single::text::13,13,14,text,13,14,Positive,0.01556560040201747,0.46987921281167855,0.514555186786304,0.4411219613892691,1.0,0,3.16863758857977e-05,-0.0019172985321263547,0.0003353929432972913
13::single::text::14,13,14,text,14,15,Positive,0.015943566906385823,0.4737191520669908,0.5103372810266233,0.42365470954350065,1.0,0,0.004249592135566416,0.015549953313642118,0.004716454953390228
13::single::text::15,13,14,text,15,16,Positive,0.015809430648876802,0.4735638459047921,0.5106267234463311,0.42535202843802317,1.0,0,0.003960149715858674,0.013852634419119603,0.004288847261115938
13::single::text::16,13,14,text,16,17,Positive,0.01551819597611674,0.4780981897158502,0.506383614308033,0.4274354321616037,1.0,0,0.008203258854156736,0.01176923069553909,0.006063167876334883
13::single::text::17,13,14,text,17,18,Positive,0.014921801432839655,0.4581650646017113,0.526913133965449,0.4598904422351292,1.0,0,-0.01232626080325927,-0.020685779377986435,0.009610760297960708
13::single::text::18,13,14,text,18,19,Positive,0.014934254768606976,0.4587523261977639,0.5263134190336292,0.46019898993628366,1.0,0,-0.011726545871439398,-0.020994327079140895,0.009362327448909849
13::single::text::19,13,14,text,19,20,Positive,0.015357780382775578,0.4784969488912104,0.506145270726014,0.42796192850385395,1.0,0,0.008441602436175755,0.011242734353288819,0.006094590276969347
13::single::text::20,13,14,text,20,21,Positive,0.01552423156240268,0.47890916230086955,0.5055666061367278,0.4265689935003008,1.0,0,0.009020267025461992,0.012635669356841961,0.0066160784055379895
13::single::text::21,13,14,text,21,22,Positive,0.015111948222394528,0.4772357703972949,0.5076522813803105,0.42891867458820343,1.0,0,0.0069345917818792735,0.010285988268939339,0.0051816272690961935
13::single::text::22,13,14,text,22,23,Positive,0.015040779143705954,0.4590362582130531,0.525922962643241,0.45991307497024536,1.0,0,-0.011336089481051248,-0.020708412113102592,0.009119446759376057
13::single::text::23,13,14,text,23,24,Positive,0.015166984676641342,0.45927711888355904,0.5255558964397997,0.45875485454286846,1.0,0,-0.010969023277609957,-0.019550191685725693,0.00874287691975926
13::single::text::24,13,14,text,24,25,Positive,0.015299477682739456,0.4727413188011764,0.5119592035160841,0.44184681347438265,1.0,0,0.0026276696461056126,-0.00264215061723988,0.001754193259259453
13::single::text::25,13,14,text,25,26,Positive,0.015814669693999448,0.4627739922961229,0.5214113380098776,0.44821883525167194,1.0,0,-0.006824464847687839,-0.009014172394529174,0.004914594489598782
13::single::text::26,13,14,text,26,27,Positive,0.01577358296852447,0.462608654253092,0.5216177627783836,0.4488599342959268,1.0,0,-0.007030889616193803,-0.00965527143878403,0.005124656714560906
13::single::text::27,13,14,text,27,28,Positive,0.015543009750788938,0.4588961460528869,0.5255608441963241,0.4542007105691092,1.0,0,-0.010973971034134333,-0.014996047711966443,0.007986326802394908
13::single::text::28,13,14,text,28,29,Positive,0.015863978732656117,0.36813124018506244,0.6160047810822814,0.47285573397363934,1.0,0,-0.10141790792009164,-0.03365107111649657,0.05631746581279525
13::single::text::29,13,14,text,29,30,Positive,0.015665146676111893,0.3674648472872494,0.6168700060366387,0.4751014752047403,1.0,0,-0.1022831328744489,-0.035896812347597506,0.05712436849515737
13::single::text::30,13,14,text,30,31,Positive,0.015265003861826516,0.47850182919460554,0.506233166943568,0.43428716914994375,1.0,0,0.008353706218621748,0.004917493707199017,0.004996435393844044
13::single::text::31,13,14,text,31,32,Positive,0.015092924352855513,0.48151201060864307,0.5033950650385015,0.42289469071796965,1.0,0,0.011191808123688252,0.016309972139173123,0.008314232751706313
13::single::text::32,13,14,text,32,33,Positive,0.015093631288939872,0.4813170436726581,0.503589325038402,0.4232012799807957,1.0,0,0.010997548123787726,0.01600338287634706,0.00816600454128504
13::single::text::33,13,14,text,33,34,Positive,0.015372488058169388,0.4829098148564646,0.501717697085366,0.41652744156973703,1.0,0,0.012869176076823807,0.022677221287405736,0.010214124919646192
13::single::text::34,13,14,text,34,35,Positive,0.015149397163740853,0.4819573585819575,0.5028932442543017,0.4143746814557484,1.0,0,0.011693628907888054,0.024829981401394363,0.009985144687509755
13::single::text::35,13,14,text,35,36,Positive,0.015349096007225822,0.4817819976163705,0.5028689063764036,0.41401335809912,1.0,0,0.011717966785786182,0.02519130475802278,0.010057534185896888
13::single::text::36,13,14,text,36,37,Positive,0.016608042924501763,0.47221637184233173,0.5111755852331665,0.4239646536963327,1.0,0,0.0034112879290232323,0.015240009160810086,0.004245645491313297
13::single::audio::0,13,14,audio,0,1,Positive,0.01568678458343366,0.4691504385432585,0.5151627768733079,0.44060936144420076,1.0,0,-0.0005759037111181531,-0.0014046985870579953,0.0005220682867354091
13::single::audio::1,13,14,audio,1,2,Positive,0.01564326926311344,0.472245735232479,0.5121109955044076,0.43116489904267447,1.0,0,0.0024758776577821218,0.008039763814468304,0.0025778994646357785
13::single::audio::2,13,14,audio,2,3,Positive,0.015704786321363233,0.46953185675120485,0.5147633569274319,0.43838215300015043,1.0,0,-0.00017648376524215248,0.0008225098569923373,0.00022532685878646577
13::single::audio::3,13,14,audio,3,4,Positive,0.01575607926136634,0.468262148588664,0.5159817721499697,0.43924589668001446,1.0,0,-0.0013948989877798912,-4.1233822871689085e-05,0.0007043217977018937
13::single::audio::4,13,14,audio,4,5,Positive,0.01578291680177211,0.4684988731925117,0.5157182100057162,0.43874816809381756,1.0,0,-0.0011313368435263982,0.00045649476332521033,0.0006417508823174008
13::single::audio::5,13,14,audio,5,6,Positive,0.015775207604737048,0.4690720683971169,0.515152723998146,0.4381671505314963,1.0,0,-0.000565850835956283,0.0010375123256464724,0.00045584413891922027
13::single::audio::6,13,14,audio,6,7,Positive,0.015733894293448982,0.4718552106774803,0.5124108950290707,0.43643598897116526,1.0,0,0.002175978133119094,0.002768673885977513,0.0015494347142224658
13::single::audio::7,13,14,audio,7,8,Positive,0.015856644924175094,0.4608288442273284,0.5233145108484965,0.44221258589199613,1.0,0,-0.008727637686306688,-0.003007923034853366,0.0048651393489622385
13::single::audio::8,13,14,audio,8,9,Positive,0.015724249014273745,0.4702200939652808,0.5140556570204454,0.4382413327693939,1.0,0,0.0005312161417443395,0.0009633300877488482,0.0004261630854969778
13::single::audio::9,13,14,audio,9,10,Positive,0.01574041518301487,0.4693514184440524,0.5149081663729327,0.43974178603717257,1.0,0,-0.0003212932107429234,-0.0005371231800297971,0.0002501671353764279
13::single::audio::10,13,14,audio,10,11,Positive,0.015542461977320223,0.4890811754366148,0.49537636258606493,0.4155903330871037,1.0,0,0.01921051057612483,0.023614329770039078,0.01354097691640226
13::single::audio::11,13,14,audio,11,12,Positive,0.015683438243087957,0.4735700833909164,0.5107464783659956,0.4345740867512567,1.0,0,0.0038403947961941354,0.004630576105886075,0.0026919600824114134
13::single::audio::12,13,14,audio,12,13,Positive,0.015691908598720845,0.47301789212280826,0.5112901992784709,0.435309961438179,1.0,0,0.0032966738837189036,0.003894701418963753,0.0022974538450200774
13::single::audio::13,13,14,audio,13,14,Positive,0.01571279125554221,0.47274068210806164,0.5115465266363961,0.4351300724915096,1.0,0,0.003040346525793658,0.0040745903656331794,0.0021992716571690254
13::single::audio::14,13,14,audio,14,15,Positive,0.01574349083915573,0.46433907759362303,0.5199174315672214,0.4465252161026001,1.0,0,-0.005330558405031605,-0.0073205532454573286,0.003885371410092024
13::single::audio::15,13,14,audio,15,16,Positive,0.015745813408870067,0.46775197809724023,0.5165022084938897,0.44199284485408236,1.0,0,-0.0019153353316999633,-0.002788181996939587,0.001422364665339913
13::single::audio::16,13,14,audio,16,17,Positive,0.015748461165243793,0.46843163302080953,0.5158199058139468,0.439584344625473,1.0,0,-0.0012330326517570045,-0.00037968176833025336,0.0006797966206002112
13::single::audio::17,13,14,audio,17,18,Positive,0.01576418177290642,0.4711614849978175,0.5130743332292761,0.43701385600226267,1.0,0,0.0015125399329136702,0.0021908068548801007,0.0011214044422701852
13::single::audio::18,13,14,audio,18,19,Positive,0.01569310127560194,0.4714756028465384,0.5128312958778597,0.4373393569673811,1.0,0,0.0017555772843300677,0.0018653058897616925,0.0011886729571253158
13::single::audio::19,13,14,audio,19,20,Positive,0.015743231284014038,0.4683817223913273,0.5158750463246586,0.44032383816582815,1.0,0,-0.0012881731624688753,-0.0011191753086853828,0.0008306157993486681
13::single::audio::20,13,14,audio,20,21,Positive,0.015724453083105234,0.46750179604260617,0.5167737508742886,0.4423659486430032,1.0,0,-0.0021868777120988003,-0.003161285785860446,0.0016203198203594746
13::single::audio::21,13,14,audio,21,22,Positive,0.01575855711322646,0.465261503758273,0.5189799391285006,0.4442592263221741,1.0,0,-0.0043930659663108385,-0.005054563465031303,0.003038960227327303
13::single::audio::22,13,14,audio,22,23,Positive,0.015682497753345428,0.4698314098518206,0.514486092394834,0.43973201513290405,1.0,0,0.00010078076735575703,-0.0005273522757612836,0.00013828242963809245
13::single::audio::23,13,14,audio,23,24,Positive,0.01570308153290882,0.47045627229898107,0.5138406461681102,0.4399680495262146,1.0,0,0.0007462269940795574,-0.0007633866690718305,0.0005003446085517504
13::single::audio::24,13,14,audio,24,25,Positive,0.015744665530722398,0.46589113923690767,0.5183641952323699,0.4467599391937256,1.0,0,-0.0037773220701801113,-0.007555276336582817,0.0031478737578538585
13::single::audio::25,13,14,audio,25,26,Positive,0.015760387578958313,0.46543066472199296,0.5188089476990487,0.4473733391080584,1.0,0,-0.004222074536858966,-0.008168676250915607,0.0034724833102487513
13::single::audio::26,13,14,audio,26,27,Positive,0.015764410073235046,0.465306445894323,0.5189291440324421,0.44737337742533,1.0,0,-0.004342270870252296,-0.00816871456818724,0.003532587863157355
13::single::audio::27,13,14,audio,27,28,Positive,0.015759610668843727,0.4645621597592233,0.5196782295719329,0.4482637047767639,1.0,0,-0.00509135640974312,-0.009059041919621147,0.004055518524808417
13::single::audio::28,13,14,audio,28,29,Positive,0.015687290012193367,0.46653837728884723,0.5177743326989594,0.4459243757384164,1.0,0,-0.003187459536769688,-0.006719712881273654,0.0027136819152637865
13::single::audio::29,13,14,audio,29,30,Positive,0.01579065592502738,0.4650370116569993,0.5191723324179734,0.4458931727068765,1.0,0,-0.004585459255783686,-0.006688509849733737,0.0034074812695141328
13::single::audio::30,13,14,audio,30,31,Positive,0.015719087538142648,0.4691262353109339,0.5151546771509236,0.44113097872052875,1.0,0,-0.0005678039887337949,-0.0019263158633859856,0.0006049546382645616
13::single::audio::31,13,14,audio,31,32,Positive,0.01572661929633105,0.46898452492773846,0.5152888557759305,0.4412709389414106,1.0,0,-0.0007019826137407703,-0.0020662760842678485,0.00069537065424836
13::single::audio::32,13,14,audio,32,33,Positive,0.015733038888197298,0.4688009911458416,0.5154659699659612,0.4414413103035518,1.0,0,-0.0008790968037714064,-0.002236647446409057,0.0008123229762872126
13::single::audio::33,13,14,audio,33,34,Positive,0.01567566794361272,0.4719305337731142,0.512393798283273,0.4370990310396467,1.0,0,0.0021930748789167342,0.0021056318174960675,0.0014474760757077116
13::single::audio::34,13,14,audio,34,35,Positive,0.015712900205649662,0.47034442806717397,0.5139426717271764,0.43920337302344187,1.0,0,0.0006442014350133141,1.2898337009015215e-06,0.00032231568979014064
13::single::audio::35,13,14,audio,35,36,Positive,0.015777231511845704,0.46693947606462904,0.5172832924235253,0.44248824034418377,1.0,0,-0.0026964192613355698,-0.0032835774870410006,0.0018954725451746182
13::single::audio::36,13,14,audio,36,37,Positive,0.015750812305320726,0.4649585071901121,0.5192906805045673,0.4448631320680891,1.0,0,-0.0047038073423775195,-0.005658469210946315,0.0032949818730131455
13::single::vision::0,13,14,vision,0,1,Positive,0.015747778594316624,0.46979510057483653,0.5144571208308469,0.4378982314041683,1.0,0,0.00012975233134282504,0.001306431452974488,0.00028261474116716056
13::single::vision::1,13,14,vision,1,2,Positive,0.015738821552858828,0.4697764547826191,0.5144847236645221,0.43777282748903545,1.0,0,0.00010214949766762516,0.0014318353681073148,0.0002897139768516984
13::single::vision::2,13,14,vision,2,3,Positive,0.015690136873577402,0.4698636905592747,0.514446172567148,0.43800810830933706,1.0,0,0.00014070059504178722,0.001196554547805706,0.00026977605548851125
13::single::vision::3,13,14,vision,3,4,Positive,0.015728386809955815,0.469448282096769,0.5148233310932753,0.4387410751410893,1.0,0,-0.00023645793108550972,0.0004635877160534818,0.00019549358488500185
13::single::vision::4,13,14,vision,4,5,Positive,0.015684487813337665,0.469336212887684,0.5149792992989783,0.43940190758023945,1.0,0,-0.00039242613678858174,-0.00019724472309667895,0.00022908718891040403
13::single::vision::5,13,14,vision,5,6,Positive,0.015631910350159095,0.4691361251058877,0.5152319645439533,0.44020673632621765,1.0,0,-0.0006450913817634962,-0.0010020734690748823,0.0004895579357275618
13::single::vision::6,13,14,vision,6,7,Positive,0.01572635527136309,0.4692545281628535,0.5150191165657834,0.43930017948150635,1.0,0,-0.0004322434035936018,-9.551662436357855e-05,0.00023204113919073066
13::single::vision::7,13,14,vision,7,8,Positive,0.015739996444555,0.4696187843111389,0.5146412192443061,0.43840491771698,1.0,0,-5.434608211629666e-05,0.0007997451401627886,0.00016046389775194644
13::single::vision::8,13,14,vision,8,9,Positive,0.01569340402700826,0.4695885003897949,0.5147180955831968,0.4387686252593994,1.0,0,-0.00013122242100704895,0.00043603759774335504,0.0001382841434607503
13::single::vision::9,13,14,vision,9,10,Positive,0.01568276066651907,0.4695677195982214,0.5147495197352595,0.43889668583869934,1.0,0,-0.00016264657306974684,0.0003079770184434283,0.00013265278960877813
13::single::vision::10,13,14,vision,10,11,Positive,0.015705361583391267,0.4694344516644706,0.5148601867521382,0.438644426209586,1.0,0,-0.0002733135899484207,0.0005602366475567777,0.00023002956956700665
13::single::vision::11,13,14,vision,11,12,Positive,0.015711150461544206,0.46948335033177735,0.5148054992066785,0.4384773245879582,1.0,0,-0.00021862604448874556,0.0007273382691845853,0.00023053606710847035
13::single::vision::12,13,14,vision,12,13,Positive,0.01568098388408049,0.46943192781734616,0.5148870882985733,0.43881516797201975,1.0,0,-0.0003002151363835637,0.00038949488512302066,0.00021502338237895197
13::single::vision::13,13,14,vision,13,14,Positive,0.015692218397182302,0.46932544147694966,0.5149823401258681,0.4388664151941027,1.0,0,-0.0003954669636783148,0.000338247663040081,0.0002541080923458376
13::single::vision::14,13,14,vision,14,15,Positive,0.015821319809587887,0.4698780504160866,0.5143006297743256,0.4371610794748579,1.0,0,0.00028624338786420456,0.002043583382284886,0.0004837189243129166
13::single::vision::15,13,14,vision,15,16,Positive,0.015773158654761702,0.4702576105563576,0.5139692307888807,0.435940934079034,1.0,0,0.0006176423733090797,0.0032637287781087654,0.0008527759830060008
13::single::vision::16,13,14,vision,16,17,Positive,0.0156777748055002,0.47013956552310754,0.5141826596713922,0.4370159549372537,1.0,0,0.00040421349079755586,0.0021887079198890658,0.0005668913987136222
13::single::vision::17,13,14,vision,17,18,Positive,0.01568925715749853,0.46989591904523015,0.5144148237972713,0.4372794032096863,1.0,0,0.00017204936491843625,0.0019252596474564898,0.0004069012903686331
13::single::vision::18,13,14,vision,18,19,Positive,0.01574607813968193,0.4699451451311236,0.5143087767291945,0.4365785930837904,1.0,0,0.0002780964329952562,0.0026260697733523908,0.0005767265120563598
13::single::vision::19,13,14,vision,19,20,Positive,0.01574900124694965,0.4705387761490707,0.5137122226039796,0.43538793495723177,1.0,0,0.0008746505582101216,0.003816727899910999,0.001073446595756894
13::single::vision::20,13,14,vision,20,21,Positive,0.015723889846958945,0.4694383159654601,0.514837794187581,0.43789029121398926,1.0,0,-0.0002509210253912597,0.0013143716431535113,0.0003445224532212151
13::single::vision::21,13,14,vision,21,22,Positive,0.015735451738093858,0.46943631577212724,0.5148282324897788,0.4384850689343044,1.0,0,-0.00024135932758906353,0.0007195939228383796,0.00024061198426759506
13::single::vision::22,13,14,vision,22,23,Positive,0.015723450536949755,0.4697051581147981,0.5145713913482521,0.43781520639147076,1.0,0,1.548181393762338e-05,0.001389456465672012,0.0002393169845808137
13::single::vision::23,13,14,vision,23,24,Positive,0.015723504195520734,0.4694378647251907,0.5148386310792885,0.4384185714381082,1.0,0,-0.0002517579170987494,0.0007860914190345736,0.000256894195055137
13::single::vision::24,13,14,vision,24,25,Positive,0.0157236299416423,0.46970379534397233,0.5145725747143854,0.43780581440244404,1.0,0,1.4298447804317327e-05,0.0013988484546987312,0.00024029063301861386
13::single::vision::25,13,14,vision,25,26,Positive,0.015722872997295842,0.4696701915925906,0.5146069354101136,0.43786259634154184,1.0,0,-2.0062247923835486e-05,0.001342066515600926,0.00023370887656207207
13::single::vision::26,13,14,vision,26,27,Positive,0.01570869668783933,0.4696186681343672,0.5146726351777935,0.43799833740506855,1.0,0,-8.576201560372976e-05,0.0012063254520742195,0.00024393524981423478
13::single::vision::27,13,14,vision,27,28,Positive,0.015719871115376288,0.4696508576546766,0.5146292712299472,0.4378730697291238,1.0,0,-4.239806775740984e-05,0.0013315931280189486,0.000243131221881863
13::single::vision::28,13,14,vision,28,29,Positive,0.01579988727352719,0.469814774024894,0.5143853387015788,0.4374788062913077,1.0,0,0.000201534460610997,0.001725856565835071,0.00038840999127801035
13::single::vision::29,13,14,vision,29,30,Positive,0.015736969317667732,0.469669320370403,0.5145937103119294,0.4378543325832912,1.0,0,-6.837149739591375e-06,0.0013503302738515632,0.0002284736205117229
13::single::vision::30,13,14,vision,30,31,Positive,0.01570451504528488,0.4699804298871717,0.5143150550675435,0.43691513368061613,1.0,0,0.00027181809464627005,0.002289529176526639,0.0005174972434109082
13::single::vision::31,13,14,vision,31,32,Positive,0.015726034255906147,0.4695843814972073,0.5146895842468865,0.4377890186650412,1.0,0,-0.00010271108469672718,0.0014156441921015506,0.0002872962410319554
13::single::vision::32,13,14,vision,32,33,Positive,0.01574886840044457,0.46947271592592715,0.5147784156736283,0.43777416007859365,1.0,0,-0.00019154251143849166,0.0014305027785491142,0.00033418838547743157
13::single::vision::33,13,14,vision,33,34,Positive,0.015725397845658916,0.4700491449301154,0.5142254572242256,0.43674185446330477,1.0,0,0.00036141593796412685,0.0024628083938380008,0.0005911760346217303
13::single::vision::34,13,14,vision,34,35,Positive,0.015737629688369243,0.46958502269809327,0.5146773476135376,0.43730657015527996,1.0,0,-9.047445134779952e-05,0.001898092701862808,0.0003615860093177011
13::single::vision::35,13,14,vision,35,36,Positive,0.015715395439687432,0.47090906975548946,0.5133755348048231,0.4352423506123679,1.0,0,0.0012113383573666425,0.00396231224477489,0.0012660545528124698
13::single::vision::36,13,14,vision,36,37,Positive,0.01573369316428629,0.4696451979315162,0.5146211089041974,0.4384089069707053,1.0,0,-3.42357420076711e-05,0.0007957558864374881,0.00014974385207675023
14::single::text::0,14,15,text,0,1,Positive,0.011595734195920908,0.031862197145298136,0.956542068658781,1.050443478993007,1.0,0,-0.0017980982336546214,-0.03827231756443572,0.0072777687108999305
14::single::text::1,14,15,text,1,2,Positive,0.011535155226601207,0.03147762834566704,0.9569872164277318,1.0524428231375558,1.0,0,-0.0022432460026053924,-0.04027166170898444,0.00783356661946677
14::single::text::2,14,15,text,2,3,Positive,0.012198610605357575,0.03809128584849764,0.9497101035461448,0.9244871480124337,1.0,0,0.005033866878981552,0.08768401341613763,0.017130935675513714
14::single::text::3,14,15,text,3,4,Positive,0.011583866810423305,0.03272358584348885,0.9556925473460879,1.0108501059668404,1.0,0,-0.000948576920961508,0.0013210554617308912,0.0006944643707692358
14::single::text::4,14,15,text,4,5,Positive,0.01153152105265422,0.03256700664325868,0.9559014723040871,1.0123946837016515,1.0,0,-0.0011575018789606872,-0.00022352227308020112,0.0006160046516603771
14::single::text::5,14,15,text,5,6,Positive,0.01123776899749501,0.03632505507048091,0.952437175932024,0.9975789359637669,1.0,0,0.0023067944931023376,0.014592225464804431,0.003585434824018574
14::single::text::6,14,15,text,6,7,Positive,0.011968515882262264,0.03413546804487748,0.9538960160728602,0.9944611958095005,1.0,0,0.0008479543522661448,0.01770996561907079,0.0033756381126448707
14::single::text::7,14,15,text,7,8,Positive,0.01246683466844274,0.03253653614851236,0.9549966291830448,1.0344348634992326,1.0,0,-0.0002526587579184669,-0.022263702070661306,0.003836946390736118
14::single::text::8,14,15,text,8,9,Positive,0.012398123348067572,0.032642201778113965,0.9549596748738185,1.0334232704980033,1.0,0,-0.00021570444869212224,-0.02125210906943198,0.003649870402584724
14::single::text::9,14,15,text,9,10,Positive,0.01371460188370579,0.03549295285626702,0.9507924452600273,0.9944554397038051,1.0,0,0.003951525165099112,0.01771572172476621,0.004928382870010592
14::single::text::10,14,15,text,10,11,Positive,0.012204272920964786,0.03510153431585521,0.95269419276318,0.9896013055528913,1.0,0,0.0020497776619463615,0.022569855875680056,0.004786531476919856
14::single::text::11,14,15,text,11,12,Positive,0.011696215672300534,0.03318665615740636,0.9551171281702932,0.9845496245792934,1.0,0,-0.00037315774516677447,0.027621536849277928,0.004790168347463042
14::single::text::12,14,15,text,12,13,Positive,0.011761479903036953,0.033234592331806666,0.9550039277651564,0.9835983003888812,1.0,0,-0.000259957340030037,0.028572861039690145,0.004892122176630043
14::single::text::13,14,15,text,13,14,Positive,0.011630267599434202,0.03560304995820401,0.9527666824423618,0.9520537172045026,1.0,0,0.0019772879827645307,0.06011744422406873,0.011008218028727054
14::single::text::14,14,15,text,14,15,Positive,0.012862847666000096,0.04000754581780755,0.9471296065161924,0.8720260347638812,1.0,0,0.0076143639089339965,0.14014512666469015,0.02716470306524869
14::single::text::15,14,15,text,15,16,Positive,0.012340689396632586,0.040290340735647835,0.9473689698677196,0.8866292067936489,1.0,0,0.007375000557406808,0.12554195463492246,0.024611159384523813
14::single::text::16,14,15,text,16,17,Positive,0.012353019345466622,0.04024697358631383,0.9474000070682196,0.8862755639212472,1.0,0,0.007343963356906791,0.12589559750732415,0.02465458126300742
14::single::text::17,14,15,text,17,18,Positive,0.012285134973440725,0.037884139912957,0.9498307251136022,0.9195132766451154,1.0,0,0.00491324531152415,0.09265788478345593,0.01789960345300473
14::single::text::18,14,15,text,18,19,Positive,0.01178937808236593,0.03732755930687703,0.9508830626107571,0.9082270009177071,1.0,0,0.0038609078143693187,0.10394416051086419,0.01925448065899536
14::single::text::19,14,15,text,19,20,Positive,0.011724564951288395,0.0401149719817814,0.9481604630669302,0.8856039813586644,1.0,0,0.006583507358196128,0.12656718006990697,0.024386283690749227
14::single::text::20,14,15,text,20,21,Positive,0.011780836685176085,0.040379302972636366,0.9478398603421876,0.8840984872409275,1.0,0,0.006904110082938786,0.1280726741876438,0.024797500739410023
14::single::text::21,14,15,text,21,22,Positive,0.012201419955259148,0.04373556781703139,0.9440630122277095,0.8516375252178737,1.0,0,0.010680958197416879,0.1605336362106976,0.03209608513382471
14::single::text::22,14,15,text,22,23,Positive,0.012297123093172857,0.03792688305358392,0.9497759938532432,0.9471032960074288,1.0,0,0.0049679765718831925,0.06506786542114251,0.013328632522798681
14::single::audio::0,14,15,audio,0,1,Positive,0.011594341584820792,0.03259937289856922,0.95580628551661,1.0197695323399134,1.0,0,-0.0010623150914835788,-0.007598370911342078,0.0017975526976321359
14::single::audio::1,14,15,audio,1,2,Positive,0.011913879228802278,0.033618775236586886,0.9544673455346109,1.0119057553155082,1.0,0,0.00027662489051549777,0.000265406113063138,0.00018254679743493854
14::single::audio::2,14,15,audio,2,3,Positive,0.011933016328493114,0.033627633893025304,0.9544393497784817,1.0103028161185128,1.0,0,0.00030462064664471544,0.0018683453100585279,0.00046370120833211237
14::single::audio::3,14,15,audio,3,4,Positive,0.012045509000792399,0.03447555390928119,0.9534789370899265,0.9983347058296204,1.0,0,0.0012650333351998944,0.01383645559895097,0.002938592600758442
14::single::audio::4,14,15,audio,4,5,Positive,0.01204899357865303,0.03422649647623769,0.9537245099451094,1.002769214766366,1.0,0,0.0010194604800169982,0.009401946662205285,0.002076721350376047
14::single::audio::5,14,15,audio,5,6,Positive,0.012053973182539571,0.03371932798844851,0.954226698829012,1.0107684305735998,1.0,0,0.0005172715961143659,0.0014027308549715567,0.0004924242738857757
14::single::audio::6,14,15,audio,6,7,Positive,0.011985676196231686,0.033733501989332795,0.9542808218144355,1.010044310774122,1.0,0,0.00046314861069085556,0.002126850654449397,0.0005860494144203272
14::single::audio::7,14,15,audio,7,8,Positive,0.01193480674900069,0.03365427121273459,0.9544109220382647,1.0095218930925642,1.0,0,0.0003330483868616563,0.0026492683360070934,0.000608068916098677
14::single::audio::8,14,15,audio,8,9,Positive,0.011993206411121256,0.034035227792593194,0.9539715657962855,1.0071257863725935,1.0,0,0.0007724046288408726,0.0050453750559777966,0.0012270981570834025
14::single::audio::9,14,15,audio,9,10,Positive,0.011939051556894847,0.033587850298378706,0.9544730981447265,1.0102966172354562,1.0,0,0.0002708722803999031,0.0018745441931151685,0.00044786017238581294
14::single::audio::10,14,15,audio,10,11,Positive,0.011887693044440715,0.033419024806334234,0.9546932821492251,1.01210070507867,1.0,0,5.068827590126723e-05,7.045634990143768e-05,3.7086862934206564e-05
14::single::audio::11,14,15,audio,11,12,Positive,0.011900509270444322,0.033394117041843155,0.9547053736877126,1.0120470012937273,1.0,0,3.859673741379854e-05,0.00012416013484406463,3.9991724514243376e-05
14::single::audio::12,14,15,audio,12,13,Positive,0.011947491375834856,0.03345576058667186,0.9545967480374933,1.0126790489469255,1.0,0,0.0001472223876330947,-0.0005078875183541776,0.0001582591135422436
14::single::audio::13,14,15,audio,13,14,Positive,0.011618749248546162,0.032714217052309875,0.955667033699144,1.0155089071818761,1.0,0,-0.0009230632740175881,-0.0033377457533048105,0.001017822595892929
14::single::audio::14,14,15,audio,14,15,Positive,0.011935746314708303,0.033717399645449245,0.9543468540398424,1.010011076927185,1.0,0,0.00039711638528394655,0.0021600845013862724,0.0005585722762063521
14::single::audio::15,14,15,audio,15,16,Positive,0.011977150280618614,0.033727933827037725,0.9542949158923437,1.0112425599779402,1.0,0,0.0004490545327826556,0.0009286014506311169,0.0003792941748298473
14::single::audio::16,14,15,audio,16,17,Positive,0.011971364298113319,0.03358863631106745,0.9544399993908192,1.0135322213172913,1.0,0,0.0003039710343071267,-0.0013610598887199288,0.0003788288319402181
14::single::audio::17,14,15,audio,17,18,Positive,0.011922200999151754,0.033308529002345676,0.9547692699985025,1.013776992048536,1.0,0,-2.5299573376158513e-05,-0.0016058306199646655,0.00028028822334885684
14::single::audio::18,14,15,audio,18,19,Positive,0.012025536331523024,0.03365968244661989,0.9543147812218571,1.0105798755373274,1.0,0,0.0004291892032692868,0.0015912858912439098,0.0004798089168419617
14::single::audio::19,14,15,audio,19,20,Positive,0.01201911737575057,0.034034041003970644,0.9539468416202789,1.0086296200752258,1.0,0,0.0007971288048475023,0.003541541353345501,0.0009888212946480013
14::single::audio::20,14,15,audio,20,21,Positive,0.01207798620311784,0.03371708552129684,0.9542049282755853,1.0080390742846899,1.0,0,0.0005390421495410358,0.004132087143881469,0.0009582022654174294
14::single::audio::21,14,15,audio,21,22,Positive,0.012258723581134136,0.03631399280698139,0.9514272836118844,0.9846498455320086,1.0,0,0.0033166868132419314,0.027521315896562704,0.006245229389381417
14::single::audio::22,14,15,audio,22,23,Positive,0.011671994363955112,0.03274722170511646,0.9555807839309285,1.0189692633492606,1.0,0,-0.0008368135058021142,-0.006798101920689303,0.0015514237396826076
14::single::vision::0,14,15,vision,0,1,Positive,0.012339157136169053,0.03439131054167937,0.9532695323221516,0.998892571244921,1.0,0,0.0014744381029747622,0.013278590183650296,0.002950317415429097
14::single::vision::1,14,15,vision,1,2,Positive,0.011832985351924848,0.03329223909262576,0.9548747755554494,1.0128283670970373,1.0,0,-0.00013080513032304175,-0.0006572056684659433,0.00017493684323917808
14::single::vision::2,14,15,vision,2,3,Positive,0.01185170252073259,0.03328627579014759,0.9548620216891198,1.0123893363135201,1.0,0,-0.00011805126399344612,-0.00021817488494879633,9.538811282152246e-05
14::single::vision::3,14,15,vision,3,4,Positive,0.011870077072321392,0.033332932321354994,0.9547969906063236,1.0123519216264998,1.0,0,-5.3020181197238614e-05,-0.00018076019792845344,5.6636790253361546e-05
14::single::vision::4,14,15,vision,4,5,Positive,0.01187018913186665,0.033305331210851045,0.9548244796572823,1.013478764465877,1.0,0,-8.05092321559675e-05,-0.0013076030373055936,0.000258188455628916
14::single::vision::5,14,15,vision,5,6,Positive,0.011931666283369438,0.03341752261755161,0.954650811099079,1.0120232531002589,1.0,0,9.31593260473651e-05,0.0001479083283124627,7.123105107575967e-05
14::single::vision::6,14,15,vision,6,7,Positive,0.01190325683046318,0.03332878472727454,0.9547679584422624,1.0135399528912135,1.0,0,-2.3988017135989637e-05,-0.0013687914626421271,0.00024012591900834934
14::single::vision::7,14,15,vision,7,8,Positive,0.011880613398462277,0.03334862458350889,0.9547707620180288,1.0127839531217302,1.0,0,-2.6791592902419836e-05,-0.0006127916931588651,0.00011552774531102077
14::single::vision::8,14,15,vision,8,9,Positive,0.011843072391163561,0.03329210666911837,0.954864820939718,1.0126851286206926,1.0,0,-0.00012085051459165275,-0.0005139671921212674,0.00014608645598270426
14::single::vision::9,14,15,vision,9,10,Positive,0.011866210908469968,0.03336462877924814,0.9547691603122819,1.0116597243717738,1.0,0,-2.518988715549675e-05,0.0005114370567975701,9.783445304401006e-05
14::single::vision::10,14,15,vision,10,11,Positive,0.011889612578727709,0.0333342591987916,0.9547761282224807,1.0140496747834342,1.0,0,-3.2157797354326334e-05,-0.0018785133548628874,0.00032916445782097775
14::single::vision::11,14,15,vision,11,12,Positive,0.01190468528288888,0.033361971391928216,0.9547333433251829,1.014008138860975,1.0,0,1.062709994348321e-05,-0.0018369774324036303,0.00031147645537234664
14::single::vision::12,14,15,vision,12,13,Positive,0.011936265550337392,0.03335643967671533,0.9547072947729472,1.0129087737628393,1.0,0,3.667565217913005e-05,-0.0007376123342679453,0.00014127321513422256
14::single::vision::13,14,15,vision,13,14,Positive,0.011917209426122857,0.033346811103205816,0.9547359794706713,1.0131577168192183,1.0,0,7.990954455028287e-06,-0.0009865553906469593,0.00016842137566867402
14::single::vision::14,14,15,vision,14,15,Positive,0.011855202874773174,0.03329268213821484,0.9548521149870121,1.0126568930489677,1.0,0,-0.00010814456188568133,-0.00048573162039633466,0.00013502755100889646
14::single::vision::15,14,15,vision,15,16,Positive,0.011739025440887728,0.033153330010112704,0.9551076445489995,1.0147005830492293,1.0,0,-0.00036367412387317,-0.0025294216206579456,0.0006034073320462425
14::single::vision::16,14,15,vision,16,17,Positive,0.011749837318966977,0.033066112919788636,0.9551840497612444,1.01420316525868,1.0,0,-0.00044007933611800443,-0.0020320038301087084,0.0005587069730771204
14::single::vision::17,14,15,vision,17,18,Positive,0.012109421419752157,0.03458296062832151,0.9533076179519264,0.9910687719072614,1.0,0,0.0014363524731999533,0.02110238952130994,0.0042352411568183
14::single::vision::18,14,15,vision,18,19,Positive,0.011906678766978086,0.03346597084618698,0.954627350386835,1.0130383798054285,1.0,0,0.00011662003829138179,-0.000867218376857215,0.00020284641528856007
14::single::vision::19,14,15,vision,19,20,Positive,0.011886376780710233,0.03332646153204345,0.9547871616872462,1.0120801840509688,1.0,0,-4.3191262119823826e-05,9.097737760255242e-05,3.6758527327003986e-05
14::single::vision::20,14,15,vision,20,21,Positive,0.011920321721483917,0.033479321608769805,0.9546003566697463,1.0083815114838737,1.0,0,0.0001436137553800787,0.0037896499446976595,0.0007034152018063159
14::single::vision::21,14,15,vision,21,22,Positive,0.012117602922069082,0.0344456600922678,0.9534367369856631,0.9947858537946429,1.0,0,0.0013072334394632623,0.017385307633928426,0.0035511679920530357
14::single::vision::22,14,15,vision,22,23,Positive,0.012247200847856066,0.03424843656603563,0.9535043625861084,1.0031922885349818,1.0,0,0.0012396078390179976,0.008978872893589562,0.0021162827351072595
15::single::text::0,15,16,text,0,1,Negative,0.9853032190126516,0.01036656227949915,0.004330218707849196,-1.9604689393724715,1.0,0,0.0003599104637954653,-0.012446917770385646,0.002254441526962007
15::single::text::1,15,16,text,1,2,Negative,0.9853052140283306,0.010366916385070828,0.004327869586598575,-1.9603704043797083,1.0,0,0.0003579154481164748,-0.012545452763148779,0.002269866517916367
15::single::text::2,15,16,text,2,3,Negative,0.9859329564481459,0.009843342293266466,0.004223701258587688,-1.9927303791046143,1.0,0,-0.00026982697169886105,0.019814521961757148,0.003437333812808955
15::single::text::3,15,16,text,3,4,Negative,0.9859356741698911,0.009842533882798021,0.004221791947310851,-1.9927679130009242,1.0,0,-0.0002725446934440656,0.01985205585806704,0.00344494832306654
15::single::text::4,15,16,text,4,5,Negative,0.9859135256334434,0.0095412138234557,0.004545260543100878,-1.9645020621163505,1.0,0,-0.0002503961569962909,-0.008413795026506632,0.001527497249582584
15::single::text::5,15,16,text,5,6,Negative,0.9841252142909799,0.01110616805667396,0.004768617652346188,-1.9442634241921561,1.0,0,0.001537915185467198,-0.028652432950700968,0.005544363084517094
15::single::text::6,15,16,text,6,7,Negative,0.9841520123748064,0.01108804453669976,0.004759943088493868,-1.944310188293457,1.0,0,0.0015111171016406466,-0.02860566884940008,0.0055231700257203364
15::single::text::7,15,16,text,7,8,Negative,0.9852273236254877,0.01044037593926911,0.0043323004352432476,-1.9357259954724992,1.0,0,0.00043580585095936986,-0.03718986167035787,0.006416213203872663
15::single::text::8,15,16,text,8,9,Negative,0.9852195114466518,0.010449702869368215,0.004330785683980029,-1.9359635625566756,1.0,0,0.00044361802979531184,-0.036952294586181544,0.006380524779261247
15::single::text::9,15,16,text,9,10,Negative,0.9856700034155959,0.010002426804751293,0.0043275697796528,-1.9619805216789246,1.0,0,-6.873939148777097e-06,-0.01093533546393255,0.0018259928802298135
15::single::text::10,15,16,text,10,11,Negative,0.9843835237241345,0.011374507333829467,0.004241968942036043,-1.9027867657797677,1.0,0,0.0012796057523125626,-0.07012909136308942,0.012327984770004519
15::single::text::11,15,16,text,11,12,Negative,0.9843993527539313,0.011345268941447306,0.004255378304621444,-1.902418749673026,1.0,0,0.0012637767225157637,-0.07049710746983107,0.012381406272896392
15::single::text::12,15,16,text,12,13,Negative,0.9844555120889712,0.011403064964662044,0.004141422946366812,-1.924104937485286,1.0,0,0.0012076173874758789,-0.048810919657571006,0.008738961969999773
15::single::audio::0,15,16,audio,0,1,Negative,0.9859797966739527,0.009879100878253982,0.004141102447793311,-1.9746187499591283,1.0,0,-0.0003166671975056712,0.0017028928162712287,0.0004421490681313737
15::single::audio::1,15,16,audio,1,2,Negative,0.9856622090406045,0.010012790812511383,0.00432500014688412,-1.97221668277468,1.0,0,9.204358425440873e-07,-0.0006991743681770135,0.00011698927928410763
15::single::audio::2,15,16,audio,2,3,Negative,0.9856736418233368,0.010008026540354235,0.004318331636308949,-1.97269321339471,1.0,0,-1.0512346889757218e-05,-0.0002226437481471777,4.236346480274156e-05
15::single::audio::3,15,16,audio,3,4,Negative,0.9857744662647259,0.009957116299761662,0.004268417435512472,-1.9739554013524736,1.0,0,-0.00011133678827879301,0.0010395442096164942,0.0002289257624088122
15::single::audio::4,15,16,audio,4,5,Negative,0.985809112172977,0.00999000954784111,0.004200878279181922,-1.9739846927779061,1.0,0,-0.00014598269652987828,0.0010688356350490036,0.00025113062077310644
15::single::audio::5,15,16,audio,5,6,Negative,0.9860338267200516,0.009891473722890634,0.0040746995570577205,-1.977796392781394,1.0,0,-0.00037069724360450085,0.004880535638536854,0.0009987712282250594
15::single::audio::6,15,16,audio,6,7,Negative,0.9857787914503943,0.010006104564946173,0.004215103984659542,-1.974122941493988,1.0,0,-0.0001156619739471898,0.001207084351130927,0.00025901171216208274
15::single::audio::7,15,16,audio,7,8,Negative,0.9862196797336057,0.009771952589539971,0.004008367676854316,-1.9792362025805883,1.0,0,-0.0005565502571586167,0.00632034543773119,0.00133166603486784
15::single::audio::8,15,16,audio,8,9,Negative,0.9856713283799509,0.01004312049777278,0.004285551122276443,-1.9738767913409643,1.0,0,-8.198903503786603e-06,0.0009609341981071662,0.000164255151436421
15::single::audio::9,15,16,audio,9,10,Negative,0.9855582664253437,0.010091470636497134,0.0043502629381591195,-1.9711352501596724,1.0,0,0.00010486305110335437,-0.0017806069831847182,0.00034919935608246355
15::single::audio::10,15,16,audio,10,11,Negative,0.9855663413180545,0.010083758282349468,0.0043499003995960605,-1.9697300791740417,1.0,0,9.678815839253563e-05,-0.003185777968815362,0.0005793570739988282
15::single::audio::11,15,16,audio,11,12,Negative,0.9858530017296347,0.00994817533861883,0.004198822931746424,-1.9751997760363988,1.0,0,-0.00018987225318767287,0.0022839188935417365,0.00047558927551745917
15::single::audio::12,15,16,audio,12,13,Negative,0.9859208650656851,0.0099053957671628,0.004173739167152108,-1.9737360903194971,1.0,0,-0.0002577355892380284,0.0008202331766400395,0.0002655733240590208
15::single::vision::0,15,16,vision,0,1,Negative,0.9860548001814791,0.009833836333701487,0.0041113634848193885,-1.9774482335363115,1.0,0,-0.00039167070503198786,0.004532376393454385,0.0009512314180917247
15::single::vision::1,15,16,vision,1,2,Negative,0.9856347851880161,0.01005371123174898,0.004311503580234975,-1.972867054598672,1.0,0,2.8344288431014775e-05,-4.880254418515584e-05,2.2305901579700027e-05
15::single::vision::2,15,16,vision,2,3,Negative,0.9856279937424168,0.01005465355322961,0.004317352704353496,-1.9728347318513053,1.0,0,3.513573403024495e-05,-8.112529155179793e-05,3.108874894042213e-05
15::single::vision::3,15,16,vision,3,4,Negative,0.985626791016771,0.01005477559865562,0.004318433384573423,-1.9728547930717468,1.0,0,3.633845967609961e-05,-6.106407111028389e-05,2.834657502309712e-05
15::single::vision::4,15,16,vision,4,5,Negative,0.9856309623124753,0.010056311408343725,0.004312726279180987,-1.9726844600268774,1.0,0,3.2167163971807966e-05,-0.00023139711597974788,5.464976798252863e-05
15::single::vision::5,15,16,vision,5,6,Negative,0.9855338900965468,0.010089513326309937,0.0043765965771432516,-1.9719078285353524,1.0,0,0.00012923937990028111,-0.0010080286075047074,0.00023262445786759178
15::single::vision::6,15,16,vision,6,7,Negative,0.9855459491291846,0.01007913810225038,0.0043749127685650535,-1.97215758902686,1.0,0,0.00011718034726249105,-0.0007582681159972182,0.00018496819296411524
15::single::vision::7,15,16,vision,7,8,Negative,0.985488892610153,0.010113573290008246,0.0043975340998387204,-1.9722950203078133,1.0,0,0.0001742368662940308,-0.0006208368350437699,0.00019059123898764369
15::single::vision::8,15,16,vision,8,9,Negative,0.9856742030185647,0.010028837024808751,0.004296959956626638,-1.9733253632272993,1.0,0,-1.1073542117601143e-05,0.0004095060844422349,7.378778513250639e-05
15::single::vision::9,15,16,vision,9,10,Negative,0.9857622108115613,0.009986389609858417,0.004251399578580273,-1.973568822656359,1.0,0,-9.908133511427053e-05,0.000652965513501913,0.00015836825314078745
15::single::vision::10,15,16,vision,10,11,Negative,0.9858832936231418,0.009946781171915641,0.0041699252049426615,-1.971679219177791,1.0,0,-0.0002201641466946791,-0.001236637965066123,0.0003161884008583601
15::single::vision::11,15,16,vision,11,12,Negative,0.9856631512747939,0.010045624396959035,0.004291224328247173,-1.9728931784629822,1.0,0,-2.179834679427728e-08,-2.2678679874932328e-05,3.7906791525525265e-06
15::single::vision::12,15,16,vision,12,13,Negative,0.9860041766132854,0.009857258021020698,0.004138565365693981,-1.9773011633328028,1.0,0,-0.0003410471368383572,0.0043853061899457035,0.0009014079334101291
16::single::text::0,16,17,text,0,1,Positive,0.006326551246456465,0.01938644858145821,0.9742870001720854,1.2136750732149397,1.0,0,0.001478711797669674,0.07285815535648887,0.012882381791582983
16::single::text::1,16,17,text,1,2,Positive,0.006325450314550847,0.019363950830148614,0.9743105988553006,1.2135928188051497,1.0,0,0.0014551131144544538,0.07294040976627891,0.012884291518273713
16::single::text::2,16,17,text,2,3,Positive,0.006517304686554635,0.01905796424474169,0.9744247310687036,1.249449142387935,1.0,0,0.0013409809010513918,0.03708408618349357,0.006851171481107958
16::single::text::3,16,17,text,3,4,Positive,0.006602345835391836,0.018102770013243535,0.9752948841513647,1.2831896117755346,1.0,0,0.0004708278183903625,0.003343616795894011,0.0007926833751775164
16::single::text::4,16,17,text,4,5,Positive,0.006490532930408089,0.018040938765620133,0.9754685283039718,1.297945533479963,1.0,0,0.0002971836657832405,-0.011412304908534399,0.002050642650980687
16::single::text::5,16,17,text,5,6,Positive,0.006382958116972233,0.01784966505315791,0.9757673768298698,1.2841361250196184,1.0,0,-1.6648601147695175e-06,0.00239710355181022,0.00040034968869242144
16::single::text::6,16,17,text,6,7,Positive,0.006373021924153468,0.018380609047941882,0.9752463690279046,1.240532398223877,1.0,0,0.0005193429418504092,0.04600083034755165,0.007926476528850479
16::single::text::7,16,17,text,7,8,Positive,0.006389352032635394,0.01845626267731645,0.9751543852900482,1.2408886126109533,1.0,0,0.0006113266797068695,0.04564461596047531,0.007913099333265988
16::single::text::8,16,17,text,8,9,Positive,0.0065363368522062554,0.01869271288019841,0.9747709502675953,1.2894691228866577,1.0,0,0.00099476170215973,-0.002935894315229115,0.0009866965702847175
16::single::text::9,16,17,text,9,10,Positive,0.006387311339750845,0.018577340380263884,0.9750353482799853,1.2663632120404924,1.0,0,0.000730363689769753,0.020170016530936197,0.003726851266707576
16::single::text::10,16,17,text,10,11,Positive,0.006171064456243947,0.01963505750365688,0.9741938780400992,1.1899940116064889,1.0,0,0.0015718339296558748,0.09653921696493972,0.01687578645898456
16::single::text::11,16,17,text,11,12,Positive,0.006535991972850723,0.018608678215616778,0.9748553298115326,1.2768240656171526,1.0,0,0.000910382158222478,0.00970916295427604,0.002073384904823912
16::single::text::12,16,17,text,12,13,Positive,0.00681488487116748,0.021650836722542116,0.9715342784062904,1.2178420083863395,1.0,0,0.0042314335634646705,0.06869122018508911,0.013564253479247187
16::single::text::13,16,17,text,13,14,Positive,0.006960411849938913,0.023767558287433585,0.9692720298626275,1.1452073114258903,1.0,0,0.00649368210712753,0.14132591714553833,0.026801160577820154
16::single::text::14,16,17,text,14,15,Positive,0.006962688360410421,0.023840788801180113,0.9691965228384095,1.1452355129378182,1.0,0,0.006569189131345521,0.14129771563361038,0.026834213837941157
16::single::text::15,16,17,text,15,16,Positive,0.006431909687239134,0.01992879911507181,0.9736392911976891,1.2084442632538932,1.0,0,0.002126420772065929,0.0780889653175354,0.014078037938955531
16::single::text::16,16,17,text,16,17,Positive,0.006711025466058122,0.02064740400879642,0.9726415705251455,1.2152378729411535,1.0,0,0.003124141444609485,0.07129535563027511,0.013444629994017262
16::single::text::17,16,17,text,17,18,Positive,0.005822472580967628,0.01777560242644875,0.9764019249925837,1.2474878685814994,1.0,0,-0.00063621302282868,0.039045359989929196,0.006825666509735873
16::single::text::18,16,17,text,18,19,Positive,0.005596022753763279,0.017651828006497047,0.9767521492397396,1.2128123470715113,1.0,0,-0.000986437269984597,0.07372088149991729,0.012780032218311846
16::single::text::19,16,17,text,19,20,Positive,0.005976068717573333,0.01923400581722068,0.9747899254652059,1.200218336922782,1.0,0,0.0009757865045491032,0.0863148916486467,0.014873708527049001
16::single::text::20,16,17,text,20,21,Positive,0.005971521339508509,0.01924412983858747,0.974784348821904,1.2000262907573156,1.0,0,0.000981363147851022,0.086506937814113,0.014908504542944345
16::single::text::21,16,17,text,21,22,Positive,0.006073522906134061,0.017317186477481598,0.9766092906163844,1.2839166607175554,1.0,0,-0.0008435786466293171,0.0026165678538732084,0.00085788396562686
16::single::text::22,16,17,text,22,23,Positive,0.00639696636666114,0.0184973025281522,0.9751057311051866,1.2694326298577445,1.0,0,0.0006599808645684213,0.01710059871368408,0.0031800902178982238
16::single::text::23,16,17,text,23,24,Positive,0.006342650580746466,0.019170342583264218,0.9744870068359893,1.2550968783242362,1.0,0,0.0012787051337657118,0.03143635024719238,0.005878744274748253
16::single::text::24,16,17,text,24,25,Positive,0.006437629840727165,0.01748754557724862,0.9760748245820242,1.275095020021711,1.0,0,-0.0003091126122691801,0.011438208549717555,0.0020609243977541825
16::single::text::25,16,17,text,25,26,Positive,0.006408681416283068,0.022877147180581533,0.9707141714031354,1.1635090282985143,1.0,0,0.005051540566619606,0.12302420027291427,0.02302980366212885
16::single::audio::0,16,17,audio,0,1,Positive,0.0063944204646153545,0.017753082923114775,0.9758524966122699,1.2892985854830061,1.0,0,-8.678464251488105e-05,-0.0027653569115775323,0.0005042851398536958
16::single::audio::1,16,17,audio,1,2,Positive,0.006359088571340896,0.017829891691888543,0.9758110197367705,1.289137601852417,1.0,0,-4.53077670155011e-05,-0.0026043732809883924,0.00045671609700581595
16::single::audio::2,16,17,audio,2,3,Positive,0.00632813759482842,0.0177688156758233,0.9759030467293482,1.2874684844698225,1.0,0,-0.00013733475959321062,-0.0009352558983939385,0.00022454336286226173
16::single::audio::3,16,17,audio,3,4,Positive,0.00641070908207405,0.017970922013963105,0.9756183689039628,1.2829421758651733,1.0,0,0.000147343065792227,0.00359105270625526,0.0006721803172719901
16::single::audio::4,16,17,audio,4,5,Positive,0.006395249374201354,0.017865533577009905,0.9757392170487887,1.2852588551385062,1.0,0,2.6494920966291247e-05,0.00127437343292236,0.00022564303263687227
16::single::audio::5,16,17,audio,5,6,Positive,0.006377950604890805,0.017890525848045097,0.9757315235470642,1.2867912905556815,1.0,0,3.4188422690872855e-05,-0.00025806198425293303,6.01045420542586e-05
16::single::audio::6,16,17,audio,6,7,Positive,0.006315821991407161,0.017833057885989108,0.9758511201226038,1.2870691163199288,1.0,0,-8.54081528487427e-05,-0.0005358877485002189,0.00013201870117440784
16::single::audio::7,16,17,audio,7,8,Positive,0.006357322764941759,0.017825920439286908,0.9758167567957713,1.2868621860231673,1.0,0,-5.1044826016255485e-05,-0.0003289574517386651,8.034865496457191e-05
16::single::audio::8,16,17,audio,8,9,Positive,0.00636628314891007,0.01794003655636179,0.9756936802947281,1.2847503423690796,1.0,0,7.203167502689567e-05,0.00178288620234901,0.0003331635379049495
16::single::audio::9,16,17,audio,9,10,Positive,0.00636312709836636,0.01787068748890634,0.9757661854127273,1.285997646195548,1.0,0,-4.7344297227081e-07,0.0005355823758805833,8.950045079956596e-05
16::single::audio::10,16,17,audio,10,11,Positive,0.006351588915247554,0.017903898761323162,0.9757445123234293,1.2850588730403356,1.0,0,2.119964632574245e-05,0.0014743555310929857,0.0002563257450117022
16::single::audio::11,16,17,audio,11,12,Positive,0.006343814422305885,0.0178792943955041,0.97577689118219,1.285815920148577,1.0,0,-1.1179212434986319e-05,0.0007173084228515592,0.00012514101002608635
16::single::audio::12,16,17,audio,12,13,Positive,0.006330313650259054,0.017818461970415093,0.9758512243793259,1.285624657358442,1.0,0,-8.551240957088702e-05,0.0009085712129865975,0.00019418474028320976
16::single::audio::13,16,17,audio,13,14,Positive,0.006354437601461292,0.01784821090812326,0.9757973514904155,1.2862350940704346,1.0,0,-3.163952066043141e-05,0.0002981345009940295,6.550884382922062e-05
16::single::audio::14,16,17,audio,14,15,Positive,0.006366333286075697,0.017959184942566115,0.9756744817713582,1.2860035726002284,1.0,0,9.12301983968522e-05,0.0005296559712002491,0.00013389109439846764
16::single::audio::15,16,17,audio,15,16,Positive,0.006345712759515503,0.017817336344997346,0.9758369508954872,1.2886179685592651,1.0,0,-7.123892573213109e-05,-0.002084739987836537,0.00038307612750548836
16::single::audio::16,16,17,audio,16,17,Positive,0.0063560291576222885,0.017775495148703618,0.9758684756936741,1.2909949336733137,1.0,0,-0.00010276372391904154,-0.0044617051018851495,0.000794999378940379
16::single::audio::17,16,17,audio,17,18,Positive,0.006351019157184723,0.01788394909091426,0.975765031751901,1.2879377092633928,1.0,0,6.802178540432635e-07,-0.001404480691964194,0.00023442022425438727
16::single::audio::18,16,17,audio,18,19,Positive,0.006341034223284716,0.018128930009848797,0.9755300357668665,1.2847836358206612,1.0,0,0.00023567620288855728,0.0017495927507673592,0.00040943689323883853
16::single::audio::19,16,17,audio,19,20,Positive,0.0063367743717426695,0.018807314818653127,0.9748559108096042,1.280329772404262,1.0,0,0.0009098011601508249,0.0062034561671666655,0.0014888099412698568
16::single::audio::20,16,17,audio,20,21,Positive,0.00631177121645875,0.018030225763205985,0.9756580030203352,1.284043346132551,1.0,0,0.00010770894941980469,0.0024898824388777108,0.0004688348811895208
16::single::audio::21,16,17,audio,21,22,Positive,0.006370415268318675,0.01782045252237303,0.9758091322093083,1.2875725541796004,1.0,0,-4.3420239553282336e-05,-0.0010393256081717706,0.00019493105447193626
16::single::audio::22,16,17,audio,22,23,Positive,0.0063881816825620795,0.0179311298233067,0.9756806884941313,1.2855862719672067,1.0,0,8.502347562377999e-05,0.000946956604221949,0.00020033783851554818
16::single::audio::23,16,17,audio,23,24,Positive,0.006379374172952116,0.018022692892415825,0.975597932934632,1.283494200025286,1.0,0,0.00016777903512299464,0.0030390285461425748,0.0005903942752519264
16::single::audio::24,16,17,audio,24,25,Positive,0.0063788704884864,0.01801795985710214,0.9756031696544115,1.283368366105216,1.0,0,0.00016254231534351682,0.0031648624662126146,0.0006087482353738608
16::single::audio::25,16,17,audio,25,26,Positive,0.00637535175211466,0.017728067887557736,0.9758965803603276,1.2891321522848946,1.0,0,-0.00013086839057252497,-0.0025989237134660392,0.0004985881475306024
16::single::vision::0,16,17,vision,0,1,Positive,0.006590895589831056,0.01798870504016091,0.975420399370008,1.2814814959253584,1.0,0,0.00034531259974701634,0.005051732646070173,0.0010146117408852038
16::single::vision::1,16,17,vision,1,2,Positive,0.006311667159070324,0.017790604082835896,0.9758977287580938,1.2903409515108382,1.0,0,-0.0001320167883387402,-0.0038077229394095635,0.000700628884070964
16::single::vision::2,16,17,vision,2,3,Positive,0.006308485809012508,0.017768152999609467,0.975923361191378,1.2909513882228307,1.0,0,-0.00015764922162297967,-0.0044181596514021315,0.0008151845527118451
16::single::vision::3,16,17,vision,3,4,Positive,0.006313251089715038,0.017767690057635177,0.9759190588526498,1.290174160684858,1.0,0,-0.00015334688289481146,-0.003640932113429418,0.0006834954603523088
16::single::vision::4,16,17,vision,4,5,Positive,0.006375353481289627,0.01788627398119253,0.9757383725375178,1.2842219386781966,1.0,0,2.7339432237205585e-05,0.002311289893232038,0.00039888469832394247
16::single::vision::5,16,17,vision,5,6,Positive,0.006384769382129106,0.017878788041063784,0.9757364425768071,1.2838444198880876,1.0,0,2.926939294789488e-05,0.002688808683340982,0.00046276947703077775
16::single::vision::6,16,17,vision,6,7,Positive,0.006328896756635777,0.017826817276373256,0.975844285966991,1.2893279450280326,1.0,0,-7.857399723598668e-05,-0.0027947164566040072,0.0005050730747186611
16::single::vision::7,16,17,vision,7,8,Positive,0.006372496608126218,0.017947794053537337,0.9756797093383365,1.2846227373395647,1.0,0,8.600263141855802e-05,0.001910491231863931,0.0003614165210199342
16::single::vision::8,16,17,vision,8,9,Positive,0.006343528278583982,0.017860675702250636,0.9757957960191654,1.2861237185341972,1.0,0,-3.008404941040599e-05,0.00040951003723144197,8.329369757710998e-05
16::single::vision::9,16,17,vision,9,10,Positive,0.006324990673075368,0.017770629088695044,0.9759043802382297,1.2903468608856201,1.0,0,-0.00013866826847463987,-0.0038136323141915174,0.0007049395199359062
16::single::vision::10,16,17,vision,10,11,Positive,0.006327308472710522,0.017787258209372006,0.9758854333179174,1.289789182799203,1.0,0,-0.00011972134816240487,-0.0032559542277743603,0.0006025197120435958
16::single::vision::11,16,17,vision,11,12,Positive,0.0063168679284320624,0.017756049058019877,0.975927083013548,1.2906076056616647,1.0,0,-0.0001613710437929905,-0.004074377090236059,0.0007597483702691717
16::single::vision::12,16,17,vision,12,13,Positive,0.00634850187253414,0.017818427273371396,0.9758330708540944,1.289197598184858,1.0,0,-6.735888433939685e-05,-0.002664369613429418,0.0004777410444079348
16::single::vision::13,16,17,vision,13,14,Positive,0.006331557564186975,0.01778643657973928,0.9758820058560738,1.2899709939956665,1.0,0,-0.00011629388631873017,-0.003437765424237904,0.0006311078471990158
16::single::vision::14,16,17,vision,14,15,Positive,0.00633296788809099,0.01781961955744953,0.9758474125544595,1.289493271282741,1.0,0,-8.170058470446939e-05,-0.0029600427113123384,0.0005341907442376245
16::single::vision::15,16,17,vision,15,16,Positive,0.006331750464130704,0.017804491297339072,0.9758637582385302,1.2894641842160905,1.0,0,-9.804626877518707e-05,-0.002930955644661948,0.0005375157418312515
16::single::vision::16,16,17,vision,16,17,Positive,0.006328802418957754,0.0178270072857777,0.9758441902952646,1.2889259202139718,1.0,0,-7.847832550955669e-05,-0.0023926916425431877,0.00043802110317864296
16::single::vision::17,16,17,vision,17,18,Positive,0.006315086850173163,0.017819685492732364,0.9758652276570945,1.2889772312981742,1.0,0,-9.951568733945759e-05,-0.002444002726745609,0.0004570916314606636
16::single::vision::18,16,17,vision,18,19,Positive,0.006314331969531644,0.017808219657594854,0.9758774483728735,1.2895210470472063,1.0,0,-0.00011173640311845645,-0.0029878184757776705,0.0005538379475221733
16::single::vision::19,16,17,vision,19,20,Positive,0.006302063926209576,0.017749178803503934,0.9759487572702865,1.291810291154044,1.0,0,-0.00018304530053148138,-0.00527706258261551,0.0009710330807016591
16::single::vision::20,16,17,vision,20,21,Positive,0.006300784161386629,0.017734773187686893,0.9759644426509265,1.2919083152498518,1.0,0,-0.0001987306811714884,-0.005375086678423235,0.00099521312032295
16::single::vision::21,16,17,vision,21,22,Positive,0.006306960371039981,0.01774148692329296,0.975951552705667,1.2910228627068656,1.0,0,-0.00018584073591199068,-0.004489634135437015,0.0008411927238621645
16::single::vision::22,16,17,vision,22,23,Positive,0.006301754294150043,0.017729873443203835,0.9759683722626461,1.2912338972091675,1.0,0,-0.0002026602928910659,-0.004700668637738881,0.000884774919402013
16::single::vision::23,16,17,vision,23,24,Positive,0.006301170965333184,0.017726129359858657,0.9759726996748082,1.291482584817069,1.0,0,-0.0002069877050531188,-0.004949356245640413,0.0009283865601332949
16::single::vision::24,16,17,vision,24,25,Positive,0.006313593952153022,0.01777723014680272,0.9759091759010443,1.2900826590401786,1.0,0,-0.00014346393128927826,-0.0035494304687500033,0.0006633037104363063
16::single::vision::25,16,17,vision,25,26,Positive,0.006611639071242411,0.018012312889973927,0.9753760480387836,1.280579456261226,1.0,0,0.0003896639309713956,0.005953772310202554,0.0011871273505194568
17::single::text::0,17,18,text,0,1,Neutral,0.3311802173245393,0.6368681222999074,0.03195166037555337,-0.2850473698760782,0.7657376219660541,0,0.01141688073665692,0.0033885244475068133,0.006273194442912929
17::single::text::1,17,18,text,1,2,Neutral,0.3312959572998226,0.6367321055187262,0.03197193718145134,-0.2850328284714903,0.7645627579533922,0,0.011552897517838168,0.0033739830429189155,0.006338779266072236
17::single::text::2,17,18,text,2,3,Neutral,0.33457741477959424,0.6337100743525131,0.031712510867892785,-0.296744062432221,0.721964092643517,0,0.014574928684051192,0.01508521700364962,0.0098016671759672
17::single::text::3,17,18,text,3,4,Neutral,0.31346601109116945,0.6549081773396453,0.03162581156918537,-0.2847509687500341,0.7089120791231294,0,-0.006623174303081014,0.003092123321462692,0.003826941038450956
17::single::text::4,17,18,text,4,5,Neutral,0.32502554672528705,0.6432128675811621,0.031761585693550906,-0.2873531548040254,0.6460154019213866,0,0.005072135455402194,0.00569430937545401,0.003485119290276765
17::single::text::5,17,18,text,5,6,Neutral,0.33861919362955534,0.6316962076732063,0.029684598697238346,-0.3071636844958578,0.7230929414996373,0,0.016588795363358,0.0255048390672864,0.0125452041928934
17::single::text::6,17,18,text,6,7,Neutral,0.33863151966625316,0.6329937457313485,0.028374734602398418,-0.31436061965567724,0.7300393972205471,0,0.015291257305215855,0.03270177422710585,0.01309592435712557
17::single::text::7,17,18,text,7,8,Neutral,0.3224917672417048,0.6464066613592852,0.031101571399010104,-0.28623195604554247,0.6639260947663536,0,0.0018783416772791828,0.004573110616971077,0.0017013559414681043
17::single::text::8,17,18,text,8,9,Neutral,0.3333403610270112,0.6352995586041927,0.03136008036879617,-0.293233414579715,0.6903069323814418,0,0.012985444432371596,0.011574569151143632,0.008421817074709737
17::single::text::9,17,18,text,9,10,Neutral,0.32354182742170323,0.6458210517717876,0.030637120806509262,-0.2819622660587941,0.6096286643290466,0,0.0024639512647767203,0.00030342063022270604,0.0012825457374254778
17::single::text::10,17,18,text,10,11,Neutral,0.34154928964796966,0.6295572436236928,0.028893466728337643,-0.3115492026720728,0.7177809315510915,0,0.018727759412871525,0.02989035724350142,0.014345605913686
17::single::text::11,17,18,text,11,12,Neutral,0.3261269794392923,0.6440423844531976,0.029830636107510022,-0.29185512635324684,0.7108827651587039,0,0.00424261858336672,0.01019628092467545,0.0038206894457959344
17::single::text::12,17,18,text,12,13,Neutral,0.3308502807794926,0.6395346189785629,0.029615100241944522,-0.29705878293939997,0.5689607916851711,0,0.008750384058001437,0.015399937510828576,0.006941848280805482
17::single::text::13,17,18,text,13,14,Neutral,0.33130866614738036,0.639188550496347,0.029502783356272693,-0.29803968380604473,0.5677935318931716,0,0.009096452540217292,0.01638083837747334,0.007278365999687536
17::single::text::14,17,18,text,14,15,Neutral,0.33778720939311724,0.6310072239792689,0.031205566627613757,-0.31401385739445686,0.6442971432020679,0,0.01727777905729544,0.03235501196588547,0.014031391522961966
17::single::text::15,17,18,text,15,16,Neutral,0.35186465866996725,0.6225274405864893,0.0256079007435435,-0.33244345283934046,0.714697402628464,0,0.02575756245007499,0.05078460741076907,0.02134288246016567
17::single::text::16,17,18,text,16,17,Neutral,0.4465235645489359,0.5211966996166455,0.03227973583441866,-0.3539305507604565,0.7111046569160536,0,0.12708830341991884,0.0722717053318851,0.07558943593194027
17::single::text::17,17,18,text,17,18,Neutral,0.3090474980873804,0.6589581948235207,0.03199430708909889,-0.27268508209713865,0.656029262985948,0,-0.01067319178695636,-0.008973763331432738,0.006832223115383636
17::single::text::18,17,18,text,18,19,Neutral,0.3262493562679602,0.6421379840336767,0.0316126596983631,-0.2953859377386315,0.6671901050623339,0,0.00614701900288761,0.013727092310060085,0.005361358219787152
17::single::text::19,17,18,text,19,20,Neutral,0.31433406868149594,0.6533193743804396,0.03234655693806448,-0.2851464481625174,0.6515135990668508,0,-0.005034371343875299,0.0034876027339459936,0.003098452794261982
17::single::text::20,17,18,text,20,21,Neutral,0.31658694520510466,0.6527506528797365,0.030662401915158767,-0.2928619000262448,0.6025568196385442,0,-0.004465649843172215,0.0112030545976734,0.0041000006878650075
17::single::text::21,17,18,text,21,22,Neutral,0.29597903147727556,0.6708558813054586,0.03316508721726583,-0.2566555930035455,0.6886397342396278,0,-0.022570878268894257,-0.02500325242502588,0.015452647871951442
17::single::text::22,17,18,text,22,23,Neutral,0.30145748266116423,0.6629077413644864,0.03563477597434934,-0.24876009154000453,0.5629117091399841,0,-0.014622738327922047,-0.03289875388856686,0.0127944948120555
17::single::text::23,17,18,text,23,24,Neutral,0.09517097718558723,0.8644017783909117,0.040427244423501124,-0.12566181431923593,0.7531691570083877,0,-0.21611677535434737,-0.15599703110933547,0.13405789286206293
17::single::text::24,17,18,text,24,25,Neutral,0.32388301883396226,0.645233044603111,0.030883936562926793,-0.28809424729219507,0.5961242737650682,0,0.0030519584334532945,0.00643540186362368,0.0025985461939972603
17::single::text::25,17,18,text,25,26,Neutral,0.32033423958175766,0.6471991834250388,0.03246657699320351,-0.2800731563142368,0.6146168342850246,0,0.0010858196115255403,-0.0015856891143345986,0.0008071913248185365
17::single::text::26,17,18,text,26,27,Neutral,0.3205051213296395,0.6470381838597974,0.03245669481056325,-0.27996429055929184,0.6148724148290581,0,0.0012468191767669445,-0.001694554869279552,0.0009058353999300643
17::single::text::27,17,18,text,27,28,Neutral,0.3110555383556113,0.6579210841668466,0.031023377477542146,-0.27916389437658445,0.5970798724807547,0,-0.009636081130282248,-0.002494951051986938,0.005233865740472281
17::single::text::28,17,18,text,28,29,Neutral,0.2967705842511044,0.6717127568110743,0.03151665893782132,-0.25875346216240097,0.6623323229288683,0,-0.023427753774510007,-0.02290538326617042,0.015531440764950074
17::single::text::29,17,18,text,29,30,Neutral,0.3021437729614394,0.6657250203708506,0.03213120666771007,-0.2601385141855904,0.670990652005114,0,-0.01744001733428624,-0.021520331242980972,0.012306730540973282
17::single::text::30,17,18,text,30,31,Neutral,0.30011856424577404,0.6677073550518304,0.032174080702395524,-0.25049160327762365,0.5934383523733011,0,-0.019422352015266098,-0.031167242150947738,0.014905716366124339
17::single::text::31,17,18,text,31,32,Neutral,0.3150072741616581,0.6527116213308943,0.032281104507447575,-0.27310122499641565,0.5918330631415185,0,-0.004426618294329998,-0.008557620432155744,0.0036395792191909566
17::single::text::32,17,18,text,32,33,Neutral,0.2992877175964804,0.6692261152488607,0.031486167154659045,-0.2566968317010573,0.6839864654181661,0,-0.02094111221229633,-0.02496201372751411,0.014630891727400518
17::single::text::33,17,18,text,33,34,Neutral,0.29511149116830354,0.6732674668815725,0.031621041950124065,-0.2507965954552804,0.6511824321211812,0,-0.02498246384500813,-0.03086224997329101,0.0176349402513859
17::single::text::34,17,18,text,34,35,Neutral,0.311775255049413,0.6552756930825152,0.03294905186807174,-0.2597455200739205,0.5872145326845616,0,-0.006990690045950876,-0.021913325354650903,0.007147565915417256
17::single::text::35,17,18,text,35,36,Neutral,0.2807045415239832,0.6855172966820705,0.0337781617939463,-0.20525541848370008,0.6661958522740805,0,-0.037232293645506176,-0.07640342694487132,0.031350051313564976
17::single::text::36,17,18,text,36,37,Neutral,0.3006135303713623,0.667988897712586,0.03139757191605171,-0.26354032781507286,0.703975709398794,0,-0.019703894676021627,-0.01811851761349853,0.012871700273593903
17::single::text::37,17,18,text,37,38,Neutral,0.3055168816529608,0.6627266322965611,0.031756486050478,-0.2663750016529645,0.6946906813233718,0,-0.014441629259996813,-0.015283843775606876,0.009768121925932885
17::single::text::38,17,18,text,38,39,Neutral,0.30582992706347945,0.662477517910228,0.03169255502629259,-0.2675080859501447,0.6934217610153335,0,-0.014192514873663686,-0.0141507594784267,0.00945471734990296
17::single::text::39,17,18,text,39,40,Neutral,0.3166483305029102,0.6513697876470572,0.031981881850032486,-0.2784088251313993,0.658295250591313,0,-0.0030847846104928855,-0.003250020297172085,0.0020840623547751236
17::single::text::40,17,18,text,40,41,Neutral,0.300739386160055,0.6658169961198043,0.033443617720140845,-0.2472378133263971,0.7046742254644816,0,-0.01753199308323994,-0.03442103210217429,0.014502835225315685
17::single::text::41,17,18,text,41,42,Neutral,0.3008392666823241,0.667819375255127,0.03134135806254888,-0.26463650978569475,0.697213102973122,0,-0.01953437221856269,-0.01702233564287664,0.012604242049760786
17::single::text::42,17,18,text,42,43,Neutral,0.30765900861197515,0.6594452344234044,0.03289575696462057,-0.26958637378577677,0.7180393627360611,0,-0.01116023138684008,-0.012072471642794624,0.007592194300552477
17::single::text::43,17,18,text,43,44,Neutral,0.3252744902434137,0.6426675733271021,0.03205793642948408,-0.28729121945798397,0.6563816727630114,0,0.005617429709462218,0.005632374029412579,0.003747443859633206
17::single::text::44,17,18,text,44,45,Neutral,0.2978995447868964,0.6711697879499325,0.030930667263171056,-0.26950713380106855,0.6988994646904791,0,-0.022884784913368206,-0.012151711627502837,0.013467677727934576
17::single::text::45,17,18,text,45,46,Neutral,0.3002583245589162,0.6690736180030487,0.03066805743803516,-0.26908780235264984,0.6943051329219162,0,-0.02078861496648432,-0.01257104307592155,0.012489481329229085
17::single::text::46,17,18,text,46,47,Neutral,0.3009441441873623,0.6677772140500313,0.031278641762606446,-0.26699734452579704,0.695608804614718,0,-0.019492211013466987,-0.01466150090277435,0.012189688990529218
17::single::text::47,17,18,text,47,48,Neutral,0.30729662452948386,0.6620710074754796,0.03063236799503643,-0.2753557277111603,0.6257006264651971,0,-0.013786004438915311,-0.0063031177174111,0.007943521839026172
17::single::text::48,17,18,text,48,49,Neutral,0.313961682679518,0.6545066537649858,0.03153166355549612,-0.27768452146223616,0.6524720372993986,0,-0.006221650728421513,-0.003974323966335236,0.0037732126919332956
17::single::text::49,17,18,text,49,50,Neutral,0.32068988877598587,0.6483912422007273,0.030918869023286926,-0.2859876278255667,0.6082827603290815,0,-0.00010623916416296897,0.004328782396995301,0.0007745833149140346
17::single::audio::0,17,18,audio,0,1,Neutral,0.3203059989706739,0.6474535701209503,0.03224043090837586,-0.2806782027972596,0.6267860425082354,0,0.0008314329156140499,-0.0009806426313118122,0.0005791568963589936
17::single::audio::1,17,18,audio,1,2,Neutral,0.3226788085943062,0.6449856416329918,0.03233554977270201,-0.2822686175682715,0.6231432074053779,0,0.003299361403572565,0.0006097721397000933,0.001751309391736298
17::single::audio::2,17,18,audio,2,3,Neutral,0.32127877966646623,0.6465331997835343,0.03218802054999942,-0.28159465161817415,0.6252849220245689,0,0.0017518032530300376,-6.419381039723948e-05,0.0008866005949145587
17::single::audio::3,17,18,audio,3,4,Neutral,0.32333077605370186,0.6438565873258498,0.03281263662044827,-0.28170093667826485,0.6064784553963105,0,0.004428415710714506,4.209124969345446e-05,0.0022212230636394956
17::single::audio::4,17,18,audio,4,5,Neutral,0.33422370350597824,0.629039044561708,0.03673725193231379,-0.2852560678230865,0.5574173611743812,0,0.01924595847485633,0.0035972223945150983,0.010222516303180681
17::single::audio::5,17,18,audio,5,6,Neutral,0.32036952927878243,0.6478824858090636,0.03174798491215407,-0.2826710507007582,0.6222401102718067,0,0.0004025172275007316,0.0010122052721868169,0.0003699594924481686
17::single::audio::6,17,18,audio,6,7,Neutral,0.31879742618522394,0.6491827148915916,0.032019858923184444,-0.2805625462372388,0.6364668832444653,0,-0.0008977118550272944,-0.0010962991913325837,0.0006315724594024111
17::single::audio::7,17,18,audio,7,8,Neutral,0.3177781194693895,0.6509421456748182,0.03127973485579233,-0.28214363381266594,0.6485106198533145,0,-0.0026571426382538954,0.0004847883840945477,0.0014093693831427057
17::single::audio::8,17,18,audio,8,9,Neutral,0.31979305093766863,0.6483643866101452,0.03184256245218615,-0.2817053057785545,0.620225234946359,0,-7.938357358083792e-05,4.646034998312398e-05,4.7435178454272954e-05
17::single::audio::9,17,18,audio,9,10,Neutral,0.32098450688267816,0.647199951444726,0.0318155416725959,-0.283155101484486,0.6230128632775791,0,0.0010850515918383596,0.0014962560559146354,0.0007919018052382858
17::single::audio::10,17,18,audio,10,11,Neutral,0.32067674689384296,0.647547157216074,0.03177609589008297,-0.2829678878188133,0.6317233859316961,0,0.0007378458204903016,0.0013090423902419324,0.0005870966419521395
17::single::audio::11,17,18,audio,11,12,Neutral,0.3187798001634645,0.649734600449161,0.03148559938737455,-0.28205699447010246,0.6263607568320649,0,-0.0014495974125966482,0.00039814904153107067,0.0007911568798868359
17::single::audio::12,17,18,audio,12,13,Neutral,0.3206325105206449,0.6473881764494926,0.031979313029862476,-0.2821906017405646,0.6215377663364734,0,0.0008968265870716863,0.0005317563119932034,0.0005370393455347103
17::single::audio::13,17,18,audio,13,14,Neutral,0.32120136556060197,0.6467920086564201,0.03200662578297792,-0.2829729201538222,0.6216181987105813,0,0.0014929943801442747,0.0013140747252508023,0.0009655096442806044
17::single::audio::14,17,18,audio,14,15,Neutral,0.320734895913913,0.6472314822587207,0.03203362182736629,-0.2824751625635794,0.625481140284614,0,0.0010535207778435973,0.0008163171350080156,0.000662813244756468
17::single::audio::15,17,18,audio,15,16,Neutral,0.3203307632930873,0.6476898424234953,0.03197939428341741,-0.28201267030090094,0.6255078846122905,0,0.000595160613069079,0.0003538248723295445,0.0003565511185894636
17::single::audio::16,17,18,audio,16,17,Neutral,0.3203169071052381,0.6478174895033229,0.03186560339143917,-0.28255847389144556,0.6304183421825044,0,0.0004675135332414815,0.0008996284628741691,0.0003836948437664356
17::single::audio::17,17,18,audio,17,18,Neutral,0.31982610637647735,0.648388538949191,0.03178535467433173,-0.2821546878133501,0.6341011505504087,0,-0.00010353591262668438,0.000495842384778733,0.00013440835377646437
17::single::audio::18,17,18,audio,18,19,Neutral,0.3201685936012167,0.6480455664406497,0.03178583995813366,-0.2822872762169157,0.6308138778212261,0,0.00023943659591463273,0.0006284307883442919,0.000224456762681365
17::single::audio::19,17,18,audio,19,20,Neutral,0.320891818963958,0.6471208677623695,0.0319873132736725,-0.28230911692870514,0.6238562060227083,0,0.0011641352741947886,0.0006502715001337478,0.000690446220453019
17::single::audio::20,17,18,audio,20,21,Neutral,0.32067167315173645,0.6472673316805432,0.03206099516772043,-0.2818302917959435,0.6241769699324166,0,0.0010176713560211548,0.00017144636737209673,0.0005374100725725935
17::single::audio::21,17,18,audio,21,22,Neutral,0.3205036752117375,0.6474468063139626,0.03204951847429992,-0.2818122438288161,0.6256493097671711,0,0.0008381967226017695,0.00015339840024469753,0.00044466476134166766
17::single::audio::22,17,18,audio,22,23,Neutral,0.3202569365925784,0.6477452832419184,0.031997780165503184,-0.2817454246271934,0.6265550753614966,0,0.0005397197946459542,8.657919862198327e-05,0.00028428976375997433
17::single::audio::23,17,18,audio,23,24,Neutral,0.3194956186336352,0.6485304688703611,0.031973912496003766,-0.2810347495334489,0.6264229828841494,0,-0.00024546583379680964,-0.0006240958951224673,0.00022674889941881604
17::single::audio::24,17,18,audio,24,25,Neutral,0.31973325830443444,0.648294709571965,0.03197203212360072,-0.2814141506595271,0.6266573004911449,0,-9.70653540066646e-06,-0.00024469476904431797,4.563572920771956e-05
17::single::audio::25,17,18,audio,25,26,Neutral,0.31985411006444037,0.6481819016699581,0.03196398826560154,-0.28159038349986076,0.6267192856779856,0,0.00010310136660618419,-6.846192871062806e-05,6.296100475486344e-05
17::single::audio::26,17,18,audio,26,27,Neutral,0.3190665892136412,0.6489664589192572,0.03196695186710156,-0.28079467692545484,0.6318556700388495,0,-0.0006814558826928607,-0.0008641685031165469,0.00048475602519918815
17::single::audio::27,17,18,audio,27,28,Neutral,0.31829093550094617,0.6497247038410693,0.03198436065798455,-0.27988907548465897,0.6348481355590523,0,-0.0014397008045049509,-0.0017697699439124248,0.001014812059571213
17::single::audio::28,17,18,audio,28,29,Neutral,0.31965415038982026,0.6485140987996569,0.03183175081052291,-0.2818034530750343,0.6300381791768441,0,-0.0002290957630926016,0.00014460764646290203,0.00013864915595678448
17::single::audio::29,17,18,audio,29,30,Neutral,0.31939943296664614,0.6487902009346812,0.03181036609867263,-0.28161095455288887,0.6310877811174755,0,-0.0005051978981168714,-4.789087568252137e-05,0.0002605807616721893
17::single::audio::30,17,18,audio,30,31,Neutral,0.31893199525230015,0.6493705650576556,0.03169743969004429,-0.2812349136386599,0.6380918462173386,0,-0.0010855620210912242,-0.0004239317899115136,0.0006134363088641978
17::single::audio::31,17,18,audio,31,32,Neutral,0.3191670691644098,0.6493022274372611,0.03153070339832918,-0.2827011431966509,0.6433226876061918,0,-0.0010172244006967368,0.0010422977680795142,0.0006823284950282874
17::single::audio::32,17,18,audio,32,33,Neutral,0.31898886050227726,0.6488905332154742,0.032120606282248575,-0.27987803359116825,0.636604104104883,0,-0.0006055301789098522,-0.00178081183740314,0.0005995670623554494
17::single::audio::33,17,18,audio,33,34,Neutral,0.31921706073420286,0.6489187701551491,0.0318641691106481,-0.2816618281815733,0.6467140746165256,0,-0.0006337671185847604,2.9827530019232995e-06,0.00031738068479270076
17::single::audio::34,17,18,audio,34,35,Neutral,0.3198211689922013,0.6483086064496426,0.03187022455815618,-0.2820743676275015,0.628104689018583,0,-2.3603413078276958e-05,0.0004155221989300961,8.105540636082116e-05
17::single::audio::35,17,18,audio,35,36,Neutral,0.3160790910193312,0.6519070061054144,0.03201390287525439,-0.2787836474765624,0.6537053923842022,0,-0.003622003068850077,-0.0028751979520089677,0.0022902011930932
17::single::audio::36,17,18,audio,36,37,Neutral,0.32019593242085587,0.6477186998330214,0.03208536774612264,-0.2814537500962615,0.6269482929461421,0,0.000566303203542895,-0.0002050953323098903,0.0003173341571564292
17::single::audio::37,17,18,audio,37,38,Neutral,0.32001779908576833,0.6480581725970328,0.03192402831719904,-0.28156610671430826,0.628506487017751,0,0.00022683043953153348,-9.273871426312974e-05,0.00012887167214295503
17::single::audio::38,17,18,audio,38,39,Neutral,0.3198739223926127,0.6481634788714221,0.03196259873596519,-0.28157598059624434,0.6302796354353541,0,0.0001215241651422172,-8.286483232705644e-05,7.457288795895134e-05
17::single::audio::39,17,18,audio,39,40,Neutral,0.3187858865157815,0.6493531238090573,0.031860989675161155,-0.2811288498342037,0.6330493629487696,0,-0.0010681207724929642,-0.0005299955943676715,0.0006223929853077607
17::single::audio::40,17,18,audio,40,41,Neutral,0.3213871766678511,0.6467386061204173,0.03187421721173159,-0.28285220983837334,0.6262882188563526,0,0.001546396916146997,0.0011933644098019447,0.0009720925263738226
17::single::audio::41,17,18,audio,41,42,Neutral,0.3188721021003255,0.6494474313882145,0.03168046651146004,-0.28122659573065384,0.6250368239201602,0,-0.0011624283516501466,-0.00043224969791755274,0.0006532557921446654
17::single::audio::42,17,18,audio,42,43,Neutral,0.321243690041416,0.6466406232224627,0.03211568673612128,-0.2811982783355883,0.6254108478757278,0,0.001644379814101593,-0.0004605670929830885,0.0008989510892146446
17::single::audio::43,17,18,audio,43,44,Neutral,0.3195420667454808,0.6492651016785719,0.031192831575947433,-0.2830549494496414,0.6397937432065148,0,-0.000980098642007543,0.0013961040210699882,0.0007227333245154363
17::single::audio::44,17,18,audio,44,45,Neutral,0.32031874939689053,0.6474399118506698,0.032241338752439674,-0.28058502450585365,0.6320043817774508,0,0.0008450911858944865,-0.0010738209227177387,0.000601515746733533
17::single::audio::45,17,18,audio,45,46,Neutral,0.3189016732775424,0.6490602031440543,0.03203812357840341,-0.2794440684041807,0.619017903214407,0,-0.0007752001074899928,-0.0022147770243907128,0.0007567295578101152
17::single::audio::46,17,18,audio,46,47,Neutral,0.31850342171353563,0.6491180942848941,0.03237848400157029,-0.27822791984570877,0.6206914295465216,0,-0.0008330912483297537,-0.0034309255828626206,0.0009883665546419804
17::single::audio::47,17,18,audio,47,48,Neutral,0.319309744425894,0.6483225694846851,0.032367686089421026,-0.2786850229437862,0.6130930384897249,0,-3.7566448120807117e-05,-0.0029738224847851713,0.0005144203048579321
17::single::audio::48,17,18,audio,48,49,Neutral,0.3188569388810005,0.6484365426570378,0.032706518461961744,-0.27784800955227446,0.617544363631811,0,-0.00015153962047342873,-0.0038108358762969363,0.0007109091229528705
17::single::audio::49,17,18,audio,49,50,Neutral,0.3208685672065843,0.64665161832462,0.03247981446879566,-0.28005311119237114,0.6172035256696827,0,0.0016333847119442968,-0.0016057342362002514,0.0010843147286721904
17::single::vision::0,17,18,vision,0,1,Neutral,0.3217939698579928,0.646607049100578,0.03159898104142913,-0.2852897585502693,0.6263629657493065,0,0.0016779539359863538,0.0036309131216978874,0.0014441291549428248
17::single::vision::1,17,18,vision,1,2,Neutral,0.3196234002600572,0.6484304755766537,0.03194612416328917,-0.2814112032896706,0.6273243162276861,0,-0.00014547254008934196,-0.00024764213890077214,0.00011400995986146634
17::single::vision::2,17,18,vision,2,3,Neutral,0.3196023952715032,0.6484258739712272,0.03197173075726963,-0.28142371254840065,0.6272803647999337,0,-0.00014087093466286227,-0.00023513288017074085,0.00010962428069322128
17::single::vision::3,17,18,vision,3,4,Neutral,0.31973109913600384,0.6482896685555036,0.03197923230849253,-0.28146681868072065,0.6267652035315158,0,-4.665518939295232e-06,-0.0001920267478507376,3.433721744477055e-05
17::single::vision::4,17,18,vision,4,5,Neutral,0.31996407616322536,0.6480844008932003,0.031951522943574305,-0.2818329769319722,0.625765018853326,0,0.00020060214336403703,0.0001741315034007873,0.00012932298891548308
17::single::vision::5,17,18,vision,5,6,Neutral,0.31998862647595777,0.6480494183781316,0.031961955145910693,-0.28184148935335024,0.6257530077082653,0,0.00023558465843276366,0.00018264392477884694,0.00014823298334618965
17::single::vision::6,17,18,vision,6,7,Neutral,0.31997818673287437,0.6480519646921685,0.03196984857495718,-0.28177372539149864,0.6257225898890757,0,0.0002330383443958084,0.00011487996292725011,0.00013566583268577922
17::single::vision::7,17,18,vision,7,8,Neutral,0.31965860032155313,0.6483705151343254,0.031970884544121426,-0.28129663903798374,0.6273488050220015,0,-8.551209776108681e-05,-0.00036220639058764936,0.00010312378064515163
17::single::vision::8,17,18,vision,8,9,Neutral,0.3195084149329797,0.6485219635269488,0.0319696215400715,-0.2811588091509683,0.6280435179835713,0,-0.00023696049038446354,-0.0005000362776030887,0.00020181962479274657
17::single::vision::9,17,18,vision,9,10,Neutral,0.31944652149475006,0.6485768627861224,0.03197661571912767,-0.28107312321662903,0.6282711592111847,0,-0.0002918597495580322,-0.0005857222119423633,0.00024355024343607662
17::single::vision::10,17,18,vision,10,11,Neutral,0.3194978044430181,0.6485322561899897,0.03196993936699226,-0.28112787487251417,0.6281648683318064,0,-0.00024725315342533083,-0.0005309705560572198,0.00021212166938886873
17::single::vision::11,17,18,vision,11,12,Neutral,0.3195538067917446,0.6484774509837813,0.03196874222447409,-0.28123164602688383,0.6278607923965487,0,-0.00019244794721695602,-0.0004271994016875613,0.00016742387388973823
17::single::vision::12,17,18,vision,12,13,Neutral,0.3195932593720697,0.6484353533981275,0.03197138722980273,-0.28128108009696007,0.627508862811131,0,-0.0001503503615631896,-0.00037776533161132386,0.0001381360693834821
17::single::vision::13,17,18,vision,13,14,Neutral,0.31955439989869794,0.6484642022685297,0.031981397832772304,-0.2812597679772547,0.6275542582756775,0,-0.0001791992319654101,-0.00039907745131667616,0.0001561125245354844
17::single::vision::14,17,18,vision,14,15,Neutral,0.3195795040341979,0.6484310598277042,0.03198943613809794,-0.2811659955020462,0.6274987695214552,0,-0.00014605679113988135,-0.0004928499265252073,0.00015517004999080858
17::single::vision::15,17,18,vision,15,16,Neutral,0.3198901304699376,0.6481689676298087,0.03194090190025376,-0.2819015420973301,0.6263723124953414,0,0.0001160354067556435,0.00024269666875870177,9.846714817093871e-05
17::single::vision::16,17,18,vision,16,17,Neutral,0.3197868007003972,0.6482514650162718,0.03196173428333095,-0.28160109291119234,0.626840364242867,0,3.3538020292489534e-05,-5.7752517379050516e-05,2.6394429709419853e-05
17::single::vision::17,17,18,vision,17,18,Neutral,0.3196476265286953,0.6483419288811071,0.03201044459019761,-0.2809780462245856,0.6273073871797673,0,-5.692584454275451e-05,-0.0006807992039857824,0.00014192945626900766
17::single::vision::18,17,18,vision,18,19,Neutral,0.3197766157438952,0.6482531659381707,0.03197021831793412,-0.2814983702929957,0.6268335812006814,0,3.18370983936056e-05,-0.00016047513557571058,4.266440512608789e-05
17::single::vision::19,17,18,vision,19,20,Neutral,0.3196922829947996,0.6483513078421306,0.031956409163069785,-0.28138330831591574,0.627585927027459,0,-6.630480556624185e-05,-0.00027553711265565495,7.907525489239675e-05
17::single::vision::20,17,18,vision,20,21,Neutral,0.31992346597488885,0.648147217291225,0.03192931673388609,-0.2818258435332349,0.6266927613454973,0,0.00013778574533929167,0.00016699810466352938,9.67258901135674e-05
17::single::vision::21,17,18,vision,21,22,Neutral,0.31989180275307316,0.6481547458319478,0.0319534514149791,-0.2817551118454763,0.6266296014784343,0,0.00013025720461656842,9.6266416904911e-05,8.117300512576937e-05
17::single::vision::22,17,18,vision,22,23,Neutral,0.3199101211126613,0.6481342749021546,0.0319556039851841,-0.2816725779058678,0.6262713940087341,0,0.00015072813440974997,1.3732477296413137e-05,7.765281342094384e-05
17::single::vision::23,17,18,vision,23,24,Neutral,0.3207812163428442,0.6473748349545977,0.031843948702558196,-0.28261167130299975,0.6234316325857698,0,0.0009101680819666447,0.0009528258744283535,0.0006138883533880479
17::single::vision::24,17,18,vision,24,25,Neutral,0.3208412076678563,0.6473180919301449,0.03184070040199879,-0.2825836806691119,0.6230962060917452,0,0.0009669111064194436,0.0009248352405404892,0.00063759475996647
17::single::vision::25,17,18,vision,25,26,Neutral,0.3207901674644133,0.6473705430170318,0.031839289518554914,-0.2825361377160464,0.623544260761815,0,0.0009144600195325481,0.0008772922874750178,0.0006034453910121104
17::single::vision::26,17,18,vision,26,27,Neutral,0.3196456623692678,0.6484585957999076,0.03189574183082464,-0.2812553284955876,0.6284042074183963,0,-0.00017359276334327767,-0.000403516932983794,0.0001540492038356045
17::single::vision::27,17,18,vision,27,28,Neutral,0.3191512891899783,0.6489299354903698,0.031918775319651885,-0.2806565559336117,0.6303494527026791,0,-0.0006449324538054801,-0.001002289494959674,0.0004895144760626857
17::single::vision::28,17,18,vision,28,29,Neutral,0.31935686582073475,0.6488342290000416,0.03180890517922362,-0.2815597157127091,0.630247811727703,0,-0.0005492259634772845,-9.912971586228947e-05,0.00029113460104902383
17::single::vision::29,17,18,vision,29,30,Neutral,0.31830034556954684,0.6496849558960265,0.032014698534426685,-0.27864880939679487,0.6337939665010698,0,-0.0013999528594621502,-0.0030100360317765196,0.0012016491016938282
17::single::vision::30,17,18,vision,30,31,Neutral,0.3192757772147163,0.6487544773854826,0.031969745399801144,-0.280718236629452,0.6291254611234021,0,-0.0004694743489183084,-0.0009406087991193912,0.00039150530764571945
17::single::vision::31,17,18,vision,31,32,Neutral,0.3195454183095224,0.6485547940368651,0.03189978765361254,-0.2818295748106071,0.6279511915643715,0,-0.00026979100030077863,0.00017072938203571697,0.00016335039715634214
17::single::vision::32,17,18,vision,32,33,Neutral,0.3194218354958043,0.6485813616925703,0.031996802811625404,-0.280839285813272,0.6280058134262291,0,-0.00029635865600596834,-0.0008195596152993923,0.0002847725972195495
17::single::vision::33,17,18,vision,33,34,Neutral,0.31943590969857233,0.6485735418410916,0.031990548460336075,-0.2809191072093589,0.6285305299402159,0,-0.000288538804527283,-0.0007397382192124713,0.00026755910546572004
17::single::vision::34,17,18,vision,34,35,Neutral,0.31983724261037577,0.6482274824246202,0.03193527496500407,-0.28182173307452885,0.6267544277268585,0,5.752061194408409e-05,0.00016288764595745464,5.5908246964951155e-05
17::single::vision::35,17,18,vision,35,36,Neutral,0.3196601133379037,0.648359598851776,0.03198028781032028,-0.2813018964869635,0.6271124814093464,0,-7.459581521163106e-05,-0.00035694894160787083,9.678939787379401e-05
17::single::vision::36,17,18,vision,36,37,Neutral,0.3193569247647316,0.6486671131290932,0.031975962106175246,-0.2808952633557575,0.6286336350820715,0,-0.0003821100925288645,-0.0007635820728139064,0.00031831872506674996
17::single::vision::37,17,18,vision,37,38,Neutral,0.3192223459189525,0.6488335472255595,0.03194410685548815,-0.28083833227200167,0.629658161776274,0,-0.0005485441889951925,-0.0008205131565697243,0.000411024287259217
17::single::vision::38,17,18,vision,38,39,Neutral,0.3194486682972148,0.648584948687292,0.03196638301549321,-0.2810841692345483,0.6283441112562252,0,-0.0002999456507276621,-0.0005746761940230716,0.000245752191034343
17::single::vision::39,17,18,vision,39,40,Neutral,0.3196150513097853,0.6484093456437992,0.031975603046415724,-0.281486398141299,0.6271471212194955,0,-0.0001243426072348175,-0.00017244728727239256,9.09125181628075e-05
17::single::vision::40,17,18,vision,40,41,Neutral,0.31946837755962354,0.6484210334749038,0.0321105889654727,-0.2796069643061076,0.6273970392356755,0,-0.00013603043833942952,-0.0020518811224637945,0.00040999540624701386
17::single::vision::41,17,18,vision,41,42,Neutral,0.31997246479351954,0.6480180168292723,0.03200951837720825,-0.28152718927179066,0.6248525911253271,0,0.0002669862072920415,-0.00013165615678073506,0.00015543579644280991
17::single::vision::42,17,18,vision,42,43,Neutral,0.31921887840501906,0.6486074864058662,0.032173635189114744,-0.28017051038997515,0.6248760731541833,0,-0.0003224833693018514,-0.0014883350385962446,0.0004092975244169665
17::single::vision::43,17,18,vision,43,44,Neutral,0.3182436858352886,0.6495076083890655,0.0322487057756459,-0.2784155762887427,0.626724413250217,0,-0.0012226053525011826,-0.0032432691398286972,0.0011518475328887077
17::single::vision::44,17,18,vision,44,45,Neutral,0.3194525548235739,0.6485093634835041,0.032038081692922125,-0.2807259022125176,0.6237991410919507,0,-0.000224360446939742,-0.0009329432160538054,0.00026767075947883856
17::single::vision::45,17,18,vision,45,46,Neutral,0.3173353182462321,0.6504338947616486,0.032230786992119245,-0.2774959583101528,0.6318012421272514,0,-0.0021488917250842565,-0.004162887118418612,0.0017682603822785636
17::single::vision::46,17,18,vision,46,47,Neutral,0.31840085462741585,0.6496821367563183,0.031917008616265945,-0.280896696927292,0.6286538932054876,0,-0.001397133719753918,-0.0007621485012793694,0.0008255916100901872
17::single::vision::47,17,18,vision,47,48,Neutral,0.3183638213389538,0.6496561179669355,0.03198006069411088,-0.2805055060556957,0.6293831436765339,0,-0.00137111493037112,-0.0011533393728757058,0.0008777806939981777
17::single::vision::48,17,18,vision,48,49,Neutral,0.31808496880469656,0.6499875139778196,0.03192751721748377,-0.2804653782929693,0.6301285952559867,0,-0.0017025109412552863,-0.0011934671356020887,0.001050166659894658
17::single::vision::49,17,18,vision,49,50,Neutral,0.3218982910603628,0.646494072280101,0.03160763665953628,-0.2853763936353581,0.6263620389850968,0,0.0017909307564633048,0.003717548206786714,0.0015150567460294382
18::single::text::0,18,19,text,0,1,Positive,0.35219412732974326,0.06524866281667473,0.5825572098535821,0.4939184933900833,1.0,0,0.2431133823218432,0.1198952780384881,0.14153923750066963
18::single::text::1,18,19,text,1,2,Positive,0.35108625143868866,0.06514939086583973,0.5837643576954716,0.49989660403558184,1.0,0,0.24190623447995363,0.11391716739298957,0.1399393118054751
18::single::text::2,18,19,text,2,3,Positive,0.20757973734832574,0.07085527992036182,0.7215649827313124,0.46959955777440754,1.0,0,0.10410560944411285,0.14421421365416387,0.0760885069977504
18::single::text::3,18,19,text,3,4,Positive,0.36414296298150883,0.08279022350882939,0.5530668135096618,0.34056378475257326,1.0,0,0.27260377866576346,0.27324998667599815,0.18184355377888142
18::single::text::4,18,19,text,4,5,Positive,0.28904767048925334,0.1539472132761907,0.5570051162345561,0.39056290473256794,1.0,0,0.2686654759408692,0.22325086669600347,0.17154121575310186
18::single::text::5,18,19,text,5,6,Positive,0.10833706554088508,0.06345760777345527,0.8282053266856596,0.6271842877779689,1.0,0,-0.0025347345102343377,-0.013370516349397454,0.003495786646683411
18::single::text::6,18,19,text,6,7,Positive,0.11153016545159776,0.06332460979138003,0.8251452247570222,0.6180415004491806,1.0,0,0.0005253674184030332,-0.004227729020609194,0.0009673052126363824
18::single::text::7,18,19,text,7,8,Positive,0.3625812838446378,0.06275346475541313,0.5746652513999491,0.4730179320488657,1.0,0,0.2510053407754762,0.1407958393797057,0.14896864361768905
18::single::text::8,18,19,text,8,9,Positive,0.1863280133523005,0.06901896264205312,0.7446530240056464,0.5706163285566228,1.0,0,0.0810175681697789,0.0431974428719486,0.04770835789688088
18::single::text::9,18,19,text,9,10,Positive,0.26526877072340865,0.06968911537489718,0.6650421139016942,0.5067811533808708,1.0,0,0.16062847827373106,0.10703261804770059,0.0981530088114823
18::single::text::10,18,19,text,10,11,Positive,0.19182210480324743,0.062399062269282345,0.7457788329274703,0.5633207218987601,1.0,0,0.079891759247955,0.05049304952981126,0.04836138787894604
18::single::text::11,18,19,text,11,12,Positive,0.19137113464259253,0.062366833950700445,0.7462620314067071,0.5655404861484256,1.0,0,0.07940856076871816,0.04827328528014585,0.04774982793105006
18::single::text::12,18,19,text,12,13,Positive,0.11468132669205551,0.06171540122936175,0.8236032720785827,0.5938370936949339,1.0,0,0.0020673200968425176,0.019976677733637538,0.004363106337360848
18::single::text::13,18,19,text,13,14,Positive,0.09524077818202456,0.060462249157047857,0.8442969726609275,0.6736640323485646,1.0,0,-0.018626380485502247,-0.05985026091999324,0.01928823372941666
18::single::text::14,18,19,text,14,15,Positive,0.09643513798644647,0.061837034292913276,0.8417278277206404,0.6927098695720945,1.0,0,-0.0160572355452151,-0.07889609814352305,0.021177967463194725
18::single::text::15,18,19,text,15,16,Positive,0.08690320686483528,0.059652350896195645,0.8534444422389691,0.7068289262907845,1.0,0,-0.027773850063543826,-0.09301515486221312,0.029389450842140764
18::single::text::16,18,19,text,16,17,Positive,0.08851330927510064,0.05953860181699112,0.8519480889079083,0.7013629930359977,1.0,0,-0.02627749673248303,-0.08754922160742629,0.027730285300812563
18::single::text::17,18,19,text,17,18,Positive,0.09723547149051834,0.06549728502415737,0.8372672434853242,0.6616343025650296,1.0,0,-0.011596651309898953,-0.04782053113645823,0.013768414177692515
18::single::text::18,18,19,text,18,19,Positive,0.28751506343071165,0.061316904722373736,0.6511680318469146,0.5364197960921696,1.0,0,0.17450256032851064,0.0773939753364018,0.10015027605365562
18::single::text::19,18,19,text,19,20,Positive,0.1067677468471607,0.06382420819002435,0.829408044962815,0.6106685421296528,1.0,0,-0.0037374527873896835,0.0031452292989185837,0.002392931276847939
18::single::text::20,18,19,text,20,21,Positive,0.10246530875125713,0.06580009704285543,0.8317345942058875,0.6214906701019832,1.0,0,-0.006064002030462201,-0.007676898673411814,0.004311484127466403
18::single::text::21,18,19,text,21,22,Positive,0.10411520343271669,0.06578791839650412,0.8300968781707793,0.6137850646461759,1.0,0,-0.004426285995353996,2.870678239552671e-05,0.0022179274614095856
18::single::text::22,18,19,text,22,23,Positive,0.07730670693975124,0.068280906755244,0.8544123863050047,0.6823868112904685,1.0,0,-0.028741794129579445,-0.06857303986189711,0.025799737041772575
18::single::text::23,18,19,text,23,24,Positive,0.107480049092237,0.06728888095813619,0.8252310699496269,0.6066048799880913,1.0,0,0.00043952222579835,0.007208891440480092,0.001421243019645857
18::single::text::24,18,19,text,24,25,Positive,0.10143651041804226,0.06686257292318401,0.8317009166587738,0.6272985466888973,1.0,0,-0.006030324483348504,-0.013484775260325876,0.005262624785061898
18::single::text::25,18,19,text,25,26,Positive,0.11075636622901865,0.06086402158507302,0.8283796121859084,0.635346035872187,1.0,0,-0.002709020010483121,-0.021532264443615556,0.004943220745844154
18::single::text::26,18,19,text,26,27,Positive,0.10898501817283106,0.060708137778319606,0.8303068440488494,0.6440076210669109,1.0,0,-0.004636251873424091,-0.030193849638339487,0.007350434209768626
18::single::text::27,18,19,text,27,28,Positive,0.09265984227272428,0.06277159210836679,0.8445685656189089,0.6666622385382652,1.0,0,-0.01889797344348365,-0.05284846710969382,0.018257064573357462
18::single::text::28,18,19,text,28,29,Positive,0.09830438288934083,0.06282544513730158,0.8388701719733576,0.6309179025036948,1.0,0,-0.013199579797932293,-0.01710413107512343,0.009450478411486718
18::single::text::29,18,19,text,29,30,Positive,0.09456794792408421,0.06495078490148441,0.8404812671744313,0.6719391218253544,1.0,0,-0.014810674999006013,-0.058125350396783015,0.017092895898966842
18::single::text::30,18,19,text,30,31,Positive,0.0945292025898302,0.06239252160093657,0.8430782758092333,0.6637939023120063,1.0,0,-0.01740768363380807,-0.04998013088343489,0.017033863630809852
18::single::text::31,18,19,text,31,32,Positive,0.0960604740813931,0.06255491585104511,0.8413846100675618,0.6555615738034248,1.0,0,-0.015714017892136556,-0.04174780237485343,0.01481497600854385
18::single::text::32,18,19,text,32,33,Positive,0.09011540792154259,0.06057585902464042,0.849308733053817,0.6642251291445324,1.0,0,-0.023638140878391778,-0.05041135771596095,0.02022096339185605
18::single::text::33,18,19,text,33,34,Positive,0.20879992031540115,0.06791777388459867,0.7232823058000002,0.45710095337459017,1.0,0,0.10238828637542507,0.15671281805398124,0.0773129461967094
18::single::text::34,18,19,text,34,35,Positive,0.1913908933972191,0.0683996723588045,0.7402094342439764,0.5356196613450136,1.0,0,0.08546115793144882,0.07819411008355781,0.05576293064631738
18::single::text::35,18,19,text,35,36,Positive,0.19511692078935455,0.06672137149897506,0.7381617077116704,0.5319614027227674,1.0,0,0.08750888446375482,0.08185236870580404,0.05739650368284475
18::single::text::36,18,19,text,36,37,Positive,0.1941146670793767,0.06665876498003538,0.7392265679405879,0.5367328758750644,1.0,0,0.08644402423483732,0.07708089555350706,0.05606882804300317
18::single::text::37,18,19,text,37,38,Positive,0.35652570108073117,0.07025796708931716,0.5732163318299517,0.4137904005391257,1.0,0,0.2524542603454736,0.20002337088944572,0.15956435865431107
18::single::text::38,18,19,text,38,39,Positive,0.3572288089029482,0.07404215233757291,0.5687290387594789,0.4266192934342793,1.0,0,0.2569415534159464,0.18719447799429212,0.15966985637368855
18::single::text::39,18,19,text,39,40,Positive,0.2001760564767896,0.07015362209179601,0.7296703214314144,0.4837552436760494,1.0,0,0.09600027074401085,0.13005852775252202,0.06967655666409243
18::single::text::40,18,19,text,40,41,Positive,0.35272396160991115,0.05871114854018486,0.588564889849904,0.49935623151915415,1.0,0,0.2371057023255213,0.11445753990941726,0.1376291078143302
18::single::audio::0,18,19,audio,0,1,Positive,0.10840173873854696,0.06048816112613472,0.8311101001353183,0.6268535469259534,1.0,0,-0.0054395079598930085,-0.013039775497382,0.004893049896176838
18::single::audio::1,18,19,audio,1,2,Positive,0.10990447705124756,0.06128304813968954,0.828812474809063,0.6182405384523528,1.0,0,-0.0031418826336376826,-0.004426767023781419,0.0023087358207824113
18::single::audio::2,18,19,audio,2,3,Positive,0.10964320057865531,0.06090153666896847,0.8294552627523762,0.6202730302299772,1.0,0,-0.003784670576950977,-0.006459258801405743,0.0029688784220431126
18::single::audio::3,18,19,audio,3,4,Positive,0.1117186068889806,0.061794219532559765,0.8264871735784597,0.6162739981498037,1.0,0,-0.0008165814030344221,-0.0024602267212322504,0.0008183284883892528
18::single::audio::4,18,19,audio,4,5,Positive,0.10761519022045446,0.06017609814702394,0.8322087116325216,0.6295264043978283,1.0,0,-0.00653811945709637,-0.015712632969256846,0.005887831890090992
18::single::audio::5,18,19,audio,5,6,Positive,0.10643803871229379,0.06066321276012205,0.8328987485275842,0.6297342894332749,1.0,0,-0.007228156352158899,-0.01592051800470351,0.006267497843530034
18::single::audio::6,18,19,audio,6,7,Positive,0.107691709390211,0.06559009012505904,0.82671820048473,0.6140382364392281,1.0,0,-0.0010476083093047261,-0.00022446501065664926,0.0005612149897618046
18::single::audio::7,18,19,audio,7,8,Positive,0.10553848610671038,0.06923450892283219,0.8252270049704574,0.6112725559089865,1.0,0,0.00044358720496784354,0.0025412155195848607,0.000645329522414732
18::single::audio::8,18,19,audio,8,9,Positive,0.11224547301014748,0.06276993053644202,0.8249845964534106,0.6133217737078667,1.0,0,0.0006859957220146651,0.0004919977207047399,0.0004249974811247892
18::single::audio::9,18,19,audio,9,10,Positive,0.11396191376318698,0.06285206123343669,0.8231860250033763,0.6106335244008473,1.0,0,0.0024845671720489237,0.0031802470277241257,0.0017723247573118162
18::single::audio::10,18,19,audio,10,11,Positive,0.11479239252806116,0.06722457663436841,0.8179830308375705,0.6004231561507497,1.0,0,0.007687561337854754,0.013390615277821705,0.00607554988189766
18::single::audio::11,18,19,audio,11,12,Positive,0.11317894546519544,0.06807032494168593,0.8187507295931187,0.59868523478508,1.0,0,0.006919862582306591,0.015128536643491453,0.005981354065068537
18::single::audio::12,18,19,audio,12,13,Positive,0.19189376237382788,0.06272831296573157,0.7453779246604405,0.5923894702323845,1.0,0,0.08029266751498476,0.02142430119618688,0.043717050623523525
18::single::audio::13,18,19,audio,13,14,Positive,0.19275263436253615,0.062351789241257075,0.7448955763962068,0.5920711963304451,1.0,0,0.08077501577921842,0.02174257509812627,0.04401127040596359
18::single::audio::14,18,19,audio,14,15,Positive,0.11852246901945147,0.06303445832981801,0.8184430726507306,0.597489517714296,1.0,0,0.007227519524694692,0.016324253714275372,0.006334468714726574
18::single::audio::15,18,19,audio,15,16,Positive,0.10765810766445875,0.06252323485197069,0.8298186574835705,0.6211298725434712,1.0,0,-0.004148065308145266,-0.007316101114899776,0.0032933828398892624
18::single::audio::16,18,19,audio,16,17,Positive,0.10946269404452078,0.06990659444201211,0.8206307115134671,0.6027547158300877,1.0,0,0.0050398806619581515,0.011059055598483747,0.0043631162640597005
18::single::audio::17,18,19,audio,17,18,Positive,0.10876007968487034,0.0650924045076481,0.8261475158074816,0.6131108892815453,1.0,0,-0.00047692363205631416,0.0007028821470260738,0.0003556088405325027
18::single::audio::18,18,19,audio,18,19,Positive,0.1094974708064791,0.0652733462869944,0.8252291829065265,0.6119019836187363,1.0,0,0.00044140926889879584,0.0019117878098351415,0.0005393359360885881
18::single::audio::19,18,19,audio,19,20,Positive,0.11053893391557601,0.06483226184846601,0.8246288042359581,0.6112774206059319,1.0,0,0.001041787939467187,0.002536350822639477,0.0009436191068401729
18::single::audio::20,18,19,audio,20,21,Positive,0.10829076679557806,0.06541430883262406,0.826294924371798,0.6144153944083622,1.0,0,-0.0006243321963727011,-0.0006016229797908279,0.0004124365948181552
18::single::audio::21,18,19,audio,21,22,Positive,0.10950419812825017,0.06433466981024012,0.8261611320615097,0.6126647250992912,1.0,0,-0.0004905398860843846,0.0011490463292802566,0.00043677766458890177
18::single::audio::22,18,19,audio,22,23,Positive,0.11041367959583384,0.06127938933163361,0.8283069310725325,0.6187972724437714,1.0,0,-0.0026363388971072377,-0.004983501015199954,0.0021487529510869443
18::single::audio::23,18,19,audio,23,24,Positive,0.11215946289193982,0.061941260516628655,0.8258992765914316,0.614446862999882,1.0,0,-0.0002286844160063195,-0.00063309157131064,0.00021985746988826643
18::single::audio::24,18,19,audio,24,25,Positive,0.11180416302808303,0.06244812327841204,0.8257477136935049,0.6139094254800251,1.0,0,-7.712151807959255e-05,-9.565405145373074e-05,5.4503100948751396e-05
18::single::audio::25,18,19,audio,25,26,Positive,0.11213805330893503,0.06216475495272873,0.8256971917383362,0.6140731498599052,1.0,0,-2.659956291095611e-05,-0.0002593784313338343,5.652952001111711e-05
18::single::audio::26,18,19,audio,26,27,Positive,0.1112466264703787,0.06199913359299709,0.8267542399366242,0.6158798975603921,1.0,0,-0.0010836477611989581,-0.002066126131820667,0.0008861782359029236
18::single::audio::27,18,19,audio,27,28,Positive,0.11124992296814719,0.05980422001955802,0.8289458570122948,0.6217807233333588,1.0,0,-0.0032752648368695736,-0.007966951904787356,0.002965457735899346
18::single::audio::28,18,19,audio,28,29,Positive,0.111209755305916,0.060076084592577725,0.8287141601015062,0.6215576151651996,1.0,0,-0.003043567926080959,-0.007743843736628175,0.0028124245858118417
18::single::audio::29,18,19,audio,29,30,Positive,0.11274679932231131,0.06202946108051024,0.8252237395971784,0.6120552718639374,1.0,0,0.0004468525782468369,0.0017584995646340307,0.0005165095498957568
18::single::audio::30,18,19,audio,30,31,Positive,0.11364291407559488,0.06229185688697555,0.8240652290374296,0.6100429477436202,1.0,0,0.0016053631379956412,0.0037708236849511856,0.0014311521831563514
18::single::audio::31,18,19,audio,31,32,Positive,0.11328329917575632,0.06228995615882533,0.8244267446654183,0.6109069984938417,1.0,0,0.0012438475100069457,0.00290677293472974,0.0011063859107917628
18::single::audio::32,18,19,audio,32,33,Positive,0.11184002567846892,0.06184062955468591,0.8263193447668452,0.6162723483783858,1.0,0,-0.0006487525914199432,-0.0024585769498144394,0.0007341391206790449
18::single::audio::33,18,19,audio,33,34,Positive,0.11153325436138216,0.05983142452875033,0.8286353211098675,0.6235930110727038,1.0,0,-0.002964728934442218,-0.00977923964413241,0.0031122377412431774
18::single::audio::34,18,19,audio,34,35,Positive,0.11277305786060728,0.055843931216925755,0.8313830109224669,0.6355545073747635,1.0,0,-0.005712418747041648,-0.02174073594619208,0.006479665364552837
18::single::audio::35,18,19,audio,35,36,Positive,0.1129121469540653,0.05918965121199432,0.8278982018339404,0.623277739754745,1.0,0,-0.002227609658515095,-0.009463968326173577,0.0026911328836198107
18::single::audio::36,18,19,audio,36,37,Positive,0.11207187644053526,0.062413941760104244,0.8255141817993604,0.6158942473786218,1.0,0,0.00015641037606484165,-0.0020804759500503422,0.00042495117970747787
18::single::audio::37,18,19,audio,37,38,Positive,0.11162720258993616,0.06223724914405265,0.8261355482660112,0.6169850235538823,1.0,0,-0.000464956090585944,-0.003171252125310886,0.0007610200661781197
18::single::audio::38,18,19,audio,38,39,Positive,0.10987100569516695,0.061124032999580684,0.8290049613052524,0.6233668013342789,1.0,0,-0.003334369129827097,-0.0095530299057075,0.003259356215864799
18::single::audio::39,18,19,audio,39,40,Positive,0.10453219444112845,0.06016896945597889,0.8352988361028927,0.6326615256922585,1.0,0,-0.009628243927467417,-0.018847754263687122,0.007955414341014896
18::single::audio::40,18,19,audio,40,41,Positive,0.10945609939642617,0.060254847496423646,0.8302890531071502,0.6262047721871308,1.0,0,-0.00461846093172491,-0.012391000758559367,0.004374397258955684
18::single::vision::0,18,19,vision,0,1,Positive,0.190629681168233,0.06265391918437642,0.7467163996473907,0.5943543788577829,1.0,0,0.0789541925280346,0.019459392570788547,0.04272032835914872
18::single::vision::1,18,19,vision,1,2,Positive,0.10816429743147367,0.06126283565908508,0.8305728669094412,0.6264620582972255,1.0,0,-0.004902274734015943,-0.012648286868654046,0.004559185178450312
18::single::vision::2,18,19,vision,2,3,Positive,0.10743941093875055,0.06124291403391954,0.8313176750273299,0.6285899771111352,1.0,0,-0.005647082851904628,-0.01477620568256377,0.005286242373046276
18::single::vision::3,18,19,vision,3,4,Positive,0.11091951642801717,0.061807011936655804,0.827273471635327,0.6187248006463051,1.0,0,-0.0016028794599017848,-0.004911029217733676,0.0016199445995731718
18::single::vision::4,18,19,vision,4,5,Positive,0.10828875007361854,0.06147217297593571,0.8302390769504457,0.6247655978160245,1.0,0,-0.004568484775020476,-0.010951826387453067,0.004109546785419083
18::single::vision::5,18,19,vision,5,6,Positive,0.10882366729368245,0.06177636958408432,0.8293999631222333,0.6228284889033863,1.0,0,-0.0037293709468080305,-0.00901471747481486,0.0033671383858731585
18::single::vision::6,18,19,vision,6,7,Positive,0.10867328776967149,0.06182642688706233,0.8295002853432663,0.6232337813292231,1.0,0,-0.0038296931678409862,-0.009420009900651727,0.0034848482340291143
18::single::vision::7,18,19,vision,7,8,Positive,0.10809473456744437,0.061516681413483536,0.8303885840190721,0.6257173983114106,1.0,0,-0.0047179918436468515,-0.011903626882839191,0.004342933735629958
18::single::vision::8,18,19,vision,8,9,Positive,0.10931447464346157,0.061650789215197795,0.8290347361413406,0.6236462470676217,1.0,0,-0.003364143965915334,-0.00983247563905032,0.0033208179227993866
18::single::vision::9,18,19,vision,9,10,Positive,0.10811585608989291,0.061306284559115,0.8305778593509922,0.6267760555659022,1.0,0,-0.004907267175566887,-0.012962284137330804,0.004614014277338577
18::single::vision::10,18,19,vision,10,11,Positive,0.10736065142436399,0.06126873887330781,0.8313706097023282,0.628762529364654,1.0,0,-0.005700017526902967,-0.014948757936082635,0.005341468419465256
18::single::vision::11,18,19,vision,11,12,Positive,0.10798705640205813,0.061353732950181615,0.8306592106477603,0.6266048050352505,1.0,0,-0.004988618472335005,-0.012791033606679103,0.0046261481706140195
18::single::vision::12,18,19,vision,12,13,Positive,0.10869521487168579,0.061410067025315526,0.8298947181029986,0.6245644230927739,1.0,0,-0.0042241259275733745,-0.010750651664202526,0.0039038382411537747
18::single::vision::13,18,19,vision,13,14,Positive,0.1089504148532673,0.06148150470876525,0.8295680804379675,0.6239741135920797,1.0,0,-0.0038974882625422147,-0.010160342163508251,0.0036421344918558156
18::single::vision::14,18,19,vision,14,15,Positive,0.1082470960440478,0.061394294296624796,0.8303586096593274,0.6257571599313191,1.0,0,-0.004688017483902129,-0.011943388502747676,0.004334573492409011
18::single::vision::15,18,19,vision,15,16,Positive,0.10818627949665811,0.06131869077056754,0.8304950297327743,0.6254794565694672,1.0,0,-0.0048244375573490705,-0.011665685140895832,0.004356499635490507
18::single::vision::16,18,19,vision,16,17,Positive,0.10911139131290383,0.0614342187490049,0.8294543899380913,0.6241932676306793,1.0,0,-0.003783797762666019,-0.010379496202107874,0.0036218149150176555
18::single::vision::17,18,19,vision,17,18,Positive,0.1099233377999081,0.06186198564977535,0.8282146765503166,0.622537048799651,1.0,0,-0.0025440843748912867,-0.008723277371079585,0.002725921749292241
18::single::vision::18,18,19,vision,18,19,Positive,0.11111897788944687,0.06217638292466455,0.8267046391858887,0.6169138188873019,1.0,0,-0.0010340470104633903,-0.0031000474587304927,0.0010336980816867771
18::single::vision::19,18,19,vision,19,20,Positive,0.1091040494233834,0.06182492313731658,0.8290710274393,0.6211271211504936,1.0,0,-0.0034004352638746793,-0.007313349721922213,0.0029191092522577082
18::single::vision::20,18,19,vision,20,21,Positive,0.11023343120111419,0.06240543113504722,0.8273611376638386,0.6155382341572216,1.0,0,-0.0016905454884132975,-0.0017244627286502334,0.0011326831989816877
18::single::vision::21,18,19,vision,21,22,Positive,0.11045670859510225,0.06255430679151527,0.8269889846133824,0.6144324924264636,1.0,0,-0.001318392437957172,-0.0006187209978921748,0.0007623163852939485
18::single::vision::22,18,19,vision,22,23,Positive,0.11070956726578039,0.06257638667156963,0.82671404606265,0.6136614408876214,1.0,0,-0.00104345388722471,0.00015233054094998533,0.0005471153671040193
18::single::vision::23,18,19,vision,23,24,Positive,0.1119454236928176,0.06306905501399288,0.8249855212931896,0.6084664985537529,1.0,0,0.0006850708822356832,0.0053472728748185094,0.0012337475869209267
18::single::vision::24,18,19,vision,24,25,Positive,0.11063433043017833,0.062025759236264834,0.8273399103335568,0.6183797451002258,1.0,0,-0.0016693181581315386,-0.004565973671654344,0.0015956546910081601
18::single::vision::25,18,19,vision,25,26,Positive,0.10967948020090452,0.06217423201619951,0.8281462877828959,0.6199454846126693,1.0,0,-0.0024756956074706293,-0.006131713184097887,0.002259800001084962
18::single::vision::26,18,19,vision,26,27,Positive,0.10960944882321796,0.06202767747296803,0.828362873703814,0.6207291010235038,1.0,0,-0.0026922815283887402,-0.006915329594932351,0.0024986956966830953
18::single::vision::27,18,19,vision,27,28,Positive,0.10967367371445637,0.06202824642753664,0.828298079858007,0.6205936947039196,1.0,0,-0.0026274876825816973,-0.006779923275348154,0.0024437310538488743
18::single::vision::28,18,19,vision,28,29,Positive,0.10970998027616448,0.06202806920692382,0.8282619505169118,0.6203543155321053,1.0,0,-0.002591358341486494,-0.006540544103533885,0.002385769854665561
18::single::vision::29,18,19,vision,29,30,Positive,0.10960734319035187,0.0618881362621544,0.8285045205474937,0.6211960523256234,1.0,0,-0.002833928372068417,-0.0073822808970519516,0.002647344335542867
18::single::vision::30,18,19,vision,30,31,Positive,0.10940770869133593,0.06188001352838646,0.8287122777802776,0.6218330615333149,1.0,0,-0.0030416856048522956,-0.008019290104743448,0.0028573911532167222
18::single::vision::31,18,19,vision,31,32,Positive,0.10920700593829176,0.061873382539216745,0.8289196115224915,0.6228569618293217,1.0,0,-0.0032490193470662287,-0.0090431904007503,0.003131708073658164
18::single::vision::32,18,19,vision,32,33,Positive,0.10987500437588565,0.06189966933152294,0.8282253262925914,0.6198726472045694,1.0,0,-0.002554734117166113,-0.006058875775997952,0.002287179687916048
18::single::vision::33,18,19,vision,33,34,Positive,0.11040819415409919,0.062009354702623525,0.8275824511432772,0.6183445772954396,1.0,0,-0.0019118589678519538,-0.0045308058668681594,0.00171106379507067
18::single::vision::34,18,19,vision,34,35,Positive,0.10971746693477251,0.06189186851594685,0.8283906645492807,0.622362669557333,1.0,0,-0.002720072373855409,-0.008548898128761584,0.0027848525417213015
18::single::vision::35,18,19,vision,35,36,Positive,0.10913577671969261,0.06217225376434845,0.8286919695159589,0.6206745515976634,1.0,0,-0.0030213773405336486,-0.006860780169091973,0.002654152031782153
18::single::vision::36,18,19,vision,36,37,Positive,0.10872756484451009,0.06206701118589704,0.829205423969593,0.6225826644471714,1.0,0,-0.003534831794167692,-0.008768893018599955,0.003228898066850505
18::single::vision::37,18,19,vision,37,38,Positive,0.10894784041309971,0.062072433657959177,0.8289797259289411,0.6216424767460141,1.0,0,-0.003309133753515825,-0.00782870531744273,0.002959351096331701
18::single::vision::38,18,19,vision,38,39,Positive,0.10929603466685811,0.06208186191825824,0.8286221034148836,0.6216083190270832,1.0,0,-0.00295151123945836,-0.007794547598511836,0.0027748468861478193
18::single::vision::39,18,19,vision,39,40,Positive,0.10746837832710694,0.061735563515768414,0.8307960581571247,0.6275858038238117,1.0,0,-0.005125465981699384,-0.013772032395240275,0.004858071723389737
18::single::vision::40,18,19,vision,40,41,Positive,0.19102530379339397,0.06292193572771199,0.746052760478894,0.592524455594165,1.0,0,0.07961783169653125,0.021289315834406408,0.043357135154000026
19::single::text::0,19,20,text,0,1,Positive,0.007666613695610467,0.05987685642515845,0.9324565298792311,0.8868360349110195,1.0,0,0.00547934625284241,0.0553546950889805,0.011965455641251288
19::single::text::1,19,20,text,1,2,Positive,0.007656033379646701,0.05978542694287509,0.9325585396774781,0.8870947105543954,1.0,0,0.005377336454595372,0.055096019445604605,0.011871338134898454
19::single::text::2,19,20,text,2,3,Positive,0.00799035499785967,0.06422300950339493,0.9277866354987454,0.8537827559879848,1.0,0,0.010149240633328116,0.08840797401201517,0.019809282651999917
19::single::text::3,19,20,text,3,4,Positive,0.008275026987705913,0.0729539061763457,0.9187710668359484,0.808225120816912,1.0,0,0.019164809296125074,0.13396560918308797,0.0319100061785772
19::single::text::4,19,20,text,4,5,Positive,0.008009578355786695,0.057639022087466726,0.9343513995567466,0.9307545253208706,1.0,0,0.0035844765753269003,0.011436204679129425,0.0036982724008516876
19::single::text::5,19,20,text,5,6,Positive,0.008042933671171863,0.05791231676247865,0.9340447495663495,0.9288912330354963,1.0,0,0.00389112656572399,0.013299496964503721,0.0041621461102792825
19::single::text::6,19,20,text,6,7,Positive,0.00788935770761721,0.05345613256064981,0.938654509731733,0.9692038893699646,1.0,0,-0.0007186335996595128,-0.027013159369964623,0.004861510028157194
19::single::text::7,19,20,text,7,8,Positive,0.007867230189353626,0.05437661215933625,0.9377561576513102,0.9529399701527187,1.0,0,0.00017971848076336894,-0.01074924015271872,0.0018813992658348044
19::single::text::8,19,20,text,8,9,Positive,0.0079091239259092,0.05478621179831068,0.9373046642757802,0.9406218188149589,1.0,0,0.0006312118562933344,0.0015689111850410997,0.0005770911256535172
19::single::text::9,19,20,text,9,10,Positive,0.007883757228091821,0.054608726736852055,0.9375075160350561,0.9423086813517979,1.0,0,0.0004283600970174106,-0.00011795135179792915,0.0002338386071416935
19::single::text::10,19,20,text,10,11,Positive,0.007872439430613812,0.056677338037519245,0.9354502225318669,0.9237827062606812,1.0,0,0.002485653600206583,0.018408023739318824,0.004310830756656428
19::single::text::11,19,20,text,11,12,Positive,0.007794488937086483,0.05623988556120568,0.9359656255017079,0.9230856895446777,1.0,0,0.0019702506303655998,0.019105040455322242,0.004169298724403173
19::single::text::12,19,20,text,12,13,Positive,0.007660307687757761,0.054931044865906505,0.9374086474463357,0.924982488155365,1.0,0,0.0005272286857378461,0.017208241844634986,0.0031316546503080875
19::single::text::13,19,20,text,13,14,Positive,0.00767602102409399,0.05484851102687373,0.9374754679490322,0.9238108311380658,1.0,0,0.00046040818304127207,0.01837989886193414,0.0032935205685096594
19::single::text::14,19,20,text,14,15,Positive,0.007598081915538135,0.05470850782714725,0.9376934102573146,0.9302104796682086,1.0,0,0.00024246587475895698,0.011980250331791398,0.002117941326011378
19::single::text::15,19,20,text,15,16,Positive,0.00761216405855163,0.05431752192615175,0.9380703140152967,0.9292464596884591,1.0,0,-0.00013443788322320405,0.012944270311540884,0.002224597326868416
19::single::text::16,19,20,text,16,17,Positive,0.0076031923308567395,0.0556641376982572,0.9367326699708861,0.9179624659674508,1.0,0,0.001203206161187409,0.024228264032549185,0.004639647086018568
19::single::text::17,19,20,text,17,18,Positive,0.007616145690628867,0.055915314328221014,0.9364685399811501,0.9170842000416347,1.0,0,0.0014673361509234262,0.025106529958365265,0.004918089735189257
19::single::text::18,19,20,text,18,19,Positive,0.007501411814847132,0.05873167432587619,0.9337669138592767,0.8756998947688511,1.0,0,0.004168962272796839,0.06649083523114885,0.01316628700825656
19::single::text::19,19,20,text,19,20,Positive,0.007251691856018792,0.06054152189505628,0.932206786248925,0.876084199973515,1.0,0,0.005729089883148575,0.06610653002648492,0.013882299945988441
19::single::text::20,19,20,text,20,21,Positive,0.007593527452770141,0.05513567560895001,0.9372707969382799,0.9376847573689052,1.0,0,0.0006650791937936607,0.004505972631094757,0.001083535035412623
19::single::text::21,19,20,text,21,22,Positive,0.007620047831859476,0.0554814877084914,0.9368984644596492,0.9355848346437726,1.0,0,0.0010374116724243265,0.006605895356227354,0.001619688395583389
19::single::text::22,19,20,text,22,23,Positive,0.007434661211802765,0.057888677674150346,0.9346766611140469,0.9130341921533857,1.0,0,0.0032592150180266177,0.029156537846614317,0.006489030483449028
19::single::text::23,19,20,text,23,24,Positive,0.007783419505420859,0.05927431570405808,0.9329422647905211,0.8980795911380223,1.0,0,0.004993611341552406,0.044111138861977706,0.009848662147772486
19::single::text::24,19,20,text,24,25,Positive,0.008055992532416732,0.05793525372319667,0.9340087537443866,0.9274985364505223,1.0,0,0.003927122387686888,0.014692193549477706,0.004412260118756395
19::single::text::25,19,20,text,25,26,Positive,0.008059949721417417,0.05794084266485643,0.9339992076137261,0.9272178156035287,1.0,0,0.003936668518347397,0.014972914396471304,0.004463819991918916
19::single::text::26,19,20,text,26,27,Positive,0.008072329645483179,0.05536690950618806,0.9365607608483288,0.950968759400504,1.0,0,0.0013751152837446767,-0.008778029400503984,0.0021505625419563357
19::single::text::27,19,20,text,27,28,Positive,0.007669308201402496,0.05299883081538131,0.9393318609832162,0.9203386221613202,1.0,0,-0.0013959848511426731,0.021852107838679746,0.004340010398684627
19::single::text::28,19,20,text,28,29,Positive,0.007980845668328185,0.06235541614385,0.9296637381878218,0.8800544823919024,1.0,0,0.008272137944251745,0.06213624760809755,0.014492110240142131
19::single::text::29,19,20,text,29,30,Positive,0.007978296952279255,0.062339426506619194,0.9296822765411016,0.8800800016948155,1.0,0,0.008253599590971938,0.06211072830518449,0.014478587846350052
19::single::text::30,19,20,text,30,31,Positive,0.007624962444292395,0.058154402914140535,0.934220634641567,0.9037722604615348,1.0,0,0.0037152414905065045,0.03841846953846517,0.008260699001664113
19::single::text::31,19,20,text,31,32,Positive,0.007497635904800527,0.05229792681847147,0.940204437276728,0.9503943749836513,1.0,0,-0.0022685611446544574,-0.008203644983651337,0.002501554736269118
19::single::text::32,19,20,text,32,33,Positive,0.007472770860539861,0.0534127514458807,0.9391144776935795,0.9470423800604684,1.0,0,-0.0011786015615059542,-0.004851650060468393,0.001397909124164376
19::single::text::33,19,20,text,33,34,Positive,0.007478096961326348,0.05337452358100309,0.9391473794576706,0.9469257593154907,1.0,0,-0.001211503325597052,-0.004735029315490746,0.001394923215380317
19::single::text::34,19,20,text,34,35,Positive,0.007465783691273966,0.05614393302854117,0.9363902832801848,0.9103559681347438,1.0,0,0.0015455928518887108,0.031834761865256134,0.006078590070153711
19::single::text::35,19,20,text,35,36,Positive,0.007547110170779287,0.051707439894368025,0.9407454499348528,0.9518618668828692,1.0,0,-0.0028095738027792416,-0.009671136882869247,0.0030166430485344953
19::single::text::36,19,20,text,36,37,Positive,0.007480350486264591,0.052779243204417715,0.9397404063093177,0.9440944535391671,1.0,0,-0.0018045301772441347,-0.0019037235391671237,0.0012195523451499213
19::single::text::37,19,20,text,37,38,Positive,0.007466438690042887,0.052672114804070996,0.9398614465058862,0.9450711607933044,1.0,0,-0.0019255703738126906,-0.002880430793304467,0.0014428569857904232
19::single::text::38,19,20,text,38,39,Positive,0.007579387345038863,0.056344225549250095,0.9360763871057111,0.9155367868287223,1.0,0,0.0018594890263624597,0.026653943171277672,0.005372068375060842
19::single::text::39,19,20,text,39,40,Positive,0.0076176528111746335,0.05890682387867805,0.9334755233101474,0.8993293557848249,1.0,0,0.004460352821926139,0.04286137421517511,0.00937373878015892
19::single::text::40,19,20,text,40,41,Positive,0.007621559329849684,0.054690296050683415,0.9376881446194669,0.9290326918874469,1.0,0,0.0002477315126065971,0.013158038112553117,0.0023168721083954846
19::single::text::41,19,20,text,41,42,Positive,0.0076216631747463145,0.054743832159826804,0.9376345046654269,0.9286938224520002,1.0,0,0.0003013714666466605,0.013496907547999815,0.002400170324656633
19::single::text::42,19,20,text,42,43,Positive,0.007589407248260432,0.05531943647480107,0.9370911562769385,0.9236240557261876,1.0,0,0.0008447198551350121,0.018566674273812422,0.0035168056398695766
19::single::text::43,19,20,text,43,44,Positive,0.007747399370081057,0.057354154179712534,0.9348984464502064,0.9162183233669826,1.0,0,0.0030374296818671542,0.025972406633017364,0.005847449279769805
19::single::text::44,19,20,text,44,45,Positive,0.00827491601846589,0.05413051369559498,0.9375945702859392,0.9387158155441284,1.0,0,0.0003413058461343432,0.0034749144558715583,0.000749805332379098
19::single::audio::0,19,20,audio,0,1,Positive,0.00764957530645745,0.05440141742826979,0.9379490072652727,0.9426158496311733,1.0,0,-1.3131133199228984e-05,-0.00042511963117330964,7.741883846183277e-05
19::single::audio::1,19,20,audio,1,2,Positive,0.007667131064468208,0.054231381241222926,0.9381014876943089,0.9429459401539394,1.0,0,-0.00016561156223537932,-0.0007552101539394229,0.00020867414010759347
19::single::audio::2,19,20,audio,2,3,Positive,0.007662798865016791,0.05417703429728801,0.9381601668376952,0.9440172144344875,1.0,0,-0.00022429070562168807,-0.0018264844344875186,0.0004165594252254305
19::single::audio::3,19,20,audio,3,4,Positive,0.007657471565022602,0.054664206137952365,0.9376783222970251,0.939319338117327,1.0,0,0.00025755383504844076,0.0028713918826729357,0.000607342231303043
19::single::audio::4,19,20,audio,4,5,Positive,0.00766234859399145,0.054550092367470424,0.9377875590385382,0.9404563988958087,1.0,0,0.00014831709353535505,0.0017343311041913,0.0003632137307995609
19::single::audio::5,19,20,audio,5,6,Positive,0.007667716257682087,0.05457049228223586,0.9377617914600821,0.9412470970835004,1.0,0,0.00017408467199142574,0.0009436329164995705,0.0002443144887456413
19::single::audio::6,19,20,audio,6,7,Positive,0.0076566266470128675,0.05445475807173912,0.9378886152812479,0.9420833587646484,1.0,0,4.726085082562559e-05,0.00010737123535153881,4.1525631304735924e-05
19::single::audio::7,19,20,audio,7,8,Positive,0.007675945589377464,0.054281469647546876,0.9380425847630757,0.9430568218231201,1.0,0,-0.00010670863100215033,-0.0008660918231201409,0.0001977029526877653
19::single::audio::8,19,20,audio,8,9,Positive,0.007681516467772308,0.05496738874190919,0.9373510947903185,0.9375417317662921,1.0,0,0.0005847813417549919,0.004648998233707902,0.0010672237098288129
19::single::audio::9,19,20,audio,9,10,Positive,0.007692826857570514,0.05363900615304223,0.9386681669893873,0.9512449843542916,1.0,0,-0.0007322908573137443,-0.009054254354291635,0.0018751878210388113
19::single::audio::10,19,20,audio,10,11,Positive,0.007672823040014922,0.05497953501626008,0.937347641943725,0.9372693725994655,1.0,0,0.0005882341883485243,0.004921357400534454,0.001114343327596671
19::single::audio::11,19,20,audio,11,12,Positive,0.0076734027214581,0.05439752444558717,0.9379290728329547,0.9423223648752485,1.0,0,6.803299118840478e-06,-0.0001316348752484764,2.5340795434166303e-05
19::single::audio::12,19,20,audio,12,13,Positive,0.007661523034638369,0.054359574898496126,0.9379789020668655,0.9423746551786151,1.0,0,-4.30259347919959e-05,-0.00018392517861509639,5.216716383184735e-05
19::single::audio::13,19,20,audio,13,14,Positive,0.0076749102397192384,0.05606643999562263,0.9362586497646581,0.9317098770822797,1.0,0,0.0016772263674154075,0.010480852917720274,0.002585422003327749
19::single::audio::14,19,20,audio,14,15,Positive,0.007655408246454792,0.05368338487797846,0.9386612068755668,0.9495016847337995,1.0,0,-0.0007253307434932355,-0.007310954733799502,0.001581157827379868
19::single::audio::15,19,20,audio,15,16,Positive,0.0076632152719831375,0.05307115127903557,0.9392656334489813,0.9539884754589626,1.0,0,-0.0013297573169077648,-0.011797745458962616,0.0026311695682809852
19::single::audio::16,19,20,audio,16,17,Positive,0.007667924358800174,0.054203700378797105,0.9381283752624028,0.9450233919279916,1.0,0,-0.00019249913032926003,-0.0028326619279915866,0.0005683598864965611
19::single::audio::17,19,20,audio,17,18,Positive,0.007675731498173287,0.05398949608861498,0.9383347724132117,0.9466526508331299,1.0,0,-0.00039889628113820574,-0.0044619208331299065,0.0009431016127574207
19::single::audio::18,19,20,audio,18,19,Positive,0.007668962012745164,0.054204937103803794,0.938126100883451,0.9443065438951764,1.0,0,-0.00019022475137753236,-0.002115813895176455,0.000447748024884842
19::single::audio::19,19,20,audio,19,20,Positive,0.0076547059310029635,0.05448174244599708,0.937863551623,0.9415637935910907,1.0,0,7.232450907357357e-05,0.0006269364089093177,0.00014065165602167307
19::single::audio::20,19,20,audio,20,21,Positive,0.007661008713915721,0.0544318016709505,0.9379071896151338,0.9420050723212106,1.0,0,2.8686516939768758e-05,0.0001856576787894193,4.52862049347876e-05
19::single::audio::21,19,20,audio,21,22,Positive,0.0076562974066575,0.0544038805912444,0.9379398220020981,0.9422496982983181,1.0,0,-3.945870024613107e-06,-5.896829831808503e-05,1.1800984731987393e-05
19::single::audio::22,19,20,audio,22,23,Positive,0.007667469139079115,0.05435028521240335,0.9379822456485175,0.9427032215254647,1.0,0,-4.6369516443989234e-05,-0.0005124915254647311,0.00010860001246611646
19::single::audio::23,19,20,audio,23,24,Positive,0.007665546930076879,0.053607348723547554,0.9387271043463756,0.9480002267020089,1.0,0,-0.0007912282143021088,-0.0058094967020089205,0.0013638635574858746
19::single::audio::24,19,20,audio,24,25,Positive,0.007672310519274083,0.05564233124649775,0.9366853582342282,0.9242518884795052,1.0,0,0.0012505178978453602,0.01793884152049474,0.003615065869005137
19::single::audio::25,19,20,audio,25,26,Positive,0.007657221385822765,0.05461299062231579,0.9377297879918615,0.9395712699208941,1.0,0,0.00020608814021205735,0.002619460079105851,0.0005396207499570038
19::single::audio::26,19,20,audio,26,27,Positive,0.007641402048872808,0.054382275025874435,0.9379763229252528,0.9409695948873248,1.0,0,-4.04467931792718e-05,0.0012211351126751868,0.0002237459153688337
19::single::audio::27,19,20,audio,27,28,Positive,0.007671877927603153,0.05443015631623471,0.9378979657561621,0.9396665266581944,1.0,0,3.791037591138746e-05,0.0025242033418055865,0.00043965574492329146
19::single::audio::28,19,20,audio,28,29,Positive,0.007661248999700492,0.054299605397485164,0.9380391456028143,0.9421556336539132,1.0,0,-0.00010326947074079662,3.509634608678258e-05,5.7484126384862076e-05
19::single::audio::29,19,20,audio,29,30,Positive,0.007639727873145752,0.05351192779960222,0.9388483443272521,0.9497414061001369,1.0,0,-0.0009124681951785396,-0.007550676100136933,0.0017146801142787587
19::single::audio::30,19,20,audio,30,31,Positive,0.00766749439874776,0.054400726511867246,0.937931779089385,0.9418861184801374,1.0,0,4.097042688555597e-06,0.0003046115198626076,5.281710798804573e-05
19::single::audio::31,19,20,audio,31,32,Positive,0.007663153388222352,0.05423789531822436,0.9380989512935534,0.9426908493041992,1.0,0,-0.00016307516147984202,-0.0005001193041992424,0.0001648907981064614
19::single::audio::32,19,20,audio,32,33,Positive,0.007662110511864733,0.05424900609568157,0.9380888833924538,0.9426908493041992,1.0,0,-0.0001530072603802557,-0.0005001193041992424,0.00015985684755666824
19::single::audio::33,19,20,audio,33,34,Positive,0.007662397623269064,0.05424782942170449,0.9380897729550265,0.9426908493041992,1.0,0,-0.00015389682295297025,-0.0005001193041992424,0.0001603016288430255
19::single::audio::34,19,20,audio,34,35,Positive,0.007662515159796834,0.0542471936589636,0.9380902911812397,0.9428114550454276,1.0,0,-0.00015441504916613447,-0.0006207250454276503,0.00018066169882100896
19::single::audio::35,19,20,audio,35,36,Positive,0.007661581996234873,0.05418031574286892,0.9381581022608962,0.9431924309049334,1.0,0,-0.0002222261288227223,-0.0010017009049334558,0.0002780632152336038
19::single::audio::36,19,20,audio,36,37,Positive,0.007669269431535202,0.05443741794980701,0.9378933126186578,0.9412505882126945,1.0,0,4.256351341569431e-05,0.000940141787305504,0.00017797205459209783
19::single::audio::37,19,20,audio,37,38,Positive,0.0076560644749376254,0.05449543742671756,0.9378484980983448,0.9408901078360421,1.0,0,8.737803372871333e-05,0.0013006221639578763,0.0002604593775240027
19::single::audio::38,19,20,audio,38,39,Positive,0.007655334133866021,0.05420467714904578,0.9381399887170883,0.942388117313385,1.0,0,-0.0002041125850147374,-0.00019738731338503346,0.00013495417807154095
19::single::audio::39,19,20,audio,39,40,Positive,0.00767408934131102,0.054072613248892225,0.9382532974097968,0.9443042874336243,1.0,0,-0.0003174212777232732,-0.0021135574336242913,0.0005109702111323517
19::single::audio::40,19,20,audio,40,41,Positive,0.0076650250308113385,0.054337426147282895,0.9379975488219058,0.9422555991581508,1.0,0,-6.167268983225949e-05,-6.48691581508487e-05,4.164787127460453e-05
19::single::audio::41,19,20,audio,41,42,Positive,0.007665613973064156,0.05429733041299949,0.9380370556139364,0.9425746287618365,1.0,0,-0.00010117948186283421,-0.00038389876183653193,0.00011457286790417243
19::single::audio::42,19,20,audio,42,43,Positive,0.007668292231520288,0.05426903845230424,0.9380626693161754,0.942510051386697,1.0,0,-0.0001267931841019143,-0.0003193213866969913,0.00011661682316712238
19::single::audio::43,19,20,audio,43,44,Positive,0.007672655144022823,0.05436542494869407,0.9379619199072831,0.9418644905090332,1.0,0,-2.6043775209538822e-05,0.0003262394909667732,6.739513609923162e-05
19::single::audio::44,19,20,audio,44,45,Positive,0.007651760722284175,0.05440709510212708,0.9379411441755887,0.9427457536969867,1.0,0,-5.268043515194165e-06,-0.0005550236969866784,9.513797125537682e-05
19::single::vision::0,19,20,vision,0,1,Positive,0.007687003768180835,0.05432533100058772,0.9379876652312314,0.9427986996514457,1.0,0,-5.17890991579284e-05,-0.0006079696514457167,0.00012722282481991698
19::single::vision::1,19,20,vision,1,2,Positive,0.00763510669923209,0.054207236674397176,0.9381576566263707,0.944044692175729,1.0,0,-0.00022178049429721902,-0.0018539621757289737,0.00041988394310343846
19::single::vision::2,19,20,vision,2,3,Positive,0.007640235020418033,0.05426775550539332,0.9380920094741887,0.9435757568904332,1.0,0,-0.00015613334211517227,-0.001385026890433183,0.0003089044861297833
19::single::vision::3,19,20,vision,3,4,Positive,0.007658923665416408,0.05437439482779502,0.9379666815067886,0.942713839667184,1.0,0,-3.080537471511491e-05,-0.0005231096671840518,0.00010258763188823276
19::single::vision::4,19,20,vision,4,5,Positive,0.00765406811215482,0.05434994250161401,0.9379959893862312,0.9428960851260594,1.0,0,-6.011325415766766e-05,-0.0007053551260594038,0.00014761581475540114
19::single::vision::5,19,20,vision,5,6,Positive,0.007679729707113874,0.05450414190101276,0.9378161283918734,0.9411341888563973,1.0,0,0.00011974774020007128,0.0010565411436026517,0.0002359640607004776
19::single::vision::6,19,20,vision,6,7,Positive,0.007674988268033005,0.05444334530300556,0.9378816664289614,0.9408389585358756,1.0,0,5.420970311209583e-05,0.0013517714641243517,0.00025240009557677323
19::single::vision::7,19,20,vision,7,8,Positive,0.007679275308940799,0.054456199835828244,0.937864524855231,0.9403312802314758,1.0,0,7.135127684254616e-05,0.0018594497685241462,0.00034558393317529745
19::single::vision::8,19,20,vision,8,9,Positive,0.007681370484537672,0.054481867170736865,0.9378367623447255,0.9400646601404462,1.0,0,9.911378734805965e-05,0.0021260698595537697,0.0004039018702663248
19::single::vision::9,19,20,vision,9,10,Positive,0.007681374814156235,0.05449102424030173,0.9378276009455421,0.9401068091392517,1.0,0,0.00010827518653144796,0.0020839208607482673,0.00040145773672376855
19::single::vision::10,19,20,vision,10,11,Positive,0.007681873857567986,0.054516153243748554,0.9378019728986835,0.9400544336863926,1.0,0,0.0001339032333900203,0.0021362963136073443,0.0004230010022962342
19::single::vision::11,19,20,vision,11,12,Positive,0.007681953760608524,0.05446376839440941,0.9378542778449821,0.9397816828319004,1.0,0,8.159828709142225e-05,0.002409047168099532,0.00044230700489563307
19::single::vision::12,19,20,vision,12,13,Positive,0.0076835763441963235,0.05447342061905328,0.9378430030367503,0.9399732095854623,1.0,0,9.287309532324262e-05,0.0022175204145377103,0.00041602328341790634
19::single::vision::13,19,20,vision,13,14,Positive,0.007704095429925565,0.054592442633750765,0.9377034619363237,0.9378992404256549,1.0,0,0.00023241419574981936,0.004291489574345109,0.0008314553602657612
19::single::vision::14,19,20,vision,14,15,Positive,0.007682260257301523,0.05450407940641698,0.9378136603362814,0.9396012851170131,1.0,0,0.00012221579579207997,0.0025894448829868466,0.0004926820450605145
19::single::vision::15,19,20,vision,15,16,Positive,0.007681884626304784,0.05452199669112384,0.9377961186825714,0.9393112233706883,1.0,0,0.00013975744950212032,0.00287950662931169,0.0005497964963030084
19::single::vision::16,19,20,vision,16,17,Positive,0.007684032171754455,0.05448656639249634,0.9378294014357492,0.9391147834914071,1.0,0,0.00010647469632429907,0.003075946508592886,0.0005658950995942972
19::single::vision::17,19,20,vision,17,18,Positive,0.00768703888118829,0.05454258518656124,0.9377703759322504,0.9387308614594596,1.0,0,0.0001655001998230876,0.0034598685405403673,0.0006593948566682717
19::single::vision::18,19,20,vision,18,19,Positive,0.00771727692262913,0.0548778176847184,0.9374049053926524,0.9368335774966648,1.0,0,0.0005309707394210994,0.0053571525033351275,0.0011583441202664044
19::single::vision::19,19,20,vision,19,20,Positive,0.0076869270436370875,0.05454192832351446,0.9377711446328485,0.9394911697932652,1.0,0,0.00016473149922502373,0.0026995602067347857,0.0005322924507349762
19::single::vision::20,19,20,vision,20,21,Positive,0.007678610143745909,0.0544745201268763,0.9378468697293778,0.9398848158972604,1.0,0,8.90064026957127e-05,0.0023059141027396146,0.00042882221847112545
19::single::vision::21,19,20,vision,21,22,Positive,0.007692873842791458,0.054595423558960514,0.9377117025982481,0.9385766983032227,1.0,0,0.0002241735338254225,0.00361403169677732,0.0007144253830422646
19::single::vision::22,19,20,vision,22,23,Positive,0.007681813345707925,0.05454567214353476,0.9377725145107573,0.9397756372179303,1.0,0,0.0001633616213162492,0.002415092782069639,0.0004841962743363977
19::single::vision::23,19,20,vision,23,24,Positive,0.007673647952955306,0.05423692231839522,0.9380894297286495,0.9422911150114877,1.0,0,-0.00015355359657598378,-0.00010038501148768031,9.35076335359386e-05
19::single::vision::24,19,20,vision,24,25,Positive,0.007678694022031638,0.054170117495122135,0.9381511884828462,0.9428733842713493,1.0,0,-0.0002153123507726562,-0.0006826542713492811,0.00022143188727787494
19::single::vision::25,19,20,vision,25,26,Positive,0.0076808603327172,0.0542388690351398,0.938080270632143,0.9420504995754787,1.0,0,-0.00014439450006953347,0.00014023042452127044,9.556898745497848e-05
19::single::vision::26,19,20,vision,26,27,Positive,0.007672641039096046,0.05422970986508772,0.9380976490958163,0.9423717345510211,1.0,0,-0.00016177296374275674,-0.00018100455102110224,0.00011105390704156208
19::single::vision::27,19,20,vision,27,28,Positive,0.007649045006888201,0.054367633312222594,0.9379833216808893,0.943640376840319,1.0,0,-4.7445548815749916e-05,-0.0014496468403190077,0.0002653305811277096
19::single::vision::28,19,20,vision,28,29,Positive,0.007642801600274966,0.054372181101696906,0.9379850172980281,0.9439314433506557,1.0,0,-4.91411659545582e-05,-0.0017407133506557315,0.00031468947475323433
19::single::vision::29,19,20,vision,29,30,Positive,0.007645997273612108,0.05435873639568614,0.9379952663307018,0.9436894399779183,1.0,0,-5.9390198628328505e-05,-0.0014987099779183444,0.0002794800956338883
19::single::vision::30,19,20,vision,30,31,Positive,0.007634219648509596,0.05421316890861836,0.9381526114428721,0.944745055266789,1.0,0,-0.000216735310798577,-0.0025543252667890037,0.0005340885331974559
19::single::vision::31,19,20,vision,31,32,Positive,0.0076254835207954326,0.054168778957270264,0.9382057375219343,0.9455558572496686,1.0,0,-0.00026986138986073716,-0.0033651272496686424,0.000695785236541809
19::single::vision::32,19,20,vision,32,33,Positive,0.0076254401813232574,0.054169545866751816,0.9382050139519249,0.9454975894519261,1.0,0,-0.00026913781985138385,-0.003306859451926103,0.0006857121519133758
19::single::vision::33,19,20,vision,33,34,Positive,0.007625346937324941,0.05417041134981773,0.9382042417128573,0.9454990710530963,1.0,0,-0.00026836558078380257,-0.0033083410530962976,0.0006855729659079509
19::single::vision::34,19,20,vision,34,35,Positive,0.007628981725837641,0.0541872246991147,0.9381837935750477,0.9449955310140338,1.0,0,-0.00024791744297414375,-0.0028048010140337976,0.0005914255571593714
19::single::vision::35,19,20,vision,35,36,Positive,0.0076246284102926675,0.054170313877203446,0.938205057712504,0.9455977252551487,1.0,0,-0.00026918158043043316,-0.0034069952551487592,0.0007024233327400098
19::single::vision::36,19,20,vision,36,37,Positive,0.0076197264980818556,0.05409756301012772,0.9382827104917905,0.9457504834447589,1.0,0,-0.000346834359716941,-0.003559753444758895,0.0007667094206516197
19::single::vision::37,19,20,vision,37,38,Positive,0.007636760702744189,0.05425017466251425,0.9381130646347415,0.9447162917682103,1.0,0,-0.00017718850266801311,-0.0025255617682102827,0.0005095212127023869
19::single::vision::38,19,20,vision,38,39,Positive,0.00763536178618792,0.0542165058762693,0.9381481323375428,0.9449198756899152,1.0,0,-0.00021225620546927448,-0.0027291456899152244,0.000560985717720508
19::single::vision::39,19,20,vision,39,40,Positive,0.00761650631325768,0.0540489541495105,0.9383345395372318,0.9470176611627851,1.0,0,-0.0003986634051582616,-0.0048269311627850975,0.0010038202297099805
19::single::vision::40,19,20,vision,40,41,Positive,0.007636971577736329,0.05415391979178235,0.9382091086304813,0.945577357496534,1.0,0,-0.00027323249840782715,-0.003386627496534067,0.0007010541652929247
19::single::vision::41,19,20,vision,41,42,Positive,0.007636712429396328,0.05414636369236491,0.9382169238782387,0.9456201791763306,1.0,0,-0.00028104774616521944,-0.00342944917633059,0.0007120987358043748
19::single::vision::42,19,20,vision,42,43,Positive,0.007648184165288332,0.05418026714469578,0.938171548690016,0.9447617190224784,1.0,0,-0.00023567255794243458,-0.0025709890224784315,0.0005463344493842892
19::single::vision::43,19,20,vision,43,44,Positive,0.007637872865468633,0.05412094316692465,0.9382411839676068,0.9453057476452419,1.0,0,-0.0003053078355332861,-0.003115017645241913,0.0006718235253069619
19::single::vision::44,19,20,vision,44,45,Positive,0.00768194084125114,0.05428655324675849,0.9380315059119904,0.9436108129365104,1.0,0,-9.56297799168393e-05,-0.001420082936510414,0.000284495379376822
