id,fold,predicted_label,negative_probability,neutral_probability,positive_probability,predicted_intensity,neutral_authenticity,neutral_rejected,true_label,true_intensity
-3g5yACwYnA$_$4,3,Positive,0.011772640971457478,0.06008594564745594,0.9281414133810866,0.8409680971428571,1.0,0,Positive,1.0
-HwX2H8Z4hY$_$3,0,Positive,0.13179487733113554,0.2711864053874091,0.5970187172814553,0.2960955682857143,1.0,0,Positive,0.33333334
-HwX2H8Z4hY$_$9,0,Negative,0.5110772587429878,0.43109266476578545,0.05783007649122685,-0.2933109457142858,1.0,0,Negative,-0.33333334
-NFrJFQijFE$_$0,2,Neutral,0.06167264214663936,0.694211476112176,0.24411588174118454,0.14793630585714285,0.4795255493086527,0,Neutral,0.0
-THoVjtIkeU$_$2,0,Positive,0.01192475568800086,0.0694369801200114,0.9186382641919877,0.8158443071428572,1.0,0,Positive,1.3333334
-UuX1xuaiiE$_$9,4,Positive,0.026728695229103105,0.09556204510481753,0.8777092596660794,0.6711655857142856,1.0,0,Positive,0.6666667
-WXXTNIJcVM$_$0,1,Positive,0.017123998511008282,0.04398725159970609,0.9388887498892856,1.1330406142857143,1.0,0,Positive,2.0
-a55Q6RWvTA$_$3,0,Positive,0.04435334820105411,0.051079860123218766,0.9045667916757272,0.7084640428571428,1.0,0,Positive,0.6666667
-aNfi7CP8vM$_$10,1,Negative,0.7196166578798024,0.14711159718230057,0.13327174493789706,-0.6005918394285714,1.0,0,Neutral,0.0
-aqamKhZ1Ec$_$1,3,Negative,0.6245146322198699,0.13440987161293536,0.2410754961671947,-0.15462477428571428,1.0,0,Negative,-0.6666667
-aqamKhZ1Ec$_$0,3,Negative,0.8131206921248398,0.15546537821285825,0.03141392966230199,-0.5952932942857144,1.0,0,Negative,-2.0
-dxfTGcXJoc$_$0,4,Positive,0.010267380411506506,0.19978083034910463,0.7899517892393888,0.8282899728571428,1.0,0,Positive,1.0
-dxfTGcXJoc$_$6,4,Positive,0.007937079188203655,0.06695142741847905,0.9251114933933173,0.8985114185714286,1.0,0,Positive,0.6666667
-egA8-b7-3M$_$3,3,Positive,0.015554872220631505,0.22464284398035708,0.7598022837990114,0.5953023714285715,1.0,0,Positive,0.6666667
-lqc32Zpr7M$_$18,0,Positive,0.03700597449471343,0.047954766350292166,0.9150392591549944,0.9698793100000002,1.0,0,Negative,-0.6666667
-lzEya4AM_4$_$6,4,Negative,0.9061608096717667,0.0660233080087426,0.027815882319490712,-0.7431254042857143,1.0,0,Negative,-0.33333334
-mJ2ud6oKI8$_$9,0,Positive,0.1406507361809543,0.0755572727996926,0.783791991019353,0.5893770828571429,1.0,0,Neutral,0.0
-mqbVkbCndg$_$1,4,Neutral,0.15098650479460016,0.6041837094610929,0.24482978574430703,0.10426957785714284,0.46219032205437505,0,Neutral,0.0
-mqbVkbCndg$_$4,4,Positive,0.046360285648056734,0.2744888760364445,0.6791508383154988,0.5638268608571428,1.0,0,Positive,0.33333334
-tPCytz4rww$_$16,1,Neutral,0.03271064147029025,0.6564384665272005,0.31085089200250926,0.129885717,0.5140522290530094,0,Neutral,0.0
-vxjVxOeScU$_$2,0,Positive,0.010353735788124152,0.035332555405630614,0.9543137088062453,1.1412820042857141,1.0,0,Positive,0.6666667
-wny0OAz3g8$_$0,2,Negative,0.8354585383290828,0.10480114836182623,0.0597403133090908,-0.30074007357142857,1.0,0,Positive,0.33333334
-wny0OAz3g8$_$5,2,Neutral,0.025002692692824062,0.5388657983796489,0.43613150892752717,0.305320558,0.4403921238109732,0,Positive,1.0
03X1FwF6udc$_$22,2,Positive,0.03358474317193883,0.2415180563488862,0.7248972004791749,0.4467923357142857,1.0,0,Positive,0.6666667
07Z16yRBFUQ$_$5,3,Negative,0.5610496747454224,0.3958343699553541,0.043115955299223574,-0.37781043428571426,1.0,0,Neutral,0.0
0BVed2nBq1g$_$0,2,Neutral,0.04491129418093899,0.5207392970671761,0.4343494087518848,0.3790806857142857,0.5405360295885118,0,Neutral,0.0
0BVed2nBq1g$_$3,2,Positive,0.2760084263010322,0.31265536946224376,0.4113362042367242,0.23812634642857142,1.0,0,Negative,-0.6666667
0BVed2nBq1g$_$2,2,Negative,0.7683030081255062,0.16810556772415247,0.06359142415034119,-0.4907112442857143,1.0,0,Negative,-0.33333334
0DBfvvIVmqY$_$13,1,Positive,0.032601798828392016,0.1960326813289715,0.7713655198426365,0.5802209514285714,1.0,0,Positive,0.33333334
0DBfvvIVmqY$_$14,1,Neutral,0.04786503023821824,0.6972275310628995,0.25490743869888227,0.30019756,0.4705069372834061,0,Positive,0.6666667
0DBfvvIVmqY$_$4,1,Neutral,0.04136135546439595,0.5581408696312028,0.40049777490440136,0.2543510178571428,0.5728286203757168,0,Positive,0.33333334
0DBfvvIVmqY$_$8,1,Neutral,0.018782856312224892,0.5221896891514177,0.45902745453635746,0.35538942342857144,0.4497651823071014,0,Positive,2.3333333
0EphpADwdPg$_$6,1,Positive,0.048071274968376744,0.3258838117225287,0.6260449133090946,0.3619984014285714,1.0,0,Positive,0.6666667
0FA32bEZ6xI$_$24,3,Positive,0.019545130280358418,0.17328148789067988,0.8071733818289617,0.5437692842857144,1.0,0,Neutral,0.0
0FA32bEZ6xI$_$25,3,Positive,0.010965109613172383,0.3105000751480888,0.6785348152387388,0.6068493514285714,1.0,0,Positive,0.6666667
0FA32bEZ6xI$_$28,3,Positive,0.020025363012964027,0.27720495616822094,0.7027696808188151,0.43427372428571426,1.0,0,Neutral,0.0
0FA32bEZ6xI$_$3,3,Neutral,0.07651572207748071,0.762589944384378,0.16089433353814134,0.055052869428571426,0.4840748151437359,0,Neutral,0.0
0FA32bEZ6xI$_$6,3,Positive,0.01679607562006247,0.3098436110080694,0.6733603133718682,0.5871956185714285,1.0,0,Neutral,0.0
0FA32bEZ6xI$_$15,3,Positive,0.013389848091513345,0.10426524987068361,0.8823449020378031,0.8944299814285713,1.0,0,Neutral,0.0
0FA32bEZ6xI$_$14,3,Neutral,0.17574649154531202,0.5087287065407976,0.31552480191389026,0.2703093114285714,0.21030194932245339,0,Positive,0.33333334
0FA32bEZ6xI$_$18,3,Positive,0.016489191791603283,0.2025105165008966,0.7810002917075001,0.6879586514285715,1.0,0,Neutral,0.0
0JuRmhhgMw8$_$0,4,Positive,0.004947883634964567,0.02724101657452364,0.9678110997905118,1.2066685942857145,1.0,0,Positive,1.0
0OC3wf9x3zQ$_$7,0,Neutral,0.027150983232395114,0.8587328050910589,0.1141162116765461,0.11106188771428571,0.6654960902739776,0,Neutral,0.0
0OC3wf9x3zQ$_$6,0,Positive,0.019791784983852787,0.4667724195654354,0.5134357954507118,0.32400501857142855,1.0,0,Neutral,0.0
0OXeN3MhFeA$_$19,2,Neutral,0.1631700008884436,0.5298607214195901,0.3069692776919663,0.19220347722857142,0.22247056264610374,0,Negative,-0.33333334
0OXeN3MhFeA$_$18,2,Positive,0.01544551993629419,0.2244534896836553,0.7601009903800505,0.5603808771428572,1.0,0,Positive,0.6666667
0OXeN3MhFeA$_$15,2,Positive,0.013837878971073485,0.04413306242126583,0.9420290586076607,1.1406810942857142,1.0,0,Positive,0.6666667
0Svu5BldR5A$_$0,3,Positive,0.014076378326855517,0.20572661933199796,0.7801970023411465,0.7682620657142857,1.0,0,Positive,1.6666666
0YdYFtVdlWE$_$7,3,Neutral,0.046804564112446496,0.8145708932000999,0.13862454268745356,0.15211798865714285,0.639878551159296,0,Neutral,0.0
0YdYFtVdlWE$_$6,3,Negative,0.7916755649226102,0.1849537501721891,0.023370684905200743,-0.4839657164285714,1.0,0,Negative,-0.6666667
0YdYFtVdlWE$_$8,3,Negative,0.7448596647602108,0.20703324890405556,0.048107086335733636,-0.33080129999999996,1.0,0,Negative,-0.6666667
0YdYFtVdlWE$_$10,3,Negative,0.9313005921287784,0.04765566278795426,0.0210437450832673,-1.0240867871428572,1.0,0,Negative,-0.6666667
0YdYFtVdlWE$_$15,3,Negative,0.9308182700388166,0.039017640651332716,0.03016408930985072,-0.7288780071428571,1.0,0,Neutral,0.0
0YdYFtVdlWE$_$14,3,Positive,0.018527423433009123,0.07529959692406413,0.9061729796429268,0.91083059,1.0,0,Positive,2.0
0bsTzavb-AE$_$3,0,Positive,0.012648651080598424,0.11017622495299699,0.8771751239664046,0.6935375214285714,1.0,0,Positive,0.33333334
0hCOCt6fWas$_$15,3,Positive,0.036121199991584516,0.1162036911966271,0.8476751088117884,0.6360082242857141,1.0,0,Positive,0.33333334
0hCOCt6fWas$_$2,3,Positive,0.023342535615578076,0.4296095633278202,0.5470479010566017,0.4068680814285715,1.0,0,Neutral,0.0
0hCihQ5Kep0$_$3,2,Positive,0.01928894223121869,0.061052880548365177,0.9196581772204161,1.1143052785714287,1.0,0,Positive,1.6666666
0hCihQ5Kep0$_$4,2,Positive,0.008969265478984204,0.021845855593509343,0.9691848789275065,1.563144085714286,1.0,0,Positive,1.6666666
0jtdrsmVzYQ$_$5,0,Negative,0.9209300230342865,0.05125307709681009,0.02781689986890343,-0.8022461157142857,1.0,0,Neutral,0.0
0mXv97u2OCM$_$7,0,Positive,0.02064926497007552,0.08043954377042413,0.8989111912595004,0.63503721,1.0,0,Neutral,0.0
0p9XKC_J3hU$_$2,4,Neutral,0.0308944902548198,0.7211759428502525,0.24792956689492762,0.24254431771428572,0.35597003414265294,0,Positive,0.33333334
0rE8jEvQW_I$_$3,0,Positive,0.009509714268053387,0.052729596759216464,0.9377606889727301,1.1198569242857144,1.0,0,Positive,1.0
0rE8jEvQW_I$_$4,0,Positive,0.01826799252967316,0.11109101160322055,0.8706409958671063,0.5946139128571428,1.0,0,Positive,1.3333334
0rE8jEvQW_I$_$9,0,Positive,0.02553453450123059,0.1602417073327925,0.8142237581659769,0.8422231957142857,1.0,0,Positive,2.3333333
0tkWa2skSmA$_$8,0,Positive,0.019957829440879555,0.1219178577428561,0.8581243128162643,0.5515501728571428,1.0,0,Neutral,0.0
0tkWa2skSmA$_$6,0,Negative,0.596698227601415,0.32854051985919686,0.07476125253938803,-0.12953400371428575,1.0,0,Neutral,0.0
100499$_$5,0,Negative,0.9559941626535882,0.024813299950335554,0.019192537396076292,-1.364010592857143,1.0,0,Negative,-1.3333334
100499$_$4,0,Neutral,0.44123015662567466,0.4916475265584673,0.06712231681585808,-0.2244503647142857,0.5178224211375279,0,Neutral,0.0
101851$_$13,3,Positive,0.03363237786611129,0.2323530977827728,0.7340145243511159,0.66996945,1.0,0,Positive,0.6666667
101851$_$14,3,Positive,0.013855033780417837,0.1564768536964488,0.8296681125231334,1.0809521428571427,1.0,0,Positive,1.0
101851$_$16,3,Negative,0.9636035509795682,0.02850497658525259,0.007891472435179075,-1.3763404357142854,1.0,0,Negative,-1.0
101851$_$0,3,Neutral,0.02702270677412171,0.8332515925593429,0.1397257006665355,0.13967391557142855,0.6014486664655782,0,Neutral,0.0
102184$_$12,1,Negative,0.978794840483561,0.01503487861633906,0.00617028090009999,-1.4470227,1.0,0,Negative,-1.3333334
102184$_$1,1,Positive,0.024400895124556468,0.0320536241545312,0.9435454807209124,1.3096460857142858,1.0,0,Positive,0.6666667
102184$_$3,1,Neutral,0.27455881950882355,0.4038955919220881,0.3215455885690882,0.1373627785714286,0.3244177581196431,0,Positive,1.0
102184$_$7,1,Negative,0.8451511351224753,0.12332874745808628,0.031520117419438484,-1.0591963281428571,1.0,0,Negative,-1.6666666
10223$_$1,4,Negative,0.8243020529944172,0.04948962510821442,0.12620832189736847,-1.07604189,1.0,0,Negative,-1.0
10223$_$9,4,Positive,0.17569710698230098,0.389747034812402,0.434555858205297,0.09373465285714282,1.0,0,Positive,0.6666667
106077$_$1,4,Neutral,0.021130319388002083,0.680250940729018,0.29861873988297977,0.3754374621428571,0.4655752854242198,0,Positive,0.33333334
106077$_$2,4,Neutral,0.29389554415663494,0.4444225236427655,0.26168193220059954,0.02794948942857142,0.2151133425987576,0,Neutral,0.0
106077$_$7,4,Negative,0.6024133331540291,0.33961380298521276,0.05797286386075819,-0.6450759271428572,1.0,0,Negative,-1.0
106514$_$10,1,Negative,0.8277253672961927,0.1129108612223846,0.05936377148142268,-0.43290359142857143,1.0,0,Negative,-1.0
106514$_$2,1,Positive,0.03939841993166563,0.08134433019527214,0.8792572498730623,0.8269249485714285,1.0,0,Positive,1.3333334
106514$_$9,1,Negative,0.536249666009374,0.41247703989724765,0.05127329409337845,-0.2424504642857143,1.0,0,Negative,-0.33333334
106941$_$10,4,Negative,0.8638417149908864,0.03478183911750346,0.10137644589161021,-1.360735357142857,1.0,0,Negative,-2.0
106941$_$12,4,Negative,0.971013783260553,0.02175055797074939,0.00723565876869764,-1.6644174857142855,1.0,0,Negative,-1.6666666
106941$_$3,4,Positive,0.1746623938786679,0.06157186955383662,0.7637657365674956,0.5256959285714284,1.0,0,Negative,-0.33333334
106941$_$2,4,Negative,0.6593485476766753,0.3041538522670056,0.03649760005631914,-0.6084950757142857,1.0,0,Negative,-0.6666667
106941$_$7,4,Neutral,0.17548617113549128,0.6513983378080661,0.17311549105644267,0.00451934385714285,0.32666958769058546,0,Negative,-1.6666666
106941$_$9,4,Neutral,0.24124781915449386,0.48963541264066224,0.26911676820484387,-0.10633600630000002,0.23588347106001764,0,Negative,-0.6666667
106941$_$8,4,Negative,0.9710387221976169,0.022599894737243317,0.006361383065139688,-1.702876847142857,1.0,0,Negative,-1.6666666
107551$_$1,3,Positive,0.03950464597083944,0.159737092400096,0.8007582616290645,0.9192224571428571,1.0,0,Positive,0.33333334
107551$_$3,3,Negative,0.9825033219292445,0.0128167851214348,0.00467989294932075,-1.6045716399999999,1.0,0,Negative,-1.3333334
107551$_$5,3,Negative,0.8360006350867737,0.1256886280640321,0.038310736849194234,-0.829850567142857,1.0,0,Negative,-2.3333333
107551$_$6,3,Neutral,0.279980751453634,0.5216628735332223,0.1983563750131437,-0.08796255657142853,0.47270080683770666,0,Neutral,0.0
108793$_$10,4,Negative,0.9768087727191721,0.01842013206473837,0.004771095216089605,-1.7763888,1.0,0,Negative,-1.6666666
108793$_$17,4,Negative,0.5888948030852912,0.2698741770809188,0.1412310198337901,-0.43093680714285726,1.0,0,Negative,-1.3333334
108793$_$1,4,Positive,0.018708604782438486,0.031134838899134057,0.9501565563184274,1.4333967385714286,1.0,0,Positive,1.3333334
108793$_$0,4,Neutral,0.06410566764652724,0.7765411032035225,0.15935322914995023,0.02309943514285714,0.7041057726896878,0,Neutral,0.0
108793$_$8,4,Neutral,0.3142099846847824,0.4276453608809072,0.25814465443431045,0.045504721142857155,0.3213309695356664,0,Positive,0.6666667
110203$_$2,4,Negative,0.8718284339594743,0.09741679603932646,0.030754770001199094,-0.5538460042857143,1.0,0,Neutral,0.0
110203$_$7,4,Negative,0.5717266829695581,0.26829830629617046,0.15997501073427145,-0.6170855571428572,1.0,0,Negative,-1.3333334
110754$_$3,0,Negative,0.7581091857953776,0.19656359060849304,0.045327223596129375,-0.5101253551428572,1.0,0,Neutral,0.0
110754$_$2,0,Positive,0.049735176576042234,0.4236759819043172,0.5265888415196406,0.3137820571428572,1.0,0,Neutral,0.0
110766$_$8,1,Negative,0.7979558290604803,0.08328742086130263,0.11875675007821708,-0.8319656385714287,1.0,0,Negative,-1.0
110788$_$0,2,Neutral,0.02464565700352081,0.745761528677966,0.22959281431851328,0.23766787857142857,0.5452535966282839,0,Neutral,0.0
110788$_$5,2,Negative,0.8317640041520944,0.12811072118959957,0.04012527465830612,-0.5197522484285715,1.0,0,Neutral,0.0
112148$_$12,1,Positive,0.0285085998366225,0.18406229732868265,0.7874291028346948,0.8553619085714285,1.0,0,Positive,1.0
112148$_$5,1,Negative,0.9520184387096063,0.03138345410189691,0.0165981071884968,-1.0271111171428573,1.0,0,Negative,-0.6666667
112148$_$4,1,Negative,0.9598239784494861,0.03285324614827333,0.007322775402240628,-1.3110227785714288,1.0,0,Negative,-0.6666667
112148$_$7,1,Negative,0.9657497666623905,0.025679491467412132,0.008570741870197312,-1.3293400314285715,1.0,0,Negative,-1.6666666
112169$_$7,1,Negative,0.5138655969401595,0.4555531521100569,0.03058125094978354,-0.27363080142857144,1.0,0,Negative,-0.33333334
112604$_$1,2,Neutral,0.06779196302664235,0.7307923958900702,0.2014156410832875,0.141237742,0.3504316085352393,0,Positive,0.6666667
112631$_$1,4,Neutral,0.19506297407671824,0.7013837721056603,0.10355325381762152,0.027201611999999993,0.46412043805668596,0,Neutral,0.0
112631$_$6,4,Negative,0.964434845557579,0.029423129762292107,0.006142024680128964,-1.5296806928571427,1.0,0,Negative,-0.6666667
112903$_$0,3,Neutral,0.020017821201289823,0.5562308306693458,0.4237513481293645,0.34051207000000006,0.3382291528393821,0,Positive,0.33333334
112903$_$3,3,Negative,0.7959473814166802,0.046736335227689614,0.15731628335563022,-0.9566271828571429,1.0,0,Negative,-0.33333334
112903$_$6,3,Negative,0.9808265627170678,0.014144121507084667,0.005029315775847561,-1.4804936714285717,1.0,0,Negative,-2.6666667
113265$_$3,3,Negative,0.9706890464466537,0.022395648280015872,0.006915305273330535,-1.4506933285714285,1.0,0,Negative,-2.0
113265$_$4,3,Negative,0.9819575035675515,0.013513527438995856,0.004528968993452717,-1.6565581057142857,1.0,0,Negative,-2.0
114624$_$11,4,Negative,0.8648340875052353,0.12432168491368649,0.010844227581078348,-1.4414841342857143,1.0,0,Negative,-1.0
114624$_$6,4,Negative,0.9747392216012604,0.019203969226859085,0.0060568091718806024,-1.6373405142857145,1.0,0,Negative,-1.6666666
114624$_$8,4,Neutral,0.16490943735864905,0.7515242136415506,0.08356634899980027,-0.04124483342857144,0.45147475564972556,0,Neutral,0.0
11650$_$0,0,Positive,0.026300887204811645,0.307014560128431,0.6666845526667574,0.49881275857142854,1.0,0,Positive,0.33333334
11650$_$3,0,Negative,0.5773668015786878,0.2609410234936306,0.16169217492768162,-0.37388807285714293,1.0,0,Neutral,0.0
11650$_$4,0,Positive,0.06993297430871599,0.03931133026271774,0.8907556954285663,1.0359585671428573,1.0,0,Negative,-0.33333334
11650$_$13,0,Negative,0.9713689753553293,0.021831037410044725,0.0067999872346258495,-1.6471254071428574,1.0,0,Negative,-1.0
11650$_$18,0,Negative,0.9567030078602975,0.021490244125548938,0.021806748014153624,-1.552024172857143,1.0,0,Negative,-2.3333333
119348$_$11,1,Negative,0.9870096109825056,0.008351992463814049,0.004638396553680322,-1.71614156,1.0,0,Negative,-1.3333334
119348$_$3,1,Positive,0.38834904957211924,0.19219505509547,0.4194558953324108,0.2951453042857143,1.0,0,Positive,1.0
119348$_$2,1,Negative,0.6424823678816522,0.22108245464721504,0.13643517747113273,-0.26138177,1.0,0,Neutral,0.0
120vnZnmhq4$_$2,3,Positive,0.016160691394308237,0.07467977370369484,0.9091595349019969,0.8408624157142857,1.0,0,Positive,1.6666666
121358$_$1,1,Neutral,0.019244771399756277,0.6092096899203929,0.3715455386798508,0.346219482,0.43232968502129443,0,Positive,0.33333334
121358$_$4,1,Positive,0.0329545133870131,0.09001351461995367,0.8770319719930333,0.9237034428571429,1.0,0,Positive,1.0
121358$_$10,1,Positive,0.021032832036441036,0.3066022020035239,0.6723649659600351,0.6221686457142858,1.0,0,Positive,0.33333334
121358$_$13,1,Neutral,0.06014713847208992,0.6495524187559053,0.29030044277200484,0.17382992,0.4313986546620805,0,Positive,0.6666667
121358$_$15,1,Neutral,0.05245262055595636,0.7576794475543643,0.18986793188967926,0.191941521,0.5591715655095156,0,Neutral,0.0
121358$_$14,1,Neutral,0.32085939073715386,0.5297100029624242,0.1494306063004219,-0.10326131885714286,0.64091534911189,0,Negative,-0.6666667
122439$_$4,1,Neutral,0.04161059509501381,0.670087661966065,0.2883017429389212,0.13853627242857142,0.6206871088678217,0,Neutral,0.0
122602$_$12,4,Negative,0.564521419752322,0.2732275014172637,0.1622510788304143,-0.27264327857142856,1.0,0,Negative,-1.0
122602$_$15,4,Negative,0.9646886336463173,0.025759842215744153,0.009551524137938562,-1.5325091142857143,1.0,0,Negative,-1.3333334
122602$_$0,4,Neutral,0.03370531238845688,0.6680533756591388,0.29824131195240433,0.26663300685714286,0.3148317361902412,0,Neutral,0.0
122602$_$4,4,Negative,0.9750449022270199,0.017099014017730573,0.00785608375524958,-1.2973120857142857,1.0,0,Negative,-1.3333334
122842$_$1,4,Positive,0.021395245056544575,0.04271099818430764,0.9358937567591478,1.2426420085714287,1.0,0,Positive,3.0
122842$_$6,4,Neutral,0.4072282202554272,0.5456942141279185,0.0470775656166541,-0.21297151671428574,0.6127605347216317,0,Neutral,0.0
125730$_$12,4,Negative,0.8390272392373397,0.1190108313651247,0.04196192939753568,-0.9831838957142857,1.0,0,Negative,-1.0
125730$_$1,4,Positive,0.4451489067953616,0.03944411766722143,0.515406975537417,0.09470895914285712,1.0,0,Positive,1.6666666
125730$_$0,4,Neutral,0.15537875347239707,0.6292393050594804,0.2153819414681225,0.15484257142857144,0.11798780130521255,0,Neutral,0.0
125730$_$2,4,Positive,0.01983532291440334,0.024400057053999957,0.9557646200315968,1.5436617814285716,1.0,0,Positive,2.3333333
125730$_$8,4,Negative,0.6076308056027181,0.23322027225340952,0.1591489221438724,-0.5400699667142858,1.0,0,Negative,-0.33333334
125845$_$1,2,Neutral,0.16839532968098986,0.5659130004032791,0.265691669915731,0.04692220928571427,0.5168987112173468,0,Positive,0.6666667
125845$_$3,2,Positive,0.17180861851227205,0.0417878228601277,0.7864035586276003,0.9437686514285714,1.0,0,Positive,1.6666666
125845$_$5,2,Positive,0.02505107682643182,0.024298720474501722,0.9506502026990664,1.4916192371428572,1.0,0,Positive,1.3333334
126542$_$11,1,Negative,0.9666607637257264,0.024509425006723467,0.008829811267550104,-1.333239664285714,1.0,0,Negative,-1.6666666
126542$_$12,1,Negative,0.9553098098064144,0.033170139491300835,0.011520050702284719,-1.2198114857142859,1.0,0,Negative,-1.3333334
126542$_$17,1,Negative,0.9767567066338073,0.018025990313720118,0.005217303052472612,-1.6050198471428572,1.0,0,Negative,-2.0
126542$_$16,1,Negative,0.9533338789728533,0.02306143162263702,0.023604689404509698,-1.4833092865714288,1.0,0,Negative,-1.3333334
126542$_$3,1,Neutral,0.41867295536641197,0.5202585696859303,0.06106847494765773,-0.14209702628571427,0.5408316643407555,0,Neutral,0.0
126831$_$10,2,Negative,0.9360381207889527,0.042176787278910735,0.02178509193213663,-1.065392187142857,1.0,0,Negative,-2.3333333
126831$_$3,2,Negative,0.9680213573220139,0.025762169447739597,0.006216473230246582,-1.6453491357142858,1.0,0,Negative,-1.6666666
127470$_$5,0,Negative,0.9207717781110427,0.06521109511025161,0.014017126778705724,-1.0077218057142858,1.0,0,Negative,-0.33333334
127470$_$6,0,Negative,0.9220878534146859,0.06372417618662081,0.014187970398693342,-1.19115205,1.0,0,Negative,-1.6666666
127539$_$5,2,Neutral,0.18368511204804008,0.7660366350177957,0.050278252934164006,-0.14027724114285717,0.568810933175684,0,Neutral,0.0
127539$_$7,2,Negative,0.9795596840806607,0.014399317270129839,0.0060409986492093925,-1.550553878571429,1.0,0,Negative,-2.0
127539$_$6,2,Negative,0.8492655517379176,0.09922771898803112,0.051506729274051234,-0.5597250095714287,1.0,0,Negative,-0.6666667
127539$_$9,2,Negative,0.8326647477922923,0.15106340160864784,0.016271850599059914,-1.003379357142857,1.0,0,Negative,-1.0
127539$_$8,2,Negative,0.7102962959012699,0.12541227810890976,0.16429142598982038,-0.29292480000000004,1.0,0,Negative,-1.3333334
12812$_$3,4,Positive,0.11315912486314245,0.03840593580289682,0.8484349393339607,1.0448321585714286,1.0,0,Positive,1.6666666
12812$_$6,4,Positive,0.009348909672179906,0.030186282089526142,0.960464808238294,1.4272870285714288,1.0,0,Positive,2.3333333
128258$_$13,2,Positive,0.3106733951373208,0.114358926644762,0.5749676782179172,0.010855411428571446,1.0,0,Negative,-1.0
128258$_$1,2,Negative,0.8260836095900377,0.020342137076778427,0.15357425333318384,-0.6554836399999999,1.0,0,Negative,-1.3333334
128752$_$15,0,Negative,0.9699941099954696,0.020900101214778376,0.009105788789751953,-1.4197065,1.0,0,Negative,-1.0
128752$_$16,0,Negative,0.9739131262650923,0.016494808042150616,0.009592065692757088,-1.5525502785714287,1.0,0,Negative,-2.0
128752$_$3,0,Neutral,0.05809067665293559,0.8818135901272832,0.060095733219781185,-0.07217198071428572,0.7779197117415648,0,Neutral,0.0
128752$_$7,0,Negative,0.6122159676674113,0.32080742252062977,0.06697660981195908,-0.27705829285714284,1.0,0,Neutral,0.0
128752$_$9,0,Negative,0.880478502160926,0.08332833466371066,0.03619316317536331,-0.7225223842857142,1.0,0,Negative,-0.33333334
128949$_$2,2,Negative,0.5962646587328135,0.08482800639628593,0.31890733487090056,-0.6887674428571426,1.0,0,Neutral,0.0
129733$_$7,0,Negative,0.9416622391474143,0.035823872604985645,0.022513888247600096,-1.04769958,1.0,0,Neutral,0.0
130149$_$3,3,Negative,0.8250842172949099,0.15835860830913367,0.016557174395956463,-0.9319924614285714,1.0,0,Neutral,0.0
130149$_$6,3,Negative,0.9779772303477271,0.01703276834088123,0.004990001311391701,-1.469696425714286,1.0,0,Negative,-1.6666666
130426$_$0,1,Negative,0.9497357285880668,0.03475100044121719,0.015513270970716109,-1.355552257142857,1.0,0,Negative,-2.0
130426$_$6,1,Negative,0.9831684380860263,0.009944971688770239,0.006886590225203482,-1.6500888757142855,1.0,0,Negative,-2.0
130633$_$5,4,Negative,0.7287627368505469,0.22183210994163513,0.049405153207817985,-0.35578078857142853,1.0,0,Neutral,0.0
130633$_$7,4,Positive,0.2679423787324016,0.16255378263239414,0.5695038386352043,0.36709263171428574,1.0,0,Positive,2.3333333
131650$_$1,1,Negative,0.6593559661537237,0.14585449504744974,0.19478953879882654,-0.22252313285714287,1.0,0,Positive,1.6666666
131650$_$0,1,Positive,0.014949928014832416,0.24349533836391055,0.7415547336212571,0.5314111699999999,1.0,0,Positive,0.33333334
131650$_$3,1,Negative,0.926457245271789,0.06067257288756199,0.012870181840648948,-0.934079822857143,1.0,0,Negative,-1.3333334
131650$_$9,1,Negative,0.9821697763425504,0.01291138000071425,0.0049188436567353085,-1.6783516285714288,1.0,0,Negative,-3.0
131871$_$1,3,Negative,0.979139045611221,0.01543112002409203,0.005429834364687039,-1.4773284857142859,1.0,0,Negative,-2.0
131936$_$2,2,Positive,0.03159634829462374,0.05799823833729717,0.9104054133680791,1.175499687142857,1.0,0,Neutral,0.0
131936$_$4,2,Negative,0.9394984157969949,0.024701156658189453,0.035800427544815765,-1.298337851428571,1.0,0,Negative,-1.3333334
134252$_$1,2,Neutral,0.040553355379395806,0.7503554873407331,0.20909115727987115,0.17383061685714285,0.49093282553599205,0,Neutral,0.0
134252$_$0,2,Neutral,0.05415668579138118,0.8497851218252609,0.0960581923833579,0.023906773714285717,0.5841414410112572,0,Positive,0.33333334
136205$_$12,2,Negative,0.8334571771438125,0.021730265953347767,0.14481255690283973,-0.8644441642857144,1.0,0,Negative,-0.6666667
136205$_$0,2,Neutral,0.02106171085250642,0.5995786338772374,0.3793596552702562,0.2773021594285714,0.5024003510045435,0,Neutral,0.0
136205$_$6,2,Neutral,0.05538402908791419,0.599351255002317,0.34526471590976887,0.23936559759999998,0.4147405673289398,0,Negative,-0.6666667
136211$_$3,2,Positive,0.16194769862643305,0.27326436370858775,0.5647879376649791,0.4647545965999999,1.0,0,Negative,-0.6666667
136211$_$2,2,Positive,0.011875432067507654,0.02125697294798066,0.9668675949845117,1.5186602285714288,1.0,0,Positive,2.0
137827$_$1,2,Positive,0.016462267370077496,0.03507418545612972,0.9484635471737928,1.3631514714285715,1.0,0,Positive,1.3333334
137827$_$2,2,Negative,0.9764598352472167,0.01689826796219704,0.006641896790586268,-1.5051682557142858,1.0,0,Negative,-1.6666666
137827$_$4,2,Negative,0.9145785738191505,0.040347951996212404,0.04507347418463707,-0.8639962832857141,1.0,0,Negative,-1.3333334
139006$_$12,4,Negative,0.9811683781270751,0.013756207586554953,0.005075414286369912,-1.6606266571428574,1.0,0,Negative,-2.6666667
139006$_$3,4,Negative,0.5111143667587118,0.4406130132279694,0.048272620013318786,-0.339221305,1.0,0,Negative,-0.6666667
139032$_$16,4,Negative,0.9774508269344406,0.01680075558190455,0.005748417483654862,-1.6272528714285717,1.0,0,Negative,-2.6666667
139032$_$3,4,Negative,0.9771731439182979,0.01758257386486536,0.005244282216836803,-1.4376059785714286,1.0,0,Negative,-1.6666666
13JpsLvddoY$_$8,1,Positive,0.007601105955881117,0.01598961625030555,0.9764092777938134,1.4604725528571427,1.0,0,Positive,2.0
13JpsLvddoY$_$7,1,Positive,0.008206451460811058,0.05074352412792099,0.941050024411268,1.0586256042857143,1.0,0,Positive,0.33333334
140293$_$0,2,Neutral,0.1273944365933206,0.7523040897353517,0.12030147367132776,0.18012597942857145,0.48325274658711714,0,Neutral,0.0
140317$_$5,3,Neutral,0.04398893382948943,0.8209075090564373,0.13510355711407326,0.12497661565714284,0.6162505037820699,0,Neutral,0.0
140317$_$7,3,Negative,0.5754787998153265,0.144378185594001,0.28014301459067265,-0.33098790571428577,1.0,0,Neutral,0.0
154449$_$2,2,Neutral,0.02248727559070338,0.7377086706323217,0.23980405377697492,0.29897385285714284,0.4150799110541002,0,Positive,0.33333334
154449$_$4,2,Negative,0.665180287125339,0.18105740027674797,0.15376231259791298,-0.31495323357142857,1.0,0,Negative,-2.3333333
154449$_$6,2,Negative,0.9809610937128492,0.012082390534840302,0.006956515752310472,-1.6952324114285715,1.0,0,Negative,-3.0
154449$_$8,2,Negative,0.9475414611116424,0.041606784768363755,0.010851754119993812,-1.5112542599999998,1.0,0,Negative,-1.3333334
15837$_$1,4,Neutral,0.03785982052945652,0.7049951319522034,0.25714504751834016,0.27777175285714284,0.458169916003793,0,Neutral,0.0
15837$_$9,4,Negative,0.97176675641666,0.01975556706474971,0.008477676518590334,-1.6040942571428574,1.0,0,Positive,0.6666667
15Wu4U2VPLw$_$2,3,Neutral,0.026471444115762355,0.5531799917689157,0.420348564115322,0.2686126212428571,0.3352318678570427,0,Neutral,0.0
15Wu4U2VPLw$_$4,3,Positive,0.03640097056056162,0.2430968025485531,0.7205022268908853,0.40187884285714287,1.0,0,Neutral,0.0
15Wu4U2VPLw$_$6,3,Positive,0.02576602551586745,0.4293477778839288,0.5448861966002039,0.3746225728571429,1.0,0,Positive,0.33333334
15ktF-6wutk$_$4,1,Positive,0.007629987400231475,0.03808154900141139,0.9542884635983572,1.0533939642857144,1.0,0,Positive,1.0
180923$_$14,1,Neutral,0.07557152434735234,0.724187735873311,0.20024073977933665,0.06284367642857143,0.5752622946430842,0,Negative,-0.33333334
180923$_$5,1,Negative,0.9438239828282332,0.04087315081315131,0.015302866358615467,-0.86786193,1.0,0,Neutral,0.0
180923$_$4,1,Neutral,0.022805123746130442,0.5030406693328175,0.474154206921052,0.39288500857142855,0.5630469156538322,0,Neutral,0.0
180923$_$6,1,Positive,0.039093692863172075,0.29717509731703,0.6637312098197979,0.5133156914285715,1.0,0,Negative,-0.33333334
184784$_$6,0,Negative,0.9587095655519643,0.030317497964348808,0.010972936483686873,-1.359443957142857,1.0,0,Negative,-0.6666667
186631$_$10,0,Negative,0.9194678555426163,0.06381685184359809,0.01671529261378556,-0.863252252857143,1.0,0,Negative,-0.6666667
186631$_$6,0,Positive,0.031240967604983617,0.05700732332558374,0.9117517090694326,0.9045599785714286,1.0,0,Positive,1.3333334
188122$_$12,0,Neutral,0.05138910042797501,0.8492643702683843,0.09934652930364077,0.08969174405714286,0.7237018699387147,0,Neutral,0.0
188122$_$16,0,Positive,0.18042700336522627,0.06432609535505589,0.7552469012797178,0.33434130714285715,1.0,0,Positive,2.0
188122$_$9,0,Positive,0.061556159503400376,0.16264427523834507,0.7757995652582546,0.8546995157142857,1.0,0,Positive,1.3333334
189966$_$21,1,Negative,0.9838241403967648,0.011354973378150703,0.0048208862250844866,-1.6430490199999999,1.0,0,Negative,-2.0
189966$_$22,1,Negative,0.977056984852509,0.014775622809271858,0.00816739233821895,-1.5675442471428573,1.0,0,Negative,-2.0
189966$_$2,1,Neutral,0.028837776327701445,0.7699595344425851,0.2012026892297135,0.14772812357142856,0.743178286305028,0,Neutral,0.0
189966$_$4,1,Negative,0.5708223653276997,0.39339278966988533,0.03578484500241494,-0.3850432457142857,1.0,0,Neutral,0.0
189966$_$6,1,Neutral,0.037929186041627067,0.6548985801997225,0.3071722337586504,0.23566160085714283,0.5844423360179684,0,Neutral,0.0
189966$_$12,1,Negative,0.9044651392457345,0.07185975140678787,0.023675109347477737,-0.931703652857143,1.0,0,Neutral,0.0
189966$_$14,1,Neutral,0.34558275655355813,0.590814431434835,0.06360281201160682,-0.1474316594285714,0.6606388796511362,0,Neutral,0.0
189966$_$16,1,Positive,0.04601874263628304,0.27505411531784946,0.6789271420458676,0.6952147885714286,1.0,0,Positive,1.3333334
189966$_$19,1,Neutral,0.04874006668690776,0.8493589045650192,0.10190102874807307,0.10266844242857144,0.7101128858985697,0,Neutral,0.0
18JTkk8JbeU$_$6,0,Positive,0.021921520483007974,0.1759772072980806,0.8021012722189115,0.5672380714285714,1.0,0,Neutral,0.0
18QjfdhJEM4$_$14,0,Negative,0.7319512445810279,0.10016473964942342,0.1678840157695488,-0.30188717428571427,1.0,0,Neutral,0.0
18QjfdhJEM4$_$17,0,Neutral,0.038935765065124625,0.5222134625119704,0.43885077242290493,0.3157316642857143,0.43150304019521746,0,Neutral,0.0
18QjfdhJEM4$_$23,0,Negative,0.9184488216044646,0.04010382976123113,0.041447348634304285,-0.7761300714285715,1.0,0,Negative,-2.0
18QjfdhJEM4$_$4,0,Negative,0.6750359813658016,0.1597701674445809,0.16519385118961755,-0.37647577428571427,1.0,0,Positive,1.0
190740$_$2,4,Negative,0.9687113691835908,0.0234486337478652,0.007839997068543974,-1.5908388571428573,1.0,0,Negative,-0.6666667
190740$_$4,4,Negative,0.7819586803007187,0.07206833694083065,0.14597298275845072,-0.6627987071428573,1.0,0,Negative,-0.6666667
190740$_$7,4,Negative,0.8980148686580044,0.060274147598785736,0.041710983743209896,-0.8962873657142858,1.0,0,Negative,-2.6666667
190740$_$6,4,Negative,0.700471552444914,0.03593041882675048,0.26359802872833554,-0.8122034814285713,1.0,0,Negative,-2.6666667
192799$_$10,3,Negative,0.6936182908960438,0.06130892590637985,0.24507278319757642,-0.5414851857142857,1.0,0,Positive,1.0
192799$_$17,3,Negative,0.9304230304008003,0.03049662751948016,0.03908034207971954,-0.9990263357142858,1.0,0,Negative,-2.0
192799$_$7,3,Negative,0.9613811684744725,0.031521301946472916,0.007097529579054544,-1.249331254285714,1.0,0,Negative,-1.3333334
192799$_$8,3,Negative,0.9782243182862879,0.01573414761589595,0.006041534097816229,-1.4344178357142856,1.0,0,Negative,-2.3333333
194625$_$16,2,Negative,0.9763949702766703,0.017702942417499364,0.0059020873058301965,-1.6139722714285714,1.0,0,Negative,-1.6666666
194625$_$18,2,Negative,0.9337801019305428,0.026149883608401814,0.040070014461055216,-0.8391146542857143,1.0,0,Negative,-2.0
194625$_$5,2,Negative,0.6708883160967963,0.03683269270166387,0.2922789912015397,-0.31182153714285726,1.0,0,Neutral,0.0
194625$_$7,2,Negative,0.9637335462213346,0.017239406598510896,0.019027047180154553,-1.1432001814285715,1.0,0,Negative,-1.6666666
197778$_$11,0,Positive,0.008330500013400447,0.016292181170645945,0.9753773188159536,1.5311812514285716,1.0,0,Positive,3.0
197778$_$2,0,Positive,0.006476591194865501,0.0185047156690024,0.9750186931361321,1.4498184142857142,1.0,0,Positive,1.0
197778$_$4,0,Neutral,0.03180634632525108,0.6504391276299699,0.317754526044779,0.3001651271428571,0.499209600957995,0,Neutral,0.0
197778$_$9,0,Positive,0.027741737048687057,0.36114845566758,0.6111098072837329,0.49262488857142867,1.0,0,Neutral,0.0
19k6sEC7814$_$10,2,Positive,0.02380720174660246,0.07978336686892733,0.8964094313844703,0.9955972142857145,1.0,0,Positive,0.6666667
19k6sEC7814$_$4,2,Positive,0.26449254522282417,0.23319140614869227,0.5023160486284836,0.21830004442857143,1.0,0,Positive,0.6666667
1A-aRhYx-GQ$_$15,3,Positive,0.026309992169198604,0.1448986129297347,0.8287913949010667,0.47747319571428576,1.0,0,Positive,0.6666667
1A-aRhYx-GQ$_$31,3,Negative,0.7019301131063105,0.06381461585381717,0.23425527103987243,-0.593318007,1.0,0,Positive,2.0
1A-aRhYx-GQ$_$7,3,Positive,0.12310396372346478,0.07646480828970206,0.8004312279868332,0.8270169685714286,1.0,0,Positive,0.6666667
1A7dqFxx8wU$_$0,0,Neutral,0.027937521537093668,0.8179872697604769,0.15407520870242958,0.22069880714285714,0.5908619021716544,0,Positive,0.33333334
1CjUHNYzW1E$_$11,1,Positive,0.2608260361615591,0.21323696395062763,0.5259369998878133,0.2605129328571429,1.0,0,Positive,2.0
1ESU5ONMMxs$_$14,3,Positive,0.05883314825307948,0.17396120214417068,0.7672056496027498,0.6430536085714286,1.0,0,Positive,0.6666667
1ESU5ONMMxs$_$0,3,Negative,0.564345379201783,0.3624173399795686,0.07323728081864848,-0.21283571414285715,1.0,0,Negative,-1.0
1ESU5ONMMxs$_$6,3,Neutral,0.13980153085277977,0.5679041969682979,0.29229427217892245,0.21386633914285716,0.3561301066259905,0,Positive,0.33333334
1ESU5ONMMxs$_$8,3,Negative,0.832889718809397,0.0901414200257547,0.07696886116484825,-0.22255562499999995,1.0,0,Neutral,0.0
1F0qH0EEBfo$_$21,4,Positive,0.019723870321076323,0.12125630318574641,0.8590198264931773,0.6336981785714285,1.0,0,Positive,1.3333334
1F0qH0EEBfo$_$1,4,Positive,0.021739547553566014,0.2951453655980062,0.6831150868484278,0.5834687471428571,1.0,0,Positive,0.33333334
1F0qH0EEBfo$_$0,4,Positive,0.12652958894344818,0.3310995188507252,0.5423708922058266,0.3454773414285714,1.0,0,Positive,1.6666666
1F0qH0EEBfo$_$5,4,Positive,0.011148771634581599,0.09761814903553336,0.891233079329885,0.7241039171428572,1.0,0,Positive,1.0
1F0qH0EEBfo$_$9,4,Neutral,0.40809002818488016,0.5414086511419726,0.0505013206731474,-0.2948723736207143,0.4224443390424106,0,Negative,-0.33333334
1F0qH0EEBfo$_$15,4,Positive,0.021889148535510206,0.056280126060740614,0.9218307254037492,0.9142981457142857,1.0,0,Positive,1.3333334
1F0qH0EEBfo$_$14,4,Negative,0.4973548042970508,0.435657570990039,0.06698762471291018,-0.18648726912857144,1.0,0,Neutral,0.0
1JQ9UCBEmCU$_$1,2,Neutral,0.02649243963904691,0.5824363686348025,0.39107119172615057,0.2605688761428571,0.3906781816577395,0,Neutral,0.0
1JQ9UCBEmCU$_$0,2,Neutral,0.20252163817347701,0.7182592230074334,0.07921913881908954,0.03436737238571429,0.4546756621328664,0,Neutral,0.0
1W38PnuWIkM$_$3,3,Negative,0.5339916563037275,0.21142751802489965,0.254580825671373,-0.22648862285714286,1.0,0,Positive,0.6666667
1W38PnuWIkM$_$5,3,Neutral,0.25253420113567987,0.4428866668664509,0.30457913199786923,0.16824171285714287,0.3028700395643016,0,Positive,1.3333334
1W38PnuWIkM$_$4,3,Positive,0.05945371838143725,0.19613365845126837,0.7444126231672944,0.5392926172142857,1.0,0,Positive,0.6666667
1W38PnuWIkM$_$6,3,Negative,0.8733591538459451,0.0947386715999826,0.031902174554072196,-0.4798499514285714,1.0,0,Negative,-0.6666667
1bzS0YF5hfs$_$1,2,Positive,0.008280398422258223,0.03705502720496545,0.9546645743727764,1.2246199714285715,1.0,0,Positive,0.6666667
1dWsw38VDjY$_$9,0,Neutral,0.10021443734875932,0.6154876614389643,0.2842979012122764,0.1821364146571429,0.4290371382460804,0,Positive,0.33333334
1fqNb8cfLFE$_$2,2,Positive,0.020389218825036352,0.24597423761723602,0.7336365435577277,0.45140955142857137,1.0,0,Positive,0.6666667
1k7br8xXMSU$_$11,3,Positive,0.03273999991642428,0.10718493925189272,0.860075060831683,0.5844348542857143,1.0,0,Positive,0.33333334
1k7br8xXMSU$_$12,3,Positive,0.016434960476702384,0.06529374111978879,0.9182712984035089,0.7400554328571428,1.0,0,Negative,-0.33333334
1mHjMNZZvFo$_$1,1,Positive,0.007824420565055864,0.030646907972068763,0.9615286714628754,1.2122830542857141,1.0,0,Positive,1.3333334
1mHjMNZZvFo$_$5,1,Positive,0.013136312259559328,0.02420273395376059,0.9626609537866802,1.359660667142857,1.0,0,Positive,0.33333334
1pvK0_9SQns$_$10,1,Neutral,0.01605676254639653,0.6404840113007281,0.3434592261528755,0.213145932,0.6532511512920661,0,Neutral,0.0
1pvK0_9SQns$_$8,1,Positive,0.019646663874265693,0.23651331435446557,0.7438400217712687,0.42557789,1.0,0,Neutral,0.0
1sJjdaXXuJg$_$4,0,Positive,0.021424632501033346,0.12218388031282439,0.8563914871861422,0.64463879,1.0,0,Positive,1.3333334
1tuMFJnlXJc$_$20,0,Positive,0.009195628428051583,0.0755084995868965,0.9152958719850519,0.9272788457142858,1.0,0,Positive,0.6666667
1tuMFJnlXJc$_$1,0,Positive,0.012362770802393444,0.23021264040905834,0.7574245887885482,0.6235295428571428,1.0,0,Positive,0.33333334
1tuMFJnlXJc$_$3,0,Negative,0.39092944766893295,0.3431980931445619,0.2658724591865052,0.022112393199999993,1.0,0,Positive,0.33333334
1tuMFJnlXJc$_$4,0,Positive,0.014724680033473807,0.1787765659576598,0.8064987540088665,0.7993961257142858,1.0,0,Positive,0.33333334
2-4autDbHVQ$_$12,1,Negative,0.7294668836190308,0.20846344948342543,0.06206966689754386,-0.31806879932857146,1.0,0,Positive,0.6666667
2-4autDbHVQ$_$19,1,Positive,0.007608649235171116,0.013613008695285013,0.9787783420695438,1.52722019,1.0,0,Positive,2.3333333
2-4autDbHVQ$_$8,1,Positive,0.020876889863257017,0.16343069639274257,0.8156924137440004,0.86283942,1.0,0,Positive,0.6666667
2-5hH_k2VFk$_$9,2,Positive,0.19593977429094422,0.0779933199972003,0.7260669057118555,0.4199903022857142,1.0,0,Positive,0.6666667
201582$_$2,1,Negative,0.9233939144825942,0.05093610935578601,0.025669976161619805,-0.7883959885714286,1.0,0,Negative,-1.3333334
201582$_$6,1,Negative,0.5773772434136997,0.25049180151662764,0.17213095506967263,-0.10501438285714285,1.0,0,Neutral,0.0
202431$_$6,1,Negative,0.9699921698579506,0.021668720077237413,0.008339110064812045,-1.4497126042857145,1.0,0,Negative,-1.6666666
202810$_$7,2,Negative,0.9344832156406415,0.041957009521476234,0.023559774837882363,-1.0469177542857142,1.0,0,Negative,-1.3333334
202810$_$8,2,Negative,0.9604973682251008,0.023812018559563726,0.015690613215335533,-1.312092002857143,1.0,0,Negative,-1.6666666
202990$_$5,4,Negative,0.9634733626902339,0.02241707668211537,0.014109560627650819,-1.3729165214285715,1.0,0,Negative,-1.6666666
202990$_$6,4,Neutral,0.2643209566478837,0.4118189855461022,0.3238600578060142,0.35040474171428565,0.11275328722071401,0,Neutral,0.0
206049$_$0,0,Positive,0.019395101030255137,0.45253889392029223,0.5280660050494527,0.33117266142857144,1.0,0,Positive,1.0
206049$_$3,0,Negative,0.9683693881951061,0.01546726661154476,0.016163345193349173,-1.55784602,1.0,0,Negative,-2.0
206051$_$2,3,Neutral,0.02030952152328058,0.5480063547660966,0.43168412371062276,0.4089083157142857,0.3851621457955123,0,Neutral,0.0
206376$_$2,2,Negative,0.8020061924837081,0.15730102855698466,0.040692778959307216,-0.9226609471428571,1.0,0,Negative,-0.6666667
206507$_$2,0,Negative,0.9391684069027204,0.038773162178157926,0.022058430919121626,-1.22676852,1.0,0,Negative,-1.3333334
206507$_$6,0,Negative,0.9591284656418858,0.018943523568930483,0.021928010789183765,-1.3998131957142859,1.0,0,Negative,-0.33333334
206606$_$5,2,Negative,0.9448366085483848,0.03839475960633673,0.016768631845278485,-1.08489829,1.0,0,Negative,-1.0
206606$_$7,2,Negative,0.8187246415714696,0.035829489609860925,0.14544586881866953,-0.6453038014285716,1.0,0,Negative,-1.3333334
207812$_$3,2,Positive,0.031651810521336456,0.15227817430738264,0.816070015171281,1.0903902542857145,1.0,0,Positive,2.3333333
207812$_$9,2,Negative,0.6870004320502134,0.2615085342066597,0.051491033743126996,-0.7781818714285713,1.0,0,Negative,-0.6666667
207812$_$8,2,Negative,0.6274465532059298,0.03659340846507062,0.33596003832899957,-0.2070504842857143,1.0,0,Positive,1.3333334
208148$_$11,0,Negative,0.6385939173087828,0.10158020278619773,0.25982587990501954,-0.18489233642857142,1.0,0,Negative,-1.3333334
208148$_$6,0,Positive,0.032244432027668274,0.14961661265409176,0.81813895531824,0.4739635542857143,1.0,0,Neutral,0.0
208299$_$5,3,Negative,0.799511157085749,0.1786503119872393,0.021838530927011535,-0.6847603645714286,1.0,0,Negative,-1.6666666
208299$_$4,3,Negative,0.9733685001255364,0.020130107111684403,0.006501392762779268,-1.2981612914285716,1.0,0,Negative,-1.0
208299$_$6,3,Negative,0.9795843940646868,0.015328823974782763,0.0050867819605305165,-1.495526647142857,1.0,0,Negative,-2.3333333
208299$_$8,3,Negative,0.9819368590823934,0.013545409172098535,0.004517731745508078,-1.5713526857142857,1.0,0,Negative,-1.3333334
208416$_$11,1,Positive,0.021673258043995825,0.04362774430006772,0.9346989976559364,1.2551580142857142,1.0,0,Positive,1.6666666
208416$_$13,1,Positive,0.03999164503149661,0.05514230519384124,0.9048660497746622,0.9787347785714287,1.0,0,Positive,1.6666666
208416$_$16,1,Positive,0.010674249403690366,0.02782932570553916,0.9614964248907704,1.252847807142857,1.0,0,Positive,2.0
208416$_$0,1,Neutral,0.02360621975934566,0.6175985574413774,0.35879522279927695,0.32218268857142857,0.4749476032240916,0,Positive,0.33333334
208416$_$2,1,Neutral,0.012824650845064877,0.5471068138130564,0.44006853534187873,0.4624206514285714,0.3199968264640921,0,Positive,1.0
208416$_$7,1,Positive,0.021392573967911138,0.02315062603670263,0.9554567999953862,1.3372573899999998,1.0,0,Positive,1.6666666
208416$_$9,1,Neutral,0.3591610504098876,0.4270694121095391,0.2137695374805733,0.0831228167142857,0.3226108364554089,0,Neutral,0.0
208416$_$8,1,Positive,0.021232696555820232,0.45933423715519894,0.5194330662889808,0.30992591,1.0,0,Neutral,0.0
209354$_$1,3,Positive,0.014362895807258629,0.0635772720953659,0.9220598320973754,0.9884962457142857,1.0,0,Positive,2.0
209354$_$2,3,Neutral,0.07695930524197304,0.8242445206008783,0.09879617415714875,0.06602333989999999,0.4695967960511282,0,Positive,1.0
209775$_$10,2,Negative,0.9302703869438621,0.031636171427582696,0.03809344162855526,-1.1321907987142856,1.0,0,Negative,-2.3333333
209775$_$1,2,Negative,0.9495215122467362,0.03075053190880323,0.019727955844460597,-1.0972485414285715,1.0,0,Negative,-1.0
209775$_$0,2,Positive,0.024680118050209154,0.4525097879445126,0.5228100940052783,0.34705104428571426,1.0,0,Positive,0.33333334
209775$_$5,2,Negative,0.9776584693236305,0.013213372876962916,0.009128157799406523,-1.5533420014285715,1.0,0,Negative,-2.3333333
210238$_$13,4,Neutral,0.32203943692672715,0.6487541824010055,0.02920638067226741,-0.44784888571428577,0.3874948581898763,0,Neutral,0.0
210238$_$14,4,Negative,0.5789856080036748,0.1041966695549931,0.31681772244133216,-0.3778307985714285,1.0,0,Neutral,0.0
210238$_$16,4,Negative,0.9810400232678219,0.014454424600767986,0.004505552131410135,-1.6712748000000002,1.0,0,Negative,-1.3333334
210238$_$18,4,Neutral,0.1682162534993359,0.7539091803911818,0.07787456610948232,-0.10194572357142857,0.7971378399551134,0,Positive,0.33333334
210238$_$1,4,Positive,0.01608406883896019,0.1754120828084184,0.8085038483526215,0.7755735914285714,1.0,0,Positive,0.33333334
210618$_$11,2,Positive,0.011927026399605797,0.01620492310350233,0.971868050496892,1.7116870714285715,1.0,0,Positive,1.6666666
210618$_$10,2,Neutral,0.03680232543966445,0.8643804020781424,0.09881727248219309,0.07386428828571427,0.684258082779706,0,Neutral,0.0
210618$_$15,2,Neutral,0.03044108360284589,0.8152193094371273,0.15433960696002683,0.18550892685714285,0.4779730093161009,0,Neutral,0.0
210618$_$5,2,Positive,0.018959087353080196,0.24001649209142503,0.7410244205554948,0.5672964514285714,1.0,0,Neutral,0.0
210618$_$9,2,Positive,0.011420876845721979,0.03659499839197643,0.9519841247623015,1.4415109928571428,1.0,0,Positive,1.0
210618$_$8,2,Negative,0.6669730830483632,0.2812971673260074,0.05172974962562939,-0.5171739127142858,1.0,0,Neutral,0.0
21137$_$1,0,Neutral,0.05083841932210363,0.8731604461213337,0.07600113455656268,0.022270132142857148,0.7332353809727193,0,Neutral,0.0
21137$_$0,0,Neutral,0.016108475820323483,0.6548084585032949,0.32908306567638157,0.3048346508571429,0.4776668343127342,0,Positive,1.0
21137$_$3,0,Positive,0.011024580543449574,0.02138231688167871,0.9675931025748717,1.5411133714285714,1.0,0,Positive,2.6666667
21137$_$2,0,Positive,0.2811898071186605,0.031943028667766334,0.6868671642135732,0.6661660571428571,1.0,0,Positive,2.0
21137$_$9,0,Positive,0.01323780508259734,0.020443648351783552,0.9663185465656192,1.2980762628571427,1.0,0,Positive,2.0
212532$_$10,2,Negative,0.9836072157587885,0.010738043287572295,0.005654740953639258,-1.7516404357142856,1.0,0,Negative,-2.0
212532$_$9,2,Negative,0.9841325660667538,0.010598649736767508,0.005268784196478748,-1.6786528571428574,1.0,0,Negative,-2.6666667
213619$_$0,1,Positive,0.018042089112476786,0.2198890801877688,0.7620688306997545,0.5503842800000001,1.0,0,Negative,-0.33333334
213619$_$3,1,Negative,0.8073075082105762,0.1692950727697281,0.023397419019695696,-0.8175071957142857,1.0,0,Neutral,0.0
214095$_$11,2,Negative,0.9622573190139189,0.02949445010269827,0.008248230883382907,-1.5168847957142855,1.0,0,Negative,-2.6666667
214095$_$1,2,Neutral,0.05749624765621649,0.8507514433102807,0.09175230903350275,0.044560162285714286,0.5231664812557502,0,Neutral,0.0
214095$_$4,2,Negative,0.984632820208757,0.010424170300952525,0.004943009490290517,-1.6863741028571428,1.0,0,Negative,-1.6666666
215259$_$5,3,Positive,0.15130062161144694,0.39611110490488094,0.452588273483672,0.35111278257142853,1.0,0,Positive,1.6666666
215259$_$4,3,Positive,0.01173665594092766,0.05602543994698752,0.9322379041120848,1.2858229428571428,1.0,0,Positive,2.0
216007$_$24,2,Negative,0.5758931900937464,0.37713593342293333,0.04697087648332037,-0.6994466144285715,1.0,0,Neutral,0.0
216007$_$28,2,Negative,0.9760834716603647,0.017282293479522863,0.006634234860112492,-1.5271797928571431,1.0,0,Negative,-1.6666666
216007$_$29,2,Negative,0.9346995556136803,0.04179022055010985,0.023510223836209838,-1.272083742857143,1.0,0,Negative,-0.33333334
216007$_$1,2,Positive,0.01678485860569067,0.0788654512539408,0.9043496901403686,0.9169449785714285,1.0,0,Positive,1.6666666
216007$_$2,2,Negative,0.9592362838865733,0.030603561772305055,0.010160154341121528,-1.3027842657142858,1.0,0,Negative,-2.3333333
216007$_$5,2,Positive,0.01723700012681507,0.05112999730474213,0.9316330025684428,1.2363453328571428,1.0,0,Positive,0.6666667
216007$_$9,2,Negative,0.9264869101827009,0.04520195794267705,0.028311131874622135,-1.1980064485714284,1.0,0,Negative,-1.0
216007$_$12,2,Negative,0.920918527566872,0.0359561867454965,0.04312528568763163,-0.8286618342857143,1.0,0,Negative,-1.3333334
21638$_$1,0,Neutral,0.06123049586725684,0.8581963742699116,0.0805731298628316,0.032360695,0.6627719155786823,0,Neutral,0.0
21638$_$0,0,Positive,0.01287424238505141,0.32718742993582645,0.6599383276791221,0.5659867885714285,1.0,0,Positive,0.33333334
21638$_$6,0,Positive,0.017463994410185174,0.026795503362194557,0.9557405022276203,1.3516161571428569,1.0,0,Positive,2.0
216857$_$1,1,Neutral,0.031026770956291427,0.7846660735664656,0.18430715547724297,0.18066785442857142,0.7532348314610233,0,Neutral,0.0
216857$_$3,1,Negative,0.6501656101586321,0.31517018072584185,0.034664209115526055,-0.35709722000000005,1.0,0,Negative,-0.6666667
216857$_$6,1,Neutral,0.2849027951110832,0.6310880115393049,0.08400919334961185,-0.048816187714285704,0.5406425833522567,0,Negative,-0.33333334
216857$_$10,1,Negative,0.9638132190843774,0.026884266974459947,0.009302513941162611,-1.2622608000000002,1.0,0,Negative,-1.0
218708$_$13,1,Neutral,0.052147050847720575,0.7722676101767657,0.17558533897551384,0.08465014185714285,0.6591974766484385,0,Negative,-0.33333334
218708$_$12,1,Negative,0.977318516669348,0.015803038699338228,0.006878444631313817,-1.5264749442857142,1.0,0,Negative,-1.0
218708$_$15,1,Negative,0.9628956069870421,0.027438429035511327,0.009665963977446535,-1.6048685728571428,1.0,0,Negative,-2.0
218708$_$17,1,Negative,0.5943385870013531,0.1411510971110585,0.26451031588758833,-0.7653127628571428,1.0,0,Negative,-1.6666666
218708$_$1,1,Neutral,0.01199885226886559,0.527195207549921,0.4608059401812135,0.38725051999999993,0.5561866490033511,0,Positive,0.33333334
218708$_$0,1,Neutral,0.04344047434479337,0.7637291242413796,0.19283040141382707,0.11028484704285714,0.4701486398228735,0,Neutral,0.0
218708$_$8,1,Positive,0.16698636296435426,0.19177794975538098,0.6412356872802648,0.5449866842857143,1.0,0,Neutral,0.0
219310$_$0,3,Neutral,0.04074231572182017,0.8745840170951316,0.08467366718304817,0.02711367657142857,0.7663613800325789,0,Neutral,0.0
219310$_$2,3,Positive,0.012018002233940084,0.026942483338413585,0.9610395144276463,1.45789505,1.0,0,Positive,1.0
219775$_$0,0,Neutral,0.023653813877705727,0.7145485756658752,0.26179761045641914,0.2901084522857143,0.4802752840235563,0,Neutral,0.0
219775$_$5,0,Neutral,0.16994813835906716,0.7743496989776166,0.05570216266331627,-0.11988399114285715,0.7176518052254004,0,Negative,-0.33333334
220134$_$27,4,Negative,0.766921656993526,0.18031914450357145,0.05275919850290252,-0.5268651292857143,1.0,0,Negative,-2.6666667
220134$_$21,4,Negative,0.9607911280852806,0.020872060979833535,0.01833681093488592,-1.7059562499999998,1.0,0,Negative,-2.3333333
220134$_$8,4,Neutral,0.03616715265912926,0.708784255376398,0.2550485919644728,0.34024830842857146,0.40855411751403203,0,Neutral,0.0
220134$_$17,4,Negative,0.8187856720220253,0.1616943895385692,0.019519938439405454,-0.8943183614285715,1.0,0,Negative,-1.0
220548$_$20,0,Negative,0.5180378266336811,0.08693508526726142,0.3950270880990574,0.07846878757142858,1.0,0,Negative,-2.3333333
220548$_$1,0,Neutral,0.03382916759907113,0.6381568861546024,0.3280139462463265,0.27134687814285713,0.45857031628971395,0,Neutral,0.0
220548$_$7,0,Negative,0.7587496769531697,0.16473197560167416,0.07651834744515615,-0.46790486571428563,1.0,0,Negative,-0.33333334
221740$_$0,4,Neutral,0.028888385266829457,0.7009117400569267,0.27019987467624385,0.1923961667142857,0.586328667242038,0,Neutral,0.0
221740$_$5,4,Negative,0.9851285652062981,0.009623114863157563,0.00524831993054436,-1.7460285285714285,1.0,0,Negative,-3.0
222116$_$1,2,Negative,0.9603506242567948,0.01984953755420677,0.019799838188998425,-1.548424797142857,1.0,0,Negative,-2.0
222116$_$7,2,Positive,0.43463694817103105,0.11946916429235419,0.44589388753661485,0.09103853714285706,1.0,0,Negative,-0.33333334
222116$_$6,2,Negative,0.9147514027411803,0.05736692522761075,0.027881672031209007,-0.9277919957142856,1.0,0,Neutral,0.0
223926$_$1,2,Negative,0.9716729186662442,0.016394032760536966,0.011933048573218905,-1.4958385985714284,1.0,0,Negative,-1.3333334
224599$_$1,0,Neutral,0.023105267104898495,0.5778359061935554,0.39905882670154624,0.26131744985714284,0.4336859889166755,0,Positive,0.33333334
224599$_$2,0,Neutral,0.020605975843116648,0.6585376711202121,0.3208563530366712,0.2791557409142857,0.4051342516496261,0,Neutral,0.0
224599$_$5,0,Negative,0.7148508761681811,0.2130000925783562,0.07214903125346263,-0.4277114831428572,1.0,0,Neutral,0.0
224599$_$8,0,Positive,0.009752348134122237,0.07493844026746138,0.9153092115984164,0.9647758942857142,1.0,0,Positive,1.6666666
224772$_$12,2,Negative,0.9354528086910269,0.051128093715039506,0.013419097593933685,-1.1756873314285714,1.0,0,Negative,-1.6666666
224772$_$14,2,Negative,0.9537853463274335,0.026424334445558507,0.019790319227008062,-1.1677278185714286,1.0,0,Negative,-2.0
224772$_$1,2,Negative,0.7809140791641238,0.06990221648764691,0.14918370434822928,-0.9685612654285715,1.0,0,Negative,-1.6666666
224772$_$6,2,Neutral,0.058320426206675775,0.8231458111130524,0.11853376268027194,0.11368015414285715,0.44277537067363326,0,Neutral,0.0
224869$_$10,3,Negative,0.9496975223598598,0.030887605527156182,0.019414872112983976,-0.8627493114285715,1.0,0,Negative,-1.0
224869$_$0,3,Neutral,0.044484736324979526,0.7169314247174959,0.23858383895752458,0.26794418857142854,0.40152206634238513,0,Positive,0.6666667
224869$_$3,3,Negative,0.5075533261061695,0.4257053786465739,0.06674129524725657,-0.11442636194285714,1.0,0,Neutral,0.0
224869$_$5,3,Positive,0.0225472310096631,0.2238596808102256,0.7535930881801114,0.5716276842857144,1.0,0,Positive,0.33333334
225343$_$10,1,Neutral,0.07991431143998776,0.8300325486900046,0.0900531398700076,0.08875435214285712,0.590798079157961,0,Positive,0.33333334
225343$_$14,1,Negative,0.9744460775063538,0.01727442795124791,0.008279494542398375,-1.541307204285714,1.0,0,Negative,-1.6666666
225343$_$3,1,Neutral,0.03693085690442061,0.6169771791259981,0.3460919639695813,0.3869916097142857,0.40065717504516474,0,Positive,2.0
225343$_$9,1,Negative,0.5949486803219303,0.36557451358595155,0.0394768060921182,-0.45477393714285713,1.0,0,Negative,-0.6666667
225416$_$14,3,Negative,0.9601651836925554,0.02866283126695003,0.011171985040494612,-1.1365719514285713,1.0,0,Negative,-2.0
225416$_$1,3,Negative,0.9734282738006935,0.01947479323320846,0.007096932966098092,-1.4466384085714286,1.0,0,Negative,-2.6666667
225416$_$3,3,Positive,0.012933613124423284,0.03271606742398616,0.9543503194515905,1.43396032,1.0,0,Positive,2.3333333
225416$_$8,3,Neutral,0.21674619350348295,0.5866140747716523,0.19663973172486487,-0.17913884842857145,0.2632965050054513,0,Neutral,0.0
225768$_$6,1,Neutral,0.4234408883713211,0.5386536699397937,0.037905441688885176,-0.22434331628571427,0.3909990508706138,0,Neutral,0.0
227173$_$12,3,Negative,0.8038691196142652,0.07040830542237766,0.1257225749633571,-0.6562236114285714,1.0,0,Negative,-0.6666667
227173$_$6,3,Negative,0.8051032717220794,0.17348012657940232,0.02141660169851812,-0.6052834841142857,1.0,0,Negative,-1.0
227416$_$1,3,Neutral,0.05034306103072782,0.7841520563575273,0.16550488261174498,-0.0061234575571428584,0.5438781551871997,0,Neutral,0.0
227416$_$0,3,Neutral,0.12920757254692197,0.5900225935379653,0.28076983391511273,0.1279208408571428,0.25250030100074916,0,Neutral,0.0
227416$_$3,3,Neutral,0.1394171197098491,0.4460668207861183,0.41451605950403264,0.25800821785714284,0.1890781171177113,0,Neutral,0.0
227416$_$5,3,Neutral,0.05257627357049036,0.7602247836109561,0.18719894281855348,0.1501992637142857,0.37328920751295114,0,Neutral,0.0
227416$_$8,3,Positive,0.01070770023714822,0.03272172728219981,0.956570572480652,1.4789985285714289,1.0,0,Positive,2.6666667
227426$_$19,3,Negative,0.600064474974329,0.07323056112059767,0.32670496390507336,-0.7989587657142857,1.0,0,Negative,-2.6666667
227426$_$18,3,Negative,0.9726390594358977,0.01994954220818772,0.007411398355914666,-1.2628526471428572,1.0,0,Negative,-2.0
227426$_$0,3,Neutral,0.028813876277481748,0.6567764748123496,0.31440964891016865,0.22384037811428573,0.32378166128629005,0,Neutral,0.0
227426$_$8,3,Negative,0.7506031993739228,0.20184341821099394,0.047553382415083244,-0.28001971428571426,1.0,0,Neutral,0.0
22821$_$14,0,Negative,0.9173853849869659,0.06873055232056628,0.0138840626924679,-0.9767142900000001,1.0,0,Neutral,0.0
22821$_$1,0,Positive,0.22080709063087745,0.3008897644311136,0.47830314493800896,0.13436742428571427,1.0,0,Positive,1.3333334
22821$_$0,0,Neutral,0.07019383732451541,0.49276748019665273,0.43703868247883176,0.32323947714285717,0.20034761927554287,0,Neutral,0.0
22821$_$4,0,Neutral,0.198401288378737,0.6511251813091421,0.15047353031212102,-0.06425409114285714,0.6861365527277724,0,Positive,0.33333334
22821$_$9,0,Positive,0.022444251771823673,0.3989335373476208,0.5786222108805554,0.6483019985714285,1.0,0,Positive,1.3333334
22880$_$2,4,Neutral,0.047538130456828455,0.8809463978963359,0.0715154716468357,0.04039444242857143,0.7880154856438043,0,Neutral,0.0
22880$_$6,4,Positive,0.012381310403336735,0.030371236217098165,0.9572474533795651,1.5163568142857144,1.0,0,Positive,1.3333334
229090$_$15,3,Negative,0.981773808646656,0.012972081087454785,0.005254110265889276,-1.4993539828571427,1.0,0,Negative,-2.6666667
229090$_$16,3,Positive,0.16244083323146075,0.1476697579312395,0.6898894088372999,0.6402791828571429,1.0,0,Positive,1.0
229090$_$18,3,Negative,0.958880801113146,0.019491390619925296,0.021627808266928717,-1.2743219085714286,1.0,0,Negative,-1.6666666
229903$_$0,1,Neutral,0.041718404092465154,0.5713118265301536,0.3869697693773812,0.16180402100000002,0.4774139768207293,0,Neutral,0.0
229903$_$3,1,Negative,0.8037208291035219,0.0715176908645381,0.12476148003194001,-0.6121163542857143,1.0,0,Neutral,0.0
229967$_$2,1,Neutral,0.02368398270688046,0.6906159948440925,0.2857000224490271,0.17688335975714287,0.5586299901287156,0,Positive,0.33333334
230252$_$1,2,Neutral,0.06710407828383967,0.8420246185341802,0.09087130318198014,0.0058949083571428525,0.5240377239183222,0,Neutral,0.0
231025$_$11,4,Negative,0.9323642244058147,0.04277611302905761,0.024859662565127737,-0.8661492657142856,1.0,0,Negative,-1.3333334
231025$_$15,4,Negative,0.9524655058844956,0.0337976916638747,0.013736802451629634,-1.0932419014285715,1.0,0,Negative,-1.0
231025$_$14,4,Neutral,0.2007110147729014,0.4623072931004937,0.3369816921266049,0.2556010771428571,0.35281480656248343,0,Negative,-2.0
231025$_$16,4,Negative,0.9694845061849483,0.020170698992391798,0.010344794822659913,-1.3665499071428573,1.0,0,Negative,-0.6666667
231025$_$0,4,Positive,0.01667780313809206,0.4203537898798989,0.5629684069820091,0.5694904671428571,1.0,0,Positive,1.6666666
231025$_$9,4,Neutral,0.019815071944706424,0.4943614079135288,0.4858235201417648,0.555968282857143,0.7308114521267826,0,Negative,-0.33333334
233171$_$1,2,Negative,0.9856246439243281,0.00865320556808774,0.005722150507584172,-1.67232149,1.0,0,Negative,-1.6666666
233171$_$7,2,Negative,0.979783471401811,0.014807155282784762,0.005409373315404292,-1.6794278985714288,1.0,0,Negative,-2.0
233356$_$1,2,Negative,0.8360522353440341,0.05087504819175534,0.11307271646421066,-1.1343365922857143,1.0,0,Positive,0.6666667
233356$_$3,2,Positive,0.009023099733199858,0.02980498017721786,0.9611719200895823,1.2958462771428572,1.0,0,Positive,1.6666666
233366$_$4,0,Negative,0.8121617348259653,0.14485889218324455,0.042979372990790146,-0.7945961771428571,1.0,0,Negative,-1.3333334
233389$_$0,2,Neutral,0.04661656932051555,0.8374261757705938,0.11595725490889072,0.08319661357142857,0.5568147210061667,0,Neutral,0.0
233389$_$5,2,Negative,0.9748313100573526,0.018124537845828913,0.007044152096818578,-1.446929084285714,1.0,0,Negative,-0.6666667
234053$_$26,2,Positive,0.03493924048253038,0.18394756776516905,0.7811131917523005,0.6853206385714284,1.0,0,Positive,2.6666667
234053$_$21,2,Neutral,0.30490987558361005,0.6210607835909739,0.07402934082541598,-0.11247903928571426,0.4321346592940917,0,Positive,0.33333334
234053$_$1,2,Positive,0.021099478077774878,0.3438312402885209,0.6350692816337042,0.40286323285714287,1.0,0,Neutral,0.0
234053$_$11,2,Negative,0.4054977954639144,0.38723472463222325,0.20726747990386235,-0.10595289514285715,1.0,0,Positive,0.6666667
234053$_$17,2,Neutral,0.3555272583682701,0.5715137492448494,0.07295899238688058,-0.4886783805714285,0.3882129365608354,0,Neutral,0.0
234053$_$19,2,Negative,0.9322746600381931,0.04820330911033553,0.019522030851471358,-1.20501032,1.0,0,Negative,-1.0
234053$_$18,2,Positive,0.24534281704682587,0.22793586554035203,0.5267213174128221,0.2505021571428571,1.0,0,Neutral,0.0
234587$_$2,0,Neutral,0.032823745091276973,0.762536928087442,0.20463932682128108,0.1419021627142857,0.6947029704754561,0,Positive,0.33333334
234587$_$5,0,Negative,0.9781471258926703,0.01438392716648788,0.0074689469408418425,-1.547936185714286,1.0,0,Negative,-0.33333334
234587$_$11,0,Positive,0.013209077455490303,0.10300964044523782,0.8837812820992719,0.7664444371428571,1.0,0,Positive,0.6666667
234587$_$14,0,Positive,0.1751759292820675,0.21560227026474188,0.6092218004531907,0.27626820714285716,1.0,0,Neutral,0.0
234587$_$16,0,Positive,0.017601440703758877,0.43576066905979993,0.5466378902364413,0.3992934907142857,1.0,0,Positive,0.33333334
234587$_$19,0,Positive,0.360271373753018,0.09961336951202117,0.5401152567349609,0.14997455857142863,1.0,0,Positive,2.0
236399$_$4,3,Neutral,0.06314292408202012,0.701962393370021,0.23489468254795884,0.21186444457142856,0.45555300779320856,0,Negative,-0.33333334
236696$_$7,2,Negative,0.9777670205713594,0.015428238170610105,0.006804741258030481,-1.4874298628571427,1.0,0,Negative,-2.6666667
238023$_$22,4,Neutral,0.04475051357702152,0.7700377035356849,0.18521178288729356,0.1820464169714286,0.6349073033548889,0,Negative,-0.6666667
238023$_$1,4,Positive,0.016896146680493423,0.30201992611024586,0.6810839272092607,0.5690618671428571,1.0,0,Neutral,0.0
238023$_$37,4,Negative,0.8277910947933561,0.02584774458756583,0.1463611606190781,-0.997853122857143,1.0,0,Negative,-2.3333333
238039$_$6,1,Neutral,0.036501107340465945,0.7882975033253034,0.17520138933423066,0.17625270885714286,0.7185219692935721,0,Neutral,0.0
238060$_$13,4,Neutral,0.27789024581309846,0.650022602724921,0.07208715146198069,-0.08969405685714286,0.45027762247452896,0,Negative,-0.33333334
238060$_$18,4,Negative,0.924772677476558,0.04732019749055032,0.02790712503289168,-0.91578463,1.0,0,Negative,-0.6666667
238060$_$5,4,Neutral,0.02085666675771369,0.680885632689272,0.29825770055301426,0.22383196485714288,0.4857671809740053,0,Neutral,0.0
238060$_$7,4,Negative,0.9535098955763767,0.038517549508149736,0.00797255491547366,-0.9855853571428572,1.0,0,Negative,-0.33333334
238100$_$3,0,Negative,0.9802417883396047,0.013446223915406274,0.006311987744989026,-1.7398657285714287,1.0,0,Negative,-2.0
238645$_$20,4,Neutral,0.15269294750384707,0.6483564752119378,0.19895057728421514,0.050643461428571436,0.36736567336254655,0,Neutral,0.0
238645$_$23,4,Negative,0.9744143251365972,0.0189749627316077,0.006610712131795078,-1.6188322371428572,1.0,0,Negative,-2.3333333
238645$_$0,4,Positive,0.016509545387130068,0.43692201911252093,0.546568435500349,0.4426042771428572,1.0,0,Positive,0.33333334
238645$_$6,4,Negative,0.7918661451502041,0.18986340563751156,0.0182704492122843,-0.73410655,1.0,0,Negative,-0.6666667
238645$_$8,4,Negative,0.9821031389477467,0.012260176586864098,0.005636684465389267,-1.7668140142857143,1.0,0,Negative,-2.3333333
238889$_$2,0,Negative,0.973360234147398,0.019019541129482342,0.007620224723119583,-1.4154040900000002,1.0,0,Negative,-1.0
238889$_$5,0,Negative,0.9290408986471781,0.0582457720262187,0.01271332932660325,-0.9621100699999999,1.0,0,Neutral,0.0
238889$_$4,0,Negative,0.9436942467327757,0.03560887495357107,0.020696878313653286,-1.1546753885714285,1.0,0,Negative,-2.0
238889$_$6,0,Neutral,0.30074898245971077,0.6076720099405898,0.09157900759969945,-0.18311846599999998,0.6245378307041022,0,Positive,0.6666667
239235$_$11,0,Positive,0.04285071263373916,0.0637379100632485,0.8934113773030125,0.8988589757142859,1.0,0,Positive,2.0
239235$_$13,0,Positive,0.013488615770080191,0.019091399168533203,0.9674199850613866,1.531505557142857,1.0,0,Positive,2.3333333
239235$_$1,0,Neutral,0.039542701849860695,0.8800319437315381,0.08042535441860121,0.023470132571428572,0.7630775864404704,0,Neutral,0.0
239235$_$4,0,Positive,0.015426761199837338,0.030412426175590326,0.9541608126245723,1.3595678,1.0,0,Positive,1.3333334
239235$_$8,0,Neutral,0.05674216173555252,0.8541274738840127,0.08913036438043492,0.024811389999999996,0.6751304996222144,0,Neutral,0.0
239572$_$2,2,Neutral,0.058853154848879166,0.6787864974857077,0.26236034766541305,0.27953963,0.29897148234565757,0,Positive,0.33333334
239572$_$4,2,Neutral,0.19961564751494465,0.6711460795637496,0.12923827292130582,0.017756411285714282,0.2524917041704816,0,Neutral,0.0
23YlZoucbyM$_$4,4,Negative,0.5494435588336135,0.20766906273687463,0.2428873784295119,-0.2349797607142857,1.0,0,Negative,-1.6666666
240915$_$1,0,Negative,0.9772515438686009,0.012209397473433236,0.010539058657965844,-1.5309067071428573,1.0,0,Negative,-2.0
240915$_$2,0,Negative,0.9759145934327673,0.013470791392558678,0.010614615174674024,-1.6170600214285713,1.0,0,Negative,-2.6666667
240915$_$8,0,Positive,0.0120740040562109,0.0314444551181271,0.9564815408256621,1.1680417571428572,1.0,0,Positive,0.6666667
241164$_$10,4,Neutral,0.018107699423980165,0.647294140443462,0.33459816013255783,0.32592224714285717,0.4051949533172126,0,Neutral,0.0
241164$_$1,4,Neutral,0.03723727464701824,0.7613753949893818,0.20138733036360007,0.23871269099999998,0.43806819558794874,0,Neutral,0.0
241164$_$0,4,Positive,0.014475056256764172,0.40688806061479527,0.5786368831284406,0.5335912914285714,1.0,0,Neutral,0.0
241164$_$9,4,Positive,0.019048095555101643,0.3999876935142963,0.5809642109306021,0.5146955371428571,1.0,0,Neutral,0.0
241172$_$3,0,Neutral,0.09564021056700982,0.8419217021342501,0.06243808729874009,-0.1217759952,0.7488951225329754,0,Positive,0.33333334
241172$_$7,0,Negative,0.9809611794773463,0.011026901492404071,0.008011919030249719,-1.731994735714286,1.0,0,Negative,-1.0
24202$_$10,0,Negative,0.9720225527986999,0.021393526203085687,0.006583920998214507,-1.505669657142857,1.0,0,Negative,-2.6666667
24202$_$5,0,Negative,0.9817202944196641,0.012400819883644729,0.00587888569669116,-1.7650717285714284,1.0,0,Negative,-2.6666667
24202$_$4,0,Negative,0.9693096716443742,0.024871993740035576,0.005818334615590207,-1.6525840814285717,1.0,0,Negative,-1.6666666
24202$_$9,0,Negative,0.7319975861334201,0.08038196542419403,0.18762044844238587,-0.5959765428571429,1.0,0,Negative,-2.0
243338$_$20,4,Negative,0.781457605533579,0.05671555191664004,0.16182684254978105,-0.8048651348571428,1.0,0,Negative,-0.6666667
243338$_$21,4,Negative,0.9679246396955375,0.02503961464103924,0.007035745663423275,-1.6874220942857145,1.0,0,Negative,-2.3333333
243338$_$22,4,Negative,0.9788060418177827,0.012489355287480231,0.008704602894737122,-1.649945207142857,1.0,0,Negative,-1.3333334
243338$_$9,4,Negative,0.9700006153763461,0.017998733247065683,0.012000651376588262,-1.637306814285714,1.0,0,Negative,-1.3333334
243341$_$23,0,Negative,0.8151277293332125,0.15055273979525743,0.03431953087153006,-0.9835636171428571,1.0,0,Negative,-1.6666666
243341$_$2,0,Negative,0.9719332502138005,0.017780814734417335,0.010285935051782238,-1.4505746757142857,1.0,0,Negative,-2.6666667
243341$_$7,0,Negative,0.9717748473722693,0.014239145439918601,0.013986007187812132,-1.5910979357142858,1.0,0,Negative,-2.6666667
243341$_$10,0,Negative,0.9814480237496774,0.012028529258846532,0.006523446991476096,-1.6593659071428568,1.0,0,Negative,-3.0
243341$_$14,0,Negative,0.9431181249534759,0.034318828384617,0.022563046661907213,-1.1999413857142858,1.0,0,Negative,-1.6666666
244180$_$20,1,Negative,0.9838293197791625,0.009519475113074785,0.0066512051077626585,-1.5918060457142855,1.0,0,Negative,-1.3333334
244180$_$4,1,Negative,0.9782645097825733,0.014655798429057957,0.007079691788368707,-1.5751890242857143,1.0,0,Negative,-2.0
244180$_$19,1,Positive,0.053383047437217446,0.0723495798228101,0.8742673727399726,0.6986889214285715,1.0,0,Positive,1.3333334
244180$_$18,1,Positive,0.17402974977548055,0.07084337480051636,0.7551268754240031,0.43764536285714284,1.0,0,Positive,2.0
244261$_$24,4,Positive,0.02599859802400641,0.254427216694047,0.7195741852819466,0.5155472514285714,1.0,0,Positive,0.6666667
244261$_$20,4,Negative,0.5478432369965122,0.04260559432196949,0.4095511686815184,-0.2536870285714286,1.0,0,Positive,2.6666667
244261$_$4,4,Positive,0.04581870043994576,0.037610675047724154,0.9165706245123301,1.184411212857143,1.0,0,Positive,1.6666666
244261$_$7,4,Negative,0.941087447571861,0.047186088485096145,0.011726463943042892,-1.0718642085714287,1.0,0,Neutral,0.0
244261$_$12,4,Negative,0.972723466667526,0.019497088640566436,0.007779444691907618,-1.4580866042857146,1.0,0,Negative,-0.6666667
244261$_$14,4,Positive,0.26651004432496184,0.2286404976035735,0.5048494580714648,0.22868870285714285,1.0,0,Positive,2.3333333
244623$_$4,3,Neutral,0.40911336677924,0.5293086497394074,0.06157798348135255,-0.19479011385714284,0.549496354578989,0,Neutral,0.0
244623$_$9,3,Negative,0.7837906733031178,0.16883049642578568,0.04737883027109651,-0.7195118914285714,1.0,0,Negative,-1.0
244623$_$11,3,Negative,0.9676528611823162,0.022862316660198705,0.009484822157485119,-1.3414529485714284,1.0,0,Negative,-1.6666666
244623$_$17,3,Negative,0.4484258760704228,0.2766485334017287,0.2749255905278486,-0.3668511928571429,1.0,0,Neutral,0.0
244623$_$37,3,Negative,0.6108764351828367,0.32266601498557856,0.06645754983158483,-0.8413475942857144,1.0,0,Negative,-0.33333334
244817$_$2,0,Negative,0.7409234967983283,0.09502963353811483,0.16404686966355694,-0.3367006785714285,1.0,0,Negative,-2.0
244817$_$5,0,Neutral,0.22789538883090196,0.6176511504495781,0.15445346071951993,-0.1986625585714286,0.5735733333375641,0,Negative,-0.6666667
244817$_$9,0,Negative,0.9819328108293094,0.012185016677075809,0.0058821724936147365,-1.7394701714285712,1.0,0,Negative,-2.0
245243$_$4,0,Positive,0.1528650208603247,0.2587585798956452,0.5883763992440301,0.2872184885714285,1.0,0,Positive,0.33333334
245276$_$2,4,Negative,0.974634907749775,0.019283586960782126,0.006081505289442907,-1.633670457142857,1.0,0,Negative,-2.6666667
245276$_$4,4,Negative,0.9472305841349203,0.04168203549906994,0.011087380366009847,-1.4509806942857142,1.0,0,Negative,-2.3333333
245276$_$7,4,Negative,0.9800403332338768,0.014585825523045754,0.005373841243077475,-1.6419974571428573,1.0,0,Negative,-2.6666667
245497$_$1,3,Negative,0.9641439414458106,0.01967292226715691,0.01618313628703245,-1.1578999971428572,1.0,0,Negative,-1.6666666
245497$_$2,3,Negative,0.9550648721696978,0.029734644509453168,0.01520048332084891,-1.0440413771428572,1.0,0,Negative,-2.0
245497$_$4,3,Negative,0.7749627033691714,0.18327159803136234,0.041765698599466335,-0.5674185202142857,1.0,0,Negative,-0.6666667
247382$_$1,0,Neutral,0.029303612806128247,0.8442833282403394,0.1264130589535324,0.147226928,0.655567884119652,0,Positive,0.33333334
247382$_$2,0,Negative,0.9829490245818838,0.01181458561447223,0.00523638980364398,-1.6524607000000002,1.0,0,Negative,-1.0
247382$_$6,0,Neutral,0.15300099996485972,0.6559806731153789,0.19101832691976145,0.10301027257142858,0.48274340424283363,0,Positive,0.6666667
247382$_$9,0,Neutral,0.07553063107851718,0.8673021060321,0.05716726288938277,-0.09387634011428571,0.8021777604738588,0,Neutral,0.0
247382$_$11,0,Positive,0.023767344877514866,0.1916740144500063,0.7845586406724788,0.7365980442857143,1.0,0,Positive,0.33333334
247382$_$13,0,Neutral,0.4164103415184614,0.5549918415489478,0.028597816932590864,-0.48777477114285717,0.7216928495217504,0,Negative,-0.33333334
247382$_$14,0,Neutral,0.027672512653593145,0.5163103165809495,0.45601717076545734,0.5373754,0.2506396671569746,0,Positive,1.0
248837$_$12,1,Negative,0.887666878969812,0.08658086172851867,0.02575225930166932,-0.66299342,1.0,0,Negative,-0.6666667
248837$_$6,1,Negative,0.8142268606036372,0.1662394380875141,0.019533701308848784,-0.8866345528571428,1.0,0,Negative,-1.0
24xayGF5yYA$_$24,3,Negative,0.47187332714933294,0.18826729550331334,0.3398593773473538,-0.25606787285714283,1.0,0,Neutral,0.0
24xayGF5yYA$_$26,3,Positive,0.007137470346299866,0.019867124767315076,0.972995404886385,1.5610082857142857,1.0,0,Positive,2.3333333
24xayGF5yYA$_$3,3,Positive,0.0261978021135573,0.22893455349557296,0.7448676443908697,0.6534043585714286,1.0,0,Positive,0.6666667
24xayGF5yYA$_$2,3,Positive,0.011992235475645164,0.0901830674248539,0.897824697099501,0.94104651,1.0,0,Positive,1.6666666
24xayGF5yYA$_$10,3,Positive,0.006256235378217195,0.013797280846859796,0.979946483774923,1.6718672485714285,1.0,0,Positive,2.3333333
24xayGF5yYA$_$15,3,Neutral,0.3856352292800323,0.4312571918829956,0.18310757883697207,0.05344135614285713,0.29055192852356915,0,Neutral,0.0
24xayGF5yYA$_$16,3,Positive,0.022340104299616782,0.09412450881855748,0.8835353868818258,0.9823345785714286,1.0,0,Positive,3.0
250430$_$11,4,Negative,0.9667502172195392,0.027201567754190623,0.006048215026270191,-1.3861576714285717,1.0,0,Negative,-1.6666666
250430$_$10,4,Negative,0.9784345104722445,0.017520512383704008,0.004044977144051551,-1.8044442,1.0,0,Negative,-1.6666666
250430$_$6,4,Negative,0.9601287398722638,0.031646744355326516,0.008224515772409737,-1.2513849428571429,1.0,0,Negative,-2.0
251417$_$1,3,Negative,0.553308460474183,0.15706058310689636,0.2896309564189206,-0.34825002857142856,1.0,0,Neutral,0.0
251417$_$0,3,Neutral,0.024222992473556988,0.5585518810373107,0.4172251264891324,0.2668760891428571,0.30254154359310187,0,Positive,1.0
251646$_$13,4,Positive,0.25321348915451686,0.13050259917688783,0.6162839116685953,0.3137780028571428,1.0,0,Positive,1.0
251646$_$2,4,Neutral,0.03717990404166474,0.6946721667747364,0.2681479291835989,0.2885425525714286,0.4386438303767613,0,Positive,1.0
251646$_$4,4,Neutral,0.1420798624866984,0.5028171414742433,0.35510299603905837,0.3456436271428571,0.4821445384682115,0,Neutral,0.0
251646$_$7,4,Negative,0.7546265615353484,0.219572535382227,0.02580090308242467,-0.6130133828571428,1.0,0,Neutral,0.0
251826$_$6,0,Neutral,0.14718763683084707,0.7459743108553594,0.10683805231379356,0.04572402670999999,0.5683374691611388,0,Negative,-0.33333334
251839$_$13,2,Neutral,0.05716079279612335,0.5619835071369544,0.3808557000669223,0.298542582,0.2556497884450357,0,Neutral,0.0
252177$_$2,0,Positive,0.12990291183343272,0.024206170480284058,0.8458909176862832,1.324431204285714,1.0,0,Positive,2.6666667
252177$_$4,0,Positive,0.05264483693218782,0.279601493841441,0.6677536692263711,0.5417789428571428,1.0,0,Positive,0.6666667
252177$_$9,0,Negative,0.9711733683624384,0.020363249364281744,0.008463382273279894,-1.6314357285714287,1.0,0,Negative,-1.6666666
25271$_$10,3,Neutral,0.25273289213748473,0.6944194583831489,0.05284764947936642,-0.08705811057142857,0.649851029901801,0,Neutral,0.0
25271$_$0,3,Neutral,0.02702132349414942,0.5324397740859834,0.44053890241986715,0.35577011999999997,0.3372566136210207,0,Neutral,0.0
254298$_$14,1,Negative,0.961826876188329,0.02505778869092134,0.0131153351207497,-1.5547543814285714,1.0,0,Negative,-1.6666666
254298$_$0,1,Neutral,0.03928753585227913,0.7827779870729742,0.1779344770747466,0.12933057542857143,0.6720146050069997,0,Negative,-0.6666667
254298$_$2,1,Negative,0.9430692467791019,0.035299240772098874,0.021631512448799278,-1.2300199685714286,1.0,0,Negative,-2.3333333
25522$_$0,2,Neutral,0.02763129840027716,0.7735940224920694,0.19877467910765348,0.14893144542857145,0.4948239718211664,0,Positive,0.33333334
25522$_$3,2,Negative,0.760457183967968,0.20788023826591273,0.03166257776611921,-0.4588044085714285,1.0,0,Negative,-0.6666667
25522$_$5,2,Negative,0.974915686188983,0.017818773585507635,0.007265540225509323,-1.5907409685714284,1.0,0,Negative,-1.6666666
255224$_$1,1,Neutral,0.36965475574206974,0.4310055656281325,0.1993396786297978,0.11015283285714286,0.27535504177081405,0,Negative,-0.33333334
255224$_$5,1,Negative,0.9572298945746275,0.027869589281924997,0.01490051614344752,-1.2440598857142857,1.0,0,Negative,-1.6666666
255224$_$9,1,Negative,0.9683678028991021,0.020170331777076247,0.011461865323821577,-1.0762711557142857,1.0,0,Negative,-1.0
255224$_$8,1,Negative,0.9062897299757898,0.04848894270479728,0.0452213273194129,-0.7737568597142858,1.0,0,Negative,-0.6666667
255226$_$5,2,Neutral,0.2842108253984982,0.6093060489169674,0.10648312568453439,-0.04732773457142858,0.3038648084197935,0,Neutral,0.0
255226$_$8,2,Positive,0.018335558354421768,0.05303799454821896,0.9286264470973593,1.1308953785714286,1.0,0,Positive,0.33333334
255338$_$1,0,Neutral,0.03959922577010621,0.849797996719322,0.11060277751057182,0.1436194347142857,0.6258430152766782,0,Neutral,0.0
255338$_$2,0,Neutral,0.03425957688359879,0.6345439932415543,0.331196429874847,0.28716333571428576,0.3694224402565225,0,Positive,0.6666667
255338$_$5,0,Neutral,0.057768700492744456,0.7136412320951052,0.22859006741215043,0.20134128342857144,0.4934826249563739,0,Negative,-0.33333334
255338$_$7,0,Positive,0.1226862643432438,0.1757373744144762,0.7015763612422801,0.6362148108571429,1.0,0,Negative,-0.33333334
255338$_$8,0,Negative,0.9758319395970972,0.01582159398577132,0.008346466417131514,-1.5963014714285713,1.0,0,Negative,-2.3333333
255343$_$0,4,Positive,0.012804213729100719,0.19841644558726412,0.7887793406836352,0.7746009714285714,1.0,0,Neutral,0.0
255343$_$5,4,Negative,0.9804762078425849,0.013554359625214205,0.005969432532200872,-1.7036542285714287,1.0,0,Negative,-1.6666666
255343$_$8,4,Negative,0.9810541739244716,0.013831480714343616,0.005114345361184732,-1.7582463942857143,1.0,0,Negative,-2.0
255852$_$0,4,Neutral,0.024667368201418047,0.758036598629451,0.21729603316913096,0.19466404514285715,0.49775338551796594,0,Negative,-0.33333334
255852$_$6,4,Negative,0.9409414538815902,0.034789291793901264,0.02426925432450853,-1.2532997585714283,1.0,0,Negative,-0.33333334
255852$_$8,4,Negative,0.9684963682330049,0.02055521275405482,0.010948419012940344,-1.4480737857142856,1.0,0,Negative,-1.6666666
256174$_$6,1,Neutral,0.17043185186506848,0.5561677211162708,0.27340042701866074,0.09081241857142855,0.38507333330116833,0,Neutral,0.0
256935$_$0,1,Positive,0.028059262431299484,0.4762959619730679,0.49564477559563264,0.234302246,1.0,0,Neutral,0.0
256935$_$4,1,Positive,0.3926267998518763,0.2117972415798552,0.39557595856826855,0.06155911028571429,1.0,0,Neutral,0.0
256935$_$9,1,Negative,0.9805507121712195,0.014010094888165212,0.005439192940615357,-1.5259030799999997,1.0,0,Negative,-1.3333334
256935$_$10,1,Negative,0.8994578733711188,0.07357805982775889,0.02696406680112232,-0.6970727671428572,1.0,0,Negative,-0.6666667
256976$_$12,1,Positive,0.3949313324678687,0.17305055624203697,0.4320181112900942,0.07383217864285717,1.0,0,Negative,-1.3333334
256976$_$2,1,Neutral,0.31818681637983914,0.5279177317193684,0.15389545190079257,-0.14892835191428572,0.4005585364104532,0,Neutral,0.0
256976$_$4,1,Negative,0.9829055287957811,0.011530870840415436,0.0055636003638033895,-1.6794927914285716,1.0,0,Negative,-2.3333333
257045$_$11,1,Negative,0.9586442297442593,0.027746336456184045,0.013609433799556675,-1.343046187142857,1.0,0,Negative,-1.0
257045$_$1,1,Neutral,0.048692394000773964,0.7829498866926546,0.16835771930657145,0.1338883054285714,0.664854416554724,0,Neutral,0.0
257531$_$15,2,Neutral,0.16974071239061367,0.6314523805559932,0.19880690705339316,0.04319836628571429,0.2850565921881779,0,Neutral,0.0
257531$_$17,2,Negative,0.976863961894237,0.01689405971805404,0.0062419783877089635,-1.5926141428571428,1.0,0,Negative,-1.6666666
257531$_$1,2,Neutral,0.02636660204726633,0.7788748762197472,0.19475852173298652,0.1732467997142857,0.5464042169574993,0,Neutral,0.0
257531$_$2,2,Neutral,0.17834562271838772,0.6575878350550319,0.1640665422265804,-0.03739333214285715,0.39119377933446997,0,Positive,0.6666667
257771$_$15,4,Negative,0.8016612581667689,0.07478900037627162,0.12354974145695947,-1.110747512857143,1.0,0,Negative,-2.0
257771$_$0,4,Neutral,0.015107465876566743,0.5033708742186197,0.48152165990481355,0.47626793142857143,0.6098714867014878,0,Positive,0.33333334
257771$_$3,4,Negative,0.9777078962092842,0.015675531339458964,0.006616572451256819,-1.6905455228571429,1.0,0,Negative,-0.6666667
257771$_$8,4,Positive,0.012002450182608706,0.03678153820246197,0.9512160116149293,1.4551379714285713,1.0,0,Positive,1.6666666
259260$_$26,4,Negative,0.5468130901674726,0.3110688651889312,0.14211804464359626,-0.38414177357142865,1.0,0,Positive,0.6666667
259260$_$20,4,Neutral,0.19144514287562314,0.4048428113447931,0.40371204577958375,0.28960411571428574,0.12582455871735315,0,Negative,-0.33333334
259260$_$22,4,Neutral,0.30100164937171475,0.6182647187480756,0.08073363188020961,-0.03769776842857142,0.484415841019359,0,Negative,-1.0
259260$_$1,4,Neutral,0.03866477842982342,0.7637234865240343,0.19761173504614227,0.173529796,0.47518868789446495,0,Negative,-0.6666667
259260$_$37,4,Negative,0.816656393418032,0.1406248584784606,0.04271874810350737,-0.8568910707142857,1.0,0,Negative,-0.6666667
25t8nrkUfRY$_$1,3,Positive,0.026099340709969738,0.2019039273048958,0.7719967319851344,0.5961089342857143,1.0,0,Positive,0.33333334
260011$_$20,2,Negative,0.8208859760554248,0.13874618960695936,0.04036783433761578,-1.031460277142857,1.0,0,Negative,-1.0
260011$_$16,2,Neutral,0.15451111710789525,0.797374106893592,0.04811477599851282,-0.10878279228571429,0.7207972042352578,0,Neutral,0.0
260011$_$0,2,Neutral,0.050105349741412356,0.7675964351872488,0.18229821507133875,0.09101917888571429,0.6134045621935694,0,Neutral,0.0
260011$_$3,2,Positive,0.012038368003439532,0.02681077600766022,0.9611508559889003,1.5426569000000003,1.0,0,Positive,2.3333333
261267$_$11,4,Negative,0.8503632707798268,0.04321078028015653,0.10642594894001658,-1.2415888671428572,1.0,0,Negative,-1.0
261267$_$12,4,Negative,0.9405098622990696,0.020066539493791426,0.039423598207138984,-1.0977317664285715,1.0,0,Negative,-1.3333334
261267$_$15,4,Negative,0.6579082741728859,0.0861697250617038,0.2559220007654103,-0.2885294114285715,1.0,0,Negative,-0.6666667
261267$_$16,4,Negative,0.9820377832299342,0.012476866530789636,0.005485350239276287,-1.7635732614285715,1.0,0,Negative,-2.3333333
261267$_$19,4,Neutral,0.40780425971122436,0.42951603240087627,0.1626797078878994,-0.24627687657142858,0.2512887549981802,0,Negative,-1.3333334
261267$_$18,4,Negative,0.9672497098831516,0.016559511828741227,0.01619077828810702,-1.4633321928571428,1.0,0,Negative,-1.3333334
261267$_$2,4,Negative,0.8262646998470218,0.15364928850164591,0.02008601165133244,-1.2757512142857141,1.0,0,Negative,-1.3333334
261267$_$4,4,Negative,0.6875974366719186,0.039660732199436825,0.27274183112864464,-0.42461413714285723,1.0,0,Positive,0.33333334
261267$_$8,4,Negative,0.9467422966407801,0.038050151720772245,0.01520755163844766,-1.43670509,1.0,0,Negative,-1.3333334
261326$_$0,4,Neutral,0.021462555477573312,0.7159565018637674,0.26258094265865933,0.29495773857142854,0.4375362930470367,0,Positive,0.33333334
261326$_$3,4,Negative,0.9748541136520591,0.017173703203122805,0.007972183144818082,-1.61272032,1.0,0,Negative,-1.3333334
261900$_$24,4,Negative,0.9691683065664183,0.022583895217365063,0.008247798216216738,-1.2702023857142855,1.0,0,Negative,-1.6666666
261900$_$27,4,Negative,0.5030613040912946,0.0,0.4969386959087055,-0.010483587142857147,0.08711595056540047,1,Negative,-0.6666667
261900$_$7,4,Neutral,0.02220934359722317,0.7778718065779852,0.19991884982479174,0.21128982214285713,0.6566864047799879,0,Neutral,0.0
261900$_$9,4,Neutral,0.4056428509926991,0.5592343185877247,0.03512283041957629,-0.34661340714285716,0.49205699700783173,0,Neutral,0.0
261900$_$8,4,Neutral,0.029003157241217218,0.7905914964484064,0.1804053463103764,0.16842353457142858,0.6550286916787812,0,Neutral,0.0
261900$_$30,4,Negative,0.9581067005690975,0.03516802621887113,0.0067252732120313815,-1.5232873785714285,1.0,0,Negative,-1.6666666
261900$_$36,4,Negative,0.9133945405388468,0.07273267747015418,0.013872781990998945,-0.75241381,1.0,0,Negative,-0.33333334
261900$_$34,4,Positive,0.13545030057490134,0.22880954224518693,0.6357401571799117,0.45440816571428577,1.0,0,Positive,0.33333334
261900$_$33,4,Positive,0.1381306375733196,0.05011059833292923,0.8117587640937511,0.879545502857143,1.0,0,Positive,1.6666666
261902$_$0,2,Neutral,0.034319989958950886,0.8516542897009298,0.11402572034011925,0.13830917614285715,0.6292891387963444,0,Neutral,0.0
261902$_$10,2,Positive,0.024049384511467393,0.03920954962737515,0.9367410658611575,1.4616588,1.0,0,Positive,0.6666667
261902$_$15,2,Positive,0.021350060120228713,0.3839481063775957,0.5947018335021756,0.7828793799999999,1.0,0,Positive,1.3333334
261902$_$18,2,Negative,0.6203663231130302,0.16805210998655176,0.21158156690041804,-0.15573923571428575,1.0,0,Positive,0.33333334
262165$_$22,0,Positive,0.2872692442595164,0.10189501138050848,0.6108357443599752,0.09153424142857144,1.0,0,Negative,-0.6666667
262165$_$2,0,Neutral,0.060074727064632676,0.8566495539773016,0.08327571895806585,-0.013360750000000001,0.609286966545188,0,Neutral,0.0
262165$_$4,0,Neutral,0.2522316836261159,0.672965805336483,0.07480251103740126,-0.15597746357142855,0.6966338268117512,0,Negative,-0.6666667
262165$_$7,0,Neutral,0.372361201691249,0.5554589057154041,0.07217989259334698,-0.2654679557142857,0.6462219346931946,0,Neutral,0.0
262165$_$6,0,Neutral,0.3884856550760593,0.41880597431196165,0.19270837061197912,-0.18324088171428568,0.5618122874555753,0,Negative,-0.33333334
262165$_$8,0,Neutral,0.45346025939652684,0.48180715761766874,0.06473258298580453,-0.28244276671428575,0.6225019447656583,0,Negative,-1.3333334
262165$_$13,0,Negative,0.8049463698055125,0.17224882299282268,0.022804807201664914,-0.9799471028571428,1.0,0,Negative,-0.33333334
262165$_$15,0,Neutral,0.0714926779595317,0.8672338939935554,0.061273428046912895,-0.07542357085714284,0.756048559342986,0,Neutral,0.0
262165$_$17,0,Negative,0.9826945701339844,0.011645433019584862,0.005659996846430732,-1.7122853142857142,1.0,0,Negative,-2.0
262165$_$19,0,Negative,0.4803943305472617,0.4606488209699878,0.05895684848275047,-0.5574129814285714,1.0,0,Negative,-0.33333334
262165$_$18,0,Negative,0.6809447311485046,0.13497998894955648,0.18407527990193892,-0.6901003428571428,1.0,0,Negative,-2.0
264418$_$10,3,Negative,0.823201885022347,0.15378634785316994,0.023011767124483058,-1.132468085714286,1.0,0,Negative,-2.3333333
264418$_$13,3,Negative,0.6964553101051102,0.15619129280271746,0.14735339709217235,-0.8529671899999999,1.0,0,Negative,-1.3333334
264418$_$15,3,Negative,0.8377914502444878,0.137685101964344,0.024523447791168117,-1.1159245385714285,1.0,0,Negative,-1.3333334
264418$_$4,3,Negative,0.9801597493185188,0.014866034512762086,0.004974216168719156,-1.4392097685714285,1.0,0,Negative,-2.0
264418$_$6,3,Negative,0.956265403140815,0.03380374037216699,0.009930856487017978,-1.0993040428571428,1.0,0,Negative,-0.6666667
264446$_$23,1,Negative,0.7401091627575033,0.2178365457254567,0.04205429151704015,-0.31017501171428574,1.0,0,Negative,-0.33333334
264446$_$44,1,Neutral,0.17361747134218283,0.4151165766264083,0.4112659520314089,0.10045420571428573,0.7163800175553695,0,Negative,-1.0
264446$_$43,1,Negative,0.7784301081009847,0.0579530318054434,0.16361686009357196,-0.9510230657142856,1.0,0,Negative,-2.0
264446$_$2,1,Neutral,0.03319696115234199,0.6202934658915126,0.3465095729561456,0.2336313131857143,0.38977471032827243,0,Neutral,0.0
264446$_$38,1,Negative,0.7661842889450553,0.20270897636091337,0.031106734694031402,-0.4998201267142858,1.0,0,Neutral,0.0
264446$_$15,1,Positive,0.28582284040777556,0.3283418331130649,0.3858353264791595,0.09318150571428571,1.0,0,Neutral,0.0
264446$_$14,1,Neutral,0.28061046971210546,0.632344542027341,0.0870449882605536,-0.03364422614285714,0.5353384641976268,0,Neutral,0.0
265959$_$11,0,Negative,0.9790361476164906,0.0106780769324233,0.010285775451086146,-1.7128900928571429,1.0,0,Negative,-2.3333333
265959$_$15,0,Negative,0.9338705885034707,0.04815968544242414,0.017969726054105187,-1.3978209357142857,1.0,0,Negative,-2.6666667
265959$_$16,0,Negative,0.5472500138664107,0.41113152421979904,0.04161846191379034,-0.6282738625714286,1.0,0,Negative,-2.3333333
265959$_$0,0,Positive,0.18693039091728303,0.3238450149130722,0.48922459416964476,0.16074920857142855,1.0,0,Neutral,0.0
265959$_$2,0,Negative,0.9601771893375479,0.022381582194015048,0.017441228468437094,-1.391184842857143,1.0,0,Negative,-2.6666667
265959$_$5,0,Negative,0.9420244458054616,0.03146624168999976,0.026509312504538494,-1.430367557142857,1.0,0,Negative,-2.0
265959$_$7,0,Negative,0.9164792982441146,0.053666010052262146,0.029854691703623325,-0.8117368057142856,1.0,0,Negative,-1.6666666
265959$_$9,0,Negative,0.9689489912557041,0.02019794307909223,0.010853065665203507,-1.5224047571428572,1.0,0,Negative,-2.0
266366$_$14,0,Negative,0.9770291997329479,0.01477088272937151,0.008199917537680547,-1.6686093857142854,1.0,0,Negative,-2.0
266366$_$16,0,Negative,0.9804425496577998,0.013330101604987534,0.006227348737212777,-1.6202962,1.0,0,Negative,-2.0
266366$_$1,0,Neutral,0.031472601448803816,0.8775793491355868,0.09094804941560945,0.08176223085714286,0.6749553084388868,0,Neutral,0.0
266366$_$0,0,Neutral,0.04991445263633756,0.842602685289609,0.10748286207405344,0.04859211,0.6776173737346878,0,Positive,0.33333334
266366$_$7,0,Negative,0.6684880375686966,0.27020392752326555,0.06130803490803795,-0.46429932441428573,1.0,0,Negative,-1.3333334
266366$_$8,0,Negative,0.9381349864955809,0.041429094145816366,0.020435919358602565,-1.039620242857143,1.0,0,Negative,-2.3333333
266396$_$55,2,Negative,0.9566476719355275,0.029421066098072504,0.013931261966400089,-1.5978504985714284,1.0,0,Negative,-2.6666667
266396$_$82,2,Negative,0.6853868519688082,0.2704606856357727,0.044152462395419034,-0.6947846742857143,1.0,0,Neutral,0.0
266396$_$80,2,Positive,0.15544517840346103,0.2317639358029321,0.612790885793607,0.26362433142857145,1.0,0,Negative,-0.6666667
266396$_$87,2,Positive,0.03785968886666211,0.35494620839294905,0.6071941027403889,0.34734036285714287,1.0,0,Neutral,0.0
266396$_$85,2,Positive,0.1596513015259207,0.16905218187189866,0.6712965166021806,0.3623021471428571,1.0,0,Negative,-1.0
266396$_$33,2,Negative,0.5219325343694021,0.3982447267018662,0.07982273892873168,-0.3381221977142857,1.0,0,Negative,-1.0
266396$_$91,2,Negative,0.9677882222350958,0.021906620391567547,0.01030515737333668,-1.4332012971428572,1.0,0,Negative,-3.0
266396$_$93,2,Negative,0.9508615717590485,0.03353866842749582,0.015599759813455615,-1.488129877142857,1.0,0,Negative,-1.0
266396$_$10,2,Positive,0.0851223446579236,0.39063470679121487,0.5242429485508615,0.4189108761428572,1.0,0,Negative,-1.0
266396$_$18,2,Positive,0.37363775593020226,0.24536275774301478,0.380999486326783,-0.030977954999999995,1.0,0,Neutral,0.0
266396$_$44,2,Positive,0.10837504515516946,0.0712226771080694,0.8204022777367612,0.6105494271428571,1.0,0,Negative,-0.6666667
266396$_$45,2,Negative,0.7830878493673838,0.16318237838613744,0.053729772246478846,-0.8337549922285715,1.0,0,Negative,-2.3333333
266396$_$43,2,Negative,0.9776770659540593,0.012980402549994552,0.009342531495946181,-1.5902103228571431,1.0,0,Negative,-3.0
266396$_$74,2,Negative,0.9101081057728997,0.06276588725281199,0.027126006974288387,-1.04657655,1.0,0,Negative,-1.0
266852$_$25,0,Neutral,0.07744106877368927,0.8346257483307484,0.08793318289556219,0.03192422142857143,0.6421959249375098,0,Positive,0.33333334
266852$_$20,0,Neutral,0.27140300631017483,0.6141206364161379,0.11447635727368727,0.024734375857142853,0.4282028882083501,0,Neutral,0.0
266852$_$2,0,Neutral,0.03887696032042469,0.8787583769679941,0.08236466271158134,0.0765968772857143,0.73155366105895,0,Neutral,0.0
266852$_$13,0,Neutral,0.04755253920419565,0.8828963534864634,0.06955110730934097,0.006816575428571429,0.7822827520665715,0,Neutral,0.0
266938$_$42,1,Negative,0.9204925288242355,0.0451011508452346,0.03440632033052992,-0.95279309,1.0,0,Negative,-3.0
266938$_$43,1,Neutral,0.1427111557964189,0.6224469371516105,0.2348419070519706,0.07060193328571428,0.5748666735351486,0,Negative,-1.3333334
266938$_$23,1,Negative,0.9207050897619227,0.06287431427472119,0.016420595963356162,-0.7080749085714286,1.0,0,Negative,-2.3333333
266938$_$25,1,Negative,0.9387639489175325,0.03859831915310149,0.02263773192936608,-1.040095367142857,1.0,0,Negative,-1.6666666
266938$_$20,1,Negative,0.7867757008307144,0.18309061327275777,0.030133685896527946,-0.4374101114285715,1.0,0,Negative,-0.6666667
266938$_$49,1,Negative,0.9836980826604033,0.011597611961966191,0.004704305377630567,-1.77923169,1.0,0,Negative,-3.0
266938$_$29,1,Negative,0.9583604449490194,0.02356960146497495,0.01806995358600566,-1.2762473714285714,1.0,0,Negative,-0.6666667
266938$_$0,1,Positive,0.01655409325567095,0.4487269425503888,0.5347189641939403,0.37649508857142855,1.0,0,Positive,0.33333334
266938$_$8,1,Negative,0.9793366615978472,0.01195062542059741,0.008712712981555322,-1.719370047142857,1.0,0,Negative,-2.6666667
266938$_$38,1,Negative,0.9827469147070488,0.011276744772049783,0.005976340520901498,-1.7134261485714284,1.0,0,Negative,-1.6666666
266938$_$10,1,Negative,0.9565560937519185,0.03251966391753071,0.010924242330550865,-1.0127974742857142,1.0,0,Negative,-1.6666666
266938$_$15,1,Negative,0.7890498267206129,0.05613898255379883,0.1548111907255883,-0.548133,1.0,0,Negative,-0.6666667
266938$_$16,1,Neutral,0.053929538068679825,0.5917506303172184,0.3543198316141017,0.20824880784285713,0.5506947208948704,0,Neutral,0.0
266938$_$54,1,Negative,0.9347008593641611,0.0475564229926929,0.017742717643145993,-1.4583807328571428,1.0,0,Negative,-3.0
267252$_$10,1,Negative,0.5961118932542437,0.2504582756236579,0.15342983112209838,-0.42245094714285714,1.0,0,Negative,-0.33333334
267252$_$13,1,Negative,0.670207042099955,0.17934275331854443,0.15045020458150068,-0.46943087857142857,1.0,0,Positive,0.33333334
267255$_$10,0,Negative,0.41054910921657717,0.40744649064027305,0.18200440014314975,-0.061681375,1.0,0,Negative,-0.6666667
267255$_$13,0,Negative,0.9753157605592997,0.013194167089492463,0.011490072351207699,-1.571558142857143,1.0,0,Negative,-2.0
267255$_$15,0,Negative,0.9762649731392113,0.013439885175216642,0.010295141685572034,-1.5164221628571428,1.0,0,Negative,-2.0
267255$_$16,0,Positive,0.20566144192947108,0.30323293605348006,0.49110562201704894,0.11321637571428574,1.0,0,Positive,0.6666667
267255$_$3,0,Neutral,0.1634185523818804,0.6189338819660188,0.2176475656521007,0.163003284,0.3035070717347526,0,Neutral,0.0
267255$_$7,0,Neutral,0.1953398517210811,0.5215211483887522,0.28313899989016683,0.08482647457142857,0.3456900927864416,0,Negative,-0.33333334
267255$_$9,0,Negative,0.9630880945552097,0.018105061808199503,0.018806843636590756,-1.3605849657142859,1.0,0,Negative,-0.33333334
267278$_$1,1,Neutral,0.04776877959122712,0.6358192352684502,0.3164119851403226,0.16445451528571428,0.6502612883315037,0,Neutral,0.0
267278$_$4,1,Negative,0.4778872344538431,0.2558883668504133,0.26622439869574355,0.01892085428571429,1.0,0,Positive,2.3333333
267278$_$9,1,Positive,0.25004963285671744,0.061365692331151224,0.6885846748121314,0.3072052057142858,1.0,0,Positive,1.3333334
267278$_$11,1,Negative,0.9420464724456579,0.04349387372826589,0.014459653826076316,-1.3939807942857143,1.0,0,Negative,-1.0
267278$_$14,1,Neutral,0.0514203984587253,0.5192761581898393,0.4293034433514354,0.19598540771428571,0.592373229566841,0,Negative,-0.6666667
267278$_$19,1,Negative,0.6920569512580448,0.17396745627954585,0.1339755924624094,-0.45244958,1.0,0,Negative,-2.3333333
267799$_$2,4,Negative,0.9836540877987646,0.011835269827983105,0.004510642373252295,-1.721362762857143,1.0,0,Negative,-2.0
267799$_$6,4,Positive,0.02024040614735223,0.022086301566562327,0.9576732922860854,1.4499225785714287,1.0,0,Positive,2.0
268836$_$2,1,Negative,0.9841813209274297,0.011017432826057235,0.004801246246513077,-1.6276677,1.0,0,Negative,-2.6666667
268836$_$7,1,Neutral,0.18377531921002896,0.6350584564400669,0.1811662243499043,-0.06034581895714286,0.4086154593945754,0,Positive,0.33333334
268836$_$6,1,Neutral,0.08961398257668086,0.7589792171436675,0.15140680027965167,-0.04085308428571428,0.6168140303880463,0,Neutral,0.0
268836$_$12,1,Neutral,0.0288310656394996,0.7867582531528688,0.1844106812076316,0.1312681755857143,0.7323111574761186,0,Neutral,0.0
268836$_$15,1,Neutral,0.18631732467571216,0.4892058036217921,0.3244768717024957,0.20994329914285717,0.6266413188332037,0,Negative,-0.33333334
268836$_$18,1,Positive,0.03188769314800522,0.20337593486693478,0.76473637198506,0.5349782914285715,1.0,0,Neutral,0.0
268836$_$34,1,Positive,0.3125446881475161,0.038876488312247555,0.6485788235402363,0.47278324285714285,1.0,0,Negative,-1.0
270416$_$11,2,Negative,0.9430947372834083,0.031177047420527043,0.025728215296064685,-1.0342365614285713,1.0,0,Negative,-2.0
270416$_$13,2,Negative,0.7609275082923393,0.0547955989628257,0.18427689274483494,-0.3492684257142857,1.0,0,Negative,-1.6666666
270444$_$5,1,Negative,0.9762806774517495,0.01608234267313789,0.007636979875112569,-1.4926642914285715,1.0,0,Negative,-1.6666666
270449$_$10,2,Negative,0.8311345141170375,0.14708478540954703,0.021780700473415425,-0.9989997014285714,1.0,0,Negative,-2.0
270449$_$4,2,Negative,0.9836453216630542,0.011412455942736276,0.004942222394209526,-1.5927587542857145,1.0,0,Negative,-1.6666666
270628$_$24,4,Negative,0.9534340090926582,0.02461457829683715,0.021951412610504758,-1.1853219157142856,1.0,0,Negative,-2.0
270628$_$26,4,Negative,0.5167349344203502,0.21253019434915676,0.270734871230493,-0.1725836695714286,1.0,0,Positive,0.6666667
270628$_$21,4,Positive,0.03424725672945093,0.07053451474126472,0.8952182285292843,0.9228682842857144,1.0,0,Positive,0.33333334
270628$_$22,4,Negative,0.5641079518443468,0.4067240361304983,0.029168012025154913,-0.6223569757142856,1.0,0,Negative,-0.6666667
270628$_$0,4,Neutral,0.026715032135377455,0.795368144460829,0.17791682340379356,0.11749828857142859,0.6397516711826131,0,Neutral,0.0
270628$_$14,4,Negative,0.9432422834588735,0.04420430056851699,0.012553415972609545,-1.1730845571428572,1.0,0,Negative,-1.6666666
270665$_$25,2,Negative,0.5979302218217158,0.048215001278196085,0.3538547769000881,-0.21580370999999995,1.0,0,Negative,-2.3333333
270665$_$20,2,Neutral,0.06802196340232337,0.6306812075097392,0.3012968290879374,0.16377305085714286,0.3820831263585298,0,Neutral,0.0
270665$_$22,2,Negative,0.8320803843333351,0.13917119303641207,0.028748422630252877,-1.203116057857143,1.0,0,Negative,-1.0
270665$_$0,2,Neutral,0.01777232035680357,0.517234794926082,0.4649928847171145,0.3865061542857143,0.4497716151268237,0,Neutral,0.0
270665$_$6,2,Negative,0.9324192672724209,0.049258351890967535,0.018322380836611633,-0.7981466414285714,1.0,0,Negative,-0.33333334
270665$_$9,2,Negative,0.964944458427647,0.02559042340424504,0.009465118168107994,-1.25409651,1.0,0,Negative,-0.33333334
270665$_$13,2,Negative,0.9810280509741366,0.013016848192884432,0.005955100832979005,-1.58010505,1.0,0,Negative,-2.0
270956$_$3,1,Negative,0.9825866246586691,0.012796804158512885,0.00461657118281795,-1.653547647142857,1.0,0,Negative,-2.6666667
270956$_$9,1,Negative,0.7973390733023182,0.13809198822451615,0.06456893847316558,-0.8735112364285715,1.0,0,Negative,-2.0
270956$_$8,1,Negative,0.9830166283295301,0.010606550285169838,0.00637682138530014,-1.585971495714286,1.0,0,Negative,-2.0
271366$_$26,3,Positive,0.30331873014995975,0.03518976406022663,0.6614915057898137,0.3196577928571428,1.0,0,Negative,-1.6666666
271366$_$21,3,Negative,0.9750300244808937,0.01767617497501097,0.007293800544095378,-1.443607757142857,1.0,0,Negative,-1.6666666
271366$_$41,3,Negative,0.9129939295937338,0.041302869533327596,0.04570320087293862,-1.0868987483142858,1.0,0,Negative,-2.6666667
271366$_$3,3,Negative,0.8587482344600395,0.12608321789469187,0.015168547645268714,-1.2003816814285713,1.0,0,Negative,-3.0
271366$_$5,3,Negative,0.9703337524424774,0.022004277556288726,0.007661970001233807,-1.4027024428571429,1.0,0,Negative,-1.6666666
271366$_$7,3,Negative,0.8373392384055103,0.14489914418523747,0.01776161740925217,-0.9999029771428571,1.0,0,Negative,-2.0
271366$_$38,3,Positive,0.2948040260359814,0.07770515774374938,0.6274908162202693,0.25737975014285713,1.0,0,Positive,1.0
271366$_$13,3,Negative,0.9822088363050646,0.013571890033092717,0.004219273661842726,-1.6328392800000002,1.0,0,Negative,-2.0
271366$_$17,3,Negative,0.8667081856703029,0.12096115156684778,0.012330662762849234,-1.1331018971428573,1.0,0,Negative,-2.6666667
271366$_$35,3,Negative,0.7036006323633551,0.03919070138778193,0.2572086662488629,-0.7725881571428571,1.0,0,Negative,-0.6666667
271366$_$34,3,Negative,0.9420528832922548,0.04337024551544728,0.014576871192297936,-1.3126561371428573,1.0,0,Negative,-1.0
271594$_$24,3,Negative,0.5479461648336705,0.393762586643001,0.058291248523328565,-0.3205737442857143,1.0,0,Negative,-0.6666667
271594$_$23,3,Negative,0.6864816422753037,0.2766579364755018,0.03686042124919448,-0.5803471128571429,1.0,0,Negative,-0.33333334
271594$_$37,3,Negative,0.9592981281810522,0.02898311070309943,0.011718761115848244,-1.3833141857142857,1.0,0,Negative,-1.6666666
271594$_$34,3,Negative,0.9664641109129708,0.02418623975544561,0.009349649331583547,-1.3041782285714285,1.0,0,Negative,-3.0
271598$_$28,3,Negative,0.9725555380999983,0.01959138852031114,0.007853073379690597,-1.362915114285714,1.0,0,Negative,-2.0
271598$_$10,3,Neutral,0.05456921965690011,0.8398805842783627,0.10555019606473728,0.08283596471428571,0.5517493854519678,0,Neutral,0.0
271598$_$13,3,Neutral,0.14646567548556588,0.7817683818729264,0.07176594264150767,-0.010988258765714295,0.6849628409327362,0,Neutral,0.0
271598$_$17,3,Negative,0.958885793160382,0.030874865362043997,0.010239341477573992,-1.200826424285714,1.0,0,Negative,-2.0
271598$_$16,3,Positive,0.13748593303038328,0.14360278116188055,0.7189112858077362,0.445363075,1.0,0,Negative,-0.33333334
272375$_$11,4,Neutral,0.05725169892448202,0.7733605970876171,0.16938770398790093,0.12057438088571429,0.5884487167126181,0,Negative,-0.33333334
272375$_$18,4,Negative,0.9648572069025396,0.023679579279869807,0.011463213817590428,-1.38368169,1.0,0,Negative,-1.3333334
272375$_$0,4,Neutral,0.09411813979075408,0.48972154565339593,0.41616031455585006,0.34086641485714286,0.11192022056349935,0,Neutral,0.0
273171$_$15,0,Negative,0.918969665819263,0.04052766251526308,0.04050267166547389,-1.0799606885714288,1.0,0,Positive,0.33333334
273171$_$1,0,Neutral,0.03083836911169778,0.8608757779993439,0.1082858528889584,0.10633617014285715,0.6898407164946129,0,Positive,0.33333334
273237$_$23,3,Negative,0.9516132430457382,0.028960658285239325,0.019426098669022514,-1.193276177142857,1.0,0,Negative,-2.6666667
273237$_$1,3,Negative,0.3893215317010956,0.2739147431024638,0.3367637251964405,0.028034777142857122,1.0,0,Negative,-2.6666667
273237$_$3,3,Negative,0.970794882199202,0.02110699138970396,0.008098126411094142,-1.5019377200000001,1.0,0,Negative,-2.0
273237$_$11,3,Negative,0.9406683459907867,0.047798629331411165,0.011533024677802026,-1.3118791885714285,1.0,0,Neutral,0.0
273237$_$13,3,Negative,0.7726696454766512,0.08638907241748213,0.14094128210586668,-0.6766800071428573,1.0,0,Negative,-2.0
273237$_$12,3,Negative,0.9771943713634125,0.016238123796394638,0.006567504840192871,-1.5823420428571429,1.0,0,Negative,-3.0
273237$_$14,3,Negative,0.975762966133143,0.016111777484824643,0.008125256382032486,-1.3275066371428572,1.0,0,Negative,-2.3333333
273237$_$17,3,Negative,0.9808135881657618,0.012410686556535858,0.006775725277702369,-1.575916722857143,1.0,0,Negative,-2.6666667
273314$_$1,1,Neutral,0.06118608260078885,0.7772115865506521,0.161602330848559,0.1206072712,0.6324999315522288,0,Positive,0.33333334
273314$_$4,1,Negative,0.63245990903327,0.09345119291384102,0.27408889805288905,-0.3422491768571428,1.0,0,Negative,-0.33333334
273531$_$2,1,Positive,0.36354795027896186,0.2172328342076105,0.4192192155134277,0.1377177092857143,1.0,0,Negative,-0.6666667
273531$_$7,1,Negative,0.9461646762388686,0.040655855155353866,0.013179468605777615,-1.0387399828571429,1.0,0,Negative,-0.33333334
273531$_$10,1,Negative,0.6557287893441935,0.31158859311796916,0.03268261753783734,-0.5011366142857143,1.0,0,Negative,-2.0
273531$_$19,1,Negative,0.9616605686625398,0.028465754646991602,0.00987367669046861,-1.495889457142857,1.0,0,Negative,-1.6666666
274219$_$11,0,Negative,0.5160707320238619,0.43670282671211025,0.04722644126402794,-0.40098655285714285,1.0,0,Negative,-1.0
274219$_$3,0,Neutral,0.05724161122630489,0.8287726045342341,0.11398578423946105,0.09773729285714285,0.573604797224573,0,Positive,0.33333334
274219$_$2,0,Neutral,0.18492016798769537,0.7454913227028365,0.06958850930946817,-0.15557128714285715,0.73365647538124,0,Neutral,0.0
274219$_$4,0,Negative,0.9818404348393799,0.012629667799948504,0.00552989736067175,-1.733986757142857,1.0,0,Negative,-2.0
275248$_$0,1,Negative,0.8166515569701356,0.044342602729467676,0.1390058403003968,-0.8512310485714284,1.0,0,Negative,-2.0
275620$_$3,1,Positive,0.022590982179642283,0.051613743665892005,0.9257952741544657,1.0632377428571427,1.0,0,Positive,2.6666667
275620$_$4,1,Positive,0.013145933770577987,0.0353917143301643,0.9514623518992578,1.3252334242857142,1.0,0,Positive,1.6666666
275620$_$12,1,Negative,0.4655356215296171,0.1406137565620166,0.3938506219083663,-0.2244434102857143,1.0,0,Negative,-0.6666667
275620$_$19,1,Positive,0.010906688341026777,0.04512267687169358,0.9439706347872796,1.0370866600000002,1.0,0,Positive,0.6666667
276217$_$24,0,Positive,0.14023611399831346,0.19028717078366308,0.6694767152180234,0.4573132714285714,1.0,0,Neutral,0.0
276217$_$22,0,Neutral,0.04135912901287131,0.8570277258779129,0.10161314510921583,0.12362875057142855,0.5915730121931588,0,Neutral,0.0
276217$_$6,0,Neutral,0.036684227575308336,0.8473187576749893,0.11599701474970232,0.14523647985714286,0.637106022627737,0,Neutral,0.0
276217$_$9,0,Neutral,0.2656236118861676,0.656648088145331,0.07772829996850136,-0.06650811407142856,0.44154026022805504,0,Neutral,0.0
276217$_$38,0,Neutral,0.05332868535522582,0.8468715408095892,0.09979977383518512,0.0713353173142857,0.6039731238984851,0,Negative,-0.33333334
276217$_$12,0,Neutral,0.3429781175970865,0.5632831387934574,0.09373874360945625,-0.06758392071428572,0.38309787988101457,0,Neutral,0.0
276217$_$32,0,Negative,0.9272431280319038,0.044464367907085224,0.028292504061010974,-1.1403881385714287,1.0,0,Negative,-1.6666666
276217$_$36,0,Positive,0.16858085803530412,0.28861208993815457,0.5428070520265414,0.3239270875714286,1.0,0,Negative,-0.6666667
276217$_$19,0,Positive,0.02781330684485743,0.2760323184710823,0.6961543746840603,0.5629588257142857,1.0,0,Positive,0.6666667
276217$_$18,0,Neutral,0.05325819661161885,0.8929615983428962,0.05378020504548493,-0.028543601242857146,0.7883905948586358,0,Neutral,0.0
27798$_$11,2,Negative,0.9842612964117254,0.009843937492692505,0.00589476609558204,-1.7029219714285715,1.0,0,Negative,-2.3333333
27798$_$12,2,Negative,0.9284120062750068,0.04455161371266834,0.027036380012324883,-1.1405368071428572,1.0,0,Negative,-1.3333334
27798$_$15,2,Negative,0.9855446357475954,0.008663923874151411,0.00579144037825323,-1.7236705114285713,1.0,0,Negative,-2.0
27798$_$5,2,Positive,0.3649325734001652,0.10822506230983266,0.5268423642900021,0.16754170571428575,1.0,0,Negative,-1.3333334
278474$_$3,0,Negative,0.9644161218654123,0.024593215361845944,0.010990662772741676,-1.4200112071428574,1.0,0,Negative,-2.3333333
278474$_$4,0,Negative,0.9820942810113942,0.01075828002604669,0.007147438962559071,-1.7490945085714285,1.0,0,Negative,-3.0
27ubp7CLLKQ$_$14,3,Positive,0.03682789660057529,0.1153564328622871,0.8478156705371377,0.6087413007142857,1.0,0,Positive,0.33333334
282560$_$15,4,Negative,0.9674027383360373,0.02552809184398204,0.007069169819980674,-1.5346205285714287,1.0,0,Negative,-0.6666667
282560$_$1,4,Positive,0.04083885413245033,0.3265531532753074,0.6326079925922424,0.46552791971428575,1.0,0,Neutral,0.0
282560$_$3,4,Neutral,0.030870686982359608,0.5343489875518006,0.4347803254658398,0.33953615142857135,0.5156153062504029,0,Positive,0.33333334
282560$_$5,4,Negative,0.9750734493081792,0.017821330448190845,0.0071052202436298235,-1.5537174142857144,1.0,0,Negative,-1.3333334
282560$_$4,4,Neutral,0.04208961641302671,0.7182354780504594,0.23967490553651397,0.2118020402857143,0.3396343589691796,0,Positive,0.6666667
282560$_$7,4,Positive,0.015162600831202086,0.02752066701113343,0.9573167321576644,1.414355442857143,1.0,0,Positive,1.6666666
282560$_$6,4,Negative,0.9774486446089727,0.01779973825235402,0.0047516171386732765,-1.6052448657142855,1.0,0,Negative,-1.0
282560$_$9,4,Negative,0.9773127933054072,0.015467292394049044,0.007219914300543586,-1.4551924928571427,1.0,0,Negative,-1.6666666
282586$_$25,3,Positive,0.1544275088629586,0.049726234192902646,0.7958462569441387,0.8602863142857142,1.0,0,Positive,0.33333334
282586$_$22,3,Negative,0.8226768451677932,0.15198592607760936,0.025337228754597412,-1.0087206742857142,1.0,0,Negative,-1.6666666
282586$_$3,3,Neutral,0.3281927533337005,0.508104847106564,0.16370239955973556,-0.24862534685714285,0.2998964717217371,0,Neutral,0.0
282586$_$4,3,Neutral,0.34680083424942393,0.6180958260194068,0.0351033397311692,-0.3265926924285714,0.5012130535387249,0,Negative,-1.6666666
282586$_$12,3,Neutral,0.06444602322540585,0.677028283868733,0.2585256929058611,0.247023622,0.47199987950541766,0,Neutral,0.0
282586$_$16,3,Negative,0.611713344960027,0.3187303356032641,0.0695563194367089,-0.19189716771428575,1.0,0,Negative,-0.33333334
283495$_$7,2,Negative,0.8914945532279117,0.0658190189132384,0.04268642785885002,-0.7508542828571427,1.0,0,Negative,-1.3333334
284673$_$14,3,Neutral,0.1015274201262034,0.8324324881200775,0.06604009175371908,-0.10329373,0.7311790416633729,0,Neutral,0.0
284673$_$18,3,Negative,0.8056389599562572,0.03676683785743862,0.1575942021863041,-0.9306748185714285,1.0,0,Negative,-1.0
284673$_$5,3,Neutral,0.17434704365327874,0.7483632469009805,0.07728970944574082,-0.032080102857142856,0.5309940638252992,0,Neutral,0.0
284673$_$8,3,Negative,0.8233852196424193,0.14935579452483008,0.02725898583275049,-0.9062000400000002,1.0,0,Negative,-1.3333334
288714$_$15,1,Negative,0.8166707250148846,0.1441016102000907,0.0392276647850247,-0.7850219785714287,1.0,0,Negative,-1.6666666
288714$_$17,1,Negative,0.96176228796922,0.02352823153704729,0.014709480493732639,-1.328333544285714,1.0,0,Negative,-2.3333333
288714$_$5,1,Negative,0.979191398094942,0.013834818855524508,0.006973783049533497,-1.753508107142857,1.0,0,Negative,-1.6666666
288714$_$8,1,Negative,0.7925092752835425,0.16478503895354987,0.04270568576290773,-0.6954954328571429,1.0,0,Negative,-1.3333334
288766$_$21,0,Negative,0.9814648471389262,0.01310380779500619,0.0054313450660676485,-1.688819414285714,1.0,0,Negative,-1.0
288766$_$2,0,Negative,0.9747704286537513,0.017653067598790824,0.007576503747457866,-1.4107528285714284,1.0,0,Neutral,0.0
288766$_$7,0,Negative,0.9738394067428225,0.018368277713244882,0.007792315543932532,-1.6623798500000002,1.0,0,Negative,-1.6666666
288766$_$17,0,Negative,0.8313740606634199,0.14065062901879247,0.02797531031778766,-1.0874885285714286,1.0,0,Negative,-0.33333334
290088$_$4,3,Negative,0.971734325978652,0.020812058459823216,0.0074536155615247636,-1.445988347142857,1.0,0,Negative,-1.6666666
29044$_$12,0,Negative,0.6599856119101141,0.30151144868087354,0.03850293940901241,-0.6018523771428572,1.0,0,Positive,0.33333334
29044$_$3,0,Neutral,0.32633310191645354,0.6098877404784264,0.06377915760511998,-0.18030772520000002,0.49573812452228355,0,Positive,0.33333334
29044$_$2,0,Negative,0.7676155190783945,0.187717891980462,0.04466658894114346,-0.5349015699999999,1.0,0,Negative,-0.33333334
29044$_$4,0,Negative,0.9569704219035171,0.02709167436233908,0.01593790373414378,-1.5486376,1.0,0,Negative,-1.3333334
291121$_$7,2,Negative,0.901484871958942,0.04768993246029252,0.050825195580765564,-0.5771777085714287,1.0,0,Negative,-0.33333334
292277$_$10,2,Negative,0.96760918131289,0.021727305791883235,0.010663512895226832,-1.2598404285714284,1.0,0,Negative,-2.3333333
292277$_$2,2,Negative,0.9775973817945894,0.013889333975496845,0.00851328422991367,-1.5200339314285716,1.0,0,Negative,-2.3333333
292277$_$5,2,Neutral,0.1656419942326791,0.6281969990347556,0.20616100673256535,0.07811696471428571,0.4107861378013219,0,Negative,-0.33333334
292277$_$4,2,Negative,0.4305578255158795,0.39700803256288014,0.17243414192124043,-0.089602571,1.0,0,Neutral,0.0
294178$_$11,1,Negative,0.9379457300649069,0.04932635183779087,0.012727918097302185,-1.185257262857143,1.0,0,Negative,-0.6666667
294178$_$14,1,Negative,0.6211811196188528,0.3398462599933194,0.03897262038782791,-0.30992772857142853,1.0,0,Positive,0.33333334
294178$_$1,1,Neutral,0.023161585505831438,0.739196123347235,0.23764229114693364,0.29601512671428576,0.5968503086558333,0,Positive,0.33333334
294178$_$0,1,Positive,0.011485959521434143,0.10478426267799494,0.8837297778005709,0.7424694628571428,1.0,0,Neutral,0.0
294178$_$3,1,Negative,0.5414754267766628,0.4083731388339541,0.05015143438938306,-0.272746721,1.0,0,Negative,-0.33333334
294178$_$7,1,Negative,0.979178015812286,0.015421776911545093,0.005400207276168811,-1.5073020899999998,1.0,0,Negative,-1.3333334
295793$_$14,1,Negative,0.9628669636097948,0.024904578632788978,0.012228457757416211,-1.2394663414285714,1.0,0,Negative,-1.6666666
295793$_$3,1,Negative,0.8021278581817639,0.16006482292031488,0.03780731889792127,-0.6056909371428573,1.0,0,Neutral,0.0
295793$_$9,1,Negative,0.9821696696669268,0.011705495570784735,0.006124834762288518,-1.6912237942857147,1.0,0,Negative,-2.6666667
298736$_$26,3,Positive,0.015713742289176144,0.057460054153375045,0.9268262035574488,1.0210642557142857,1.0,0,Positive,1.0
298736$_$22,3,Positive,0.018231498141164554,0.06658748697205635,0.9151810148867792,1.1455826814285714,1.0,0,Positive,1.3333334
298736$_$28,3,Negative,0.7606378101485585,0.08573076511421156,0.15363142473723004,-0.38993067000000003,1.0,0,Negative,-0.33333334
298736$_$0,3,Positive,0.009609883925057601,0.14610973097573396,0.8442803850992084,1.1984202214285715,1.0,0,Positive,0.33333334
298736$_$7,3,Neutral,0.042545621975637396,0.5406299276067267,0.416824450417636,0.24834552128571424,0.2339599927001655,0,Neutral,0.0
298736$_$17,3,Positive,0.14000004227142818,0.2044703873870607,0.6555295703415112,0.4839563414285714,1.0,0,Positive,0.33333334
298736$_$16,3,Neutral,0.2053199969519057,0.7366775530665055,0.058002449981588766,-0.12000659100000001,0.5268276952979348,0,Negative,-0.33333334
298736$_$32,3,Negative,0.9742570807312543,0.018473771336974833,0.0072691479317708845,-1.36081566,1.0,0,Negative,-1.3333334
298774$_$12,4,Positive,0.008460014836413008,0.013885115177540819,0.9776548699860462,1.736056,1.0,0,Positive,2.3333333
298774$_$15,4,Positive,0.4021006297377557,0.18994927053869462,0.40795009972354984,0.2323738049864286,1.0,0,Positive,0.6666667
298774$_$17,4,Positive,0.032110852844358974,0.16446169569416372,0.8034274514614773,0.8830785157142856,1.0,0,Negative,-0.33333334
298774$_$1,4,Positive,0.006369254242947358,0.017918594223490816,0.9757121515335618,1.611634834285714,1.0,0,Positive,2.6666667
298774$_$4,4,Positive,0.00846189135483209,0.03564853411791991,0.955889574527248,1.5912522285714288,1.0,0,Positive,2.0
2Crezdbre6I$_$10,2,Neutral,0.033273822220905726,0.5189296924163108,0.44779648536278344,0.2885506828571428,0.5474229729486433,0,Positive,0.33333334
2HmBM3GGTlg$_$2,2,Positive,0.11871687961638976,0.0534102401736729,0.8278728802099373,1.1114345892857143,1.0,0,Positive,0.6666667
2HmBM3GGTlg$_$5,2,Positive,0.13355714573420463,0.043215909632519076,0.8232269446332763,0.9774569285714286,1.0,0,Positive,2.0
2HmBM3GGTlg$_$7,2,Positive,0.04042304343296966,0.22460652246106663,0.7349704341059637,0.4870884842857143,1.0,0,Positive,1.0
2JY5HXBWO84$_$20,1,Positive,0.012468056182224999,0.03023707413653324,0.9572948696812418,1.3067319800000001,1.0,0,Positive,0.6666667
2JY5HXBWO84$_$14,1,Negative,0.9581512608043637,0.02400405373458692,0.01784468546104933,-1.083424612857143,1.0,0,Negative,-1.6666666
2LpVvLemgvw$_$5,0,Positive,0.008157197856772026,0.04926388317031228,0.9425789189729157,0.9133996757142856,1.0,0,Positive,1.3333334
2PgJok07td4$_$3,3,Positive,0.04600480488758206,0.19004068913509006,0.7639545059773278,0.7240711114285716,1.0,0,Positive,0.6666667
2RDubrUjI-k$_$8,4,Positive,0.02358107627897684,0.034908977561454585,0.9415099461595686,1.1720479642857142,1.0,0,Positive,2.0
2RDubrUjI-k$_$4,4,Positive,0.008667623528868216,0.021802528823714976,0.9695298476474168,1.463426864285714,1.0,0,Positive,2.3333333
2YwgSmmLibs$_$6,4,Negative,0.9389979594665254,0.031132605764665075,0.02986943476880955,-1.0737245614285713,1.0,0,Negative,-1.0
2ahFSMFvs_c$_$0,0,Negative,0.5683023331094257,0.33941172228563843,0.09228594460493596,-0.28480779832857145,1.0,0,Negative,-1.3333334
2c2fhh_Dsoo$_$4,0,Positive,0.030908244980911576,0.2455604614237158,0.7235312935953726,0.48896419142857145,1.0,0,Negative,-1.0
2c6Gb73nx4E$_$2,4,Positive,0.04231808741566195,0.42091801240024157,0.5367639001840966,0.39429568000000004,1.0,0,Neutral,0.0
2cwNG0YuwtQ$_$23,3,Positive,0.0051139190445641525,0.01899897316556248,0.9758871077898734,1.4938825571428573,1.0,0,Positive,0.6666667
2cwNG0YuwtQ$_$1,3,Negative,0.6618006887605145,0.280723902723064,0.05747540851642155,-0.2787466249714286,1.0,0,Neutral,0.0
2cwNG0YuwtQ$_$15,3,Positive,0.017883953322652378,0.26663653448577246,0.7154795121915752,0.4078068214285714,1.0,0,Neutral,0.0
2f6ZHqJ76EU$_$8,0,Positive,0.009593955372378263,0.07551020641486879,0.914895838212753,0.803023367142857,1.0,0,Positive,0.6666667
2h9VVQUZjK0$_$12,2,Neutral,0.03224624791116583,0.852846563271062,0.11490718881777218,0.100885378,0.6134596884212026,0,Neutral,0.0
2h9VVQUZjK0$_$8,2,Neutral,0.07942091373465798,0.6997123674073278,0.22086671885801426,0.1127929467,0.2620158801930582,0,Neutral,0.0
2lj0BaPsJpM$_$7,2,Neutral,0.23042463130360633,0.6960612668247265,0.07351410187166721,-0.011132102857142858,0.3038237481271282,0,Neutral,0.0
2mWPHvbKzL8$_$10,2,Positive,0.01315292655924211,0.4448734268861618,0.5419736465545961,0.4330021114285714,1.0,0,Positive,1.3333334
2mWPHvbKzL8$_$15,2,Positive,0.01171825176924686,0.0792244112830633,0.9090573369476899,0.8971812100000001,1.0,0,Positive,0.6666667
2mWPHvbKzL8$_$19,2,Positive,0.008868265012970942,0.03593828820291564,0.9551934467841134,1.2037891085714285,1.0,0,Positive,1.3333334
2mWPHvbKzL8$_$3,2,Positive,0.017932473508589314,0.22189291775781197,0.7601746087335987,0.6333962428571428,1.0,0,Positive,0.33333334
2mWPHvbKzL8$_$2,2,Neutral,0.0296589123084175,0.5158255155811438,0.45451557211043864,0.3643175028571428,0.38893163754246435,0,Neutral,0.0
2mWPHvbKzL8$_$4,2,Positive,0.06344349132067087,0.26095376316803265,0.6756027455112965,0.4232810114285715,1.0,0,Positive,0.33333334
2mWPHvbKzL8$_$6,2,Positive,0.010880153306627864,0.0874553037368147,0.9016645429565575,0.8594334371428572,1.0,0,Positive,2.0
2qKajMu7Vhc$_$2,2,Positive,0.01299583418360416,0.09322912283891403,0.8937750429774818,0.8263278871428571,1.0,0,Positive,2.3333333
2qKajMu7Vhc$_$4,2,Positive,0.02334713711701618,0.121531962409508,0.8551209004734759,0.7106232171428571,1.0,0,Positive,1.3333334
2vX-ZRQQDwo$_$3,2,Positive,0.0063957093938371385,0.03292245972987213,0.9606818308762908,1.3425669,1.0,0,Positive,1.6666666
2vX-ZRQQDwo$_$4,2,Positive,0.14696156718784312,0.42614324762372097,0.42689518518843583,0.3459791628571428,1.0,0,Positive,0.33333334
2w7rpDe-HoA$_$1,0,Negative,0.5120131006382417,0.4422441385153233,0.04574276084643502,-0.35965116999999996,1.0,0,Negative,-0.33333334
2w7rpDe-HoA$_$3,0,Negative,0.6296040346089026,0.30127551914251083,0.06912044624858671,-0.3164471418571428,1.0,0,Negative,-2.0
2w7rpDe-HoA$_$5,0,Negative,0.6548028263309547,0.2694091379210814,0.07578803574796387,-0.39989085057142854,1.0,0,Negative,-0.6666667
2w7rpDe-HoA$_$7,0,Positive,0.006402829127103572,0.02318324365108588,0.9704139272218106,1.3554889285714287,1.0,0,Positive,1.3333334
30763$_$13,3,Negative,0.6873860744144706,0.035214452147404096,0.27739947343812527,-0.22725009,1.0,0,Positive,2.0
30763$_$15,3,Negative,0.5378534414542413,0.4077347234642452,0.05441183508151346,-0.3382091557142857,1.0,0,Neutral,0.0
30763$_$0,3,Neutral,0.046092127070140106,0.8488010690356033,0.10510680389425663,0.08008184157142857,0.6624896547172986,0,Neutral,0.0
31197$_$3,0,Negative,0.9073821523942853,0.04171116155153545,0.05090668605417925,-0.9828267728571428,1.0,0,Negative,-0.6666667
31tcuDMQ_H8$_$11,4,Positive,0.2541704417359507,0.33809316880377505,0.40773638946027424,0.056748257142857125,1.0,0,Positive,0.6666667
31tcuDMQ_H8$_$1,4,Positive,0.012754858393219519,0.08816193760022205,0.8990832040065585,0.9184859442857144,1.0,0,Positive,1.6666666
327283$_$3,4,Negative,0.5429311963600512,0.4315049286262006,0.02556387501374825,-0.5781632508571429,1.0,0,Neutral,0.0
327283$_$2,4,Negative,0.5440210980662661,0.31262899328113025,0.14334990865260366,-0.38269193,1.0,0,Positive,0.33333334
327283$_$6,4,Positive,0.01289444676821468,0.022789951683356496,0.9643156015484289,1.5953074942857144,1.0,0,Positive,2.6666667
33312$_$0,4,Neutral,0.023850685069724948,0.6098773878135801,0.3662719271166949,0.3431465814285714,0.42218266869416277,0,Positive,0.33333334
33312$_$7,4,Neutral,0.18194068310309985,0.7300748845402275,0.08798443235667261,0.10082324085714285,0.6216193258012933,0,Negative,-1.0
33312$_$6,4,Neutral,0.06846810881595754,0.7525609319734319,0.17897095921061057,0.1836133237142857,0.5479637490916675,0,Positive,0.33333334
33312$_$8,4,Negative,0.516536958036576,0.22148338191330655,0.26197966005011764,-0.20897219525714286,1.0,0,Negative,-2.3333333
33439$_$10,0,Positive,0.042269810423401624,0.050053747356682166,0.9076764422199162,1.062603655714286,1.0,0,Positive,1.3333334
33439$_$0,0,Neutral,0.046446166403991136,0.8732844126516802,0.0802694209443287,0.00964413928571429,0.7622752778236955,0,Neutral,0.0
33439$_$3,0,Positive,0.3707807177367763,0.17929443370941073,0.449924848553813,0.3570545764285714,1.0,0,Positive,1.3333334
33439$_$2,0,Negative,0.9281994971058138,0.0485083294883755,0.02329217340581074,-1.2773703571428572,1.0,0,Negative,-1.0
33439$_$9,0,Neutral,0.07428062521514603,0.8425611677178643,0.08315820706698977,-0.03669778357142856,0.7110523971916166,0,Neutral,0.0
33ueXDUn3mA$_$11,2,Positive,0.19423482618403695,0.12416955197021748,0.6815956218457455,0.14644089785714284,1.0,0,Positive,0.33333334
33ueXDUn3mA$_$1,2,Positive,0.024591062573200734,0.09417188343372226,0.881237053993077,0.6697579414285714,1.0,0,Positive,1.6666666
34-ogj6rh6w$_$0,2,Positive,0.016344175877512815,0.12425216964104904,0.8594036544814382,0.65525538,1.0,0,Positive,0.6666667
34-ogj6rh6w$_$2,2,Neutral,0.04297315504131353,0.732724085997389,0.22430275896129753,0.2568282531428571,0.39275695017010304,0,Neutral,0.0
34-ogj6rh6w$_$7,2,Positive,0.011958729234049417,0.09451410970691901,0.8935271610590316,0.8035336271428571,1.0,0,Positive,0.6666667
34-ogj6rh6w$_$8,2,Positive,0.029796643114771967,0.10557184663510684,0.8646315102501212,0.7670251285714286,1.0,0,Neutral,0.0
34346$_$11,1,Neutral,0.281575679578217,0.44215313780870796,0.27627118261307515,-0.01618604171428572,0.4858070387071655,0,Positive,2.0
34346$_$14,1,Negative,0.9470270940071044,0.03889058026150999,0.014082325731385681,-0.8416083457142857,1.0,0,Neutral,0.0
34346$_$1,1,Positive,0.011065973838462787,0.048094474536944994,0.9408395516245923,1.2006566314285716,1.0,0,Positive,2.3333333
34346$_$0,1,Neutral,0.018156929431263055,0.629071014761374,0.352772055807363,0.29420911071428574,0.5106314224649947,0,Neutral,0.0
34346$_$7,1,Neutral,0.25853159948020316,0.5333227903239444,0.20814561019585254,-0.06602196571428569,0.5819902853692034,0,Neutral,0.0
36098$_$1,0,Neutral,0.027792116696308735,0.6523341545483502,0.319873728755341,0.23838787142857143,0.6835502559350436,0,Neutral,0.0
36098$_$2,0,Neutral,0.043846029189119944,0.5253220325488668,0.43083193826201327,0.26520718,0.5768276831496094,0,Neutral,0.0
367506$_$10,4,Positive,0.009899450454016051,0.019844073622759858,0.9702564759232241,1.5431615714285716,1.0,0,Positive,1.6666666
367506$_$13,4,Positive,0.010022807626944106,0.019089498690791514,0.9708876936822645,1.5029852714285714,1.0,0,Positive,2.6666667
367506$_$15,4,Positive,0.11390983093968747,0.04270325984369614,0.8433869092166164,1.1942307857142858,1.0,0,Positive,3.0
367506$_$14,4,Positive,0.009378772014191536,0.04227499319466138,0.9483462347911471,1.2051173985714283,1.0,0,Positive,2.3333333
367506$_$1,4,Neutral,0.03802463968955941,0.8000130399713467,0.16196232033909402,0.05440108838571429,0.6975240837599154,0,Neutral,0.0
367506$_$5,4,Neutral,0.1829191225870893,0.5671726206631335,0.24990825674977718,0.044102517999999986,0.33973797459808447,0,Neutral,0.0
367576$_$2,0,Neutral,0.07280523702982561,0.5508541432566548,0.3763406197135197,0.24037439657142853,0.2652191696678803,0,Positive,1.6666666
367576$_$4,0,Negative,0.9788222524794683,0.013207246694219762,0.007970500826311972,-1.5770756857142858,1.0,0,Neutral,0.0
367576$_$9,0,Negative,0.9309011042179258,0.03154093863703217,0.03755795714504196,-1.1537321717428568,1.0,0,Negative,-1.3333334
36o2cux9kfQ$_$13,2,Neutral,0.020405739758029263,0.537929158101487,0.4416651021404838,0.26852031,0.5450134605400871,0,Positive,0.33333334
37117$_$1,0,Positive,0.2774757281347711,0.14592235672655307,0.5766019151386758,0.15000955957142859,1.0,0,Positive,0.33333334
37117$_$4,0,Negative,0.9768013604631015,0.013716466398606067,0.009482173138292449,-1.672368392857143,1.0,0,Negative,-2.0
37117$_$6,0,Negative,0.9709554478006382,0.016901302966218626,0.012143249233143031,-1.7131542657142855,1.0,0,Negative,-1.6666666
37117$_$9,0,Negative,0.9781889756115574,0.015030188624383531,0.0067808357640590945,-1.6201374714285717,1.0,0,Negative,-2.0
37117$_$8,0,Negative,0.985206119567292,0.009863314209896584,0.00493056622281145,-1.723392342857143,1.0,0,Negative,-1.6666666
37459$_$3,3,Negative,0.9734989211307277,0.01984385610739147,0.006657222761880819,-1.5340396571428572,1.0,0,Negative,-2.6666667
37459$_$2,3,Negative,0.965342226541722,0.024309386663693762,0.010348386794584332,-1.0599200314285713,1.0,0,Negative,-3.0
37459$_$6,3,Negative,0.7477539838213841,0.18418695980368402,0.06805905637493183,-0.43506461142857145,1.0,0,Negative,-1.0
38019$_$0,0,Neutral,0.10073899673917895,0.5751512437209997,0.32410975953982135,0.12998283128571428,0.5655800797196548,0,Negative,-1.3333334
38374$_$3,0,Positive,0.04075273071786438,0.4411960889703836,0.518051180311752,0.36930176,1.0,0,Neutral,0.0
38374$_$7,0,Negative,0.9852459135997189,0.00982187132867605,0.004932215071604911,-1.69274358,1.0,0,Negative,-2.0
38374$_$9,0,Negative,0.4274741919596539,0.18696398777701545,0.38556182026333063,-0.09987597042857142,1.0,0,Neutral,0.0
39lcRCFvV-s$_$21,3,Negative,0.8907666435363082,0.05020527161487713,0.05902808484881468,-0.8141532314285714,1.0,0,Positive,1.0
39lcRCFvV-s$_$22,3,Negative,0.8106289643637258,0.13484412481613073,0.05452691082014359,-0.7565287494285713,1.0,0,Positive,0.6666667
39lcRCFvV-s$_$46,3,Positive,0.007170789858250994,0.03263311874584126,0.9601960913959078,1.3216308428571428,1.0,0,Positive,2.0
39lcRCFvV-s$_$39,3,Negative,0.8226293289019242,0.055771754650129596,0.12159891644794617,-0.6031652671428571,1.0,0,Negative,-0.33333334
39lcRCFvV-s$_$13,3,Negative,0.555114270240743,0.3837864148401387,0.06109931491911841,-0.23693836285714287,1.0,0,Positive,1.3333334
39lcRCFvV-s$_$12,3,Negative,0.7844614790898681,0.1495896970207838,0.06594882388934815,-0.5419213642857142,1.0,0,Positive,0.33333334
39lcRCFvV-s$_$19,3,Positive,0.007220403957839666,0.016591684479413088,0.9761879115627472,1.6079913185714287,1.0,0,Positive,2.3333333
39lcRCFvV-s$_$18,3,Negative,0.6815926354200481,0.276694398918821,0.041712965661130974,-0.5291848628571428,1.0,0,Neutral,0.0
39lcRCFvV-s$_$30,3,Positive,0.05613514328748839,0.227660201566715,0.7162046551457967,0.4638650585714285,1.0,0,Positive,0.6666667
3B1zIUj-k3o$_$10,3,Negative,0.9460262757281591,0.03410256620729852,0.019871158064542347,-0.9482053257142856,1.0,0,Negative,-0.33333334
3DOrdP4H8SA$_$13,0,Positive,0.024003039376002386,0.09298919135877722,0.8830077692652204,0.7222305128571428,1.0,0,Neutral,0.0
3DOrdP4H8SA$_$3,0,Negative,0.6326077253058958,0.20755388818062656,0.15983838651347765,-0.1688965277142857,1.0,0,Negative,-1.6666666
3DgOMTs3A1E$_$24,2,Positive,0.021921877521321423,0.39137356096257475,0.5867045615161038,0.4607543085714285,1.0,0,Neutral,0.0
3DgOMTs3A1E$_$22,2,Positive,0.017716137187147485,0.20441530872532399,0.7778685540875286,0.5616756642857144,1.0,0,Positive,0.6666667
3DgOMTs3A1E$_$23,2,Positive,0.020103035416348013,0.12262789619687052,0.8572690683867815,0.5951793228571428,1.0,0,Positive,0.33333334
3DgOMTs3A1E$_$1,2,Positive,0.016983085544740865,0.07043798088931175,0.9125789335659474,0.9202702071428571,1.0,0,Positive,0.33333334
3DgOMTs3A1E$_$7,2,Positive,0.03668646544226589,0.3087135947755773,0.6545999397821568,0.4530387728571429,1.0,0,Positive,0.6666667
3DgOMTs3A1E$_$17,2,Positive,0.012942355733699248,0.06061520930520853,0.9264424349610922,0.9527353857142857,1.0,0,Positive,1.0
3FpmKxZgihw$_$0,0,Neutral,0.20478366584347524,0.5405444987413015,0.25467183541522337,-0.06409154428571427,0.49166538634301565,0,Neutral,0.0
3GyEnzE1NTQ$_$14,4,Positive,0.013200714454972859,0.1312238488338763,0.8555754367111509,0.6368840842857144,1.0,0,Positive,0.33333334
3GyEnzE1NTQ$_$3,4,Neutral,0.02670368275624865,0.6427999417243999,0.3304963755193514,0.28255403142857144,0.5565820702037589,0,Positive,0.33333334
3GyEnzE1NTQ$_$4,4,Positive,0.03469437501399233,0.4338897483884095,0.5314158765975983,0.3429535365714286,1.0,0,Negative,-0.33333334
3OMgvtWNHp4$_$10,4,Neutral,0.4390764166238012,0.5087854217681984,0.052138161608000486,-0.19933160399999997,0.5310951004096134,0,Negative,-0.6666667
3OuNMjZo5wg$_$13,3,Positive,0.010328899157884602,0.032021653346616705,0.9576494474954987,1.4026489857142859,1.0,0,Positive,1.6666666
3VsrcbjPwZY$_$0,4,Positive,0.03506332473842631,0.07576976018598183,0.8891669150755919,0.8278825957142858,1.0,0,Positive,0.33333334
3VsrcbjPwZY$_$7,4,Positive,0.011293461910824561,0.027585376742365837,0.9611211613468096,1.2264938657142856,1.0,0,Negative,-0.33333334
3Wi0if_L6Ug$_$13,2,Positive,0.012528920914252662,0.0362333251728762,0.9512377539128712,1.443785342857143,1.0,0,Positive,0.6666667
3Wi0if_L6Ug$_$12,2,Positive,0.009705442535976052,0.022776318944446507,0.9675182385195774,1.4863453228571426,1.0,0,Positive,1.3333334
3Wi0if_L6Ug$_$17,2,Positive,0.014841782150538076,0.2664682105598919,0.7186900072895701,0.4584129828571429,1.0,0,Positive,0.33333334
3Wi0if_L6Ug$_$4,2,Positive,0.013845058520767587,0.07108892367806197,0.9150660178011705,0.9600468099999999,1.0,0,Positive,2.0
3Wi0if_L6Ug$_$9,2,Positive,0.022325181448369178,0.16839173479828265,0.8092830837533481,0.4760286714285714,1.0,0,Positive,0.33333334
3aD0xAgxxyw$_$11,4,Negative,0.9727847504930973,0.01946696300974355,0.007748286497159075,-1.3858977914285717,1.0,0,Negative,-1.0
3aD0xAgxxyw$_$0,4,Neutral,0.026348156513261937,0.500837730538407,0.4728141129483311,0.4050165899999999,0.4959300928976926,0,Positive,0.33333334
3aIQUQgawaI$_$12,3,Negative,0.7499232985880421,0.10475567234139553,0.14532102907056238,-0.4179474942857143,1.0,0,Neutral,0.0
3aIQUQgawaI$_$19,3,Positive,0.00847030767851746,0.038748235989888406,0.9527814563315942,1.0482487214285714,1.0,0,Neutral,0.0
3aIQUQgawaI$_$5,3,Negative,0.4365519703956713,0.18197079531554727,0.3814772342887815,-0.147621502,1.0,0,Negative,-1.0
3aIQUQgawaI$_$4,3,Positive,0.03809077121900519,0.19390688934211547,0.7680023394388794,0.5712731971428571,1.0,0,Positive,0.6666667
3aIQUQgawaI$_$7,3,Positive,0.18438210599751975,0.09003285254202785,0.7255850414604523,0.38819468000000007,1.0,0,Negative,-0.33333334
3fhCxePBuZY$_$10,1,Negative,0.9564409298474769,0.030007880343962626,0.013551189808560498,-1.08892419,1.0,0,Negative,-1.3333334
3fhCxePBuZY$_$4,1,Negative,0.5245753117657984,0.3029951844804969,0.1724295037537047,-0.04039609057142857,1.0,0,Negative,-0.6666667
3gA34VxBijI$_$1,0,Positive,0.028254356027388745,0.16801872917811447,0.8037269147944968,0.42267260571428567,1.0,0,Neutral,0.0
3kNPvhdF1NA$_$0,0,Negative,0.630491637619415,0.3042607084815967,0.06524765389898836,-0.360164029,1.0,0,Neutral,0.0
3lkn8MS3n8Q$_$27,1,Negative,0.941536263082209,0.027030101791490194,0.03143363512630085,-0.9408724074285715,1.0,0,Negative,-1.0
3lkn8MS3n8Q$_$6,1,Positive,0.014550699225615388,0.07825723073857793,0.9071920700358067,0.8012674771428572,1.0,0,Positive,1.0
3n44IP3tCVE$_$13,4,Positive,0.0350365877493223,0.08076607208076607,0.8841973401699116,0.8972463957142857,1.0,0,Positive,1.3333334
3n44IP3tCVE$_$0,4,Positive,0.005147189254589909,0.03212626103775838,0.9627265497076518,1.2787084285714285,1.0,0,Positive,2.0
3n44IP3tCVE$_$5,4,Positive,0.015306545994170912,0.09468985590581366,0.8900035981000154,0.7751184185714285,1.0,0,Positive,2.0
3n44IP3tCVE$_$6,4,Negative,0.782290712058378,0.04470577049315879,0.17300351744846326,-0.4822203142857142,1.0,0,Negative,-0.6666667
3ocpWAmSNUE$_$5,4,Negative,0.7257978041360188,0.09793089130344948,0.17627130456053164,-0.16245488057142854,1.0,0,Negative,-2.6666667
3ocpWAmSNUE$_$6,4,Negative,0.7126971147593004,0.12103498446583612,0.1662679007748634,-0.32178465385714283,1.0,0,Negative,-0.33333334
3paDwuRQP1w$_$0,0,Negative,0.517463309386424,0.32804340894785644,0.1544932816657195,-0.19695043571428572,1.0,0,Negative,-0.6666667
3sUS8vXbRwg$_$13,2,Positive,0.048838799895003886,0.08183036420249995,0.8693308359024963,0.7892744871428572,1.0,0,Positive,1.6666666
40181$_$21,2,Neutral,0.08704177006217269,0.8092909148637791,0.10366731507404808,0.03157306928571429,0.43478143714942113,0,Positive,0.33333334
40181$_$9,2,Neutral,0.059627381082963,0.5794938431702511,0.36087877574678584,0.2511156774285715,0.5406071150692396,0,Neutral,0.0
40181$_$13,2,Negative,0.9500964033863478,0.03250520985646281,0.017398386757189396,-0.9403494457142857,1.0,0,Negative,-1.3333334
40181$_$19,2,Neutral,0.06982177900692785,0.8622826623533311,0.06789555863974113,0.014050245857142856,0.653187977837972,0,Positive,0.33333334
40260$_$8,4,Negative,0.9517807636484621,0.0369927688641837,0.011226467487354256,-1.5359054285714286,1.0,0,Negative,-1.3333334
40260$_$19,4,Negative,0.9768702964123648,0.015515007600582872,0.007614695987052299,-1.4291707428571427,1.0,0,Negative,-1.6666666
40260$_$18,4,Positive,0.4107049512271915,0.0743392404428094,0.5149558083299992,0.07709340142857143,1.0,0,Positive,1.0
41692$_$1,2,Neutral,0.052315252215446716,0.5616327738991264,0.3860519738854269,0.2490085895714286,0.3320244834521194,0,Positive,0.33333334
43371$_$6,3,Negative,0.9631613886646258,0.026276479586870495,0.010562131748503787,-1.190957077142857,1.0,0,Negative,-1.6666666
43371$_$8,3,Negative,0.8218097754220818,0.16043452649048923,0.01775569808742907,-0.920615267142857,1.0,0,Negative,-1.0
43456$_$2,4,Neutral,0.2756084337384996,0.6700113482435901,0.05438021801791036,-0.1949540270142857,0.4542496784479144,0,Negative,-0.33333334
43456$_$8,4,Negative,0.501812972329846,0.42681393055306466,0.07137309711708938,-0.13127721514285715,1.0,0,Neutral,0.0
44780$_$1,0,Neutral,0.02797072540859234,0.6902417266498273,0.2817875479415803,0.19507042442857142,0.5139330460522938,0,Positive,0.33333334
44780$_$0,0,Positive,0.021350514841148024,0.2250108140016691,0.7536386711571829,0.5483249757142857,1.0,0,Positive,0.33333334
44780$_$3,0,Positive,0.05209445801941039,0.4003516666306311,0.5475538753499585,0.40447746857142863,1.0,0,Positive,1.3333334
44780$_$2,0,Neutral,0.041541744348026904,0.8934531841973226,0.06500507145465047,0.032802758142857144,0.7235658098760922,0,Neutral,0.0
44780$_$7,0,Negative,0.9830672947710003,0.011154752759354732,0.005777952469645038,-1.7202178428571426,1.0,0,Negative,-1.3333334
44780$_$6,0,Neutral,0.03691578889933232,0.6391115307304132,0.32397268037025445,0.22713406714285708,0.4585674081083506,0,Neutral,0.0
45175$_$9,2,Negative,0.8173691045612117,0.046144881508678515,0.13648601393010987,-0.8939645142857142,1.0,0,Negative,-1.0
45184$_$2,0,Negative,0.8529946147280273,0.11739244543640386,0.029612939835568872,-1.3038979828571429,1.0,0,Negative,-2.3333333
45184$_$5,0,Negative,0.9706687911021008,0.017760968210591095,0.011570240687308128,-1.7325051071428572,1.0,0,Negative,-1.3333334
45186$_$3,1,Negative,0.9684950770702613,0.024101044819786237,0.007403878109952562,-1.2619282357142858,1.0,0,Negative,-1.0
45186$_$2,1,Neutral,0.35542355517427315,0.5778559828732114,0.06672046195251544,-0.2198319165714286,0.38868002137847785,0,Neutral,0.0
45676$_$6,0,Negative,0.9679568609736767,0.020877036414555426,0.01116610261176795,-1.5165532499999999,1.0,0,Negative,-1.3333334
45c3QQzGakM$_$5,2,Positive,0.03080957904722105,0.08010914879419996,0.889081272158579,0.7689499885714286,1.0,0,Positive,0.6666667
46497$_$1,3,Negative,0.9762240102791437,0.018151151896255602,0.005624837824600734,-1.3252600228571427,1.0,0,Negative,-2.6666667
46497$_$3,3,Negative,0.9546226583546296,0.03347342760371185,0.011903914041658612,-1.1075315142857143,1.0,0,Negative,-2.0
46604$_$3,2,Neutral,0.21131823313799694,0.7364757153295971,0.05220605153240603,-0.26374467014285713,0.4541755862294946,0,Neutral,0.0
46604$_$2,2,Neutral,0.029046904595439835,0.8708282821470072,0.10012481325755297,0.11736033322857144,0.6916157646700423,0,Neutral,0.0
46604$_$4,2,Negative,0.6642080311175683,0.27946494344592515,0.056327025436506556,-0.45161677857142857,1.0,0,Negative,-1.3333334
46618$_$1,0,Negative,0.9251425636092646,0.05671707627654738,0.01814036011418799,-1.08987404,1.0,0,Negative,-1.3333334
46618$_$0,0,Neutral,0.036568053161343976,0.8804494579835311,0.08298248885512496,0.025409408285714287,0.6981944741224168,0,Neutral,0.0
46618$_$2,0,Negative,0.9738689887090398,0.017423332663007787,0.008707678627952376,-1.553510857142857,1.0,0,Negative,-1.6666666
47472$_$10,4,Positive,0.021631474184928716,0.15237382979320693,0.8259946960218644,0.5671302214285714,1.0,0,Neutral,0.0
47472$_$1,4,Neutral,0.02191266242174049,0.7599511808573173,0.21813615672094233,0.27943015585714287,0.5473400792272453,0,Positive,1.6666666
47472$_$4,4,Neutral,0.022967151814754973,0.7901448751407876,0.18688797304445756,0.17651253385714288,0.6516828502003799,0,Neutral,0.0
47472$_$6,4,Negative,0.9005410715696438,0.08376477097502415,0.01569415745533212,-0.896978037142857,1.0,0,Neutral,0.0
47472$_$8,4,Negative,0.7801262283082238,0.18702820465396028,0.03284556703781595,-0.6400368185714286,1.0,0,Negative,-0.6666667
49358$_$4,4,Positive,0.03657353035810608,0.2018592348569531,0.7615672347849408,0.5724082985714285,1.0,0,Neutral,0.0
49358$_$6,4,Negative,0.9762067992133625,0.015883985571946493,0.007909215214691005,-1.6614887571428572,1.0,0,Negative,-2.0
49358$_$9,4,Negative,0.9519249348776098,0.03051465649607669,0.017560408626313664,-1.2414058714285716,1.0,0,Negative,-1.6666666
4AQC7_uCuEE$_$27,1,Neutral,0.4238110162258402,0.5062793030292675,0.06990968074489214,-0.18895516882857138,0.28365698833650593,0,Positive,1.0
4AQC7_uCuEE$_$22,1,Negative,0.9688997326572126,0.019529094411258465,0.01157117293152897,-1.1684109285714288,1.0,0,Negative,-0.33333334
4AQC7_uCuEE$_$23,1,Neutral,0.1818453672855434,0.5016423861325336,0.31651224658192306,0.10706419714285713,0.4642468093118096,0,Positive,0.33333334
4BoE-woHtwA$_$12,2,Positive,0.017291418171471777,0.061630371499432866,0.9210782103290953,1.1018699142857145,1.0,0,Positive,1.6666666
4BoE-woHtwA$_$1,2,Positive,0.2616294146021588,0.3151103405792384,0.4232602448186028,0.11945560228571428,1.0,0,Negative,-0.33333334
4BoE-woHtwA$_$5,2,Positive,0.1300171824535653,0.407245602711698,0.46273721483473673,0.32686698857142854,1.0,0,Positive,1.6666666
4CKhrjuuofk$_$1,1,Negative,0.9195269025207062,0.05634718430671677,0.024125913172576893,-0.6731673071428571,1.0,0,Positive,0.33333334
4CKhrjuuofk$_$5,1,Positive,0.12978891111035426,0.08833619961884352,0.7818748892708023,0.6376209905714286,1.0,0,Positive,0.33333334
4EEru3cZwXo$_$3,4,Neutral,0.02318803484141269,0.559774879151498,0.4170370860070893,0.40181377999999995,0.27505979153439625,0,Positive,0.6666667
4GYfmpEEtl4$_$1,3,Negative,0.5526308020714306,0.398870912488779,0.048498285439790366,-0.2702321273428571,1.0,0,Neutral,0.0
4GYfmpEEtl4$_$7,3,Positive,0.06543315477311078,0.23829483508630286,0.6962720101405864,0.39495633571428573,1.0,0,Positive,0.33333334
4GYfmpEEtl4$_$6,3,Positive,0.044652627889037594,0.3223713780874081,0.6329759940235543,0.43550548142857143,1.0,0,Positive,0.33333334
4H9RfQuqsvg$_$1,3,Positive,0.018034016120958694,0.028205890751464277,0.953760093127577,1.471734275714286,1.0,0,Positive,2.0
4H9RfQuqsvg$_$12,3,Positive,0.04621024473119134,0.1770267724471073,0.7767629828217013,0.7190032514285715,1.0,0,Positive,0.6666667
4H9RfQuqsvg$_$6,3,Positive,0.14688294364932294,0.22491794407686191,0.6281991122738152,0.47019791,1.0,0,Neutral,0.0
4HAC00EAdno$_$10,2,Neutral,0.04440674580121032,0.7385911316716256,0.2170021225271641,0.20844225557142856,0.4017780995220448,0,Positive,0.6666667
4HAC00EAdno$_$12,2,Neutral,0.033075507781846904,0.7578363977961173,0.20908809442203574,0.19737756,0.5551340291168437,0,Positive,0.6666667
4HAC00EAdno$_$9,2,Negative,0.6438970686550158,0.3107072935369424,0.04539563780804182,-0.38779054571428573,1.0,0,Negative,-0.33333334
4Kh5N9W-Jr4$_$0,0,Positive,0.009701525558955183,0.11579453056540703,0.8745039438756378,0.75625535,1.0,0,Positive,1.3333334
4Q7OkrJLzAc$_$1,4,Positive,0.04146569285907111,0.24710743557420306,0.7114268715667259,0.5084717500000001,1.0,0,Neutral,0.0
4Q7OkrJLzAc$_$0,4,Neutral,0.0815845035434532,0.46807115956526885,0.45034433689127795,0.37133742428571426,0.4522531970849307,0,Neutral,0.0
4Q95Lg3Icho$_$24,3,Positive,0.011316925724794287,0.07516505699836756,0.9135180172768382,0.9246551128571429,1.0,0,Positive,1.6666666
4Ry6M_ZfJQc$_$5,3,Negative,0.9075102330242862,0.05500813460549949,0.03748163237021428,-0.6287862300000001,1.0,0,Negative,-1.3333334
4VA4kqMnEqA$_$4,4,Negative,0.5077754722124502,0.37694337635668185,0.1152811514308679,-0.26466410714285715,1.0,0,Positive,0.33333334
4VA4kqMnEqA$_$8,4,Neutral,0.07109509537845618,0.7174386516240951,0.21146625299744873,0.08829369285714285,0.44441172068217244,0,Neutral,0.0
4hEWns7JBg0$_$25,4,Positive,0.010844355274117722,0.09312643310541674,0.8960292116204656,0.8960428042857143,1.0,0,Positive,1.6666666
4hEWns7JBg0$_$29,4,Positive,0.00780071361211424,0.06501350014838912,0.9271857862394967,1.0701250071428572,1.0,0,Positive,1.0
4iG0ffmnCOw$_$2,0,Positive,0.011114582934173356,0.08164367709052625,0.9072417399753003,0.7646353414285715,1.0,0,Positive,0.33333334
4iG0ffmnCOw$_$7,0,Positive,0.014875074861773875,0.045512715861186215,0.9396122092770399,1.00932739,1.0,0,Positive,0.6666667
4iw1jTY-X3A$_$14,0,Neutral,0.05350288755441122,0.555936350677024,0.39056076176856486,0.2116703647142857,0.29778980559442375,0,Positive,1.0
4iw1jTY-X3A$_$3,0,Negative,0.5131937021805535,0.39829235542369246,0.08851394239575412,-0.22261408971428573,1.0,0,Negative,-1.0
4jTUcNlxlYA$_$0,0,Positive,0.014445775031649845,0.21253478474152454,0.7730194402268257,0.5267598457142857,1.0,0,Positive,0.6666667
4jTUcNlxlYA$_$4,0,Positive,0.014711011397047833,0.35509490209622524,0.630194086506727,0.4187924814285715,1.0,0,Neutral,0.0
4jTUcNlxlYA$_$6,0,Positive,0.005385030916220499,0.019942183083849922,0.9746727859999296,1.2377980385714287,1.0,0,Positive,1.6666666
4jTUcNlxlYA$_$9,0,Positive,0.011199871283314313,0.03230305677879221,0.9564970719378936,1.1003667714285714,1.0,0,Neutral,0.0
4kF0U8kIMp4$_$0,1,Positive,0.014721032172004867,0.23869207012565247,0.7465868977023427,0.5074273471428571,1.0,0,Positive,0.6666667
4kF0U8kIMp4$_$5,1,Positive,0.05847673996493441,0.3647400796081322,0.5767831804269333,0.4137246942857143,1.0,0,Positive,0.6666667
4kF0U8kIMp4$_$4,1,Positive,0.2635621963677042,0.2975101756347088,0.43892762799758694,0.11955457285714288,1.0,0,Positive,0.6666667
4lKz4xyCmkk$_$14,1,Negative,0.8026148098636798,0.14419186536047965,0.053193324775840455,-0.30098458457142857,1.0,0,Negative,-0.33333334
4poXF3xo6Z8$_$13,1,Positive,0.009716249317739874,0.08037566337411516,0.909908087308145,0.9803726214285715,1.0,0,Positive,0.6666667
4poXF3xo6Z8$_$1,1,Positive,0.009253837003965933,0.1563395504955741,0.83440661250046,0.9164373814285716,1.0,0,Positive,1.6666666
4poXF3xo6Z8$_$0,1,Positive,0.04472601478941724,0.4407337080630993,0.5145402771474835,0.37050586,1.0,0,Neutral,0.0
4poXF3xo6Z8$_$3,1,Positive,0.007174292713359863,0.05320219994257448,0.9396235073440657,0.9705930028571429,1.0,0,Positive,0.33333334
4poXF3xo6Z8$_$6,1,Positive,0.006946835093733095,0.03762729166249273,0.9554258732437741,1.1371027928571427,1.0,0,Positive,1.6666666
4qjz4BQCZyM$_$5,0,Positive,0.026356379233442223,0.3858259355601726,0.5878176852063852,0.4868890157142857,1.0,0,Positive,0.33333334
4qoB5a6dR3w$_$1,4,Positive,0.013547427983119666,0.20468648705400314,0.7817660849628773,0.7478575985714285,1.0,0,Positive,1.0
4wdeBJ39Cuw$_$0,1,Negative,0.9749120379379237,0.016623018211547512,0.00846494385052879,-1.3404805514285716,1.0,0,Negative,-1.3333334
4wdeBJ39Cuw$_$5,1,Negative,0.9578155678842194,0.026264430603750877,0.015920001512029724,-1.2855253171428571,1.0,0,Negative,-1.0
4wuug3-5cWo$_$5,0,Positive,0.31665756021196856,0.20256139029635598,0.48078104949167555,-0.02445681085714286,1.0,0,Positive,0.33333334
50453$_$4,1,Negative,0.5469265069812808,0.4064957559320148,0.04657773708670456,-0.41768429999999995,1.0,0,Positive,0.33333334
50453$_$8,1,Negative,0.5526533476656592,0.0711419277314589,0.37620472460288185,-0.20752526571428567,1.0,0,Neutral,0.0
51224$_$1,1,Neutral,0.030581772088033532,0.561512725070745,0.40790550284122157,0.36413324428571425,0.36791755644373014,0,Negative,-0.6666667
51224$_$9,1,Neutral,0.040770483424122934,0.5916671595434533,0.36756235703242385,0.18024334800000003,0.47260247027632296,0,Neutral,0.0
52068$_$21,4,Neutral,0.028370646526306862,0.5230617506640278,0.4485676028096654,0.3900228085714285,0.6601891186670406,0,Positive,2.0
52068$_$2,4,Neutral,0.017293575876041974,0.5444240123146009,0.4382824118093571,0.38897194599999996,0.27507745896915936,0,Positive,0.6666667
52839$_$11,4,Neutral,0.05154137958023646,0.7311640784637948,0.21729454195596884,0.17308117771428572,0.421905046736957,0,Neutral,0.0
52839$_$13,4,Negative,0.8954499057065092,0.05919586876420287,0.04535422552928793,-0.7492143742857144,1.0,0,Positive,1.6666666
52839$_$12,4,Positive,0.028490227268926645,0.025557808787988988,0.9459519639430845,1.2503939,1.0,0,Positive,1.0
52839$_$0,4,Neutral,0.04799232474345819,0.7700072613156863,0.1820004139408556,0.10264778057142857,0.6295365128231741,0,Neutral,0.0
52839$_$7,4,Neutral,0.07381103289404838,0.6233413531688136,0.30284761393713805,0.22847557017142858,0.37784980224991527,0,Positive,0.33333334
53742$_$1,0,Neutral,0.08856340777595159,0.8612478257176875,0.050188766506360824,-0.1446067892857143,0.7439587254792125,0,Neutral,0.0
53742$_$2,0,Neutral,0.03984769921143946,0.8547631099389454,0.10538919084961505,0.10205568400000001,0.6474468844196076,0,Neutral,0.0
53742$_$5,0,Negative,0.9087214842799892,0.04447944093994698,0.04679907478006389,-0.9008199549771428,1.0,0,Negative,-2.0
55156$_$2,3,Negative,0.8160132155331501,0.14398949479797082,0.039997289668879096,-0.7530464314285714,1.0,0,Negative,-1.0
55156$_$8,3,Negative,0.7161719843718783,0.2632182062014359,0.02060980942668581,-0.5390171771428572,1.0,0,Neutral,0.0
56006$_$4,3,Negative,0.6318168191191624,0.3210687038920284,0.04711447698880929,-0.22157250100000006,1.0,0,Positive,0.6666667
56276$_$11,3,Negative,0.9598513045089432,0.024171732710936495,0.015976962780120365,-1.3885899085714288,1.0,0,Negative,-2.0
56276$_$15,3,Negative,0.9725096989151427,0.017248089282376745,0.010242211802480477,-1.2994805542857144,1.0,0,Negative,-3.0
56276$_$1,3,Neutral,0.03369610019495601,0.6551373787904377,0.3111665210146063,0.1986604831428571,0.43906638217354904,0,Negative,-0.6666667
56276$_$4,3,Negative,0.929887224303393,0.05899187423843306,0.011120901458173989,-1.351999662857143,1.0,0,Negative,-2.6666667
56276$_$7,3,Neutral,0.18334185226674213,0.5382631276246163,0.2783950201086416,-0.008756101428571432,0.2542015615832835,0,Neutral,0.0
57618$_$1,2,Neutral,0.06860881732760332,0.8538953615695682,0.0774958211028285,-0.07155826607142857,0.6731175037110735,0,Neutral,0.0
57618$_$3,2,Positive,0.015570770163124612,0.01886573800944115,0.9655634918274343,1.6512362657142856,1.0,0,Positive,2.3333333
59333$_$10,0,Positive,0.035133119613905375,0.037922543034507025,0.9269443373515877,1.0353178071428573,1.0,0,Positive,0.33333334
59333$_$19,0,Positive,0.028213645950965635,0.05803074369703721,0.9137556103519971,0.8284843571428572,1.0,0,Neutral,0.0
59333$_$7,0,Positive,0.0278146865924794,0.028981044277924008,0.9432042691295965,1.3416665328571429,1.0,0,Positive,0.6666667
59333$_$9,0,Neutral,0.048015445970778815,0.5910956701451577,0.36088888388406354,0.3121113942857142,0.4971264674772882,0,Positive,0.33333334
5Fs_7A_V2kA$_$9,1,Positive,0.009719841201788778,0.08810290138672484,0.9021772574114864,0.8697310785714285,1.0,0,Positive,0.33333334
5JMpMKAO-Mk$_$5,1,Positive,0.011940755442854957,0.058203891864309944,0.9298553526928351,0.9844606071428571,1.0,0,Positive,0.6666667
5R5fDxZUL8M$_$2,3,Positive,0.008554895042097504,0.04267801535367537,0.9487670896042271,1.362088075714286,1.0,0,Positive,1.3333334
5R5fDxZUL8M$_$5,3,Positive,0.007177637036235985,0.032121614981824226,0.9607007479819398,1.2140915,1.0,0,Positive,1.6666666
5Tqu1IXJjGY$_$7,3,Negative,0.49493823580588175,0.4233861986575433,0.08167556553657497,-0.3290361183571429,1.0,0,Positive,0.6666667
5XX0csik6VQ$_$0,1,Neutral,0.38654297202101423,0.4068612176537123,0.20659581032527352,-0.1323474205714286,0.37530812642026584,0,Positive,0.33333334
5YnYGjrhzF4$_$0,2,Positive,0.13717050108722056,0.1213113401597196,0.7415181587530598,0.46715498,1.0,0,Neutral,0.0
5YnYGjrhzF4$_$8,2,Negative,0.48036067024947066,0.45719264537523996,0.062446684375289434,-0.16951004508571432,1.0,0,Negative,-0.6666667
5eA5HpyFsIk$_$0,0,Positive,0.013416323968889525,0.19154857853602159,0.7950350974950889,0.6741957685714286,1.0,0,Neutral,0.0
5oEuiBPUTYc$_$6,0,Positive,0.021715131405384072,0.3046144443870371,0.6736704242075788,0.5315395071428571,1.0,0,Neutral,0.0
5qQs9Cfydo4$_$9,4,Positive,0.1932733990204034,0.11055770941996296,0.6961688915596337,0.4443360214285715,1.0,0,Positive,0.6666667
5qxZFmIaynE$_$24,3,Neutral,0.06240126133852403,0.6659082172798634,0.27169052138161265,0.16559946714285712,0.3888578694787175,0,Neutral,0.0
5qxZFmIaynE$_$15,3,Positive,0.020220212260631986,0.11866755682467499,0.861112230914693,0.7357879800000001,1.0,0,Positive,0.33333334
5qxZFmIaynE$_$17,3,Neutral,0.033951961657084355,0.5267084251338086,0.43933961320910714,0.3209345828571428,0.44378150936604827,0,Neutral,0.0
5qxZFmIaynE$_$28,3,Neutral,0.39363736640116637,0.5488622793813346,0.05750035421749914,-0.11416121142857145,0.29537867704255927,0,Negative,-0.33333334
5qxZFmIaynE$_$7,3,Neutral,0.02476173794340174,0.6625137170571115,0.3127245449994868,0.246049812,0.43322433581499603,0,Neutral,0.0
5qxZFmIaynE$_$9,3,Neutral,0.02409576113080556,0.7387301861531067,0.23717405271608769,0.2408765,0.48495160908767065,0,Neutral,0.0
5tV5rZZJDCE$_$7,0,Neutral,0.0472034913580212,0.7854937719119265,0.16730273673005236,0.17778448214285716,0.5277532849673217,0,Positive,0.33333334
5wpCKY2U1NE$_$10,3,Negative,0.9303442901995311,0.04519802479338225,0.024457685007086664,-0.8538547114285715,1.0,0,Negative,-0.33333334
5wpCKY2U1NE$_$5,3,Neutral,0.15712718915303886,0.5571663479388091,0.2857064629081521,0.13171151671428571,0.491178477801571,0,Positive,0.33333334
60037$_$16,0,Positive,0.008379133101460878,0.02336413322179777,0.9682567336767414,1.3698081857142856,1.0,0,Positive,2.3333333
60037$_$1,0,Neutral,0.028908292451665648,0.7502747718917189,0.22081693565661553,0.2753702685714286,0.5247488527027456,0,Positive,0.6666667
65kkuNV921k$_$15,1,Negative,0.6330660450259097,0.3102117247054793,0.05672223026861105,-0.2489105451428571,1.0,0,Negative,-0.6666667
65kkuNV921k$_$22,1,Negative,0.5715278300630963,0.3688096380261246,0.059662531910779165,-0.21310806699999998,1.0,0,Negative,-0.33333334
65kkuNV921k$_$30,1,Positive,0.03325006066607187,0.1973771809812656,0.7693727583526625,0.6354599722857142,1.0,0,Neutral,0.0
65kkuNV921k$_$26,1,Negative,0.5686878586289336,0.3736661779356899,0.057645963435376674,-0.21342273985714286,1.0,0,Negative,-0.6666667
65kkuNV921k$_$34,1,Positive,0.2659544341010481,0.0520717190572311,0.6819738468417208,0.55030227,1.0,0,Positive,0.6666667
65kkuNV921k$_$3,1,Negative,0.887370571087282,0.08336489106531166,0.02926453784740634,-0.63660839,1.0,0,Negative,-1.6666666
65kkuNV921k$_$5,1,Negative,0.8346806022059416,0.10422185813258636,0.06109753966147207,-0.32208164828571434,1.0,0,Negative,-1.3333334
65kkuNV921k$_$7,1,Negative,0.6899132834993806,0.20884291720602086,0.10124379929459858,-0.137827131,1.0,0,Negative,-0.6666667
65kkuNV921k$_$6,1,Negative,0.9040519503295659,0.05226741520429439,0.04368063446613978,-0.6227706514285715,1.0,0,Negative,-1.0
69707$_$2,1,Negative,0.949297650731845,0.034736413262011795,0.01596593600614306,-1.201915547142857,1.0,0,Negative,-1.6666666
6G8JJ69aN6o$_$4,0,Positive,0.014753390809128943,0.3608571380340816,0.6243894711567894,0.4647846942857144,1.0,0,Positive,0.6666667
6IUj6jyoTl0$_$0,3,Neutral,0.16006158041430774,0.5406296530502249,0.29930876653546745,0.1822611214285714,0.34714592746251843,0,Positive,0.6666667
6J_yzh1LNAE$_$0,4,Positive,0.013588885059382562,0.3176204826203313,0.6687906323202861,0.4988979414285714,1.0,0,Positive,0.33333334
6MYUY5tC2Us$_$0,3,Neutral,0.13603809991339869,0.7498008786058059,0.11416102148079545,0.06928725528571429,0.6133307980786852,0,Neutral,0.0
6MYUY5tC2Us$_$2,3,Negative,0.5569348158478156,0.3668446956375836,0.07622048851460085,-0.15468506542857138,1.0,0,Neutral,0.0
6MloL1gIccs$_$4,2,Positive,0.019757997086952715,0.20915479087862163,0.7710872120344258,0.5697184885714286,1.0,0,Positive,1.6666666
6PLlauWxF5E$_$0,3,Positive,0.009140251701228213,0.07760577888913461,0.9132539694096372,0.8775348285714285,1.0,0,Positive,1.3333334
6PLlauWxF5E$_$2,3,Positive,0.011266491640359595,0.07193076266646833,0.9168027456931721,0.8807566714285715,1.0,0,Positive,0.6666667
6T1GHj7qwYs$_$5,1,Positive,0.01022861015100167,0.04878725967066617,0.9409841301783323,1.0554701214285713,1.0,0,Positive,1.6666666
6TDXQtGUNEs$_$11,2,Positive,0.17037379994391855,0.3213421817269606,0.508284018329121,0.20744636142857145,1.0,0,Positive,0.33333334
6Vg10LxmWUY$_$0,4,Neutral,0.1757936115776076,0.7219974952294204,0.10220889319297206,0.01756069328571428,0.38260055151360284,0,Positive,1.0
6YNAmRjpxlA$_$0,4,Negative,0.658930081979459,0.1911771771880227,0.14989274083251827,-0.29389835742857146,1.0,0,Neutral,0.0
6c7vAwDSVGc$_$2,0,Positive,0.011500546586214988,0.19670039739575765,0.7917990560180274,0.6582720242857142,1.0,0,Positive,0.33333334
6ng8CZ0ULK4$_$11,3,Positive,0.050144336267148794,0.17477112937597022,0.775084534356881,0.6830755428571429,1.0,0,Positive,1.0
6ng8CZ0ULK4$_$1,3,Positive,0.01151977017253298,0.061638772891251595,0.9268414569362154,1.076779107142857,1.0,0,Positive,0.33333334
6ng8CZ0ULK4$_$2,3,Positive,0.018831618781404054,0.191972192555224,0.7891961886633719,0.7750169185714285,1.0,0,Positive,1.0
6q5uKCgairk$_$10,0,Positive,0.017413109066453398,0.09063771190267494,0.8919491790308717,0.693069742857143,1.0,0,Neutral,0.0
6q5uKCgairk$_$13,0,Positive,0.0435623787452635,0.14550888557917033,0.8109287356755662,0.4087166585714286,1.0,0,Neutral,0.0
6q5uKCgairk$_$8,0,Positive,0.03073616712120976,0.08238501603329271,0.8868788168454975,0.6047987628571428,1.0,0,Positive,0.33333334
6qPjYvdZiLA$_$7,4,Neutral,0.07879090520692339,0.6064383422507046,0.31477075254237213,0.14943532335714285,0.25009063159064393,0,Negative,-0.33333334
6rkV4QRcVnk$_$3,2,Negative,0.9532633497913764,0.034993321180859974,0.011743329027763623,-1.3440683057142857,1.0,0,Negative,-0.33333334
6slq62RwH3Q$_$10,4,Positive,0.009757607214623149,0.015461417030209678,0.9747809757551672,1.5889322428571429,1.0,0,Positive,1.6666666
6slq62RwH3Q$_$2,4,Positive,0.009605484841362418,0.03280635887467527,0.9575881562839623,1.1493832714285712,1.0,0,Positive,2.0
6slq62RwH3Q$_$7,4,Positive,0.16573505506278444,0.2057219399942589,0.6285430049429567,0.4155177728571428,1.0,0,Positive,1.3333334
6xvVFYR5di0$_$0,4,Positive,0.013940932304634123,0.09786203720424135,0.8881970304911245,0.8166058114285715,1.0,0,Positive,2.0
6xvVFYR5di0$_$9,4,Neutral,0.017791447927080914,0.7908910536613302,0.19131749841158896,0.18647449585714287,0.6375489042522587,0,Neutral,0.0
6zjv1TLqfF0$_$11,3,Positive,0.023007778409351146,0.3420737034500674,0.6349185181405814,0.4021725028571428,1.0,0,Positive,0.33333334
6zjv1TLqfF0$_$10,3,Positive,0.033101218362369,0.436417019127166,0.530481762510465,0.4321716042857143,1.0,0,Neutral,0.0
6zjv1TLqfF0$_$1,3,Positive,0.012445775666839425,0.0846981026780693,0.9028561216550913,0.8499886885714286,1.0,0,Neutral,0.0
6zjv1TLqfF0$_$3,3,Positive,0.02351485436969591,0.32142715614795414,0.6550579894823501,0.4795102742857142,1.0,0,Positive,1.0
6zjv1TLqfF0$_$7,3,Neutral,0.040035326834139365,0.8144588866258132,0.14550578654004745,0.11358813342857144,0.5237151974866086,0,Neutral,0.0
70420$_$15,0,Negative,0.6351538611468573,0.21865994705290248,0.14618619180024026,-0.44086384857142863,1.0,0,Positive,0.33333334
70420$_$4,0,Positive,0.1539967163749707,0.10156817269257297,0.7444351109324563,0.4869868071428572,1.0,0,Negative,-0.6666667
70420$_$6,0,Negative,0.8343354960403424,0.12458131187108899,0.04108319208856864,-1.0623350085714285,1.0,0,Negative,-0.33333334
70710$_$3,4,Positive,0.1677580904550201,0.07858474469001057,0.7536571648549693,0.5531851214285715,1.0,0,Positive,0.6666667
70710$_$2,4,Negative,0.9670994203095679,0.01834456325388601,0.014556016436546177,-1.4971952657142855,1.0,0,Negative,-0.33333334
708sewcSXVY$_$3,4,Positive,0.01731834779992084,0.09417062880044674,0.8885110233996324,0.78236693,1.0,0,Positive,0.33333334
72017$_$9,1,Positive,0.011177584513516524,0.025361443063674733,0.9634609724228088,1.4349681457142858,1.0,0,Positive,1.0
72385$_$24,1,Negative,0.7008358934046571,0.024259584135160543,0.2749045224601824,-0.5068656185714285,1.0,0,Negative,-1.6666666
72385$_$20,1,Negative,0.9471261625971784,0.0382034878006777,0.014670349602143834,-1.1707065014285714,1.0,0,Negative,-2.3333333
72385$_$21,1,Positive,0.017966255618474366,0.0612299334883308,0.9208038108931947,0.9788479028571427,1.0,0,Positive,1.0
72385$_$2,1,Neutral,0.031253758194176834,0.5492396557075361,0.4195065860982871,0.24964237571428574,0.5786815812232357,0,Neutral,0.0
72385$_$5,1,Negative,0.9757868516456758,0.01706800992517769,0.00714513842914652,-1.7348082885714289,1.0,0,Negative,-3.0
72385$_$6,1,Negative,0.674131735883225,0.19545631222821913,0.13041195188855587,-0.35007486571428575,1.0,0,Negative,-1.0
72385$_$12,1,Negative,0.6760759221813153,0.2746923524937286,0.04923172532495622,-0.5096951514285714,1.0,0,Neutral,0.0
72tXTrSXoMk$_$6,4,Neutral,0.0383384806471914,0.7803119966429417,0.18134952270986698,0.13510944468571429,0.6348998296131239,0,Positive,0.6666667
73447$_$16,4,Negative,0.9203115058080976,0.06079480970014598,0.018893684491756428,-1.0860763500000001,1.0,0,Negative,-1.0
73447$_$1,4,Neutral,0.01836129562651246,0.5437154473454321,0.4379232570280555,0.4661749014285715,0.3897977851913331,0,Neutral,0.0
73447$_$0,4,Neutral,0.03065355103800719,0.6068929301389708,0.362453518823022,0.2917957442857143,0.7390601312013588,0,Neutral,0.0
73447$_$3,4,Negative,0.9663592201646776,0.0186521375508411,0.014988642284481416,-1.4891644571428573,1.0,0,Negative,-3.0
73447$_$6,4,Negative,0.9803991227591639,0.013845146333947338,0.005755730906888816,-1.7138964571428572,1.0,0,Negative,-1.0
73447$_$8,4,Negative,0.8158286096042848,0.045457393577850884,0.1387139968178644,-0.6435049942857143,1.0,0,Negative,-1.0
73449$_$13,1,Neutral,0.42505108580565915,0.5142391741232356,0.060709740071105196,-0.39265004571428574,0.44803155634150427,0,Neutral,0.0
73449$_$14,1,Negative,0.9549365692895477,0.01506946400831848,0.029993966702133806,-1.2230941771428572,1.0,0,Negative,-2.6666667
73449$_$2,1,Positive,0.04727402923713365,0.40295419643625247,0.5497717743266138,0.41618278400000003,1.0,0,Positive,0.33333334
73449$_$4,1,Negative,0.8111460740340546,0.16140761716565566,0.027446308800289792,-0.9070663557142857,1.0,0,Negative,-1.3333334
73449$_$8,1,Negative,0.42082259035558184,0.3123425821194675,0.26683482752495064,-0.03114838285714287,1.0,0,Neutral,0.0
74101$_$1,3,Neutral,0.04493457480018693,0.6959359865830401,0.259129438616773,0.09281962499999999,0.40585326459733173,0,Neutral,0.0
74101$_$6,3,Negative,0.6019603946920183,0.24576616685652347,0.15227343845145816,-0.2183222,1.0,0,Positive,1.0
74184$_$11,1,Negative,0.9440514788286634,0.045501728509824514,0.01044679266151213,-1.342127554285714,1.0,0,Negative,-1.0
74184$_$7,1,Neutral,0.18064901765072952,0.5585548726885091,0.2607961096607614,0.058567349071428576,0.4651466774909385,0,Positive,1.0
74184$_$8,1,Negative,0.9271356721758793,0.056642501450345,0.01622182637377563,-0.8373696657142856,1.0,0,Negative,-0.33333334
74870$_$3,4,Negative,0.6151812872400735,0.3368468620767312,0.04797185068319533,-0.34701353285714287,1.0,0,Negative,-0.33333334
74870$_$4,4,Negative,0.5303424018073873,0.29353710306681224,0.17612049512580036,-0.09425922142857145,1.0,0,Neutral,0.0
75938$_$1,2,Neutral,0.035449167035979404,0.8479722034377419,0.1165786295262785,0.10743090404285716,0.5996449173633267,0,Positive,0.33333334
76124$_$10,1,Positive,0.19751058356787227,0.04140826177344037,0.7610811546586873,0.8311710964285715,1.0,0,Negative,-1.3333334
76124$_$1,1,Negative,0.6467914240936976,0.23000865748710206,0.12319991841920039,-0.40999299857142857,1.0,0,Positive,0.33333334
76124$_$3,1,Negative,0.8644924759629901,0.10179167776087805,0.033715846276131924,-0.5081997728571429,1.0,0,Neutral,0.0
76124$_$2,1,Neutral,0.06159972193314703,0.7455710538164343,0.19282922425041876,0.10156841257142858,0.629106824488518,0,Neutral,0.0
76124$_$8,1,Positive,0.013643878087307068,0.18158506876068933,0.8047710531520037,0.8183475071428571,1.0,0,Positive,0.33333334
76sN4tvbPGk$_$9,4,Neutral,0.2929716184918972,0.6297107968118504,0.07731758469625234,-0.08075820700000001,0.39608107353868666,0,Negative,-0.6666667
76sN4tvbPGk$_$4,4,Neutral,0.15600955644136374,0.5066886772760412,0.3373017662825952,0.2177444542857143,0.2793132508981972,0,Neutral,0.0
78577$_$11,2,Positive,0.17288501368425782,0.11615906488384092,0.7109559214319012,0.37404861142857143,1.0,0,Negative,-0.33333334
78577$_$3,2,Negative,0.9242806286628332,0.052896865901940995,0.022822505435225814,-0.9292394799999999,1.0,0,Negative,-0.6666667
78577$_$8,2,Neutral,0.4087303019705203,0.5233395959494719,0.06793010208000771,-0.37085842342857145,0.3428574516528495,0,Negative,-0.6666667
79644$_$2,0,Negative,0.981405556181005,0.01351324475279988,0.00508119906619508,-1.6277821214285715,1.0,0,Negative,-2.0
79934$_$5,3,Neutral,0.2328199112971395,0.6839072895246263,0.08327279917823416,-0.0999596167142857,0.42429711117989877,0,Positive,0.33333334
79935$_$13,4,Negative,0.9781321457619913,0.017479995311960043,0.004387858926048658,-1.711313942857143,1.0,0,Negative,-2.0
79935$_$15,4,Negative,0.9771619549047984,0.016222683165410298,0.006615361929791327,-1.5961468,1.0,0,Negative,-1.6666666
79935$_$7,4,Negative,0.9707184668711857,0.021613717811752906,0.007667815317061356,-1.5677647142857143,1.0,0,Negative,-2.3333333
79935$_$6,4,Negative,0.9729689187514191,0.018237701002573256,0.008793380246007693,-1.5737767571428571,1.0,0,Negative,-1.3333334
79935$_$8,4,Negative,0.9779827726318124,0.017832082489582627,0.0041851448786048885,-1.6437865857142857,1.0,0,Negative,-1.6666666
7EWOMjaKlus$_$12,0,Positive,0.418578887079782,0.055402270468538635,0.5260188424516793,0.3043333285714286,1.0,0,Negative,-0.33333334
7EWOMjaKlus$_$14,0,Positive,0.010223720648995665,0.04130026352338138,0.9484760158276229,1.1698810957142858,1.0,0,Positive,1.3333334
7R70kKqtGh0$_$1,1,Positive,0.008736713957972693,0.3122411987532655,0.6790220872887618,0.5159147328571428,1.0,0,Positive,1.3333334
7U_z0JfleAw$_$8,3,Positive,0.03262092546199583,0.330901548920755,0.6364775256172492,0.47967373142857145,1.0,0,Positive,0.33333334
7UlSX-syPeo$_$18,3,Positive,0.007213952583280065,0.02509338154122484,0.9676926658754951,1.2666560428571427,1.0,0,Positive,0.6666667
7UlSX-syPeo$_$22,3,Positive,0.1630747894573585,0.07537479550250853,0.761550415040133,0.7580339585714285,1.0,0,Positive,1.0
7UlSX-syPeo$_$4,3,Neutral,0.17243882354695003,0.5547926512255268,0.2727685252275232,0.10332503891428571,0.2514987273150979,0,Neutral,0.0
7ZzbemE4QEE$_$25,4,Neutral,0.1794326141542554,0.522469996081475,0.2980973897642695,0.1949776037142857,0.16006495704648088,0,Negative,-0.6666667
7ZzbemE4QEE$_$27,4,Neutral,0.02437555836232318,0.5506017424447484,0.4250226991929285,0.2580699652857143,0.4647863329019167,0,Positive,0.33333334
7ZzbemE4QEE$_$21,4,Positive,0.016224090711230096,0.08628968407793511,0.8974862252108349,0.83994141,1.0,0,Positive,0.6666667
7ZzbemE4QEE$_$3,4,Positive,0.015738393456850564,0.09647410677910212,0.8877874997640474,0.7358847814285714,1.0,0,Positive,0.6666667
7ZzbemE4QEE$_$2,4,Positive,0.011170150309100412,0.05560914551314438,0.9332207041777552,1.0152270042857143,1.0,0,Positive,1.3333334
7ZzbemE4QEE$_$39,4,Neutral,0.027881471705253017,0.6965773312076111,0.2755411970871359,0.2530721128571429,0.4165422246312178,0,Neutral,0.0
7ZzbemE4QEE$_$15,4,Negative,0.9472771617554012,0.035721997843132354,0.017000840401466474,-1.1901381071428572,1.0,0,Positive,0.33333334
7ZzbemE4QEE$_$33,4,Neutral,0.061994988624179015,0.8460637581819687,0.09194125319385238,0.060819561,0.5868886420626187,0,Neutral,0.0
7ZzbemE4QEE$_$34,4,Neutral,0.11661392735736888,0.5961071281595409,0.2872789444830902,0.18735550785714286,0.23508286429842495,0,Neutral,0.0
7ZzbemE4QEE$_$32,4,Neutral,0.06561571219346907,0.752677118963065,0.18170716884346597,0.09593897928571428,0.4631840454919408,0,Neutral,0.0
7eJqqvvziQo$_$1,4,Neutral,0.03248101866275043,0.627672344766669,0.3398466365705806,0.3161825642857143,0.4257193552963959,0,Positive,0.33333334
7eJqqvvziQo$_$0,4,Positive,0.00611937328912028,0.03099190198384109,0.9628887247270387,1.3576369142857143,1.0,0,Positive,2.0
7eJqqvvziQo$_$5,4,Positive,0.01210327320131792,0.22027384119256374,0.7676228856061184,0.6858009757142857,1.0,0,Positive,0.33333334
7eJqqvvziQo$_$7,4,Positive,0.00829096020608636,0.05852412107237356,0.9331849187215401,1.1657998485714285,1.0,0,Positive,0.33333334
7eWclVCXOtk$_$0,0,Negative,0.7392850829767916,0.14604289661259248,0.11467202041061582,-0.3657704671428571,1.0,0,Neutral,0.0
7eWclVCXOtk$_$4,0,Positive,0.04120209111907044,0.2417960343228462,0.7170018745580834,0.7093057405714286,1.0,0,Positive,1.0
7eWclVCXOtk$_$8,0,Negative,0.608057759140229,0.20990240312293332,0.1820398377368377,-0.103792855,1.0,0,Positive,0.33333334
7fPYpqzw1iY$_$12,2,Positive,0.025899624072148953,0.08992979346480443,0.8841705824630466,0.77442709,1.0,0,Positive,0.33333334
7hSWYI99-24$_$3,3,Positive,0.014438046694017157,0.11145872943635107,0.8741032238696318,0.71436772,1.0,0,Positive,1.3333334
7hSWYI99-24$_$6,3,Positive,0.008894843662962785,0.01447614656675615,0.9766290097702811,1.7055913857142855,1.0,0,Positive,1.0
7pZPQbMKGkY$_$0,3,Neutral,0.018318248435381646,0.547019611269867,0.4346621402947514,0.3951631842857143,0.3991490907595202,0,Positive,0.6666667
7pZPQbMKGkY$_$5,3,Neutral,0.15460326880945532,0.7599692705401515,0.08542746065039325,0.008436928071428576,0.5348450992906442,0,Neutral,0.0
7rMLN0KKE5k$_$28,3,Negative,0.6334827938687592,0.07256172415872128,0.2939554819725196,0.09279843857142858,1.0,0,Negative,-0.33333334
7rMLN0KKE5k$_$19,3,Negative,0.5389792774130282,0.03911010334322556,0.42191061924374623,0.1465982012857143,1.0,0,Negative,-0.33333334
7rMLN0KKE5k$_$32,3,Positive,0.01789428802270978,0.020121852007753276,0.961983859969537,1.3887317428571428,1.0,0,Positive,1.6666666
7sgAWvbLtiM$_$1,1,Positive,0.017979581727922776,0.3319790210757817,0.6500413971962956,0.41694904285714285,1.0,0,Neutral,0.0
7sgAWvbLtiM$_$6,1,Neutral,0.01954023008054187,0.7106063961100614,0.2698533738093967,0.17300650085714286,0.6780484894242351,0,Neutral,0.0
8-Hi9NmF4rM$_$1,1,Positive,0.01912902459750571,0.2963240184922566,0.6845469569102378,0.5859754428571428,1.0,0,Positive,1.0
8-Hi9NmF4rM$_$2,1,Positive,0.018084760407373963,0.21472041083789345,0.7671948287547327,0.5741154257142856,1.0,0,Positive,2.3333333
80620$_$0,3,Neutral,0.0532326714546485,0.848464829255294,0.09830249929005751,0.07451747857142857,0.6009609292846033,0,Positive,0.33333334
80620$_$2,3,Negative,0.976198941624745,0.014934921742867858,0.00886613663238723,-1.5191504814285715,1.0,0,Negative,-2.0
80620$_$5,3,Negative,0.9619045157208845,0.022948015647402537,0.015147468631712934,-1.595513067142857,1.0,0,Negative,-2.0
80627$_$11,0,Negative,0.9673275191726973,0.016555131269637164,0.016117349557665438,-1.2628339171428569,1.0,0,Negative,-1.3333334
80627$_$13,0,Negative,0.9768159019955828,0.015462310650613239,0.007721787353804108,-1.5616940614285715,1.0,0,Negative,-2.0
80866$_$13,1,Positive,0.02201068677266914,0.2749596782282028,0.7030296349991281,0.6905061828571428,1.0,0,Neutral,0.0
80866$_$12,1,Negative,0.7162555777815776,0.04111456519937369,0.24262985701904868,-0.7467630914285713,1.0,0,Negative,-1.6666666
80866$_$14,1,Negative,0.9679117792933801,0.02250615070697371,0.009582069999646182,-1.1843724242857143,1.0,0,Negative,-1.6666666
80866$_$1,1,Neutral,0.0621667232590714,0.7497065661072686,0.18812671063366,0.140727249,0.6085750761012825,0,Positive,0.6666667
80866$_$3,1,Neutral,0.058086099354456515,0.8491444809504549,0.0927694196950886,0.05989347201428571,0.7195508082905011,0,Positive,0.33333334
80866$_$2,1,Neutral,0.045041978899640185,0.7681302519874549,0.1868277691129048,0.14880538205714286,0.6456173000212146,0,Positive,0.33333334
80866$_$5,1,Neutral,0.04623704787903174,0.7732288291715406,0.18053412294942772,0.11903198442857144,0.5368564245383141,0,Neutral,0.0
80866$_$4,1,Negative,0.4889537932406816,0.36197360335752227,0.14907260340179615,-0.4702845085714285,1.0,0,Neutral,0.0
80866$_$6,1,Neutral,0.04683928400350894,0.864331083967653,0.08882963202883809,0.06811850442857144,0.775572903336731,0,Neutral,0.0
80914$_$3,1,Negative,0.4501735446531624,0.40055309991298205,0.14927335543385567,-0.1941662967142857,1.0,0,Positive,0.33333334
81406$_$0,3,Positive,0.02311405603554188,0.06224047463959779,0.9146454693248603,1.1168624142857142,1.0,0,Positive,1.0
81406$_$2,3,Negative,0.9705009066140935,0.018385249513274898,0.011113843872631637,-1.3328718542857143,1.0,0,Negative,-2.3333333
81615$_$3,3,Positive,0.007943977946742538,0.022951866665203338,0.9691041553880542,1.50139585,1.0,0,Positive,1.6666666
81615$_$7,3,Negative,0.9805258228310756,0.013681607841826812,0.00579256932709765,-1.608279882857143,1.0,0,Negative,-1.0
81615$_$6,3,Negative,0.9800728580631821,0.014396034438059594,0.005531107498758238,-1.5326882185714283,1.0,0,Negative,-1.0
83310$_$1,3,Neutral,0.29828916002479516,0.6419940367706081,0.05971680320459678,-0.08177743499999998,0.5229167398845936,0,Negative,-0.6666667
83859$_$25,1,Neutral,0.03324751618889824,0.5698722832390523,0.3968802005720496,0.3443917642857143,0.7329679633126137,0,Positive,0.6666667
83859$_$29,1,Neutral,0.1651953301915851,0.49636374244389775,0.33844092736451714,0.2217131358571429,0.6120021389931287,0,Neutral,0.0
83859$_$1,1,Positive,0.01763709831179032,0.2028360115498503,0.7795268901383595,0.6961343071428571,1.0,0,Positive,2.6666667
83859$_$3,1,Positive,0.16149630492453113,0.08377686715102356,0.7547268279244453,0.686536742857143,1.0,0,Positive,2.6666667
83859$_$11,1,Positive,0.013291771645312598,0.06388801986776946,0.9228202084869179,1.0719730571428572,1.0,0,Positive,2.6666667
83859$_$12,1,Positive,0.017135566404460966,0.3242665290799553,0.6585979045155838,0.3990251671428572,1.0,0,Neutral,0.0
83859$_$16,1,Positive,0.016965181509424183,0.028301091181953654,0.954733727308622,1.4211648814285713,1.0,0,Positive,3.0
8404$_$11,1,Positive,0.1901938551960419,0.1316069558049714,0.6781991889989867,0.39165129428571427,1.0,0,Positive,2.0
8404$_$4,1,Positive,0.022235945902258938,0.02377740647072506,0.953986647627016,1.4354189714285712,1.0,0,Positive,3.0
84133$_$23,3,Negative,0.9847645597473093,0.010048965277307082,0.005186474975383751,-1.5866244999999997,1.0,0,Negative,-2.0
84133$_$2,3,Neutral,0.3009065192227034,0.5094442075876963,0.1896492731896004,0.06755796757142855,0.32092352465167084,0,Neutral,0.0
84133$_$9,3,Neutral,0.048840810638661886,0.6680866399832646,0.2830725493780736,0.16117309314285716,0.4537895501806765,0,Neutral,0.0
84133$_$16,3,Positive,0.012906303708259334,0.028467633739850437,0.9586260625518902,1.6087631857142861,1.0,0,Positive,1.6666666
84133$_$19,3,Negative,0.9610700122232417,0.03096958010892112,0.00796040766783722,-1.296275294285714,1.0,0,Negative,-1.6666666
84176$_$10,3,Negative,0.9617739551681993,0.01606492476521321,0.022161120066587426,-1.226300314285714,1.0,0,Negative,-0.33333334
84176$_$1,3,Positive,0.015184128816424959,0.031091057944177315,0.9537248132393977,1.320248657142857,1.0,0,Positive,1.6666666
84176$_$8,3,Negative,0.9814511756192269,0.013159996537035992,0.005388827843737129,-1.6349049,1.0,0,Negative,-3.0
856LGms_0s0$_$9,2,Positive,0.027866096789013837,0.056373426573172625,0.9157604766378136,0.9143961157142856,1.0,0,Positive,0.6666667
87161$_$3,0,Negative,0.7215012846464649,0.21793298796610935,0.06056572738742571,-0.3853885514285714,1.0,0,Neutral,0.0
87161$_$2,0,Neutral,0.04812255567764668,0.8438650891712749,0.10801235515107845,0.1142458474285714,0.7628042028037687,0,Neutral,0.0
87161$_$5,0,Neutral,0.08401791097716844,0.8584552319406503,0.05752685708218123,-0.0924972157142857,0.7324195140617962,0,Neutral,0.0
87400$_$13,3,Positive,0.009530794034614555,0.026096702632187455,0.964372503333198,1.5876391485714285,1.0,0,Positive,2.6666667
87400$_$12,3,Positive,0.14156533613103028,0.16410623919557998,0.6943284246733897,0.6100336688571428,1.0,0,Positive,1.6666666
87400$_$14,3,Negative,0.5057828095891597,0.3235016762817702,0.17071551412907024,-0.09121130571428569,1.0,0,Negative,-0.33333334
88245$_$6,2,Negative,0.9630989801250625,0.025622780029206937,0.011278239845730634,-1.2714720014285716,1.0,0,Negative,-1.0
88797$_$12,3,Negative,0.963087117614117,0.02944297142522358,0.0074699109606594346,-1.2288279057142855,1.0,0,Negative,-0.33333334
88797$_$0,3,Neutral,0.035820875281449734,0.5599242772565479,0.40425484746200235,0.14479223285714288,0.37518987851101154,0,Neutral,0.0
88797$_$3,3,Neutral,0.05880328561325884,0.8648609958262191,0.07633571856052196,-0.013411838285714283,0.6887615402233224,0,Neutral,0.0
88797$_$7,3,Neutral,0.06780380230015276,0.8543392108103556,0.07785698688949176,0.028818075142857145,0.6313652199070308,0,Neutral,0.0
88888$_$4,1,Negative,0.5993686623102809,0.26335654980736495,0.13727478788235425,-0.6729539642857143,1.0,0,Positive,1.6666666
88S1BjwMfdw$_$7,4,Positive,0.025689078282044416,0.42769458322461495,0.5466163384933406,0.343883834,1.0,0,Positive,0.33333334
88oSn21TFcA$_$0,1,Positive,0.011642517820372582,0.2225371018522847,0.7658203803273426,0.6073357742857143,1.0,0,Neutral,0.0
88oSn21TFcA$_$8,1,Negative,0.9526824541890894,0.03435907501337682,0.012958470797533895,-0.9751953942857142,1.0,0,Negative,-1.0
89747$_$9,4,Positive,0.16879364435987754,0.0858163175389067,0.7453900381012157,0.6502627224285714,1.0,0,Positive,2.0
89787$_$14,3,Neutral,0.42610259288949465,0.5228122160782134,0.051085191032292095,-0.16562090314285718,0.6675571559307545,0,Neutral,0.0
89787$_$4,3,Positive,0.21645431660850795,0.36785160420666824,0.41569407918482376,0.051108174999999985,1.0,0,Positive,1.0
89787$_$7,3,Negative,0.9640224538905192,0.029499761547624043,0.006477784561856773,-1.1042760242857146,1.0,0,Negative,-2.0
89951$_$10,1,Neutral,0.23472170041076296,0.6999807897963949,0.06529750979284207,-0.1107545517142857,0.752786849224664,0,Neutral,0.0
89951$_$8,1,Negative,0.5470108772429736,0.06048375842453945,0.39250536433248695,0.04350251142857146,1.0,0,Positive,0.33333334
8Cp8c-eQELQ$_$11,0,Positive,0.021521661956956678,0.13168259616520622,0.8467957418778371,0.4993763185714286,1.0,0,Positive,0.6666667
8Cp8c-eQELQ$_$16,0,Positive,0.03923435651271306,0.4219208035839704,0.5388448399033166,0.401520671,1.0,0,Neutral,0.0
8EHEEXex5D8$_$11,0,Neutral,0.02708502192037304,0.554562155444668,0.41835282263495904,0.25960661175714284,0.5009758897113591,0,Positive,1.0
8EHEEXex5D8$_$23,0,Positive,0.0154738808392512,0.18601434264130745,0.7985117765194414,0.6017303657142856,1.0,0,Positive,0.6666667
8EHEEXex5D8$_$18,0,Positive,0.01785468544007893,0.1683492666594619,0.8137960479004591,0.6759667057142856,1.0,0,Positive,1.3333334
8Lmqsakmw3M$_$20,0,Positive,0.0072032470555679065,0.025362844052799084,0.967433908891633,1.2834312614285712,1.0,0,Positive,0.33333334
8P0zm2oYDyY$_$1,3,Neutral,0.2840164015511417,0.6049588303139315,0.11102476813492679,-0.11616284371428572,0.3636160692541026,0,Positive,1.0
8P0zm2oYDyY$_$6,3,Positive,0.01618831196031679,0.08491353120156735,0.8988981568381158,0.7432665171428571,1.0,0,Positive,1.6666666
8VB6pdJTpX4$_$1,0,Positive,0.027087095085289618,0.12202806999173384,0.8508848349229765,0.6797960657142859,1.0,0,Positive,0.33333334
8VP1qxX9mh4$_$0,2,Neutral,0.017291987159123647,0.620501275289685,0.36220673755119137,0.40582015285714285,0.4018087286480516,0,Positive,1.0
8X5tGQLBqPo$_$11,4,Positive,0.011421952500957767,0.12447293289233312,0.8641051146067091,0.6499388414285715,1.0,0,Positive,0.33333334
8X5tGQLBqPo$_$10,4,Positive,0.018550603588530373,0.43537562158211424,0.5460737748293555,0.3781232142857143,1.0,0,Neutral,0.0
8X5tGQLBqPo$_$13,4,Neutral,0.015103168426018799,0.520861171807636,0.46403565976634525,0.40394481142857147,0.235874512525722,0,Neutral,0.0
8X5tGQLBqPo$_$15,4,Neutral,0.022084154796756367,0.5080275971111567,0.46988824809208696,0.4171751514285714,0.19910389764607636,0,Neutral,0.0
8XODJwsvBa0$_$2,4,Positive,0.01938561917574885,0.45813243785604646,0.5224819429682047,0.51049231,1.0,0,Positive,1.3333334
8YsIvz4qnk4$_$1,1,Positive,0.02125478538034396,0.2020772310661145,0.7766679835535416,0.6377709785714286,1.0,0,Positive,2.6666667
8ovb-GaZ3QE$_$3,2,Negative,0.8520040245034498,0.12221998100316275,0.025775994493387404,-0.9449135835714285,1.0,0,Negative,-1.6666666
8ovb-GaZ3QE$_$5,2,Positive,0.05171608892860476,0.22681236191749163,0.7214715491539037,0.5121103071428571,1.0,0,Positive,1.0
8qCNtqjygW8$_$10,2,Positive,0.1568848498015957,0.08833514682777709,0.7547800033706272,0.6184465299999999,1.0,0,Positive,1.0
8qCNtqjygW8$_$12,2,Positive,0.242596576906116,0.2316147239626871,0.5257886991311969,0.27445854571428574,1.0,0,Positive,1.3333334
8qCNtqjygW8$_$1,2,Negative,0.8025953744988062,0.15671130520818613,0.04069332029300769,-0.7444185971428572,1.0,0,Positive,0.33333334
8qCNtqjygW8$_$0,2,Negative,0.6069488006544895,0.3302896451252473,0.06276155422026329,-0.35158695714285715,1.0,0,Positive,0.33333334
8qCNtqjygW8$_$7,2,Negative,0.5840201711109695,0.2404114784822925,0.17556835040673793,-0.06713602485714289,1.0,0,Negative,-0.33333334
8qCNtqjygW8$_$8,2,Negative,0.6468750384426336,0.19871396985305353,0.15441099170431286,-0.2796677048571428,1.0,0,Neutral,0.0
8u5aet7s9_w$_$8,0,Positive,0.022872586226635412,0.12995106016752506,0.8471763536058395,0.53671952,1.0,0,Positive,2.3333333
8x81fzwcJko$_$5,4,Positive,0.03518655396449154,0.20102423928706828,0.7637892067484403,0.6380404614285713,1.0,0,Positive,0.33333334
8xfW_azeNPk$_$12,4,Positive,0.014645023896734357,0.3287266389359037,0.656628337167362,0.48510765000000006,1.0,0,Positive,0.6666667
8xfW_azeNPk$_$1,4,Positive,0.009818673414759707,0.017851989520340436,0.9723293370648999,1.5003166571428572,1.0,0,Positive,2.3333333
8xfW_azeNPk$_$8,4,Neutral,0.041084355909965606,0.5526997264248996,0.4062159176651347,0.33560529528571426,0.227632669362708,0,Positive,1.3333334
9-EO2oCAGA4$_$10,3,Negative,0.934644820560687,0.04397037281631323,0.021384806622999825,-0.8035668457142858,1.0,0,Neutral,0.0
9-EO2oCAGA4$_$0,3,Positive,0.015064779653617697,0.2847871341319908,0.7001480862143915,0.6964839942857143,1.0,0,Positive,0.6666667
9-EO2oCAGA4$_$3,3,Positive,0.16885960600391572,0.05199604694654291,0.7791443470495414,0.7107399914285714,1.0,0,Positive,0.6666667
9-EO2oCAGA4$_$4,3,Neutral,0.1575738008242251,0.6480661407400145,0.19436005843576054,0.0353063477142857,0.4021789012450101,0,Positive,0.6666667
9-EO2oCAGA4$_$7,3,Negative,0.7591377444015261,0.1820885090987156,0.0587737464997582,-0.3250625671428572,1.0,0,Positive,1.0
9-K1CXCXui4$_$15,3,Positive,0.021969315841856945,0.2473797415685828,0.7306509425895603,0.48347876142857144,1.0,0,Positive,0.6666667
9-K1CXCXui4$_$16,3,Neutral,0.026410318554405305,0.8263642380039988,0.14722544344159588,0.16963543142857143,0.5998872754215294,0,Positive,0.33333334
90172$_$11,0,Negative,0.807831356034294,0.16008118015059938,0.032087463815106625,-0.7767851471428571,1.0,0,Negative,-1.3333334
90172$_$14,0,Negative,0.9630477882364525,0.026696022720544926,0.010256189043002429,-1.4416317714285716,1.0,0,Negative,-1.6666666
90172$_$0,0,Negative,0.9420526338464571,0.037474985871067346,0.02047238028247555,-1.3300243185714284,1.0,0,Negative,-1.6666666
90172$_$3,0,Negative,0.5131529942490605,0.4303127953264062,0.05653421042453327,-0.297443255,1.0,0,Neutral,0.0
90172$_$7,0,Negative,0.9801795885309696,0.0116686668716282,0.008151744597402215,-1.680992142857143,1.0,0,Negative,-2.3333333
90wZz0thye4$_$11,2,Positive,0.13111333938772748,0.12181314158792134,0.7470735190243513,0.6268262657142858,1.0,0,Positive,0.6666667
90wZz0thye4$_$10,2,Positive,0.00858297500437928,0.04683944615390421,0.9445775788417166,1.1551712285714284,1.0,0,Positive,0.33333334
90wZz0thye4$_$2,2,Positive,0.014756033676828812,0.21673016797664407,0.7685137983465271,0.6542919157142857,1.0,0,Positive,1.0
91276$_$1,0,Neutral,0.07808650632583787,0.7752284411074692,0.14668505256669293,-0.03345434642857143,0.6519664904967525,0,Neutral,0.0
91276$_$7,0,Negative,0.7253283071412304,0.056453503801075854,0.21821818905769372,-0.897100251,1.0,0,Negative,-1.6666666
91276$_$8,0,Negative,0.756784652077244,0.2099632871799685,0.033252060742787484,-0.6654590128571429,1.0,0,Negative,-1.0
91y7nPEWdmQ$_$5,2,Negative,0.8473119909784971,0.1277588211564685,0.024929187865034546,-0.7783812542857141,1.0,0,Negative,-0.6666667
92221$_$11,3,Neutral,0.18437656450110881,0.5088175326376329,0.3068059028612583,0.13654899714285715,0.19872723057123226,0,Positive,0.33333334
92221$_$12,3,Neutral,0.04260419734835586,0.6987135309702094,0.25868227168143476,0.2979642671428571,0.4447567043412724,0,Neutral,0.0
92221$_$18,3,Neutral,0.05375848926417142,0.6005410924040969,0.3457004183317317,0.3259632457142857,0.2927809365673908,0,Positive,1.0
92221$_$5,3,Positive,0.03791940893360549,0.34522624036575633,0.6168543507006381,0.48967021000000005,1.0,0,Positive,0.33333334
92331$_$20,2,Negative,0.9837527434712419,0.01081595897387917,0.005431297554879008,-1.7271018014285715,1.0,0,Negative,-2.6666667
92331$_$21,2,Negative,0.9661975991649915,0.01706160527522002,0.016740795559788555,-1.4287184057142859,1.0,0,Negative,-3.0
92331$_$22,2,Negative,0.6903168449528813,0.05431627558576938,0.25536687946134934,-0.9070910242857144,1.0,0,Negative,-2.0
92331$_$1,2,Neutral,0.0646181712129301,0.7131138175123513,0.2222680112747186,0.21870285785714286,0.5217854991842493,0,Positive,0.33333334
92331$_$2,2,Negative,0.9542873209940882,0.03366926935016527,0.012043409655746618,-1.1199118885714285,1.0,0,Negative,-2.6666667
92331$_$8,2,Positive,0.28798772860553024,0.22148155117936616,0.4905307202151037,0.20047900800000001,1.0,0,Negative,-1.6666666
92331$_$10,2,Negative,0.41120151969944596,0.18959846966683963,0.3992000106337144,-0.11332361571428572,1.0,0,Negative,-0.6666667
92331$_$18,2,Negative,0.9803195201673668,0.012845207516721645,0.0068352723159115555,-1.5856137128571428,1.0,0,Negative,-2.0
92521$_$0,2,Neutral,0.06004039386662062,0.8591866138919444,0.08077299224143489,0.018217815314285707,0.6138212447680579,0,Neutral,0.0
92521$_$6,2,Positive,0.02232155106282,0.033748157382393736,0.9439302915547862,1.2907909142857144,1.0,0,Positive,2.0
92533$_$7,1,Negative,0.9492344325632325,0.04104007018960346,0.009725497247164148,-1.3091718757142858,1.0,0,Negative,-2.0
92533$_$6,1,Negative,0.9786507354156401,0.015377417306516799,0.0059718472778432325,-1.5954221614285715,1.0,0,Negative,-2.3333333
93821$_$1,0,Negative,0.9715969474914756,0.019146258251827232,0.009256794256697131,-1.478711337142857,1.0,0,Negative,-1.6666666
93821$_$7,0,Positive,0.01095217692857143,0.023897197357142855,0.9651506257142857,1.3614011142857143,1.0,0,Positive,1.3333334
93839$_$11,2,Negative,0.8220442159194673,0.0861054919398942,0.0918502921406386,-0.2731725223714286,1.0,0,Negative,-2.0
93839$_$1,2,Negative,0.9697242107877806,0.021332625994478743,0.008943163217740734,-1.3621346699999997,1.0,0,Negative,-2.6666667
93839$_$7,2,Negative,0.9821246773610315,0.011309510697100388,0.006565811941868158,-1.6289984199999998,1.0,0,Negative,-1.6666666
94215$_$1,4,Negative,0.9789306037749521,0.015374559002056294,0.0056948372229916385,-1.8270417228571427,1.0,0,Negative,-2.0
94983$_$11,3,Negative,0.8557592884099273,0.029234794906375313,0.11500591668369718,-1.2873727214285713,1.0,0,Negative,-2.3333333
94983$_$6,3,Negative,0.9825374416086216,0.01273747520866802,0.004725083182710529,-1.6042537628571427,1.0,0,Negative,-1.0
94ULum9MYX0$_$11,2,Positive,0.27333937998570135,0.0694369141369209,0.6572237058773778,0.36586102428571415,1.0,0,Neutral,0.0
96099$_$3,1,Neutral,0.047953523736255624,0.8724444952015553,0.0796019810621891,0.06507035395714286,0.7825709610984962,0,Neutral,0.0
96099$_$9,1,Negative,0.9681605039102847,0.025855517401906572,0.005983978687808679,-1.3874744142857143,1.0,0,Negative,-2.3333333
96179$_$13,0,Negative,0.9836415276158911,0.011693568702926246,0.004664903681182666,-1.8118953857142854,1.0,0,Negative,-2.0
96179$_$14,0,Negative,0.9431458357955059,0.041666068747619904,0.01518809545687415,-1.4653471071428572,1.0,0,Negative,-1.0
96179$_$5,0,Negative,0.9043267944720121,0.07422779453254964,0.021445410995438233,-1.0277335714285714,1.0,0,Negative,-1.0
96194$_$12,4,Negative,0.7145560276430144,0.11854212461724013,0.1669018477397455,-0.9530586428571429,1.0,0,Negative,-0.6666667
96194$_$6,4,Negative,0.9718240285465081,0.021704962151357362,0.006471009302134573,-1.5462032,1.0,0,Negative,-1.3333334
96350$_$2,2,Neutral,0.05402570880266768,0.6485094117778542,0.2974648794194782,0.22372055642857142,0.4270782921043794,0,Neutral,0.0
96350$_$5,2,Negative,0.8163112542710972,0.15869767144946176,0.024991074279441014,-1.0907239657142855,1.0,0,Negative,-2.0
96350$_$7,2,Neutral,0.17186219114490814,0.41627334445872305,0.41186446439636887,0.2054691700657143,0.17553373159946697,0,Negative,-1.0
96350$_$9,2,Negative,0.9572586608961996,0.025152903775371337,0.017588435328429054,-1.1603861199999999,1.0,0,Negative,-2.6666667
96350$_$8,2,Neutral,0.2560527099426689,0.6344494955912517,0.1094977944660793,0.0013626814285714348,0.30321064334483316,0,Negative,-2.3333333
96361$_$4,3,Neutral,0.03718639643618817,0.875806850780421,0.08700675278339086,0.011712433428571428,0.7184553526820345,0,Neutral,0.0
96361$_$7,3,Neutral,0.33263967071577216,0.6048941565609411,0.06246617272328677,-0.24410548400000007,0.5988220477283192,0,Positive,1.6666666
96361$_$6,3,Positive,0.1632608787813044,0.24372909844804108,0.5930100227706545,0.26958622085714284,1.0,0,Positive,1.3333334
96361$_$8,3,Negative,0.8115207813681597,0.16650826203313066,0.02197095659870968,-0.7725112142857141,1.0,0,Negative,-0.6666667
97095$_$24,4,Negative,0.522102398903138,0.1932912146249463,0.28460638647191566,-0.2963554685714286,1.0,0,Positive,3.0
97095$_$20,4,Neutral,0.3361183867014293,0.5374655597578907,0.12641605354067997,-0.3296463914285714,0.25463899990878297,0,Neutral,0.0
97095$_$29,4,Positive,0.00975726794562094,0.039320178419456384,0.9509225536349226,1.2201958142857143,1.0,0,Positive,2.0
97095$_$0,4,Neutral,0.02728437706236429,0.6567615207868835,0.3159541021507522,0.2444704862857143,0.41922232441122054,0,Neutral,0.0
97095$_$2,4,Neutral,0.06434768916059608,0.7996696661081137,0.13598264473129024,-0.05316519085714285,0.6063738165563598,0,Neutral,0.0
97095$_$5,4,Neutral,0.3835399507042995,0.459146259263501,0.1573137900321995,-0.13445733728571427,0.2172924256448316,0,Neutral,0.0
97095$_$11,4,Positive,0.02303049380078053,0.19524024012450453,0.7817292660747149,0.8328534732428571,1.0,0,Positive,2.6666667
97095$_$17,4,Negative,0.9288824050337963,0.05478972488117995,0.0163278700850239,-0.9631636714285714,1.0,0,Positive,0.6666667
97095$_$16,4,Neutral,0.20718736035970978,0.7389627445496295,0.05384989509066068,-0.17210022500000002,0.5543237216218848,0,Neutral,0.0
97095$_$33,4,Positive,0.011759924326092089,0.04989654099375871,0.9383435346801492,1.3567143714285714,1.0,0,Positive,1.6666666
97095$_$32,4,Negative,0.8041482777411953,0.14944744941516308,0.046404272843641604,-0.6698919385714286,1.0,0,Positive,0.6666667
97992$_$10,0,Positive,0.15546151979110973,0.029438885512880125,0.8150995946960102,0.82384889,1.0,0,Positive,2.3333333
97992$_$9,0,Negative,0.8548733471840152,0.12886441953609673,0.016262233279888155,-0.7903098571428572,1.0,0,Negative,-0.6666667
98187$_$11,3,Negative,0.9727046449274706,0.021609694117265477,0.005685660955263988,-1.3892655142857144,1.0,0,Negative,-2.0
98187$_$12,3,Negative,0.8432209615604341,0.13776225941394077,0.01901677902562514,-1.158895815714286,1.0,0,Negative,-1.0
98187$_$1,3,Neutral,0.05856669084908806,0.6368146012786088,0.30461870787230316,0.20849216371428572,0.38377212541954436,0,Neutral,0.0
98442$_$10,3,Positive,0.04296656811439514,0.16063129537491702,0.7964021365106878,0.8403298542857142,1.0,0,Negative,-0.6666667
984VkHzXl8w$_$7,2,Neutral,0.04066855686056495,0.5155122025182439,0.44381924062119116,0.30307742185714287,0.395084471979085,0,Positive,1.3333334
9BceQC_SdTM$_$3,1,Positive,0.015213673052161165,0.3100194439200667,0.6747668830277722,0.5459535728571429,1.0,0,Positive,0.33333334
9BceQC_SdTM$_$6,1,Negative,0.6402655953057353,0.3001331853664349,0.059601219327829844,-0.1904194742857143,1.0,0,Negative,-0.33333334
9K5mYSaoBL4$_$4,4,Negative,0.5430766655524183,0.29660157984566676,0.16032175460191486,-0.24278829057142856,1.0,0,Positive,0.33333334
9K5mYSaoBL4$_$9,4,Neutral,0.32333174446714896,0.600536041969361,0.07613221356349004,-0.05929013685714286,0.44454640605953727,0,Neutral,0.0
9Un1O2ypJmI$_$5,0,Positive,0.009407599232428943,0.032772683920347316,0.9578197168472238,0.9821932371428571,1.0,0,Positive,2.3333333
9VZ4cpoTFbo$_$2,4,Negative,0.7647417583490487,0.1805738911557965,0.05468435049515483,-0.3307891807142857,1.0,0,Neutral,0.0
9VZ4cpoTFbo$_$5,4,Positive,0.014421947699863763,0.06523879179190406,0.9203392605082321,0.9680497142857144,1.0,0,Positive,1.0
9cSJglGi9Pg$_$6,2,Positive,0.2723107848558339,0.2099423063741044,0.5177469087700617,0.23303962528571429,1.0,0,Neutral,0.0
9cxlcpbmrH0$_$11,3,Negative,0.7969550752723092,0.06793382072223052,0.1351111040054602,-0.6879229299999999,1.0,0,Positive,0.6666667
9dFEGb_RfwE$_$11,0,Negative,0.5139189397873936,0.08604243512728386,0.40003862508532256,0.03204722314285713,1.0,0,Neutral,0.0
9f6A3ucYArQ$_$3,2,Neutral,0.06178451720660177,0.6027241355694015,0.3354913472239968,0.13428900800000002,0.3717971276737187,0,Negative,-1.6666666
9pdyTplXwM4$_$5,0,Neutral,0.033127402316756885,0.6270206610471806,0.33985193663606245,0.2610214575714286,0.3439694947736072,0,Positive,0.33333334
9pzn93kdP_g$_$11,1,Positive,0.02572749231367191,0.4330530003996033,0.5412195072867249,0.34355037714285713,1.0,0,Positive,0.33333334
9pzn93kdP_g$_$17,1,Positive,0.015141150691525126,0.08007468925738292,0.904784160051092,0.7348556442857143,1.0,0,Positive,1.6666666
9pzn93kdP_g$_$3,1,Neutral,0.026929846764298288,0.6519057319249678,0.3211644213107339,0.1792167717857143,0.5777575428635404,0,Neutral,0.0
9tX18DNC74w$_$4,3,Negative,0.8885583786338347,0.06743533779300184,0.04400628357316351,-0.4060568081428571,1.0,0,Neutral,0.0
9zWeMrfr-l0$_$0,0,Positive,0.01595261326370612,0.12391622248849067,0.8601311642478031,0.5414830357142858,1.0,0,Neutral,0.0
A4dzxgHDhF0$_$1,2,Neutral,0.2778447174841748,0.5352835146680597,0.18687176784776555,-0.03883370471428571,0.24155153162657467,0,Neutral,0.0
A8plGi4rbxM$_$4,4,Negative,0.9512726007058284,0.03820732065703807,0.010520078637133548,-1.2401059428571428,1.0,0,Negative,-2.6666667
ABSC1JNdpTw$_$9,4,Positive,0.054979307390782266,0.38433163659433894,0.5606890560148788,0.3941132528571429,1.0,0,Positive,0.33333334
ABSC1JNdpTw$_$11,4,Positive,0.03141306538892865,0.4240273606789471,0.5445595739321243,0.3736042328571428,1.0,0,Neutral,0.0
ADYia28RrFU$_$4,2,Positive,0.009798666789913717,0.04277482566118921,0.9474265075488971,1.2535727,1.0,0,Positive,1.0
ADYia28RrFU$_$7,2,Negative,0.5971170693673352,0.07436331649677401,0.32851961413589087,0.24673804800000002,1.0,0,Positive,0.33333334
ADYia28RrFU$_$9,2,Positive,0.013178177905038967,0.1565329642919054,0.8302888578030556,0.972666462857143,1.0,0,Positive,1.0
ADYia28RrFU$_$8,2,Negative,0.7489288844839026,0.0710786900975136,0.17999242541858387,-0.18592065514285713,1.0,0,Negative,-0.33333334
AGFgaKPzjMQ$_$2,2,Positive,0.009718858074974048,0.025580215197333084,0.9647009267276928,1.3389832371428572,1.0,0,Positive,0.6666667
AIPqRuTjI4E$_$14,1,Neutral,0.034380699748666414,0.741246685026961,0.22437261522437263,0.14951630638571428,0.5526519598484539,0,Neutral,0.0
AIPqRuTjI4E$_$16,1,Neutral,0.017122131306270497,0.611392387061483,0.3714854816322466,0.2525390007142857,0.5996191989519082,0,Neutral,0.0
AKofHsmxa1I$_$6,4,Positive,0.006337357442511115,0.021435918519831315,0.9722267240376576,1.3989923857142856,1.0,0,Positive,2.3333333
APYv5s4ucd0$_$9,1,Positive,0.04676081596225061,0.20169679768048684,0.7515423863572627,0.5500182308571429,1.0,0,Positive,0.6666667
AVScVfLgNmw$_$1,3,Neutral,0.19824585473370657,0.5169748942763494,0.284779250989944,0.04801581857142857,0.292965410849731,0,Neutral,0.0
AVScVfLgNmw$_$2,3,Positive,0.019410669079316465,0.05398305278398426,0.9266062781366993,0.9329656871428573,1.0,0,Positive,1.0
AepwIhSbAws$_$2,2,Neutral,0.1997522438100031,0.5272326398278785,0.27301511636211845,0.034227955457142856,0.2223357189665447,0,Negative,-1.3333334
AggyS1coOb8$_$1,2,Positive,0.023697817011496692,0.2335933865827051,0.7427087964057982,0.4730600385714286,1.0,0,Positive,0.33333334
AmGocfFQfVE$_$1,4,Negative,0.7706035035752526,0.1592274688721337,0.07016902755261373,-0.4101192085714286,1.0,0,Negative,-0.33333334
AuPCZlKBzq8$_$11,1,Positive,0.009727218590120226,0.09434355226347022,0.8959292291464096,0.8328762285714285,1.0,0,Positive,1.3333334
Az3e1Opu0LE$_$1,4,Neutral,0.05301330979157321,0.5322292357844036,0.4147574544240231,0.1795889385714286,0.4220558375409704,0,Neutral,0.0
Az3e1Opu0LE$_$5,4,Neutral,0.0288563579697569,0.8835692801232702,0.0875743619069729,0.07106099832857142,0.7505853450640951,0,Neutral,0.0
BAi3ZJo5Vwg$_$11,0,Positive,0.012536150142168277,0.23959900420916586,0.747864845648666,0.5848401285714286,1.0,0,Positive,0.6666667
BAi3ZJo5Vwg$_$7,0,Positive,0.02737120984359309,0.38235474210083004,0.5902740480555769,0.3582451002857144,1.0,0,Neutral,0.0
BB_VwJSg3AI$_$6,0,Negative,0.5708324307127954,0.3462551287227807,0.08291244056442396,-0.15969627857142857,1.0,0,Neutral,0.0
BBoe8-HWPSw$_$4,2,Positive,0.30069528063586326,0.0651128499425242,0.6341918694216125,0.36017654285714285,1.0,0,Positive,0.33333334
BBoe8-HWPSw$_$7,2,Positive,0.016929760837549393,0.06823582578471199,0.9148344133777386,0.8800780871428572,1.0,0,Positive,2.3333333
BDCFV4EqHjY$_$1,4,Positive,0.0598826750299123,0.32001398062841163,0.620103344341676,0.32291637,1.0,0,Positive,0.33333334
BMhG11CXgww$_$5,2,Negative,0.7596625241860759,0.19144573765202244,0.04889173816190172,-0.41052320571428563,1.0,0,Negative,-1.3333334
BRdw-_dbJXc$_$19,2,Positive,0.03258968934158232,0.3456939717354754,0.6217163389229423,0.351990395,1.0,0,Positive,0.6666667
BRzjQHYWbSs$_$11,2,Neutral,0.05274568702291502,0.6211525512379081,0.3261017617391769,0.21604731357142856,0.2957088361139995,0,Neutral,0.0
BRzjQHYWbSs$_$15,2,Negative,0.6152565166922528,0.2223525579524368,0.16239092535531036,-0.07942238257142857,1.0,0,Negative,-1.0
BRzjQHYWbSs$_$16,2,Positive,0.01483031566585648,0.08619971066490968,0.8989699736692339,0.8255806828571428,1.0,0,Positive,1.0
BdqoZ5qpz0E$_$7,1,Neutral,0.3222360476062465,0.4056718136292951,0.2720921387644584,0.043701708285714284,0.5295664010026638,0,Positive,0.6666667
BdqoZ5qpz0E$_$6,1,Negative,0.7505460004099733,0.1988257202301651,0.050628279359861625,-0.27026063085714286,1.0,0,Negative,-0.33333334
BdqoZ5qpz0E$_$15,1,Negative,0.4234535169497425,0.2783536229749566,0.29819286007530105,-0.1298826017142857,1.0,0,Positive,1.0
Bf5owLv3X98$_$4,3,Positive,0.04038345709724382,0.09411088479742682,0.8655056581053293,0.7799269485714285,1.0,0,Positive,0.33333334
Bg-PA5KTjNs$_$1,3,Negative,0.7954412039692331,0.15905613607974664,0.045502659951020326,-0.7179985764285713,1.0,0,Negative,-0.33333334
Bg-PA5KTjNs$_$3,3,Negative,0.8126477618300405,0.04955737925094847,0.13779485891901103,-0.7465364885714286,1.0,0,Negative,-0.33333334
Bg-PA5KTjNs$_$6,3,Negative,0.40900516630011946,0.23138077098223256,0.35961406271764795,0.11118820914285713,1.0,0,Positive,1.3333334
Bg-PA5KTjNs$_$8,3,Positive,0.010024509884002102,0.01873929278315961,0.9712361973328384,1.5324104857142857,1.0,0,Positive,1.6666666
BnWvk0YRgE4$_$0,1,Positive,0.011236283847513847,0.425659637341128,0.5631040788113582,0.49626782428571425,1.0,0,Negative,-0.6666667
Bo5IDtP8_Fk$_$11,3,Negative,0.5804202365304747,0.14620298230203793,0.27337678116748737,-0.3618123571428571,1.0,0,Positive,1.0
BseI8-TYWm8$_$1,1,Neutral,0.09327143207994695,0.7090815777506414,0.1976469901694117,0.09905381794285716,0.5145889554684139,0,Neutral,0.0
BseI8-TYWm8$_$2,1,Positive,0.22084379083303798,0.11154854616676041,0.6676076630002017,0.4586714124285714,1.0,0,Neutral,0.0
BseI8-TYWm8$_$4,1,Positive,0.021297776876634932,0.06510081382909698,0.9136014092942681,0.8396854385714286,1.0,0,Positive,2.0
BuPhjBayua8$_$7,3,Neutral,0.2527214500456014,0.4257614873245556,0.32151706262984286,0.14755956285714283,0.27909449489708216,0,Negative,-0.6666667
BuPhjBayua8$_$6,3,Positive,0.009801972921227047,0.047007479079217145,0.9431905479995558,1.0487386285714286,1.0,0,Positive,0.6666667
C03473pYcRM$_$7,1,Positive,0.007865514796427473,0.02972433897694764,0.9624101462266249,1.1389665457142857,1.0,0,Positive,0.33333334
C3lDRFu1ZcI$_$1,3,Positive,0.050607964077789766,0.4477399937100486,0.5016520422121616,0.28039537857142854,1.0,0,Positive,0.33333334
C3lDRFu1ZcI$_$3,3,Neutral,0.034912067449410465,0.6323571159569439,0.33273081659364573,0.29156096142857146,0.3644095093376187,0,Positive,0.6666667
CBYQDIqucxE$_$0,2,Positive,0.01272370411232619,0.11272408807661315,0.8745522078110607,0.7602501514285714,1.0,0,Positive,1.0
CE9yV4SearE$_$11,4,Neutral,0.18698376632300726,0.7394794318746917,0.07353680180230111,-0.07415960542857143,0.5035783654232133,0,Positive,0.33333334
CHh6hWo1AFE$_$2,3,Negative,0.6004391657088775,0.3378173525430222,0.06174348174810038,-0.23290912242857145,1.0,0,Negative,-0.6666667
CIqRibqChDQ$_$0,2,Neutral,0.3248733377157333,0.359994413742921,0.3151322485413457,0.024073532714285705,0.1971835417556643,0,Negative,-0.6666667
CIqRibqChDQ$_$8,2,Neutral,0.05239482251710588,0.6082623314875881,0.33934284599530606,0.2924619878571429,0.2868456314402711,0,Neutral,0.0
CK31s0kfp-k$_$16,3,Positive,0.00855633683909909,0.045194705416778926,0.946248957744122,1.1384586128571428,1.0,0,Positive,0.6666667
CL4hDu95Eqw$_$0,4,Neutral,0.04441555049892454,0.5107734523805846,0.444810997120491,0.3739225308571429,0.22719119087863227,0,Positive,0.6666667
CL4hDu95Eqw$_$3,4,Positive,0.03264917797114896,0.20107057438242612,0.766280247646425,0.5896580957142856,1.0,0,Positive,2.6666667
CLkTjujFVKU$_$12,3,Negative,0.4750464656675452,0.21611088140611268,0.3088426529263422,0.1387599757142857,1.0,0,Positive,0.6666667
CLkTjujFVKU$_$0,3,Negative,0.6347273661916358,0.09539037942765771,0.26988225438070645,-0.09585762342857142,1.0,0,Positive,1.0
CT7QOWbhfv4$_$3,2,Positive,0.02698671250963812,0.052320620732971654,0.9206926667573903,1.0209160371428572,1.0,0,Positive,2.0
CVx494kExvc$_$2,1,Positive,0.009118546288319523,0.0796789091579668,0.9112025445537136,0.859519632857143,1.0,0,Positive,0.6666667
CVx494kExvc$_$6,1,Positive,0.009773122027910763,0.0794991053554894,0.9107277726165999,0.8711529,1.0,0,Neutral,0.0
CVx494kExvc$_$15,1,Positive,0.014244072533217064,0.23740471924407222,0.7483512082227107,0.49025851285714284,1.0,0,Positive,0.6666667
CVx494kExvc$_$8,1,Positive,0.009658888935514207,0.09501104794877312,0.8953300631157127,0.8388638142857142,1.0,0,Positive,0.6666667
CXojk-oSaEw$_$2,3,Negative,0.7916220986509447,0.05925128641958566,0.1491266149294696,-0.41004720285714286,1.0,0,Negative,-0.6666667
CZigX1ntOsI$_$3,1,Negative,0.41877793826197574,0.1725585928764439,0.4086634688615803,0.13772325428571427,1.0,0,Neutral,0.0
Cb8ay6WtJuM$_$1,2,Positive,0.01271125333504262,0.0466997620150763,0.940588984649881,1.2221954928571428,1.0,0,Positive,2.6666667
Cb8ay6WtJuM$_$4,2,Positive,0.011927372838671174,0.020265064925621388,0.9678075622357074,1.5740589,1.0,0,Positive,1.6666666
Cd0JH1AreDw$_$5,0,Neutral,0.030284826017348526,0.8321985699425026,0.13751660404014895,0.14139191071428572,0.6059639554972299,0,Neutral,0.0
CdB8QBhFccs$_$1,1,Neutral,0.0969853794047003,0.7362851563931654,0.16672946420213425,0.07260287,0.4459281697196646,0,Positive,0.33333334
CdB8QBhFccs$_$2,1,Neutral,0.3371182312034905,0.4119203155195857,0.2509614532769239,-0.07310216857142855,0.48792453319240775,0,Negative,-2.0
CdB8QBhFccs$_$4,1,Negative,0.92741954229234,0.050855000932135824,0.021725456775524135,-0.7994167371428571,1.0,0,Negative,-1.0
Ceu9AkIjuLY$_$13,3,Positive,0.06352786079799161,0.40152894567741426,0.5349431935245941,0.3726943008714286,1.0,0,Negative,-0.6666667
Ceu9AkIjuLY$_$2,3,Positive,0.42596123018543736,0.08662058847586135,0.4874181813387013,0.08279843714285715,1.0,0,Positive,0.33333334
Ceu9AkIjuLY$_$4,3,Negative,0.7835154271973686,0.16783273874625482,0.04865183405637667,-0.6646951071428571,1.0,0,Negative,-0.6666667
Ceu9AkIjuLY$_$8,3,Negative,0.5229879475119036,0.40308889154925553,0.07392316093884084,-0.12089744428571429,1.0,0,Negative,-1.0
Cj7R36s4dbM$_$10,3,Positive,0.009023433251023978,0.020069258510281986,0.9709073082386941,1.5475429857142857,1.0,0,Positive,0.6666667
Ctc23Icfzvg$_$3,0,Neutral,0.025619768839020667,0.7038667557577802,0.2705134754031992,0.25819018671428573,0.5577570876685641,0,Neutral,0.0
Ctc23Icfzvg$_$5,0,Neutral,0.03818760575469229,0.6130535932239427,0.3487588010213651,0.22171559714285713,0.5787711014427669,0,Neutral,0.0
CvW0Mh1EWFA$_$3,0,Positive,0.007119195832380714,0.04677734337002862,0.9461034607975908,1.0049648071428572,1.0,0,Positive,1.0
CzstrpOTtgo$_$4,1,Positive,0.17620341633540926,0.3668045002813265,0.4569920833832642,0.2848556367142857,1.0,0,Neutral,0.0
D5cQWqYcBAE$_$0,2,Positive,0.014346182255694853,0.0972879518834638,0.8883658658608413,0.6775012457142857,1.0,0,Neutral,0.0
D5cQWqYcBAE$_$2,2,Positive,0.011235413654099441,0.03240853897749997,0.9563560473684006,1.3184310214285715,1.0,0,Positive,1.3333334
DEFDuYyc-Xw$_$7,3,Positive,0.12860026362381746,0.1872978524038098,0.6841018839723727,0.5297940228571428,1.0,0,Negative,-0.33333334
DGeBPk1op3E$_$2,0,Positive,0.02163007596956993,0.16872073857698341,0.8096491854534467,0.49857914571428574,1.0,0,Neutral,0.0
DGeBPk1op3E$_$5,0,Positive,0.017452981924461503,0.44326107242400703,0.5392859456515315,0.3615548285714286,1.0,0,Positive,2.0
DQ7QKE3hzVg$_$1,2,Neutral,0.03304276391850799,0.5069423659414645,0.4600148701400276,0.3928315742857143,0.6176351576406508,0,Positive,0.33333334
DXQGngge7vU$_$4,2,Neutral,0.18031505541805384,0.7516429030508724,0.0680420415310738,-0.1375915474285714,0.5010869403545091,0,Neutral,0.0
DZBpdzrMelA$_$3,4,Neutral,0.396865777123828,0.5468458126058496,0.0562884102703225,-0.2764526942857143,0.2803403885271057,0,Neutral,0.0
DZBpdzrMelA$_$5,4,Positive,0.013960958144282354,0.09332512534608464,0.892713916509633,0.87812642,1.0,0,Positive,1.0
DZIFCYOhosQ$_$5,2,Negative,0.8848036602324906,0.08549968649599712,0.029696653271512254,-0.5733602228571428,1.0,0,Negative,-0.33333334
DZIFCYOhosQ$_$6,2,Neutral,0.24738470693578057,0.47100883620339307,0.2816064568608263,0.12359694171428572,0.38104473852110554,0,Neutral,0.0
DaXkixKFEvE$_$4,4,Neutral,0.03155234084518311,0.7644819922652976,0.2039656668895193,0.13014440014285714,0.6242324696356388,0,Positive,0.33333334
DatH-ra0VKY$_$12,1,Positive,0.010678234455671027,0.04534235369726796,0.943979411847061,1.05060025,1.0,0,Positive,1.0
DatH-ra0VKY$_$3,1,Positive,0.029987070768018754,0.060676118455834226,0.9093368107761469,0.83162658,1.0,0,Positive,0.6666667
DatH-ra0VKY$_$4,1,Positive,0.00795346652771503,0.08335675040586574,0.9086897830664192,0.9037216657142857,1.0,0,Neutral,0.0
DbAppk7xT0Y$_$0,2,Neutral,0.062357213836715567,0.5140940956822652,0.4235486904810193,0.275778388,0.38375664533190046,0,Positive,0.33333334
DfTMoqwMHVE$_$0,1,Positive,0.03130109063173,0.2024726146220731,0.766226294746197,0.6190576014285715,1.0,0,Positive,0.33333334
DhXBaBOB4E8$_$5,3,Positive,0.4000869032868937,0.19425086692197605,0.40566222979113026,0.1687103526714286,1.0,0,Positive,0.6666667
DiOw-w5LDJ0$_$1,2,Positive,0.019500810364107432,0.10519232503756869,0.8753068645983239,0.7235143242857143,1.0,0,Positive,1.0
DiOw-w5LDJ0$_$0,2,Positive,0.0097258288572686,0.039757788435360875,0.9505163827073706,1.2750276657142854,1.0,0,Positive,1.0
Drhrzj1yhVs$_$8,4,Neutral,0.06750954120012609,0.6352245079348368,0.29726595086503727,0.213013596,0.19691709943471036,0,Neutral,0.0
Drhrzj1yhVs$_$5,4,Positive,0.18511020385196966,0.22156558893753978,0.5933242072104905,0.2189412414285714,1.0,0,Positive,1.0
Dws8ZrzF7xQ$_$7,3,Positive,0.0260066730385301,0.22141313765435702,0.7525801893071129,0.5224003899999999,1.0,0,Positive,0.33333334
E0g6nae4Ae4$_$24,4,Neutral,0.16145217320758135,0.4206216569693707,0.4179261698230479,0.2481738185714286,0.19827741839382879,0,Positive,1.0
E0g6nae4Ae4$_$22,4,Positive,0.05506324754755947,0.3011259927534127,0.6438107596990278,0.41598413142857144,1.0,0,Positive,0.6666667
E0g6nae4Ae4$_$23,4,Neutral,0.02608489325590298,0.6169380657234993,0.35697704102059763,0.38244927999999995,0.3881806697471937,0,Positive,1.3333334
E0g6nae4Ae4$_$1,4,Positive,0.020490612710451262,0.34282958830137356,0.6366797989881752,0.4321661842857143,1.0,0,Positive,0.33333334
E0g6nae4Ae4$_$4,4,Neutral,0.0606685929396262,0.5074906433135367,0.43184076374683716,0.30973068085714284,0.38440635680257634,0,Positive,1.3333334
E0g6nae4Ae4$_$8,4,Positive,0.028199249100404934,0.4682663119228215,0.5035344389767736,0.3274451257142857,1.0,0,Neutral,0.0
E0g6nae4Ae4$_$19,4,Neutral,0.2271596402342186,0.64754142312412,0.12529893664166142,0.1608083112857143,0.5252250738467519,0,Positive,1.3333334
E0g6nae4Ae4$_$33,4,Positive,0.034989773522639524,0.0871849098819773,0.8778253165953832,0.7564199685714286,1.0,0,Positive,1.0
E8L1Z71vKG8$_$3,1,Negative,0.6732390194511052,0.09515401296909946,0.23160696757979532,-0.12315015571428571,1.0,0,Neutral,0.0
EEUGfVTyTQM$_$1,0,Positive,0.016500456606061448,0.20115819846997893,0.7823413449239597,0.5122154371428572,1.0,0,Positive,1.3333334
EHbZ2EeVags$_$1,2,Positive,0.012102560622109897,0.05871512954220264,0.9291823098356875,1.1384836142857142,1.0,0,Positive,1.3333334
EJT25p7JahU$_$7,1,Negative,0.8985222277857845,0.07635088752613531,0.02512688468808018,-0.55292474,1.0,0,Negative,-1.3333334
EJT25p7JahU$_$6,1,Neutral,0.03121700848223712,0.560452595541564,0.4083303959761989,0.19794932157142855,0.3852361850229625,0,Positive,0.33333334
EO_SN04Xef0$_$2,3,Positive,0.005249464193571536,0.027302081306652123,0.9674484544997763,1.2880327714285715,1.0,0,Positive,2.0
EOkdFMw0pmk$_$11,0,Positive,0.03834730693806157,0.29811632102772884,0.6635363720342097,0.4449404114285715,1.0,0,Neutral,0.0
EOkdFMw0pmk$_$9,0,Neutral,0.18736002728475448,0.5986145005333566,0.21402547218188894,0.06740229328571429,0.3770102388223996,0,Neutral,0.0
ERnYvxojeu0$_$1,0,Positive,0.051614507013366694,0.41977758497534895,0.5286079080112844,0.20947659885714284,1.0,0,Neutral,0.0
ERnYvxojeu0$_$2,0,Positive,0.022658515407152094,0.21425395136937728,0.7630875332234706,0.4502738142857143,1.0,0,Neutral,0.0
ERnYvxojeu0$_$4,0,Neutral,0.06983551611334582,0.6020398205830847,0.32812466330356954,0.18210851342857143,0.42074521682560845,0,Positive,0.33333334
EULEL3QhKD0$_$3,2,Neutral,0.3633399753192615,0.4095482542223599,0.22711177045837855,0.10105783428571428,0.16976418672356003,0,Positive,0.33333334
E_ocLuUw-1I$_$1,1,Positive,0.010493360634388734,0.10681086264086517,0.8826957767247461,0.7464117657142857,1.0,0,Positive,0.5
Ea_Huc2-lwo$_$2,3,Positive,0.007662455391488848,0.02626553978102401,0.9660720048274872,1.3633807428571427,1.0,0,Positive,1.6666666
Emi9cw9xa00$_$9,2,Positive,0.07084390252687421,0.21284793236008023,0.7163081651130456,0.44544077285714284,1.0,0,Negative,-1.0
Emjv2cDzW1E$_$0,1,Positive,0.013813135943851858,0.3400360966945733,0.6461507673615748,0.40936469999999997,1.0,0,Neutral,0.0
EoC83JhkCAw$_$10,4,Neutral,0.027169397899085092,0.5238538409114,0.4489767611895149,0.40693168,0.46990994940122777,0,Positive,0.6666667
EoC83JhkCAw$_$5,4,Positive,0.019015657631671484,0.10391180276790288,0.8770725396004255,0.8299777385714286,1.0,0,Positive,1.3333334
EoC83JhkCAw$_$4,4,Positive,0.009374843724777801,0.07927546219899523,0.911349694076227,0.9398546585714287,1.0,0,Positive,2.3333333
EpadyoYlAjQ$_$0,2,Neutral,0.017351562927332035,0.6117729320991591,0.3708755049735089,0.3373820771428572,0.3958014080816819,0,Positive,0.33333334
ExDLNkDVsxY$_$4,1,Negative,0.657420568885474,0.18538749183431705,0.15719193928020908,-0.12974947799999997,1.0,0,Neutral,0.0
ExDLNkDVsxY$_$6,1,Negative,0.5223662708101412,0.33159524142112246,0.1460384877687364,-0.16771937857142857,1.0,0,Positive,0.33333334
F2M7WbPXRps$_$11,1,Positive,0.023985430482737463,0.10107226018737928,0.8749423093298833,0.7322391857142856,1.0,0,Positive,0.33333334
F2M7WbPXRps$_$12,1,Positive,0.008219855469083574,0.07799448859868713,0.9137856559322293,0.8609124671428571,1.0,0,Positive,0.33333334
F4OhXQTMOEc$_$3,2,Negative,0.8493187341585245,0.08747721528117675,0.06320405056029875,-0.38088358928571425,1.0,0,Negative,-1.3333334
F59hwsm4Ld0$_$23,1,Negative,0.5759040184741829,0.1824971137669612,0.24159886775885592,-0.24502015714285713,1.0,0,Positive,0.6666667
F59hwsm4Ld0$_$49,1,Positive,0.011279700372051818,0.11521975434424356,0.8735005452837046,0.6931015799999999,1.0,0,Positive,1.0
F59hwsm4Ld0$_$0,1,Positive,0.006905012101687948,0.043148823207054036,0.949946164691258,1.2283279485714282,1.0,0,Positive,1.6666666
F59hwsm4Ld0$_$7,1,Neutral,0.042949027684427904,0.514031193517849,0.4430197787977232,0.3501148342857143,0.4924450061559428,0,Positive,1.0
F59hwsm4Ld0$_$6,1,Neutral,0.39830159750303284,0.41934923210830494,0.18234917038866222,-0.180650172,0.40301992990952357,0,Positive,1.3333334
F59hwsm4Ld0$_$11,1,Positive,0.0834058980529339,0.30707779730210216,0.6095163046449639,0.32569203571428573,1.0,0,Positive,1.0
F59hwsm4Ld0$_$14,1,Negative,0.7398428809546898,0.19994350848585957,0.060213610559450716,-0.47210964257142857,1.0,0,Negative,-0.6666667
F59hwsm4Ld0$_$17,1,Positive,0.043030325388675024,0.47097162147884153,0.4859980531324835,0.18557128151428567,1.0,0,Positive,1.3333334
F59hwsm4Ld0$_$16,1,Neutral,0.03193630896421382,0.6075220386747475,0.36054165236103874,0.27937511371428575,0.508528872932267,0,Neutral,0.0
F59hwsm4Ld0$_$36,1,Negative,0.5223424701276713,0.4157584566614769,0.06189907321085186,-0.20421723000000003,1.0,0,Positive,1.0
F5SGdvSRJmo$_$10,2,Positive,0.011225541101029872,0.03756597248095089,0.9512084864180193,1.15868835,1.0,0,Positive,1.0
F5SGdvSRJmo$_$3,2,Positive,0.021597414790342304,0.2068657014728998,0.7715368837367579,0.5824138585714286,1.0,0,Positive,1.3333334
F5SGdvSRJmo$_$7,2,Positive,0.02681831950136401,0.2394033420783805,0.7337783384202555,0.44776395157142856,1.0,0,Positive,2.0
F6Ci45lP5aA$_$0,2,Positive,0.011113669698409046,0.04922598235824859,0.9396603479433424,0.9899720771428571,1.0,0,Positive,0.6666667
F8KE2ZhoUe4$_$16,2,Neutral,0.03339864695200773,0.6143454643465974,0.3522558887013949,0.2734651657142857,0.3635625159789935,0,Positive,0.33333334
F8KE2ZhoUe4$_$19,2,Positive,0.006717590956469167,0.020152228326546364,0.9731301807169844,1.5705014,1.0,0,Positive,1.0
F8KE2ZhoUe4$_$4,2,Positive,0.013721273714285711,0.19439076342857142,0.7918879628571429,0.6830442485714284,1.0,0,Positive,0.33333334
F8KE2ZhoUe4$_$20,2,Positive,0.007099083267459501,0.03420764205489464,0.9586932746776459,1.3225690285714287,1.0,0,Positive,1.0
FHlzZ2VxuGQ$_$13,4,Negative,0.9335014496905762,0.05010249389260481,0.016396056416818964,-1.0660346357142856,1.0,0,Negative,-0.6666667
FHlzZ2VxuGQ$_$7,4,Positive,0.4386459141913163,0.053967119906131934,0.5073869659025518,0.2752096740428572,1.0,0,Positive,0.33333334
FHlzZ2VxuGQ$_$9,4,Positive,0.01103061707496242,0.02655438482200703,0.9624149981030306,1.3404162914285718,1.0,0,Positive,1.0
FLyWn2DCci4$_$1,4,Positive,0.10592138347598992,0.09387112057924105,0.8002074959447691,0.4160089064285714,1.0,0,Positive,0.33333334
FLyWn2DCci4$_$3,4,Neutral,0.3339187081157444,0.6113374244074531,0.05474386747680246,-0.23175407571428572,0.3578196662884705,0,Neutral,0.0
FMW6diQ9rMo$_$4,3,Neutral,0.4229329493635835,0.44589782864124283,0.1311692219951737,-0.06629500885714286,0.14369905500952723,0,Negative,-0.33333334
FMW6diQ9rMo$_$8,3,Positive,0.1717797516492212,0.028338517392715864,0.7998817309580629,0.8484103057142857,1.0,0,Negative,-0.33333334
FOMXt3lStco$_$1,2,Neutral,0.04303411884807647,0.6434687812794422,0.31349709987248137,0.22054306971428575,0.2761539549211806,0,Positive,0.33333334
FR0B64ID-hA$_$5,2,Negative,0.9244453647431187,0.0449037995477448,0.030650835709136515,-0.9018292228571428,1.0,0,Negative,-0.6666667
FRKwvmrwrZA$_$24,1,Positive,0.056479557631224635,0.30428367706857956,0.6392367653001959,0.43642957857142856,1.0,0,Positive,0.33333334
FRKwvmrwrZA$_$22,1,Negative,0.9140344646981041,0.056188744154146215,0.029776791147749716,-0.9937262471428571,1.0,0,Negative,-0.33333334
FX-YgVKC1AI$_$5,3,Positive,0.07229432625126798,0.42388707097992867,0.5038186027688034,0.26924277591428575,1.0,0,Positive,0.6666667
FX-YgVKC1AI$_$7,3,Positive,0.01546943442875953,0.08091966245594837,0.9036109031152921,0.8132062971428571,1.0,0,Positive,1.3333334
FaHosBIr0xY$_$3,0,Positive,0.00950639606884306,0.02615322643923559,0.9643403774919214,1.1875996714285715,1.0,0,Positive,0.6666667
FdTczBnXtYU$_$3,1,Positive,0.013105402423280395,0.08068273118729917,0.9062118663894204,0.8343485542857144,1.0,0,Positive,1.3333334
FmIS69vB12I$_$13,2,Neutral,0.0335619543235809,0.7385208485471935,0.2279171971292257,0.22270986299999998,0.42927997027556586,0,Positive,0.33333334
FmIS69vB12I$_$0,2,Positive,0.0177697382360031,0.13279293066306558,0.8494373311009313,0.6972234014285714,1.0,0,Positive,1.0
FmIS69vB12I$_$3,2,Positive,0.018183852794814204,0.17161525790286755,0.8102008893023183,0.5705657157142857,1.0,0,Positive,0.33333334
FmIS69vB12I$_$2,2,Positive,0.014865445244791624,0.09433671078973745,0.8907978439654709,0.8130224699999999,1.0,0,Neutral,0.0
FmIS69vB12I$_$7,2,Neutral,0.2482343188541902,0.6380664153772113,0.11369926576859851,0.07460587442857143,0.2728757330710823,0,Negative,-0.6666667
Fmwc7wkIc4Q$_$10,1,Neutral,0.28312363385714284,0.4126911507142858,0.30418521542857146,0.09343057428571429,0.36785594096827157,0,Neutral,0.0
Fmwc7wkIc4Q$_$13,1,Neutral,0.30525069721123466,0.5117521632197041,0.18299713956906144,-0.035430886142857124,0.49212862718619177,0,Positive,0.33333334
Fmwc7wkIc4Q$_$14,1,Negative,0.6783222159356622,0.16243152229740893,0.1592462617669288,-0.3214917634285714,1.0,0,Neutral,0.0
FphtHpVV-7w$_$0,2,Negative,0.9260779836271625,0.04738299002282696,0.026539026350010493,-0.8008804214285714,1.0,0,Negative,-1.0
FphtHpVV-7w$_$3,2,Negative,0.9419565141511491,0.03258429163820225,0.02545919421064869,-0.9668338714285715,1.0,0,Positive,0.6666667
FsmNLTdE2p0$_$0,1,Neutral,0.03267783649860576,0.7869083523863402,0.18041381111505414,0.14196433142857143,0.6657066455626883,0,Positive,0.33333334
FvoZgWvc3gc$_$11,1,Positive,0.014158263018203483,0.4507734720081373,0.5350682649736592,0.3138621557142857,1.0,0,Positive,0.6666667
FylhSeozvG8$_$3,4,Positive,0.010833564067290817,0.05730347293206223,0.931862963000647,1.0009854357142858,1.0,0,Positive,1.0
FylhSeozvG8$_$2,4,Negative,0.683831373343265,0.261839847083624,0.05432877957311096,-0.4395492771428571,1.0,0,Negative,-0.33333334
FylhSeozvG8$_$5,4,Negative,0.7570162912993247,0.20808549762527614,0.03489821107539914,-0.4203427645714286,1.0,0,Positive,0.6666667
FylhSeozvG8$_$6,4,Negative,0.6777798281357129,0.3012591905206191,0.020960981343667945,-0.6943246942857143,1.0,0,Negative,-1.3333334
G1Z_JUTgZqo$_$0,2,Positive,0.013505806290578525,0.24433716879576683,0.7421570249136547,0.5061735057142858,1.0,0,Neutral,0.0
G1Z_JUTgZqo$_$3,2,Positive,0.0158511538186472,0.23514635657178745,0.7490024896095654,0.5579418314285715,1.0,0,Neutral,0.0
G1Z_JUTgZqo$_$2,2,Positive,0.017550875007493243,0.24977685766152719,0.7326722673309796,0.47953039857142865,1.0,0,Positive,0.33333334
G38DwNDQ8Cc$_$26,3,Negative,0.784834191362763,0.16221645724368342,0.05294935139355368,-0.4634039,1.0,0,Negative,-0.6666667
G38DwNDQ8Cc$_$1,3,Negative,0.7656051680414008,0.17728212047884576,0.05711271147975333,-0.25977533511428574,1.0,0,Negative,-1.6666666
G38DwNDQ8Cc$_$0,3,Positive,0.011892383240767393,0.1875736145930296,0.8005340021662031,0.8103903314285714,1.0,0,Neutral,0.0
G38DwNDQ8Cc$_$2,3,Negative,0.6667901956185006,0.1559767939521028,0.17723301042939668,-0.2367491855285714,1.0,0,Negative,-1.0
G38DwNDQ8Cc$_$5,3,Negative,0.43302962467341377,0.4113010194747522,0.15566935585183414,0.019537016000000018,1.0,0,Negative,-0.33333334
G4HMKRdIva0$_$10,2,Negative,0.8841901826419294,0.06766192172764945,0.04814789563042109,-0.5315524071428571,1.0,0,Negative,-0.33333334
G4HMKRdIva0$_$18,2,Positive,0.03150380440105827,0.049285750149336935,0.9192104454496048,0.9598363714285714,1.0,0,Negative,-0.33333334
G4HMKRdIva0$_$15,2,Positive,0.014584351529620149,0.02470375609973317,0.9607118923706467,1.3950992857142857,1.0,0,Positive,1.0
G8p4QMjLUXI$_$7,4,Positive,0.05433274275476613,0.2015438161318299,0.744123441113404,0.5757235757142858,1.0,0,Positive,0.33333334
G8p4QMjLUXI$_$9,4,Negative,0.49885578374141837,0.33369505964557006,0.16744915661301157,-0.07084642071428572,1.0,0,Positive,2.6666667
GAY5ICoVnA8$_$12,4,Positive,0.018850340945942182,0.22018124758582633,0.7609684114682315,0.4860938842857143,1.0,0,Positive,1.0
GAY5ICoVnA8$_$3,4,Positive,0.009400332239546274,0.08322898199892668,0.907370685761527,0.8297941485714286,1.0,0,Positive,0.6666667
GAY5ICoVnA8$_$5,4,Positive,0.014966928772686617,0.09200862626652276,0.8930244449607907,0.69272627,1.0,0,Positive,1.0
GCOFujDHDx0$_$10,4,Positive,0.04428663158439542,0.21729296653023408,0.7384204018853705,0.4861810292857142,1.0,0,Neutral,0.0
GCOFujDHDx0$_$2,4,Neutral,0.043815253180220955,0.6459781649466235,0.3102065818731555,0.2248323957142857,0.34096267312933787,0,Positive,0.33333334
GCOFujDHDx0$_$5,4,Positive,0.021866972409946586,0.06800405575919238,0.910128971830861,0.9483151428571429,1.0,0,Negative,-0.33333334
GCOFujDHDx0$_$9,4,Neutral,0.051752535369190375,0.7175099846634773,0.23073747996733235,0.222683379,0.36905707551011485,0,Positive,0.33333334
GICVzJMDfv0$_$1,4,Positive,0.014671722221787496,0.0684547817731613,0.9168734960050511,0.8247157485714286,1.0,0,Positive,1.0
GJyzeK-Cn-0$_$6,3,Positive,0.009240171234599892,0.042666366829944055,0.9480934619354561,1.1539356714285716,1.0,0,Positive,0.6666667
GMnoxaqqReQ$_$1,4,Neutral,0.09089442864294933,0.7375996353636595,0.17150593599339128,0.09552094471428571,0.3924991563849497,0,Neutral,0.0
GOj7TBcEA8E$_$3,3,Positive,0.005300487651855171,0.02717072486665261,0.9675287874814922,1.31049188,1.0,0,Positive,1.3333334
GOj7TBcEA8E$_$4,3,Positive,0.004620593079321705,0.016497598650617045,0.9788818082700612,1.4559607857142858,1.0,0,Neutral,0.0
GOj7TBcEA8E$_$8,3,Positive,0.0506978363422914,0.42763425817902545,0.5216679054786831,0.39478729285714287,1.0,0,Positive,1.0
GRFXnnrQaB4$_$0,2,Positive,0.31532877594598635,0.21344038871174975,0.4712308353422639,-0.04726502714285715,1.0,0,Negative,-0.6666667
GSnt_fW8qjI$_$4,1,Negative,0.7619554682996819,0.17005334050038104,0.06799119119993709,-0.2577676228571429,1.0,0,Positive,0.6666667
GTGtVdAuyRc$_$10,3,Neutral,0.0838880159973361,0.7057085263267006,0.21040345767596336,0.21113351785714288,0.2608026759287701,0,Positive,0.33333334
GTGtVdAuyRc$_$0,3,Positive,0.04861545079859312,0.22937753504972164,0.7220070141516852,0.6081028942857143,1.0,0,Positive,0.33333334
GTGtVdAuyRc$_$5,3,Positive,0.0335853180612928,0.345490493446666,0.6209241884920412,0.43545679714285707,1.0,0,Positive,1.6666666
GUffC7vu9zA$_$26,4,Neutral,0.351570184888406,0.5777989233476553,0.07063089176393866,-0.1585054445714286,0.7065173357128625,0,Positive,0.33333334
GUffC7vu9zA$_$37,4,Positive,0.012478413965576135,0.09500290032230427,0.8925186857121196,0.71003025,1.0,0,Positive,0.6666667
GUffC7vu9zA$_$43,4,Positive,0.016300957812136016,0.0666366844525951,0.9170623577352689,1.12865328,1.0,0,Positive,1.0
GUffC7vu9zA$_$41,4,Positive,0.03573211681109459,0.2030679108776481,0.7611999723112574,0.7403420742857142,1.0,0,Neutral,0.0
G_M3lYn6hAA$_$5,0,Positive,0.005188284695014944,0.020508515352396946,0.9743031999525881,1.2526851285714287,1.0,0,Positive,2.3333333
GcfETVXgtg0$_$3,0,Positive,0.008087536355409817,0.03071124027913331,0.9612012233654569,1.068522162857143,1.0,0,Positive,0.6666667
Gg9ZcRlwnbc$_$14,3,Positive,0.014237258811622518,0.07598297509013985,0.9097797660982376,0.9483140257142857,1.0,0,Positive,0.6666667
Gg9ZcRlwnbc$_$16,3,Positive,0.041276537922279144,0.2564516632512677,0.7022717988264531,0.6424506542857144,1.0,0,Neutral,0.0
GkoBk5K-FH0$_$21,0,Positive,0.24499351555182972,0.04897061102484229,0.7060358734233281,0.6598445485714286,1.0,0,Positive,1.6666666
Gljee9uq_Rc$_$11,0,Neutral,0.19783034878530537,0.6989062357639618,0.10326341545073275,-0.07641045248571429,0.37341265554493003,0,Negative,-0.33333334
Gljee9uq_Rc$_$12,0,Negative,0.9154923463983933,0.048261273629625435,0.03624637997198135,-0.7498927371428571,1.0,0,Negative,-0.33333334
Gljee9uq_Rc$_$16,0,Negative,0.9563467037629262,0.029999835861787637,0.013653460375286124,-1.1292496357142858,1.0,0,Negative,-1.6666666
Gljee9uq_Rc$_$6,0,Neutral,0.06506752984125032,0.6277370600229419,0.3071954101358078,0.19234249171428572,0.4137413495218905,0,Neutral,0.0
Gmhi58erY6k$_$0,1,Neutral,0.019273085,0.6281085407142857,0.3526183742857143,0.26126296200000004,0.4590624186479408,0,Neutral,0.0
GpRDC-S88dM$_$25,0,Negative,0.4685334558416165,0.0792844764007914,0.4521820677575921,-0.17127458571428572,1.0,0,Positive,1.3333334
GpRDC-S88dM$_$1,0,Positive,0.024224534257269364,0.1671214093182129,0.8086540564245177,0.8114513428571428,1.0,0,Positive,0.6666667
GpRDC-S88dM$_$18,0,Positive,0.0168505678551511,0.2902825965923401,0.6928668355525088,0.5738708471428572,1.0,0,Positive,1.0
GtRxTvuF6J0$_$7,0,Positive,0.015639073943093426,0.048339680902029704,0.936021245154877,0.8411723914285715,1.0,0,Positive,1.3333334
Gv0kKbfwPpI$_$2,0,Positive,0.011078703143044473,0.024602969909040626,0.964318326947915,1.2649608857142858,1.0,0,Neutral,0.0
H-AJ-grXvgQ$_$0,4,Positive,0.03801617826080701,0.3926249328165454,0.5693588889226475,0.4391443674285714,1.0,0,Positive,0.6666667
H26MMmrHTlQ$_$7,3,Neutral,0.03291757384627749,0.625723064149978,0.34135936200374445,0.2559527485714286,0.48738935629236113,0,Neutral,0.0
H26MMmrHTlQ$_$8,3,Positive,0.14449762036664388,0.30404600058398024,0.5514563790493759,0.3872307371428571,1.0,0,Positive,0.6666667
H4RysMUSQD8$_$7,0,Neutral,0.025789120067523746,0.6127046307078495,0.3615062492246268,0.4553891228571429,0.5779081733734185,0,Neutral,0.0
H4w9mU8B3Mc$_$7,2,Neutral,0.05000044898571416,0.8532956397562013,0.0967039112580846,0.046940505285714286,0.5928612203040144,0,Positive,0.6666667
HByf7qiO-Kg$_$3,4,Positive,0.009708862092924025,0.052683527239569955,0.9376076106675061,1.1427829542857142,1.0,0,Positive,0.6666667
HIsJqphLCyw$_$1,2,Neutral,0.406621597934517,0.52384741981013,0.06953098225535287,-0.16956620830000002,0.4095016668375716,0,Neutral,0.0
HLFaW4oVP9E$_$13,0,Negative,0.5975157818553685,0.31050718993607657,0.09197702820855501,-0.39177261642857136,1.0,0,Neutral,0.0
HOCsiS0pmf0$_$2,3,Negative,0.6639641548490354,0.09464294449821455,0.24139290065275013,-0.3184006602857143,1.0,0,Positive,0.6666667
HQ2LwfRcrVc$_$11,1,Positive,0.007249503457751303,0.01674366379781807,0.9760068327444307,1.4103385857142854,1.0,0,Positive,2.3333333
HQ2LwfRcrVc$_$8,1,Positive,0.02955737577762295,0.11882122525461693,0.8516213989677602,0.5865798685714286,1.0,0,Positive,1.0
HUH9BXVmAig$_$2,3,Positive,0.0059264283466718345,0.030097333881001147,0.963976237772327,1.2631802,1.0,0,Positive,0.6666667
HUOMbK1x7MI$_$6,3,Positive,0.022902635466722047,0.14225742511269024,0.8348399394205877,0.4449843785714286,1.0,0,Positive,0.6666667
HVksxaUzv9Y$_$5,4,Positive,0.02732250604215446,0.3334949332141126,0.639182560743733,0.3815010514285714,1.0,0,Neutral,0.0
HXuRR2eBHHQ$_$2,1,Positive,0.004423254956379665,0.01689643490879767,0.9786803101348227,1.4006304885714287,1.0,0,Positive,3.0
Ha7DMd_iKyM$_$3,0,Positive,0.02672446083281731,0.13437118094311443,0.8389043582240683,0.46551236142857144,1.0,0,Positive,0.33333334
Ha7DMd_iKyM$_$4,0,Neutral,0.1909763755134196,0.4309896434849334,0.37803398100164703,0.12814022014285714,0.18218482813218878,0,Neutral,0.0
HgDdU_RB9UA$_$10,1,Positive,0.04952746327898916,0.06829572512155412,0.8821768115994567,0.8426434842857142,1.0,0,Positive,0.33333334
HgDdU_RB9UA$_$7,1,Positive,0.026562473331027174,0.0828960059467862,0.8905415207221866,0.6391519642857143,1.0,0,Positive,0.33333334
HhpziYYP2Vg$_$16,1,Negative,0.7960791902773126,0.07011680407882173,0.13380400564386571,-0.5183996171428571,1.0,0,Positive,1.0
Hkt_kncJGVM$_$2,4,Neutral,0.030944943116859344,0.6718608670674037,0.2971941898157369,0.27462156900000007,0.40770677823479146,0,Positive,0.6666667
I--8nRKCkJI$_$4,2,Positive,0.009971467448514364,0.057960958544493346,0.9320675740069922,1.0077880799999999,1.0,0,Positive,1.0
I--8nRKCkJI$_$7,2,Positive,0.00793072060943482,0.08114706322945166,0.9109222161611136,0.9398794957142856,1.0,0,Positive,1.3333334
I3SPlbTGuNc$_$5,3,Positive,0.014570510737182229,0.03027288276185739,0.9551566065009603,1.3545159514285712,1.0,0,Positive,2.3333333
I5cS_TlV5B8$_$2,2,Positive,0.007523943386163782,0.021826326441330115,0.9706497301725061,1.5026164914285716,1.0,0,Positive,1.6666666
IB0lGIxP8YY$_$11,4,Negative,0.8167964730828697,0.04293808084664971,0.14026544607048058,-0.6912633757142856,1.0,0,Negative,-0.6666667
IB0lGIxP8YY$_$5,4,Negative,0.8710058784123417,0.06062722126834234,0.06836690031931605,-0.43731058400000006,1.0,0,Negative,-0.6666667
IB0lGIxP8YY$_$8,4,Negative,0.9114029844159147,0.04425112479203588,0.04434589079204941,-0.7943596371428571,1.0,0,Neutral,0.0
ICeSewdyf34$_$5,1,Positive,0.005865529854414372,0.02320512599233519,0.9709293441532504,1.291799567142857,1.0,0,Positive,1.6666666
ITQTVfk9Iqo$_$5,0,Positive,0.06663457319100342,0.44343947771492287,0.4899259490940737,0.35850589057142856,1.0,0,Negative,-0.33333334
IW7IssCKgmI$_$9,1,Neutral,0.042063957974040736,0.6124456701476944,0.345490371878265,0.2539555362857143,0.45545048578403924,0,Positive,0.6666667
I_r2CP56toU$_$6,2,Positive,0.15377749848368324,0.31213609781338375,0.534086403702933,0.35267355499999997,1.0,0,Positive,0.33333334
IawsOlEKRf0$_$11,0,Negative,0.7858998774854495,0.06478163762089668,0.14931848489365385,-0.5117616014285714,1.0,0,Negative,-0.6666667
IawsOlEKRf0$_$26,0,Negative,0.8416573687851453,0.026646684365006054,0.13169594684984862,-0.9169023999999999,1.0,0,Negative,-0.6666667
IawsOlEKRf0$_$28,0,Positive,0.007962236588659095,0.01704221567472343,0.9749955477366175,1.377978657142857,1.0,0,Positive,1.6666666
IawsOlEKRf0$_$3,0,Positive,0.020702393942777984,0.10436276435145996,0.874934841705762,0.62319543,1.0,0,Positive,1.3333334
IawsOlEKRf0$_$5,0,Positive,0.01089265507049879,0.03135477486314328,0.9577525700663579,1.1550505771428572,1.0,0,Positive,1.0
IkvL4IAiZog$_$8,3,Positive,0.041206840708767796,0.04971483052514939,0.9090783287660829,0.8317607414285716,1.0,0,Positive,0.33333334
IlgnbEdOhmI$_$9,0,Positive,0.015694614901500047,0.09606571236021241,0.8882396727382875,0.7567551685714287,1.0,0,Positive,0.6666667
IlgnbEdOhmI$_$1,0,Positive,0.009283368794759097,0.09948017262249371,0.8912364585827472,0.8015126228571429,1.0,0,Positive,1.3333334
IsAtAzltJNM$_$6,4,Positive,0.020619569532395163,0.42890457984515407,0.5504758506224507,0.5317273657142857,1.0,0,Positive,1.0
IsAtAzltJNM$_$8,4,Negative,0.4923934055518688,0.39157247414975777,0.11603412029837347,-0.10563268199999999,1.0,0,Positive,0.33333334
Itqbc2TBXWY$_$26,1,Positive,0.005302831238814282,0.014718555548255834,0.9799786132129299,1.474656424285714,1.0,0,Positive,2.6666667
Itqbc2TBXWY$_$23,1,Positive,0.015750497772765187,0.2183723991872907,0.765877103039944,0.5976747542857143,1.0,0,Positive,0.6666667
Itqbc2TBXWY$_$1,1,Positive,0.018896461193823443,0.11501430700594778,0.8660892318002289,0.6725730314285714,1.0,0,Positive,0.6666667
Itqbc2TBXWY$_$0,1,Positive,0.009335481298971868,0.08507072191457013,0.905593796786458,0.7858856499999999,1.0,0,Neutral,0.0
Itqbc2TBXWY$_$6,1,Neutral,0.04038591336222314,0.7328648709388648,0.22674921569891202,0.15143063014285715,0.599163425147766,0,Positive,0.33333334
Itqbc2TBXWY$_$13,1,Positive,0.011880175025833765,0.10336844764039982,0.8847513773337664,0.6400318357142858,1.0,0,Positive,0.33333334
Itqbc2TBXWY$_$18,1,Positive,0.011152877904996378,0.11799365675368313,0.8708534653413205,0.5753274514285714,1.0,0,Positive,1.0
IwQWibE8EOM$_$3,2,Positive,0.009904518466749116,0.023090909065337662,0.9670045724679133,1.2791873142857142,1.0,0,Positive,1.6666666
Iz_PDdyXr-8$_$3,1,Positive,0.01805022376327918,0.33065822089750085,0.6512915553392199,0.39797020857142856,1.0,0,Neutral,0.0
J3-NEG8uoiE$_$11,2,Neutral,0.0415212038383506,0.6950753437540558,0.26340345240759366,0.18826108685714285,0.6126420907674195,0,Positive,0.6666667
J3-NEG8uoiE$_$1,2,Neutral,0.033319419311864024,0.7468272279014226,0.21985335278671342,0.15913079642857145,0.49075852590275343,0,Positive,1.6666666
J3-NEG8uoiE$_$3,2,Neutral,0.195086489617054,0.5861188374146108,0.21879467296833519,-0.008372057714285727,0.31474877243272664,0,Positive,1.0
J3JU1zBQ4RM$_$2,3,Positive,0.013140807091325306,0.10636208257618338,0.8804971103324913,0.7390097142857143,1.0,0,Positive,1.3333334
J7UduuBfnrE$_$4,1,Negative,0.7337346267041313,0.22993447392438868,0.03633089937148001,-0.35404343614285716,1.0,0,Neutral,0.0
J7UduuBfnrE$_$7,1,Negative,0.6132828128644082,0.34101739310140744,0.04569979403418426,-0.23309029885714283,1.0,0,Negative,-0.6666667
J7UduuBfnrE$_$6,1,Negative,0.9641791476436036,0.02284539143483962,0.012975460921556754,-1.1778226042857143,1.0,0,Negative,-1.3333334
J7UduuBfnrE$_$8,1,Neutral,0.27316074819204955,0.5015535203829812,0.2252857314249693,0.08964761842857143,0.280035083644449,0,Positive,1.0
JAbFsRxxnFo$_$0,2,Positive,0.00940688737978316,0.020859948637170916,0.969733163983046,1.5387394285714286,1.0,0,Positive,1.0
JCg26b8EO48$_$4,0,Positive,0.008584974843434354,0.025205490539694675,0.966209534616871,1.1520782,1.0,0,Positive,0.6666667
JCg26b8EO48$_$6,0,Positive,0.020220527101759363,0.04006565363152704,0.9397138192667136,0.9413427028571428,1.0,0,Positive,2.0
JDgqyOkzXHw$_$0,4,Neutral,0.06827675096038799,0.7379835485109699,0.19373970052864203,0.17211093885714288,0.49675428435845836,0,Positive,1.3333334
JDgqyOkzXHw$_$7,4,Negative,0.7658344167658344,0.05717531734288961,0.176990265891276,-0.14845370410000003,1.0,0,Positive,0.6666667
JDgqyOkzXHw$_$9,4,Positive,0.04270564339372729,0.09504441174521808,0.8622499448610547,0.6290764099999999,1.0,0,Positive,0.6666667
JF-5nlUNx_g$_$20,2,Positive,0.01119780932010756,0.03437071631985292,0.9544314743600395,1.2509023142857143,1.0,0,Positive,1.3333334
JF-5nlUNx_g$_$21,2,Positive,0.013608044692401981,0.037996796810879106,0.948395158496719,1.3126816428571428,1.0,0,Positive,2.3333333
JF-5nlUNx_g$_$2,2,Positive,0.011868581459524803,0.21721107723772415,0.7709203413027511,0.5530555371428572,1.0,0,Positive,1.0
JF-5nlUNx_g$_$5,2,Positive,0.04906826908194321,0.32935899221343407,0.6215727387046227,0.41057064142857147,1.0,0,Positive,0.33333334
JF-5nlUNx_g$_$13,2,Neutral,0.3453002323146676,0.573000773226654,0.08169899445867843,-0.051590853285714285,0.2614053025773235,0,Positive,0.33333334
JF-5nlUNx_g$_$16,2,Positive,0.025499411549571936,0.3173374775851393,0.6571631108652888,0.4633394057142857,1.0,0,Positive,0.33333334
JF-5nlUNx_g$_$18,2,Positive,0.02044815196216482,0.22624250751454128,0.7533093405232939,0.56375196,1.0,0,Positive,1.0
JGEEA_JVriE$_$0,0,Positive,0.13468755583145117,0.09491473624987602,0.7703977079186728,0.4701085014285714,1.0,0,Positive,1.0
JHW3nD6flgU$_$4,4,Positive,0.007258479968908284,0.033328184830275345,0.9594133352008164,1.1288333485714286,1.0,0,Positive,2.0
JHW3nD6flgU$_$8,4,Positive,0.017795830764105063,0.30001470863569635,0.6821894606001986,0.6514776957142857,1.0,0,Positive,1.0
JLqBVj6f5gI$_$21,0,Positive,0.012857106892959085,0.04043817118407776,0.9467047219229632,1.1242951285714284,1.0,0,Positive,1.0
JLqBVj6f5gI$_$17,0,Positive,0.23380157373842966,0.3349873530964195,0.4312110731651508,0.25460623499999996,1.0,0,Positive,1.3333334
JLqBVj6f5gI$_$8,0,Positive,0.010788164376706691,0.03247428727172243,0.956737548351571,1.1443069071428573,1.0,0,Positive,2.0
JMb18N7lQ0A$_$1,3,Neutral,0.13067513061936692,0.4622338087751537,0.4070910606054794,0.20737377571428572,0.40811454425747407,0,Neutral,0.0
JMzilFvwNXE$_$4,0,Positive,0.019027655014495333,0.09812709925537974,0.8828452457301249,0.6356368442857143,1.0,0,Positive,0.6666667
JP95Fby6qLE$_$23,2,Positive,0.010504416096337588,0.026942194594970284,0.9625533893086922,1.419297162857143,1.0,0,Positive,2.3333333
JP95Fby6qLE$_$1,2,Negative,0.7723017600285165,0.18050649431898888,0.04719174565249479,-0.5027830871428571,1.0,0,Positive,0.33333334
JSlTJsUulH0$_$2,1,Neutral,0.027062159439890942,0.6376986473601173,0.3352391931999918,0.1776826197142857,0.5608323571167482,0,Negative,-0.6666667
JW3OfSCZlhc$_$5,1,Neutral,0.030618443312615366,0.7258085350287794,0.2435730216586053,0.2493221021428571,0.509456863739388,0,Positive,0.33333334
JX-mwjSw0dk$_$8,4,Negative,0.771047682731809,0.08799912296629317,0.14095319430189784,-0.3596935500000001,1.0,0,Negative,-0.33333334
JYdfUNjyYxo$_$5,4,Positive,0.033952798645920816,0.31454145743406764,0.6515057439200116,0.4672446685714286,1.0,0,Positive,1.0
JYsAacFmXEo$_$11,4,Positive,0.00871678676774489,0.04375213630335257,0.9475310769289026,0.9809867942857143,1.0,0,Neutral,0.0
JYsAacFmXEo$_$17,4,Positive,0.006730831074313213,0.02580222279677238,0.9674669461289144,1.2406015342857144,1.0,0,Positive,1.6666666
J_DtcW86D9c$_$2,2,Positive,0.014742624204629854,0.07611337008137649,0.9091440057139937,0.9037825428571427,1.0,0,Positive,0.6666667
J_DtcW86D9c$_$9,2,Positive,0.01129310488412563,0.05233960409895942,0.936367291016915,1.1399435014285715,1.0,0,Positive,0.33333334
Ja7phs8EbWk$_$10,3,Positive,0.006427449729244549,0.01655598814025811,0.9770165621304974,1.5630435571428571,1.0,0,Positive,1.0
Ja7phs8EbWk$_$6,3,Negative,0.6646562296784421,0.29930705724691575,0.0360367130746421,-0.3311937748571428,1.0,0,Negative,-0.33333334
JcmqmLaL_MQ$_$7,3,Positive,0.3545887914302316,0.20465455149765188,0.44075665707211653,0.23448594999999997,1.0,0,Positive,0.33333334
JdFaSggG58c$_$5,1,Negative,0.8914294758130512,0.0756001877317265,0.032970336455222335,-0.6016142242857142,1.0,0,Negative,-0.33333334
JdFaSggG58c$_$6,1,Negative,0.4431274109590348,0.3735829873293666,0.18328960171159867,-0.05946497642857142,1.0,0,Neutral,0.0
Jh1uDYOJMwk$_$1,3,Positive,0.01234188536155067,0.07355746645484194,0.9141006481836074,0.8451301928571429,1.0,0,Positive,1.3333334
Jh1uDYOJMwk$_$4,3,Negative,0.8242621995489927,0.06264802095145323,0.11308977949955416,-0.6414110771428572,1.0,0,Negative,-1.6666666
JlmpDdm1A1Y$_$3,4,Positive,0.011559344602416107,0.08379226188557985,0.904648393512004,0.6579808328571428,1.0,0,Positive,2.0
JvgofTcCSEc$_$15,4,Positive,0.015126778663386343,0.07116478009658078,0.9137084412400329,0.8367314457142857,1.0,0,Positive,0.33333334
JvgofTcCSEc$_$19,4,Negative,0.603482353811126,0.13796545746259928,0.2585521887262746,-0.06079963414285715,1.0,0,Neutral,0.0
JwzxqrD8tIo$_$9,3,Negative,0.5677846131592549,0.07203713281869006,0.360178254022055,-0.16450782457142862,1.0,0,Positive,1.0
JzydLJw6y6o$_$14,4,Neutral,0.02028233705347576,0.7420250534025157,0.23769260954400862,0.2972188334285714,0.6426131914646106,0,Positive,0.6666667
JzydLJw6y6o$_$0,4,Positive,0.044482832013619425,0.19287656193792824,0.7626406060484523,0.6633752142857142,1.0,0,Positive,2.0
JzydLJw6y6o$_$8,4,Negative,0.6735453890044221,0.18291468340330228,0.14353992759227566,-0.3587953328571429,1.0,0,Neutral,0.0
K5cGfs3i-tk$_$0,1,Positive,0.023704779887742475,0.1389248157009845,0.8373704044112731,0.6146685885714286,1.0,0,Positive,1.3333334
K62NK2KYhws$_$10,3,Positive,0.014259897732935527,0.08392071359744345,0.9018193886696211,0.7923795614285715,1.0,0,Positive,0.6666667
K62NK2KYhws$_$15,3,Positive,0.007352590929095254,0.036860831003006425,0.9557865780678984,1.2117309428571428,1.0,0,Positive,0.6666667
K62NK2KYhws$_$3,3,Positive,0.015416610896934121,0.09105478622832382,0.8935286028747421,0.6494736771428572,1.0,0,Positive,1.3333334
K62NK2KYhws$_$8,3,Positive,0.0108174813177441,0.05022921501346285,0.938953303668793,0.9921650642857144,1.0,0,Positive,0.6666667
K7FiMf-Dmwo$_$2,1,Neutral,0.0218487902869146,0.7228184391052265,0.2553327706078589,0.1973987877142857,0.5928358293184726,0,Positive,0.33333334
K7KEtrgBkz4$_$9,2,Positive,0.0322767436868681,0.24263233301557327,0.7250909232975586,0.5341779985714286,1.0,0,Positive,1.0
K9-KyChw8RM$_$8,0,Neutral,0.19924146629167425,0.49342720112307203,0.3073313325852538,-0.045410875142857146,0.5663198408652027,0,Negative,-0.33333334
K9U2TAF9DDY$_$6,1,Neutral,0.07796163163535971,0.7380044264338487,0.1840339419307917,0.11181954657142858,0.44841410933770004,0,Neutral,0.0
K9faaGel838$_$0,3,Negative,0.48490595618868115,0.33978560218433607,0.17530844162698284,-0.11693135571428569,1.0,0,Neutral,0.0
KD0w4BrNXQg$_$11,0,Negative,0.8931240722177023,0.08008087263720362,0.02679505514509408,-0.7133537057142857,1.0,0,Negative,-1.3333334
KD0w4BrNXQg$_$7,0,Neutral,0.11686955947518021,0.7835734969031287,0.09955694362169111,-0.08212368434285713,0.49590934927120667,0,Positive,0.33333334
KEUVzxC7T3E$_$4,2,Negative,0.5528667041652482,0.40368913688496255,0.04344415894978929,-0.2983778128571429,1.0,0,Negative,-0.33333334
KI2sU-mhM44$_$16,1,Positive,0.046633997112502296,0.39030858283599673,0.5630574200515011,0.30206592,1.0,0,Positive,1.6666666
KLy4aBLqwCk$_$15,3,Positive,0.027520509781121232,0.17566475399804296,0.7968147362208358,0.441946562,1.0,0,Positive,0.6666667
KLy4aBLqwCk$_$17,3,Positive,0.023332713719285584,0.06863570180042194,0.9080315844802924,0.7790026242857143,1.0,0,Positive,0.33333334
KPeos6f4HuQ$_$6,3,Neutral,0.04373325520118022,0.7446156242167056,0.21165112058211424,0.17619177314285714,0.5356698057442739,0,Positive,0.33333334
KQ86HmgwUns$_$11,0,Neutral,0.04277301295533039,0.724252986605599,0.23297400043907057,0.20141525414285713,0.4750301220157195,0,Positive,0.33333334
KR4MpF0YtgE$_$1,2,Positive,0.01177927539013347,0.04903087773196096,0.9391898468779056,1.1369066428571428,1.0,0,Positive,1.0
K_5u2Wh_wGk$_$5,3,Negative,0.5002837458913371,0.4355563640952338,0.06415989001342917,-0.11085279471428569,1.0,0,Positive,0.33333334
Kep_mLLXsqk$_$3,4,Neutral,0.021203891912155305,0.5071537778989343,0.47164233018891033,0.36803760142857145,0.39712527691323696,0,Positive,0.33333334
Kep_mLLXsqk$_$7,4,Positive,0.01858790906404167,0.44835932228765285,0.5330527686483055,0.4361783342857143,1.0,0,Neutral,0.0
Kmtib-wZ0jM$_$0,0,Negative,0.8213259525360223,0.025259167852793925,0.15341487961118394,-0.8746486364285715,1.0,0,Negative,-1.6666666
L0WUuWYNeCo$_$26,2,Neutral,0.27699716849429384,0.3835013453328533,0.33950148617285286,0.1663027462857143,0.332899383514748,0,Positive,1.3333334
L0WUuWYNeCo$_$27,2,Negative,0.5691775912722085,0.14075287970166012,0.2900695290261315,-0.039563530000000006,1.0,0,Positive,0.33333334
L0WUuWYNeCo$_$2,2,Negative,0.614629316480819,0.31942387185508525,0.06594681166409576,-0.291086278,1.0,0,Positive,0.33333334
L0WUuWYNeCo$_$5,2,Neutral,0.27778122589289034,0.4453234842941908,0.2768952898129189,0.09813883935714285,0.2210182971297693,0,Neutral,0.0
L0WUuWYNeCo$_$8,2,Positive,0.16558146851282227,0.061723301950733334,0.7726952295364444,0.6219136271428571,1.0,0,Neutral,0.0
L0WUuWYNeCo$_$11,2,Negative,0.8694640264595406,0.054667884189715334,0.07586808935074407,-0.5391980351428571,1.0,0,Negative,-1.0
L0WUuWYNeCo$_$10,2,Positive,0.348033995174624,0.14342301120426526,0.5085429936211107,0.267875102,1.0,0,Positive,1.3333334
L2uC4_Co9uw$_$0,0,Positive,0.011259512671810176,0.049871499913955286,0.9388689874142345,0.8974068585714285,1.0,0,Positive,2.0
L382XZ6iZmM$_$7,4,Positive,0.06784212679307901,0.2113179566107755,0.7208399165961455,0.40496688714285717,1.0,0,Negative,-0.33333334
L5a2ijeWpUI$_$4,2,Neutral,0.3051416548187678,0.6135219782297842,0.08133636695144807,-0.08630028307142856,0.34195093449804614,0,Negative,-0.33333334
L6pg3DQKoH4$_$0,4,Positive,0.010999229240931711,0.1620271541260323,0.826973616633036,1.02673148,1.0,0,Positive,0.6666667
LHC7ZKJy4Zw$_$1,2,Positive,0.008987530458422868,0.01576889915951813,0.975243570382059,1.6704151571428572,1.0,0,Positive,1.6666666
LUKIYWa0UGA$_$7,0,Positive,0.021588036799644963,0.2967910717089342,0.6816208914914208,0.45506351242857146,1.0,0,Positive,1.0
LUf9vbe0TcQ$_$1,4,Positive,0.007254623480009142,0.028018291784859553,0.9647270847351314,1.2101859285714285,1.0,0,Positive,1.6666666
LX2rT5C3sJs$_$5,0,Positive,0.011771793057069711,0.19036444089230992,0.7978637660506205,0.6990511557142858,1.0,0,Positive,0.33333334
LX2rT5C3sJs$_$6,0,Positive,0.011750007970446508,0.07493823179404724,0.9133117602355062,0.9125108057142858,1.0,0,Positive,1.6666666
LZl9Sj1safM$_$0,1,Negative,0.6456646533599925,0.1858637527855283,0.1684715938544793,-0.113563119,1.0,0,Positive,0.33333334
L_XttWZBKss$_$3,1,Neutral,0.026264478596583016,0.6852988182629595,0.2884367031404576,0.16871357914285712,0.5443154215469489,0,Positive,0.6666667
LityRNuQihc$_$13,0,Neutral,0.16637263991656168,0.6287813337959933,0.20484602628744503,0.11837837514285712,0.42954299629907144,0,Neutral,0.0
LityRNuQihc$_$1,0,Neutral,0.02243355793818581,0.6443971617047417,0.33316928035707255,0.3235183157142857,0.39580817720111344,0,Positive,0.6666667
LityRNuQihc$_$2,0,Neutral,0.025721120650429162,0.6016279818478574,0.3726508975017135,0.23761806900000002,0.4875654366560761,0,Neutral,0.0
LityRNuQihc$_$5,0,Negative,0.9064271876168641,0.05414943156726529,0.039423380815870566,-0.9559934,1.0,0,Negative,-0.33333334
LpbSYaPRTqI$_$1,4,Neutral,0.01979446546182496,0.6405173437647166,0.3396881907734585,0.271793132,0.36225364031856383,0,Positive,0.33333334
LppEvM60-xo$_$9,2,Positive,0.01280904103470348,0.08960929509961986,0.8975816638656766,0.7931580857142856,1.0,0,Positive,1.3333334
Lxs_6Tvq12E$_$3,3,Positive,0.016196034634836494,0.04708610865945902,0.9367178567057045,1.1126147214285715,1.0,0,Positive,2.0
M2Pb2kx77ww$_$8,2,Neutral,0.057940581371403004,0.61605738613701,0.32600203249158693,0.17369237571428572,0.3273717535178083,0,Negative,-1.0
M2Pb2kx77ww$_$35,2,Neutral,0.346536591775122,0.526582635039786,0.12688077318509208,-0.006178552285714291,0.3066520860033746,0,Negative,-0.33333334
MBDZbACupsc$_$11,2,Negative,0.7595569057661661,0.08143751944208938,0.15900557479174454,-0.4139248514285715,1.0,0,Negative,-0.33333334
MBDZbACupsc$_$7,2,Neutral,0.15119053164073204,0.7485514884630018,0.10025797989626618,0.07565295161428573,0.4451079974243949,0,Negative,-0.33333334
MCRCXXPqFOI$_$2,0,Neutral,0.05426838829512185,0.8301795683369377,0.11555204336794053,0.09272947257142858,0.6697720456632862,0,Neutral,0.0
MFrwi-RibUk$_$13,2,Positive,0.020884343141540297,0.36841059837966417,0.6107050584787955,0.31224128714285715,1.0,0,Positive,0.33333334
MFrwi-RibUk$_$0,2,Positive,0.015637610733331895,0.3408028234003592,0.6435595658663089,0.4716924428571429,1.0,0,Positive,2.0
MFrwi-RibUk$_$6,2,Positive,0.009148296564116448,0.023874766758792187,0.9669769366770914,1.3812377142857142,1.0,0,Positive,2.0
MIuJDn_0yVU$_$3,4,Negative,0.9270567983938687,0.0415721443517436,0.0313710572543877,-0.8733423856714285,1.0,0,Negative,-0.6666667
MJnc4GUhUuY$_$3,3,Neutral,0.060561075994931976,0.7070490073300909,0.2323899166749772,0.20101189142857143,0.36415579687230687,0,Positive,1.0
MJnc4GUhUuY$_$4,3,Positive,0.007342833959031016,0.02894246507887092,0.9637147009620981,1.3442669957142857,1.0,0,Positive,1.0
MJnc4GUhUuY$_$9,3,Positive,0.016797609978766975,0.10836536017416658,0.8748370298470665,0.7458712142857143,1.0,0,Positive,0.6666667
MKShLlJ7X7g$_$1,1,Positive,0.007303313429342786,0.019790405978114836,0.9729062805925424,1.4547337142857144,1.0,0,Positive,1.6666666
MKShLlJ7X7g$_$2,1,Positive,0.033944326495878245,0.12708159957606013,0.8389740739280617,0.6114087799999999,1.0,0,Positive,1.3333334
MMaEsDdBsvM$_$0,2,Positive,0.00781490221821513,0.017869919100888504,0.9743151786808963,1.5643286428571432,1.0,0,Positive,2.0
MNXBOeiPhec$_$2,3,Positive,0.02649710555068534,0.09899048070419053,0.8745124137451241,0.56335636,1.0,0,Positive,0.6666667
MNXBOeiPhec$_$7,3,Positive,0.023762691930549754,0.08701517762698147,0.8892221304424689,0.703537687142857,1.0,0,Positive,1.0
MOfEl_1dh-g$_$4,4,Negative,0.8444552598365855,0.12009012894285757,0.03545461122055698,-0.9333337150714284,1.0,0,Negative,-0.33333334
MPRqaQqrd9Y$_$7,3,Neutral,0.06591483864217659,0.5155791557725703,0.41850600558525314,0.2830595747142857,0.1596634596569121,0,Neutral,0.0
MTU_thei3-c$_$8,3,Positive,0.03917741250664739,0.39985646085580995,0.5609661266375426,0.4262785615714287,1.0,0,Negative,-0.33333334
MWCNzYUCys0$_$0,2,Positive,0.1483484346973838,0.20041769804622855,0.6512338672563877,0.41439634857142854,1.0,0,Neutral,0.0
MZoLQD83R-4$_$5,0,Negative,0.9276742394289116,0.03984529652676163,0.03248046404432686,-0.7947103314285714,1.0,0,Negative,-1.0
MZoLQD83R-4$_$8,0,Neutral,0.17700981111248248,0.5139830747964588,0.30900711409105874,0.20408443142857144,0.3252243284749291,0,Neutral,0.0
MbpPBLUjpV4$_$16,0,Neutral,0.03296232298905338,0.7176417478269386,0.2493959291840081,0.21987876757142857,0.4490201613788957,0,Positive,0.33333334
MbpPBLUjpV4$_$0,0,Positive,0.013559316632929813,0.12764054423415674,0.8588001391329134,0.6167533157142858,1.0,0,Positive,1.0
MnFRVJtHAeo$_$0,1,Negative,0.7698554512126732,0.16763715354174516,0.06250739524558167,-0.4349215885714286,1.0,0,Positive,0.33333334
MroQfGehC84$_$1,0,Positive,0.017000075171570928,0.24732599905366834,0.7356739257747609,0.4835983885714286,1.0,0,Positive,1.0
MsjnLoTKAXo$_$0,2,Positive,0.02392849526313806,0.3959945784443071,0.5800769262925549,0.4577956342857143,1.0,0,Neutral,0.0
MsjnLoTKAXo$_$2,2,Positive,0.01395436137775109,0.08020593801098383,0.9058397006112651,0.8596858085714285,1.0,0,Positive,1.3333334
MsjnLoTKAXo$_$5,2,Positive,0.011330057579609514,0.020423068993591947,0.9682468734267985,1.592759565714286,1.0,0,Positive,0.33333334
MvFFYObY9A8$_$2,1,Positive,0.028641451383213324,0.30634988227255794,0.6650086663442288,0.45429153714285714,1.0,0,Positive,1.0
Mw4EZYZAd9c$_$5,1,Positive,0.01599267301310413,0.08446918866076572,0.8995381383261302,0.7833465614285714,1.0,0,Positive,1.0
MyfRrTjglm8$_$1,2,Positive,0.02443721663775816,0.12235376390353164,0.8532090194587102,0.6773045942857142,1.0,0,Positive,0.6666667
MyfRrTjglm8$_$0,2,Neutral,0.09265606066182902,0.5665061704750441,0.34083776886312694,0.22360877714285715,0.34493915141769205,0,Negative,-0.6666667
MyfRrTjglm8$_$2,2,Positive,0.014045309546754536,0.11669920514686784,0.8692554853063776,0.69728436,1.0,0,Positive,0.6666667
N0pKIn6VhOw$_$2,3,Neutral,0.039825066649516794,0.6151735710086826,0.34500136234180057,0.3815266661428572,0.25624722246599124,0,Positive,1.3333334
N3QuD26DuCI$_$1,1,Positive,0.027913568558767265,0.23726176910668445,0.7348246623345484,0.4826785999999999,1.0,0,Positive,1.0
N3QuD26DuCI$_$0,1,Negative,0.5637106734542005,0.24938145812787177,0.18690786841792775,-0.1180874485714286,1.0,0,Negative,-1.0
N3QuD26DuCI$_$2,1,Neutral,0.14155391200195483,0.6458476140312286,0.21259847396681653,0.09676237957142857,0.5770214219409969,0,Positive,0.6666667
N3QuD26DuCI$_$5,1,Positive,0.023558488268310227,0.10108008798759786,0.875361423744092,0.6635164285714287,1.0,0,Positive,1.0
N7tS7A0WWpM$_$1,2,Negative,0.6761156819317591,0.27554936457299817,0.048334953495242715,-0.4373122151428572,1.0,0,Negative,-0.6666667
N7tS7A0WWpM$_$3,2,Positive,0.032301416871466294,0.207039862952387,0.7606587201761468,0.6649705600000001,1.0,0,Negative,-0.6666667
NCJTV5KaJJc$_$1,1,Positive,0.034931321111694454,0.18460155668254308,0.7804671222057625,0.7007945642857143,1.0,0,Positive,1.0
NCJTV5KaJJc$_$9,1,Positive,0.010798339760266324,0.015112019692995025,0.9740896405467387,1.499697147142857,1.0,0,Positive,2.0
NG7QLq4XlWo$_$15,3,Positive,0.00806372914169821,0.031536873917678475,0.9603993969406234,1.1970648,1.0,0,Positive,1.0
NG7QLq4XlWo$_$1,3,Negative,0.5039238166050614,0.2993467307086863,0.19672945268625247,0.02338003142857143,1.0,0,Positive,0.33333334
NG7QLq4XlWo$_$3,3,Positive,0.0363473608337767,0.0848092468740512,0.8788433922921721,0.7795240000000001,1.0,0,Positive,0.6666667
NG7QLq4XlWo$_$5,3,Positive,0.0067475453093306945,0.035841589196874135,0.9574108654937952,1.224085,1.0,0,Positive,2.0
NKindd5Xn3s$_$4,2,Positive,0.024309552020836758,0.13340253582863076,0.8422879121505324,0.5039509799999999,1.0,0,Neutral,0.0
NOl0v54DaXo$_$10,4,Positive,0.01376878282912559,0.19729395586165915,0.7889372613092154,0.6896965242857143,1.0,0,Positive,1.0
NOl0v54DaXo$_$3,4,Neutral,0.08280734949498689,0.5021342712461888,0.4150583792588243,0.23929202000000002,0.43837548195619624,0,Negative,-1.6666666
NSihgq4R8Z0$_$2,0,Negative,0.9148505175595537,0.057348161337426366,0.027801321103019888,-0.8200466914285715,1.0,0,Negative,-1.0
NSihgq4R8Z0$_$16,0,Negative,0.7025389747148839,0.10397899864358147,0.1934820266415347,-0.18706347757142858,1.0,0,Neutral,0.0
NYuY6HVjMZQ$_$1,2,Positive,0.029430825271045166,0.16812963675282144,0.8024395379761334,0.5620051257142856,1.0,0,Positive,2.0
NYuY6HVjMZQ$_$6,2,Negative,0.7220705830868034,0.22426705737973462,0.053662359533462045,-0.2976725332857143,1.0,0,Neutral,0.0
Na6170hd8po$_$11,2,Positive,0.010528357965434538,0.06974695686025441,0.919724685174311,0.8842188385714287,1.0,0,Positive,0.6666667
NkbRuTJaj_M$_$18,1,Positive,0.0067355668547372976,0.025327089205240325,0.9679373439400224,1.267101457142857,1.0,0,Positive,1.6666666
O0Nn-5UkfoA$_$2,0,Positive,0.15283426019093166,0.15415596139266124,0.6930097784164072,0.25556123428571426,1.0,0,Negative,-0.33333334
O2CEvvYWWbU$_$10,1,Positive,0.03608339303718435,0.15901710574859274,0.8048995012142229,0.7581551414285713,1.0,0,Positive,0.33333334
O3whFU2lAAk$_$8,1,Negative,0.4927752700101076,0.28709566354563465,0.22012906644425764,-0.13273992457142855,1.0,0,Positive,0.33333334
O3whFU2lAAk$_$2,1,Positive,0.026201225636620678,0.40826697784310634,0.565531796520273,0.3875180142857143,1.0,0,Positive,0.33333334
O3whFU2lAAk$_$5,1,Negative,0.5812933700090559,0.25186118514702127,0.1668454448439228,-0.26057789571428575,1.0,0,Positive,0.33333334
O3whFU2lAAk$_$11,1,Positive,0.01671796361451254,0.04242340334590321,0.9408586330395843,0.9750533385714285,1.0,0,Positive,2.0
O8IJh_L0EfM$_$5,1,Positive,0.015190775701450134,0.11941181167487412,0.8653974126236758,0.7416218957142856,1.0,0,Positive,1.0
OAV6KKf60bQ$_$10,1,Neutral,0.052181483994378025,0.4811930201149722,0.4666254958906497,0.30312485100000003,0.22013147820000356,0,Positive,0.33333334
OAV6KKf60bQ$_$0,1,Positive,0.018991213033402454,0.1499788244359956,0.8310299625306019,0.5595934214285715,1.0,0,Positive,0.33333334
OAV6KKf60bQ$_$6,1,Negative,0.8549928557089107,0.12250749530626874,0.022499648984820556,-0.5772001957142857,1.0,0,Neutral,0.0
OBaMn1-x7jQ$_$7,4,Neutral,0.04632302754533134,0.7660551077283742,0.18762186472629458,0.14888148571428572,0.5944281834345593,0,Positive,1.3333334
OEOkmrKvTUo$_$0,4,Positive,0.008187249322137186,0.06821456697035348,0.9235981837075093,1.0337885171428571,1.0,0,Positive,0.6666667
OEOkmrKvTUo$_$6,4,Positive,0.023912778581676907,0.20634877465986376,0.7697384467584594,0.6416775385714286,1.0,0,Positive,0.6666667
OEesmAnTpeA$_$10,3,Neutral,0.3579990256696954,0.45044535946579556,0.1915556148645091,0.07261498942857145,0.3181227743764926,0,Negative,-0.33333334
OFBc3z99bIc$_$12,0,Positive,0.01461581175439469,0.07123787806163312,0.9141463101839722,0.9302038328571428,1.0,0,Positive,0.33333334
OFBc3z99bIc$_$15,0,Positive,0.1501151659957129,0.12360672780330105,0.726278106200986,0.32051296285714287,1.0,0,Negative,-0.33333334
OFBc3z99bIc$_$14,0,Positive,0.02748793024691859,0.07555798350032666,0.8969540862527547,0.8606226085714285,1.0,0,Positive,0.6666667
OGXUtVG0Y9w$_$1,1,Positive,0.025581340641029907,0.03098894371207222,0.9434297156468979,1.187223457142857,1.0,0,Positive,2.0
OHWyYVux-yw$_$10,2,Positive,0.011430593133480361,0.03927191028461894,0.9492974965819007,1.237120357142857,1.0,0,Positive,1.3333334
OHWyYVux-yw$_$14,2,Positive,0.010071273525327593,0.052210630323023546,0.9377180961516489,1.089074807142857,1.0,0,Positive,0.6666667
OHWyYVux-yw$_$18,2,Positive,0.01480581074235441,0.030323827054051646,0.9548703622035939,1.3836780885714286,1.0,0,Positive,1.3333334
OHWyYVux-yw$_$2,2,Positive,0.028824999203199995,0.05107058587632268,0.9201044149204773,1.0407637914285712,1.0,0,Positive,1.6666666
OKSx1zxHGpQ$_$5,1,Neutral,0.024559893435622857,0.6991811953783349,0.2762589111860423,0.10920794571428573,0.6103802203173613,0,Positive,1.0
OKSx1zxHGpQ$_$4,1,Positive,0.013848729297791162,0.11465650515147212,0.8714947655507367,0.61735178,1.0,0,Positive,1.0
OKSx1zxHGpQ$_$8,1,Negative,0.7567052688341533,0.2040504075146843,0.03924432365116232,-0.46134803928571433,1.0,0,Negative,-0.33333334
OKSx1zxHGpQ$_$15,1,Positive,0.01584811579827843,0.08850962967124996,0.8956422545304716,0.6708664028571427,1.0,0,Positive,1.3333334
OKSx1zxHGpQ$_$16,1,Positive,0.026257539293532656,0.11105048085745467,0.8626919798490127,0.5237244385714285,1.0,0,Positive,0.33333334
OKSx1zxHGpQ$_$19,1,Neutral,0.025137505348165175,0.48794639054001915,0.48691610411181574,0.36503644,0.7081321133690334,0,Neutral,0.0
OOh1_ffKOKk$_$2,0,Neutral,0.13518728999150315,0.4554961953754851,0.4093165146330118,0.22117561142857142,0.4151030336143657,0,Positive,0.6666667
OPXmk49KyiU$_$1,1,Positive,0.010739446312681136,0.11531132488203856,0.8739492288052803,0.6842325028571429,1.0,0,Neutral,0.0
OSyKmOye5Uo$_$4,1,Positive,0.007489039290651738,0.06094110244704652,0.9315698582623018,0.899422627142857,1.0,0,Positive,0.6666667
O_fTDhCtAhw$_$8,3,Neutral,0.26110325470082846,0.5036769513408592,0.23521979395831236,0.09748538271428571,0.3149128049095491,0,Positive,0.33333334
O_fTDhCtAhw$_$7,3,Positive,0.026700668310258656,0.2969743651162693,0.6763249665734722,0.47377091571428565,1.0,0,Neutral,0.0
O_fTDhCtAhw$_$6,3,Neutral,0.0383946002606591,0.6032597558303516,0.35834564390898926,0.24239971,0.46340941600186186,0,Neutral,0.0
Ob8vPQCPDX0$_$1,3,Positive,0.008453375018179082,0.04393600712032661,0.9476106178614944,1.1814524328571427,1.0,0,Positive,1.3333334
Ob8vPQCPDX0$_$2,3,Positive,0.014024894371016592,0.07168578096774614,0.9142893246612372,0.9457036900000001,1.0,0,Positive,2.0
OcqJx_cRc3Y$_$2,1,Positive,0.03279285377750307,0.23079998372520005,0.736407162497297,0.3874286228571428,1.0,0,Negative,-0.33333334
OdKp0hYomgs$_$10,0,Positive,0.016509848871902794,0.053462754753930475,0.9300273963741668,0.9058666785714287,1.0,0,Positive,3.0
OdKp0hYomgs$_$3,0,Positive,0.01667972608578145,0.05239856341233547,0.9309217105018831,0.96008547,1.0,0,Positive,1.6666666
Oj3XwBBrzXc$_$1,3,Positive,0.014484473034141972,0.2967750467709697,0.6887404801948883,0.5614575571428572,1.0,0,Neutral,0.0
Op3CnqRLD9w$_$3,4,Positive,0.01068441453021726,0.04084984198529346,0.9484657434844893,1.178527857142857,1.0,0,Positive,0.6666667
OwYfPi9St0w$_$1,2,Positive,0.016642594322462578,0.32620260212031693,0.6571548035572206,0.52344689,1.0,0,Neutral,0.0
OxyQSJMvWBo$_$11,2,Negative,0.9622405761362484,0.025413899145937842,0.012345524717813899,-1.3360527085714289,1.0,0,Negative,-1.0
OxyQSJMvWBo$_$13,2,Positive,0.1395833432202383,0.09868830940233761,0.7617283473774241,0.6293839042857143,1.0,0,Negative,-0.33333334
OxyQSJMvWBo$_$12,2,Negative,0.9033341413085699,0.0460758557067271,0.05059000298470284,-0.7763789957142857,1.0,0,Negative,-1.0
P0WaXnH37uI$_$5,3,Positive,0.13638814310050054,0.20292380376796265,0.6606880531315368,0.5246897628571429,1.0,0,Neutral,0.0
P0WaXnH37uI$_$4,3,Neutral,0.2614439219033575,0.5215186975218808,0.21703738057476168,0.18742370000000003,0.2410241246289295,0,Positive,0.33333334
P35dyIit1yM$_$4,1,Positive,0.010965742897509777,0.08656544467194974,0.9024688124305404,0.7522391285714285,1.0,0,Positive,0.6666667
P4qxfjZlIrY$_$4,1,Positive,0.008172972844220541,0.08987770779358649,0.901949319362193,0.850144827142857,1.0,0,Positive,0.33333334
P4qxfjZlIrY$_$6,1,Positive,0.00826635600884863,0.07316656126220868,0.9185670827289427,0.9707916042857142,1.0,0,Positive,0.33333334
PANWQeBKStk$_$0,2,Positive,0.01222051691677758,0.07416218498514245,0.91361729809808,0.8722965,1.0,0,Positive,1.0
PGBrZLC15yA$_$0,3,Positive,0.009568988897498546,0.043690301524392454,0.946740709578109,1.1981501,1.0,0,Positive,2.6666667
PHJ8eybXJdw$_$5,4,Neutral,0.029507300409834465,0.6447350297227411,0.3257576698674244,0.25832408114285715,0.4860175505835781,0,Neutral,0.0
PMH4mdJeojE$_$3,1,Neutral,0.026794609165280862,0.6607486018843232,0.3124567889503959,0.2164347771,0.6520126991857422,0,Neutral,0.0
PMH4mdJeojE$_$2,1,Neutral,0.02802870632717842,0.5615045408211747,0.41046675285164685,0.20270420399999997,0.5026824698168355,0,Positive,1.0
PN3ApHIGopo$_$6,4,Negative,0.9591111384351363,0.03159125369300764,0.00929760787185602,-1.1003739642857142,1.0,0,Negative,-0.33333334
PQYmOknHA4c$_$5,1,Positive,0.018748171689781264,0.24274148154814051,0.7385103467620783,0.47419330142857147,1.0,0,Neutral,0.0
PQYmOknHA4c$_$4,1,Positive,0.023710662512448497,0.2470363293555859,0.7292530081319656,0.3810228885714285,1.0,0,Positive,1.0
PUIsiLk8etk$_$11,3,Negative,0.8003412518828623,0.16491291790751347,0.03474583020962414,-0.45661128000000006,1.0,0,Negative,-0.6666667
PYylJk8R9Ak$_$1,0,Positive,0.009786699528661048,0.03962710840176511,0.9505861920695738,1.0773814785714284,1.0,0,Positive,1.6666666
PYylJk8R9Ak$_$4,0,Negative,0.5416192232330171,0.16183572508902733,0.2965450516779555,-0.159132267,1.0,0,Positive,1.0
PbyI-sUzLZY$_$5,4,Positive,0.05202697955405447,0.41642652928777263,0.531546491158173,0.29274321642857143,1.0,0,Positive,0.6666667
PbyI-sUzLZY$_$4,4,Negative,0.8044749900829608,0.05779687166685048,0.13772813825018876,-0.4873605800000001,1.0,0,Negative,-0.33333334
PmemTgQHagk$_$1,1,Positive,0.008524834100232971,0.03375118568838693,0.95772398021138,1.2337126285714286,1.0,0,Positive,2.0
PmemTgQHagk$_$7,1,Positive,0.0062466298899569225,0.022640284132345583,0.9711130859776975,1.2606350000000002,1.0,0,Positive,2.0
PoKZEKOf1dA$_$1,0,Positive,0.04645077128534046,0.10455519064226762,0.8489940380723919,0.56524181,1.0,0,Positive,1.0
PoKZEKOf1dA$_$4,0,Positive,0.02667504860182454,0.20698376444744113,0.7663411869507344,0.5795481828571428,1.0,0,Neutral,0.0
PohW-isYMK0$_$16,0,Positive,0.007509207503025995,0.02641616957161805,0.9660746229253561,1.2705669571428573,1.0,0,Positive,0.6666667
PohW-isYMK0$_$1,0,Positive,0.013249644708607296,0.13124131637232517,0.8555090389190676,0.600172007142857,1.0,0,Positive,1.3333334
PohW-isYMK0$_$7,0,Positive,0.008658470109925936,0.04252896672795573,0.9488125631621184,0.9688829928571429,1.0,0,Positive,1.6666666
Q5fZk_jPjBI$_$9,4,Positive,0.14264504677817655,0.17547660250829414,0.6818783507135293,0.6221637528571428,1.0,0,Positive,0.33333334
Q5fZk_jPjBI$_$0,4,Positive,0.011737249840708753,0.2083221857441989,0.7799405644150923,0.6472554642857143,1.0,0,Positive,1.6666666
Q7nhtfkIPN4$_$3,3,Positive,0.12823574032093046,0.19153711682739927,0.6802271428516703,0.5406991521428571,1.0,0,Neutral,0.0
Q7nhtfkIPN4$_$6,3,Neutral,0.29971754372485915,0.5285308155178337,0.1717516407573073,-0.0013160595714285755,0.23501613179240727,0,Neutral,0.0
QDRtKv8PvFs$_$3,2,Positive,0.006948596201197071,0.019844972054330157,0.9732064317444727,1.5055696085714285,1.0,0,Positive,1.3333334
QE0pAVSPsKQ$_$26,4,Positive,0.01054989249968003,0.07375275421335548,0.9156973532869644,0.9586290871428573,1.0,0,Positive,2.0
QE0pAVSPsKQ$_$12,4,Positive,0.10992546351036825,0.07816412343433346,0.8119104130552983,0.7808431299999999,1.0,0,Positive,0.33333334
QE0pAVSPsKQ$_$2,4,Positive,0.009331996212496916,0.03467388289112624,0.9559941208963769,1.2436475457142857,1.0,0,Positive,2.6666667
QE0pAVSPsKQ$_$7,4,Negative,0.7795894571843739,0.07111971656518232,0.14929082625044382,-0.5041570557142857,1.0,0,Negative,-0.6666667
QI-TTqj0KnA$_$7,2,Positive,0.024070434301970867,0.3625047241776958,0.6134248415203334,0.38726705714285714,1.0,0,Positive,0.6666667
QI-TTqj0KnA$_$6,2,Neutral,0.17458304623005808,0.7406739444176554,0.08474300935228647,-0.00838162957142857,0.3634585638982879,0,Neutral,0.0
QLEOYF7Mju0$_$11,2,Positive,0.02825833873290479,0.1521738787267079,0.8195677825403873,0.4837450842857143,1.0,0,Positive,1.0
QLEOYF7Mju0$_$2,2,Positive,0.024717327110420333,0.41713129735460885,0.5581513755349709,0.35425356799999996,1.0,0,Positive,0.33333334
QMAztkqnvws$_$6,0,Positive,0.030666587758191283,0.11565599810437088,0.8536774141374379,0.4820435900000001,1.0,0,Positive,0.33333334
QNxiqu1y1N0$_$1,1,Neutral,0.1554430501084267,0.7333348089476126,0.11122214094396067,0.08531651228571427,0.582974307721307,0,Positive,0.33333334
QOxIdbNwpx0$_$6,2,Positive,0.01763003321533826,0.23604234838308868,0.746327618401573,0.4784601985714286,1.0,0,Positive,1.0
QQVRIGEUa_Q$_$5,1,Neutral,0.06587186435584404,0.5638554011146301,0.370272734529526,0.13142662685714285,0.5570730373140635,0,Positive,0.33333334
QUpI5kMw_nA$_$10,4,Positive,0.023744300933463827,0.18820797081923993,0.7880477282472963,0.64032434,1.0,0,Positive,0.33333334
QUpI5kMw_nA$_$17,4,Positive,0.0069476924300602184,0.049567794510621675,0.9434845130593181,0.9765962742857143,1.0,0,Positive,1.3333334
QYp0lGhyL6A$_$13,1,Neutral,0.05056660191287914,0.5383274145561234,0.4111059835309975,0.2061316322857143,0.5696351720461877,0,Neutral,0.0
QYp0lGhyL6A$_$14,1,Negative,0.8176591506103548,0.14414893357587388,0.03819191581377133,-0.5707417652857143,1.0,0,Negative,-1.3333334
QYp0lGhyL6A$_$4,1,Neutral,0.294562165174576,0.6348085141511975,0.07062932067422645,-0.21872706614285714,0.4934931211420855,0,Negative,-2.3333333
QkMTYY69JYQ$_$1,2,Positive,0.02774640422237461,0.05250052238785462,0.9197530733897709,1.2903267285714286,1.0,0,Positive,0.6666667
QkMTYY69JYQ$_$4,2,Neutral,0.09299824891872255,0.6905620224587791,0.2164397286224984,0.13099416557142857,0.21182200381112734,0,Positive,0.6666667
QoIsjc4-GIg$_$8,4,Negative,0.9040386500341907,0.05613802097216706,0.039823328993642236,-0.6789192657142856,1.0,0,Negative,-1.0
QzdEjKQFisQ$_$8,0,Negative,0.7520683527237408,0.19534713189301545,0.0525845153832435,-0.41049866428571435,1.0,0,Negative,-0.33333334
R0o37yJ1PP0$_$3,2,Positive,0.05476602611908884,0.40475010204750106,0.5404838718334102,0.33836923,1.0,0,Positive,0.6666667
R0o37yJ1PP0$_$5,2,Neutral,0.04308036548526784,0.6062291737875416,0.3506904607271905,0.2148479494285714,0.4268417912176759,0,Neutral,0.0
R0o37yJ1PP0$_$6,2,Neutral,0.04472176609022389,0.6872897236499197,0.2679885102598563,0.16048299971428573,0.4535431335581268,0,Positive,0.33333334
R0uRDh-engU$_$10,1,Positive,0.025944814619933122,0.10163711621360352,0.8724180691664634,0.7292789999999999,1.0,0,Positive,0.33333334
R0uRDh-engU$_$5,1,Positive,0.13144430133634114,0.19827328089839658,0.6702824177652623,0.5184887528571428,1.0,0,Negative,-0.33333334
R5a3TP-l_n4$_$1,2,Positive,0.01746818339520619,0.04656521976799692,0.9359665968367968,1.1348812771428571,1.0,0,Positive,1.0
R9ypacCuEZo$_$4,0,Positive,0.00842783823033135,0.044438690136545764,0.9471334716331229,0.8784342271428572,1.0,0,Positive,1.3333334
R9ypacCuEZo$_$7,0,Neutral,0.03713096513664699,0.5799877114672631,0.38288132339609,0.21539945628571427,0.4953835631075483,0,Negative,-0.33333334
RE-LIPOFnrE$_$4,0,Neutral,0.034428658487479925,0.5423446713388763,0.42322667017364385,0.2890670571428572,0.4336896276241444,0,Neutral,0.0
REkPZ77s3Vc$_$0,2,Neutral,0.4286241034801073,0.5020406177699689,0.0693352787499238,-0.17532877671428568,0.3009711797999976,0,Neutral,0.0
REkPZ77s3Vc$_$4,2,Negative,0.8535037413412202,0.09996200687136886,0.04653425178741096,-0.5738796657142858,1.0,0,Neutral,0.0
REkPZ77s3Vc$_$7,2,Neutral,0.4395639648273485,0.5177485277017898,0.04268750747086168,-0.3011258571428571,0.3196160972161046,0,Neutral,0.0
RImmdklTOW0$_$10,2,Positive,0.010853933328252015,0.037956764541403176,0.9511893021303448,1.2826811657142856,1.0,0,Positive,1.6666666
RImmdklTOW0$_$15,2,Neutral,0.040682746277138616,0.7173219679973811,0.24199528572548032,0.3036651592857143,0.49917719041605163,0,Positive,1.3333334
RImmdklTOW0$_$8,2,Positive,0.04022220931661925,0.21088028564874997,0.7488975050346308,0.5649507792857144,1.0,0,Positive,0.6666667
RLHZ6xtIWSM$_$2,2,Positive,0.05126168484615821,0.4114290009832652,0.5373093141705766,0.32315447742857145,1.0,0,Negative,-0.6666667
RLHZ6xtIWSM$_$6,2,Neutral,0.3899729174035037,0.5329360613323402,0.07709102126415614,-0.1264045055714286,0.23171050378482927,0,Negative,-1.3333334
RRKez9BR-94$_$12,0,Neutral,0.05973952054991104,0.5324680344044501,0.4077924450456389,0.28869115714285715,0.3267824321842179,0,Positive,0.6666667
RS5WM3q2ZZQ$_$11,3,Positive,0.05107673534659213,0.0868140923748099,0.862109172278598,0.6519841271428571,1.0,0,Neutral,0.0
RS5WM3q2ZZQ$_$10,3,Negative,0.5130495016757751,0.11872431026027336,0.3682261880639515,0.12857004,1.0,0,Positive,0.6666667
RS5WM3q2ZZQ$_$2,3,Negative,0.639717483590771,0.1046734886850421,0.25560902772418687,-0.19195017414285712,1.0,0,Negative,-0.6666667
RS5WM3q2ZZQ$_$6,3,Neutral,0.30088003390267987,0.47985350113788583,0.21926646495943436,0.06828384728571428,0.16833909274285602,0,Neutral,0.0
RST6PgpsLws$_$2,4,Positive,0.009018876514094283,0.04196383666180131,0.9490172868241044,1.07702922,1.0,0,Positive,2.3333333
RTzDzj4NxIM$_$7,3,Negative,0.8384377743338418,0.14061123232576306,0.02095099334039508,-0.8197222000000001,1.0,0,Positive,0.6666667
RaTQZrdICKo$_$2,3,Neutral,0.254651862165945,0.42857601812243656,0.3167721197116185,0.11864518214285713,0.14556013905494541,0,Neutral,0.0
RadU51t1kL0$_$8,2,Negative,0.6704596918523309,0.29011552970273247,0.039424778444936796,-0.46642231285714286,1.0,0,Negative,-0.6666667
Rdf0Psjyrwc$_$3,0,Positive,0.0057423759171798955,0.020451153621839215,0.9738064704609809,1.3375938428571428,1.0,0,Positive,1.3333334
Rdf0Psjyrwc$_$2,0,Positive,0.005505626373146774,0.015573109037308453,0.9789212645895448,1.4301736771428573,1.0,0,Positive,1.3333334
RgubFcmvgDE$_$0,4,Neutral,0.3676798723471336,0.46996562597272473,0.16235450168014162,-0.18299764814285716,0.5115649923502359,0,Negative,-0.6666667
RgubFcmvgDE$_$3,4,Negative,0.930294227491386,0.05178887152676993,0.017916900981844067,-0.9301397685714285,1.0,0,Negative,-2.0
Rse6laKf1i8$_$6,2,Positive,0.012090351810258701,0.03506538251400304,0.9528442656757382,1.3944796428571427,1.0,0,Positive,1.6666666
Rt9rN1ntS3E$_$1,4,Positive,0.02271991396105158,0.1709037117070222,0.8063763743319262,0.7595064457142857,1.0,0,Positive,1.0
Rt9rN1ntS3E$_$2,4,Neutral,0.0859092450471414,0.5466065955605665,0.3674841593922921,0.36681321085714286,0.2679580750724425,0,Positive,1.3333334
Rugd2NMu4bA$_$11,1,Negative,0.5402457906788126,0.29517345685851104,0.16458075246267626,-0.17270578785714283,1.0,0,Positive,0.6666667
Rugd2NMu4bA$_$5,1,Negative,0.5736242191718611,0.39575416513846723,0.03062161568967171,-0.5395364568571428,1.0,0,Neutral,0.0
RvIohowRPAk$_$11,3,Negative,0.9594785208786369,0.026192906784046583,0.014328572337316336,-0.8434779757142855,1.0,0,Negative,-1.3333334
RvIohowRPAk$_$2,3,Neutral,0.05965592934638097,0.707851819424529,0.23249225122908995,0.34000598142857147,0.2951793380535215,0,Neutral,0.0
Rw2pzFGosmw$_$7,0,Neutral,0.20257595299682013,0.724833062144783,0.07259098485839685,-0.11850565628571429,0.5304969207833949,0,Positive,0.33333334
RwcTz-tOIeo$_$2,2,Negative,0.8639522628543048,0.0998790395843146,0.03616869756138065,-0.6545732571428571,1.0,0,Negative,-0.33333334
Ry2NJPd4N3s$_$14,0,Positive,0.012782918511869851,0.0346686748893352,0.9525484065987949,0.97192033,1.0,0,Positive,1.0
S21ApRNQ9Ko$_$15,4,Negative,0.9654407330877001,0.02225250392325475,0.012306762989045119,-1.4513042285714286,1.0,0,Negative,-1.0
S21ApRNQ9Ko$_$14,4,Negative,0.9219106903830812,0.040658974206086176,0.03743033541083264,-0.7518843442857143,1.0,0,Negative,-0.6666667
S21ApRNQ9Ko$_$3,4,Negative,0.6162153801598396,0.11797774799398232,0.2658068718461782,-0.12155056900000002,1.0,0,Neutral,0.0
S21ApRNQ9Ko$_$2,4,Positive,0.012006147741709352,0.1129697505986006,0.87502410165969,0.6622769985714285,1.0,0,Positive,1.3333334
S2znq3iRPwE$_$10,3,Positive,0.004596052738440601,0.015976098049960134,0.9794278492115993,1.6131334285714287,1.0,0,Positive,1.0
S2znq3iRPwE$_$13,3,Positive,0.12329880044429935,0.03342960907443532,0.8432715904812653,1.1981976628571431,1.0,0,Positive,2.0
S2znq3iRPwE$_$19,3,Positive,0.03415076434895426,0.0478454536896902,0.9180037819613556,1.0583623485714284,1.0,0,Positive,1.3333334
S6S2XL0-ZpM$_$1,1,Positive,0.009297957341867643,0.14024513262674015,0.8504569100313922,0.6288883571428572,1.0,0,Neutral,0.0
S9PDgK7fpJI$_$14,3,Negative,0.8417837699838908,0.13347707922793048,0.02473915078817871,-0.9424883292857144,1.0,0,Neutral,0.0
SGsiGz2fdpo$_$23,0,Positive,0.01782162356520578,0.04101752267842366,0.9411608537563706,0.9076544628571428,1.0,0,Positive,2.6666667
SGsiGz2fdpo$_$29,0,Positive,0.008192489091672526,0.05120876874253555,0.9405987421657919,0.8541157042857144,1.0,0,Positive,1.0
SGsiGz2fdpo$_$5,0,Positive,0.011633353373761934,0.04140671384486674,0.9469599327813714,1.0232778357142858,1.0,0,Positive,0.6666667
SGsiGz2fdpo$_$4,0,Positive,0.03051581311369138,0.2105193082707818,0.7589648786155269,0.4505512242857143,1.0,0,Positive,0.33333334
SGsiGz2fdpo$_$6,0,Positive,0.012995690771742603,0.43950821068323176,0.5474960985450257,0.37863627,1.0,0,Positive,0.6666667
SGsiGz2fdpo$_$9,0,Neutral,0.028818918959448842,0.6332984428213911,0.33788263821916,0.24902371428571432,0.483389451408391,0,Neutral,0.0
SGsiGz2fdpo$_$8,0,Neutral,0.0294429669809966,0.7541695798264793,0.21638745319252425,0.14969912891428572,0.5943797088722942,0,Positive,0.33333334
SGsiGz2fdpo$_$11,0,Neutral,0.3947478789097839,0.5463543926111609,0.0588977284790552,-0.19501550128571427,0.5719646204139109,0,Negative,-0.33333334
SGsiGz2fdpo$_$15,0,Positive,0.012269071864375368,0.14747229151479646,0.8402586366208281,0.53248455,1.0,0,Neutral,0.0
SGsiGz2fdpo$_$33,0,Positive,0.0056025036057422315,0.017936555924087296,0.9764609404701705,1.4019428071428572,1.0,0,Positive,1.3333334
SH0wXyhsx9s$_$0,4,Positive,0.053240031129970965,0.1701128226625934,0.7766471462074357,0.7729277385714285,1.0,0,Positive,0.6666667
SI39azgVUR8$_$2,3,Negative,0.7297718363405638,0.07662748447646765,0.1936006791829687,-0.0963867085714286,1.0,0,Negative,-1.6666666
SLi2gT5H6m8$_$3,2,Positive,0.02325263992356922,0.42913039682984444,0.5476169632465863,0.42531640914285707,1.0,0,Positive,0.6666667
SLi2gT5H6m8$_$5,2,Neutral,0.03778190305362545,0.4981126905115934,0.4641054064347811,0.3677633542857143,0.4587642502974127,0,Positive,0.33333334
SMr2DprlLu4$_$1,2,Positive,0.012201899576657956,0.029228844298240932,0.9585692561251011,1.4014335785714285,1.0,0,Positive,2.0
SMzV26l6iA0$_$0,3,Positive,0.01375293853968354,0.09318321037703933,0.8930638510832771,0.8005263057142857,1.0,0,Positive,1.0
STeqtJLakQQ$_$2,3,Negative,0.8270784075778418,0.05304877970178572,0.11987281272037249,-0.5391596914285715,1.0,0,Negative,-1.0
STeqtJLakQQ$_$5,3,Negative,0.7835087760426817,0.17648131862596686,0.04000990533135146,-0.3802387597142857,1.0,0,Negative,-0.6666667
SWHmteF5Rlk$_$2,4,Negative,0.5058567095801068,0.4079245149150945,0.08621877550479887,-0.13995308842857143,1.0,0,Negative,-0.6666667
SWHmteF5Rlk$_$6,4,Positive,0.019496347871068822,0.17420248869585891,0.8063011634330722,0.5357371314285714,1.0,0,Positive,1.3333334
SWhfaL7AdEc$_$2,1,Positive,0.010524158729777116,0.19484656154354785,0.7946292797266751,0.7623961971428572,1.0,0,Positive,1.0
SWhfaL7AdEc$_$4,1,Positive,0.007891345176766562,0.059235956664194525,0.932872698159039,1.03414646,1.0,0,Positive,0.6666667
SYnygYs-fAg$_$14,4,Positive,0.007549360589223491,0.02057547354849933,0.9718751658622772,1.3412460857142856,1.0,0,Positive,1.6666666
SYnygYs-fAg$_$0,4,Neutral,0.057503793451613376,0.6260002167427147,0.316495989805672,0.271638325,0.2673645065157724,0,Positive,0.33333334
SYnygYs-fAg$_$6,4,Positive,0.03376998893004788,0.25323087611830747,0.7129991349516447,0.7459389014285714,1.0,0,Positive,0.33333334
SYnygYs-fAg$_$8,4,Positive,0.0068745416827101415,0.02110739435979722,0.9720180639574927,1.4119701285714288,1.0,0,Positive,2.0
S_mxvk4LEh0$_$12,3,Positive,0.013720791705580762,0.08770905704381282,0.8985701512506065,0.7984512642857142,1.0,0,Positive,2.0
S_mxvk4LEh0$_$5,3,Neutral,0.17476652632102704,0.6977500522919103,0.1274834213870626,0.06426029514285715,0.35762694066966694,0,Neutral,0.0
Sb2xMPwNKPo$_$18,4,Neutral,0.20309394449932086,0.7157263820715645,0.0811796734291146,-0.04570063071428571,0.47279207270880425,0,Neutral,0.0
Sb2xMPwNKPo$_$5,4,Positive,0.02961624452501784,0.37196988575719486,0.5984138697177874,0.5456416278571429,1.0,0,Neutral,0.0
ShgrdU9WAJE$_$12,4,Positive,0.14634829766542953,0.19743754745694142,0.656214154877629,0.4676300217142857,1.0,0,Negative,-0.33333334
ShgrdU9WAJE$_$2,4,Positive,0.01871180157232858,0.3489719882988922,0.6323162101287793,0.39456887285714287,1.0,0,Positive,1.0
ShgrdU9WAJE$_$5,4,Neutral,0.06829216447526314,0.6366927827715753,0.29501505275316153,0.22348620999999996,0.297982231855056,0,Neutral,0.0
Sir2QeCh4B0$_$5,0,Positive,0.01840738027954011,0.0895217710090119,0.892070848711448,0.7516024385714285,1.0,0,Neutral,0.0
So3bPzg2bq0$_$10,0,Positive,0.015065698914047857,0.23607212029541988,0.7488621807905322,0.5425679257142858,1.0,0,Positive,0.33333334
So3bPzg2bq0$_$2,0,Positive,0.01344625240103155,0.2128813540758741,0.7736723935230944,0.6373004814285713,1.0,0,Neutral,0.0
SrMN3rwvCsE$_$1,1,Negative,0.7758649206219523,0.1927573261065622,0.031377753271485447,-0.3809481294285715,1.0,0,Negative,-0.33333334
StgqrTr0JqU$_$10,0,Positive,0.013256934901110637,0.22446275882075575,0.7622803062781337,0.5701851622857144,1.0,0,Positive,1.3333334
StgqrTr0JqU$_$0,0,Neutral,0.021826202127839183,0.6515289716732412,0.3266448261989197,0.2384192842857143,0.4270830184775027,0,Positive,0.6666667
SxbTZjZD0vU$_$5,3,Neutral,0.045770749694878585,0.753384092910533,0.20084515739458844,0.13077726785714286,0.4593485303756978,0,Negative,-0.6666667
SzJf6viBWBg$_$2,3,Neutral,0.26466398657725526,0.5607571142257416,0.1745788991970032,0.05212313142857144,0.3893132422614253,0,Neutral,0.0
SzJf6viBWBg$_$4,3,Neutral,0.17881613839750665,0.6967875960961072,0.1243962655063862,0.10077533357142858,0.3013769714651557,0,Neutral,0.0
T-8TvJcS78w$_$3,3,Positive,0.008044432959033546,0.020840459618517337,0.9711151074224491,1.2644628914285714,1.0,0,Positive,1.6666666
T-8TvJcS78w$_$7,3,Positive,0.013328694920015406,0.059207726731917196,0.9274635783480675,1.0324931714285717,1.0,0,Positive,1.3333334
T1icdxz0TNs$_$0,4,Positive,0.010446120915140703,0.054516045287050806,0.9350378337978085,0.9912564014285713,1.0,0,Positive,1.3333334
T4e4Ba1sRg0$_$0,0,Negative,0.8120422123136118,0.1471245717855546,0.040833215900833615,-0.5276150228571428,1.0,0,Negative,-2.0
T4e4Ba1sRg0$_$3,0,Negative,0.7408942634181057,0.223095869740344,0.03600986684155033,-0.48607428971428573,1.0,0,Negative,-0.6666667
T4e4Ba1sRg0$_$9,0,Positive,0.38589104782010286,0.11719616233531449,0.49691278984458265,-1.9480000000024083e-05,1.0,0,Negative,-0.6666667
TBCjKGYBNIo$_$24,0,Positive,0.1398738189376611,0.16069185030213404,0.6994343307602049,0.7309544099999999,1.0,0,Positive,0.6666667
TBCjKGYBNIo$_$20,0,Negative,0.9310707739655241,0.05337383292841026,0.015555393106065664,-1.0076105085714284,1.0,0,Negative,-1.0
TBCjKGYBNIo$_$3,0,Positive,0.2837162780697874,0.19366239274144686,0.5226213291887658,0.16310196142857145,1.0,0,Negative,-1.0
TBCjKGYBNIo$_$19,0,Negative,0.5679604836192761,0.39540130152511926,0.03663821485560455,-0.424698865,1.0,0,Negative,-0.6666667
TBwetweXRb4$_$5,4,Positive,0.02572996887209347,0.4090310256588899,0.5652390054690167,0.41689695857142856,1.0,0,Positive,0.33333334
TFKgo5JlPro$_$1,2,Positive,0.4152681921275795,0.10162568787601967,0.4831061199964009,0.11816206571428568,1.0,0,Negative,-0.33333334
TFKgo5JlPro$_$0,2,Positive,0.08492411583560588,0.21528363387897664,0.6997922502854175,0.4182814771428572,1.0,0,Neutral,0.0
TM7cHOHfF70$_$30,0,Positive,0.04538933450597184,0.2020072501874866,0.7526034153065416,0.44298753571428573,1.0,0,Positive,0.6666667
TM7cHOHfF70$_$5,0,Negative,0.7245989034990451,0.2296578213099945,0.04574327519096035,-0.3487847071428571,1.0,0,Negative,-1.0
TNwwVWA-oAE$_$22,3,Neutral,0.033612332950179354,0.5037526160381267,0.4626350510116939,0.45076480999999996,0.22886132282222932,0,Positive,0.6666667
TNwwVWA-oAE$_$16,3,Positive,0.005862335355886643,0.019654604852931155,0.9744830597911822,1.4149686714285714,1.0,0,Positive,1.0
TO5HjoK8Iu8$_$10,1,Positive,0.011758657995837198,0.039823648815419395,0.9484176931887434,1.0395431257142858,1.0,0,Positive,1.3333334
TO5HjoK8Iu8$_$12,1,Positive,0.010141052986237142,0.08288498538751324,0.9069739616262497,0.77238088,1.0,0,Positive,0.6666667
TSDC7CCyeGY$_$5,3,Neutral,0.21707179869530802,0.6010395626624438,0.1818886386422482,-0.015563633857142862,0.2587095593712964,0,Negative,-1.0
TUY83eDK5jc$_$17,0,Positive,0.014327502352840344,0.35693354239906555,0.6287389552480941,0.44468462428571426,1.0,0,Positive,1.0
TVhXqAI9gyA$_$1,2,Positive,0.18643472521788793,0.3314273009428508,0.4821379738392613,0.232696099,1.0,0,Neutral,0.0
TWMFQED1Myk$_$1,1,Neutral,0.08962589797973691,0.532182373673914,0.37819172834634907,0.1745514863285714,0.47044520337117074,0,Positive,0.6666667
TWMFQED1Myk$_$3,1,Neutral,0.338301194347562,0.5859692660127735,0.07572953963966446,-0.06638133985714288,0.5358426096869039,0,Neutral,0.0
TWMFQED1Myk$_$6,1,Neutral,0.03676425769064719,0.6618624138611805,0.30137332844817233,0.21095264895714289,0.6207550156942525,0,Positive,1.6666666
TWf0XFpXwfs$_$0,1,Positive,0.02869934720845565,0.306412611986086,0.6648880408054584,0.4919235421428571,1.0,0,Neutral,0.0
TZXcQemh8n8$_$11,3,Positive,0.0544278890481666,0.31781926820089407,0.6277528427509393,0.45492293428571423,1.0,0,Negative,-0.33333334
Ta_IgA3XJ3s$_$27,0,Positive,0.059728966996701625,0.30861151816148663,0.6316595148418118,0.3469277562857143,1.0,0,Positive,1.0
Ta_IgA3XJ3s$_$21,0,Positive,0.02182615401374517,0.4642777552015517,0.5138960907847032,0.3362522918571429,1.0,0,Positive,0.33333334
TahiuVpcROM$_$2,3,Positive,0.007441061345981265,0.04813111649923191,0.9444278221547868,1.1417073142857144,1.0,0,Positive,0.6666667
TfBVq9oWBmM$_$1,2,Positive,0.021328641499350154,0.4145106412139636,0.5641607172866864,0.39061999714285717,1.0,0,Positive,0.6666667
Tiq67-bAV3M$_$5,3,Positive,0.02158185942548831,0.4213043056540994,0.5571138349204123,0.32385861285714285,1.0,0,Positive,0.6666667
TwTLsgfpKvA$_$0,0,Neutral,0.028401402182348694,0.7325905788358528,0.23900801898179855,0.20870160457142856,0.5201754348732349,0,Neutral,0.0
TwTLsgfpKvA$_$9,0,Positive,0.009673392476507477,0.025556177009363572,0.964770430514129,1.2751294514285714,1.0,0,Positive,0.6666667
TxJjAK0WrOY$_$10,2,Neutral,0.07882033509498307,0.6173896987205094,0.30378996618450743,0.15263161897142857,0.2138573561964641,0,Positive,0.33333334
U8Ewftg_8CI$_$2,2,Negative,0.5118561934001876,0.1828299692145134,0.3053138373852991,-0.37559260371428577,1.0,0,Negative,-0.33333334
UK_IXtJ2BqI$_$17,2,Positive,0.025598151559980197,0.10589907270606148,0.8685027757339584,0.7298477057142857,1.0,0,Positive,1.0
UK_IXtJ2BqI$_$3,2,Positive,0.020386276906499183,0.19383112282755058,0.7857826002659503,0.6591809142857142,1.0,0,Positive,0.6666667
UK_IXtJ2BqI$_$7,2,Negative,0.9681498006897293,0.02151610920579731,0.01033409010447338,-1.2634857200000003,1.0,0,Negative,-1.0
ULtBuI6nMaY$_$10,0,Positive,0.028490085403336498,0.033947086673557114,0.9375628279231064,0.954745782857143,1.0,0,Positive,2.0
ULtBuI6nMaY$_$1,0,Negative,0.5204369413250277,0.4166406722024218,0.06292238647255054,-0.3300497892857143,1.0,0,Neutral,0.0
UUukBV82P9A$_$11,2,Neutral,0.17922507164270413,0.6926463252443222,0.12812860311297375,0.12720803142857146,0.27893650504705014,0,Neutral,0.0
UUukBV82P9A$_$10,2,Neutral,0.40554868470117134,0.536359784351288,0.0580915309475407,-0.20125109900000002,0.3624476696198757,0,Negative,-0.33333334
UUukBV82P9A$_$2,2,Neutral,0.0704785230186188,0.7979920872177844,0.13152938976359685,0.1821673087142857,0.347454032272721,0,Positive,1.3333334
UXvMaHD9kmA$_$10,2,Positive,0.020497326744191757,0.20303840456846659,0.7764642686873416,0.7045547971428572,1.0,0,Positive,0.6666667
UXvMaHD9kmA$_$18,2,Positive,0.01907077534488307,0.10447059236141173,0.8764586322937052,0.7359416514285714,1.0,0,Positive,1.3333334
UXvMaHD9kmA$_$14,2,Positive,0.02608066493464329,0.1148871567582156,0.8590321783071411,0.7270249614285714,1.0,0,Neutral,0.0
Ua4g9q0r-dI$_$24,4,Negative,0.9074183868638829,0.06515232782068034,0.027429285315436785,-0.8874197914285714,1.0,0,Neutral,0.0
Ua4g9q0r-dI$_$15,4,Neutral,0.2541501188393566,0.5680790089939471,0.17777087216669626,0.016203862142857135,0.3354325177361147,0,Neutral,0.0
Ua4g9q0r-dI$_$31,4,Neutral,0.041383625614267845,0.6691731300848542,0.28944324430087803,0.2056217565714286,0.34378933641414583,0,Neutral,0.0
Ua4g9q0r-dI$_$14,4,Neutral,0.03586281357083446,0.5173021779307913,0.44683500849837426,0.311965958,0.28055243246332096,0,Negative,-0.6666667
Uc-0G7RRxoY$_$16,3,Neutral,0.08268284994094083,0.6117004509916426,0.3056166990674166,0.2555992257142857,0.1858368600897073,0,Neutral,0.0
Uc-0G7RRxoY$_$6,3,Negative,0.7377053527107824,0.10413440615553798,0.1581602411336796,-0.28807605185714286,1.0,0,Positive,0.33333334
UeOIb6s0pVM$_$6,1,Positive,0.0061060357846952,0.023399431189001233,0.9704945330263036,1.3356772957142857,1.0,0,Positive,2.0
UeOIb6s0pVM$_$8,1,Positive,0.01730444686738283,0.08408998611717326,0.8986055670154439,0.9118821199999999,1.0,0,Positive,0.6666667
UgTM9y2rD38$_$2,0,Positive,0.006079172050433888,0.03543206656212265,0.9584887613874435,1.1656358714285715,1.0,0,Positive,2.6666667
UkqTwAuA8jI$_$7,1,Neutral,0.06095535422270132,0.7589601707636758,0.18008447501362293,0.12475069685714286,0.5358122421057275,0,Neutral,0.0
UmB5c_QqUPs$_$11,4,Negative,0.6656230515973699,0.06276367372558869,0.2716132746770415,-0.24496800142857142,1.0,0,Negative,-2.3333333
UtjenieM1Ak$_$6,4,Positive,0.01317644461011743,0.05522334903293799,0.9316002063569446,1.078672767142857,1.0,0,Positive,1.0
UtuTyW9pUN8$_$6,1,Positive,0.007551132228230658,0.03836752104382204,0.9540813467279473,1.028663097142857,1.0,0,Neutral,0.0
Uw1nWfSuyo8$_$2,2,Neutral,0.028228788883052167,0.6876774535796221,0.28409375753732585,0.17399879535714285,0.4288848938360177,0,Positive,0.33333334
VAFdgtqZz4g$_$4,1,Positive,0.045575257427812675,0.3446480964050691,0.6097766461671184,0.244665355,1.0,0,Positive,0.6666667
VAr7gJydnys$_$13,4,Neutral,0.07351849154951093,0.7419636532646128,0.18451785518587632,0.0569951909857143,0.41465550328009626,0,Neutral,0.0
VAr7gJydnys$_$1,4,Negative,0.9312426822666898,0.051172040617483414,0.01758527711582675,-0.9993084942857143,1.0,0,Negative,-1.3333334
VAr7gJydnys$_$0,4,Neutral,0.017976387774635016,0.5760620062196368,0.4059616060057283,0.3387145385714286,0.4273585845912847,0,Positive,1.0
VAr7gJydnys$_$6,4,Neutral,0.1671220475178245,0.7678960127647951,0.06498193971738021,-0.10089136814285715,0.6174348219859076,0,Positive,1.0
VDjnKdFxuBE$_$0,1,Positive,0.008168980143924132,0.03590011001973381,0.9559309098363421,1.07531624,1.0,0,Positive,2.6666667
VN1IPN1TL3Q$_$0,0,Negative,0.7073401320159315,0.23847030903471125,0.05418955894935733,-0.3735436935714285,1.0,0,Negative,-1.3333334
VN1IPN1TL3Q$_$5,0,Negative,0.935142524656983,0.03797313344839794,0.026884341894619048,-0.8660590257142857,1.0,0,Negative,-1.6666666
VUrTT7xsrec$_$1,3,Negative,0.858712740427562,0.09243247659609978,0.048854782976338315,-0.47569603,1.0,0,Positive,1.0
VWik5oKP6IU$_$3,3,Neutral,0.23386123670141135,0.6731449468008596,0.09299381649772905,-0.08931822800000001,0.297045514442082,0,Positive,0.33333334
VZqkWIPmH6w$_$4,2,Positive,0.014679272817299112,0.05691793755979416,0.9284027896229067,0.9555412,1.0,0,Neutral,0.0
Va54WZgPTdY$_$6,1,Positive,0.17672372710283607,0.16649953147764696,0.656776741419517,0.5504692828571429,1.0,0,Negative,-2.0
VbSsGRXIwjc$_$2,0,Negative,0.639593931859318,0.1892852371796011,0.171120830961081,-0.1759273014285714,1.0,0,Positive,1.6666666
Ve-mmCM8TI0$_$15,1,Positive,0.028557527049060023,0.33191222950822213,0.6395302434427179,0.3690847528571429,1.0,0,Neutral,0.0
Ve-mmCM8TI0$_$2,1,Neutral,0.040206475894399685,0.5037806087354862,0.4560129153701142,0.3338461328571429,0.5024431482521814,0,Neutral,0.0
Ve-mmCM8TI0$_$4,1,Neutral,0.026933796637332013,0.49156647259552433,0.48149973076714364,0.4023234242857142,0.5076283217197213,0,Neutral,0.0
Ve-mmCM8TI0$_$7,1,Neutral,0.03952180883403648,0.6534676061032274,0.3070105850627362,0.17529027142857143,0.5305153982243039,0,Positive,0.33333334
Ve-mmCM8TI0$_$6,1,Neutral,0.036643131625295255,0.7569717974473542,0.20638507092735053,0.11307784142857143,0.645143150248563,0,Negative,-1.0
VhKJm_jiciU$_$10,1,Positive,0.07747223865588879,0.35304327206658515,0.5694844892775262,0.27418893285714285,1.0,0,Positive,1.3333334
VjAvqFXEmmk$_$3,1,Positive,0.12091206671570025,0.17878900015713758,0.7002989331271622,0.6189191951428572,1.0,0,Neutral,0.0
VjAvqFXEmmk$_$2,1,Positive,0.009121053170220304,0.039193272546151244,0.9516856742836285,1.1679363000000003,1.0,0,Neutral,0.0
VjAvqFXEmmk$_$4,1,Positive,0.022472618184601004,0.06520899352161676,0.9123183882937822,0.9333227142857143,1.0,0,Positive,0.6666667
VoETCD8fBLI$_$5,1,Positive,0.037396677990702426,0.42207314865026124,0.5405301733590364,0.3343858265714286,1.0,0,Positive,0.6666667
Vv2DTPyyw90$_$0,3,Neutral,0.15426278725980802,0.4286762245296241,0.4170609882105678,0.22684212857142858,0.15218637734575427,0,Neutral,0.0
Vw4-ae-ucHE$_$0,1,Neutral,0.19632948937509911,0.5315816173255613,0.27208889329933966,0.09579900685714286,0.3500363827733458,0,Negative,-0.33333334
Vw4-ae-ucHE$_$3,1,Neutral,0.14660025224200324,0.5325124189894453,0.3208873287685514,0.17596502385714285,0.4648459917791157,0,Positive,0.33333334
Vw4-ae-ucHE$_$2,1,Neutral,0.09157525848508749,0.6220435442654415,0.2863811972494711,0.1943911205285714,0.5343511605320909,0,Positive,0.6666667
Vx8npmcFxak$_$5,3,Positive,0.0155859737072492,0.024880968645391296,0.9595330576473595,1.4379502142857141,1.0,0,Positive,2.0
VybXjsmsjAY$_$13,1,Positive,0.06427039651633966,0.23548949479815187,0.7002401086855085,0.3872360657142857,1.0,0,Positive,1.0
W-pA0lOGLR0$_$5,3,Neutral,0.05861773340494891,0.8213213758069494,0.1200608907881017,0.12304964385714287,0.48716586434539977,0,Positive,0.33333334
W-ptEZFARVo$_$2,4,Positive,0.012410930213021696,0.10385353139171505,0.8837355383952632,0.75544858,1.0,0,Positive,1.0
W-q9bPlMIVI$_$14,4,Neutral,0.034589299790919355,0.4971872090933765,0.4682234911157042,0.39075042,0.17052175452148158,0,Neutral,0.0
W40BaML7mzc$_$0,1,Positive,0.006744390049836853,0.027050776655170278,0.9662048332949928,1.336860907142857,1.0,0,Positive,1.0
W53uRqITk2I$_$0,3,Neutral,0.09007736781210417,0.6457949961056739,0.2641276360822219,0.18580417285714287,0.2513026723759594,0,Positive,0.6666667
W53uRqITk2I$_$6,3,Positive,0.018650201303540247,0.06325887215988175,0.918090926536578,1.0235742657142857,1.0,0,Positive,1.0
WAXJRnJXmOA$_$18,2,Positive,0.016253948860571254,0.09380809670141574,0.889937954438013,0.8212349585714287,1.0,0,Positive,0.6666667
WAXJRnJXmOA$_$5,2,Positive,0.030040782049025862,0.3105789956035945,0.6593802223473797,0.43892692685714285,1.0,0,Positive,0.33333334
WBCRTcMJZZc$_$3,2,Positive,0.026289310413189607,0.05771530625029898,0.9159953833365114,0.94209903,1.0,0,Positive,0.6666667
WGfGxoI05ew$_$3,1,Positive,0.00763825047090916,0.011742294093657287,0.9806194554354335,1.6053870200000002,1.0,0,Positive,2.0
WHUHTmtBJWU$_$14,2,Negative,0.754877712965591,0.18617816344569998,0.058944123588709076,-0.566402698,1.0,0,Neutral,0.0
WMzvDL7b4sM$_$0,0,Neutral,0.03997971858324973,0.6308866092164093,0.32913367220034107,0.2686773657142857,0.5239338616537469,0,Positive,0.6666667
WTF9xgqLIvI$_$2,1,Positive,0.02117601216789553,0.1580031134670247,0.8208208743650798,0.9183895414285715,1.0,0,Positive,0.6666667
WTF9xgqLIvI$_$7,1,Positive,0.033116290062896965,0.0707319604623682,0.8961517494747349,0.7455691214285715,1.0,0,Positive,1.3333334
WUeSV0Z23Kg$_$1,2,Positive,0.05273603338045282,0.17288437531866588,0.7743795913008813,0.5230420185714285,1.0,0,Negative,-0.33333334
WXKgBIiP8IA$_$10,3,Neutral,0.04762809857146931,0.6518346700761132,0.30053723135241756,0.19210496857142859,0.42742815120372984,0,Neutral,0.0
WXKgBIiP8IA$_$1,3,Negative,0.9598203247943242,0.027344853636997533,0.012834821568678254,-1.0889406114285713,1.0,0,Positive,0.33333334
WXKgBIiP8IA$_$2,3,Neutral,0.18929654313839991,0.49226404897528175,0.31843940788631836,0.11882891685714284,0.18695519950449596,0,Positive,1.3333334
WXKgBIiP8IA$_$5,3,Positive,0.16070837967848872,0.23935001477947163,0.5999416055420397,0.446276704,1.0,0,Positive,0.33333334
Wfn7XvSEwUA$_$1,3,Negative,0.6543122939266891,0.2965363111884597,0.04915139488485117,-0.352210587,1.0,0,Neutral,0.0
Wfn7XvSEwUA$_$3,3,Positive,0.1491731365201292,0.24979332824967523,0.6010335352301955,0.4262196514285715,1.0,0,Positive,0.33333334
Wh6sht7xwqQ$_$11,2,Positive,0.030283229710192903,0.47782493501451684,0.4918918352752902,0.2885127562857143,1.0,0,Positive,0.6666667
Wh6sht7xwqQ$_$0,2,Neutral,0.31362547793995454,0.3613439607833144,0.3250305612767312,0.02123031157142858,0.45166145626365134,0,Positive,0.33333334
Wn8nz8GPKkI$_$1,0,Neutral,0.12791659303574382,0.5689025767473437,0.30318083021691256,0.15502705714285717,0.4103494191537274,0,Negative,-0.33333334
Wn8nz8GPKkI$_$0,0,Positive,0.06462837793000965,0.22530785969048225,0.7100637623795082,0.39431470318571427,1.0,0,Positive,0.33333334
Wnw1IAEDwDM$_$0,3,Positive,0.019696802660174834,0.3105637926086478,0.6697394047311774,0.5403054957142858,1.0,0,Neutral,0.0
Wo1RxRjXyYw$_$3,1,Positive,0.020541137166332726,0.08260730323726549,0.8968515595964017,0.6436574714285713,1.0,0,Positive,0.33333334
Wo1RxRjXyYw$_$2,1,Positive,0.036324249603938305,0.4037339459959994,0.5599418044000624,0.41554824999999995,1.0,0,Positive,0.33333334
Wo1RxRjXyYw$_$6,1,Neutral,0.017808577692166018,0.736839794406055,0.245351627901779,0.29236899471428573,0.45609353134113373,0,Neutral,0.0
Wo1RxRjXyYw$_$8,1,Neutral,0.21148265860465068,0.6990234203758929,0.08949392101945639,-0.04269670928571429,0.37531515565211165,0,Positive,0.33333334
WtiBpLt2wuA$_$2,3,Positive,0.028134861686140416,0.17749874354532968,0.7943663947685299,0.73138487,1.0,0,Neutral,0.0
Wx9nThz5z_Y$_$31,2,Positive,0.02572932331928679,0.33008370797771686,0.6441869687029964,0.41959858714285714,1.0,0,Neutral,0.0
WxYb2x_irTM$_$2,3,Positive,0.010438364435878617,0.06584877338121467,0.9237128621829066,0.8475647671428571,1.0,0,Positive,1.3333334
X0jMZoxUL2A$_$4,0,Neutral,0.018157687244211008,0.5567755630130845,0.4250667497427046,0.2981697228571428,0.508674616386762,0,Positive,0.33333334
X0jMZoxUL2A$_$7,0,Positive,0.006883406491081832,0.026406692602797485,0.9667099009061207,1.1898763342857142,1.0,0,Positive,1.0
X0jMZoxUL2A$_$8,0,Negative,0.6220981569850133,0.1074010685185638,0.27050077449642307,-0.12666429857142858,1.0,0,Positive,1.3333334
X2leyjuolDM$_$8,2,Neutral,0.06590005101636447,0.6130158671455556,0.32108408183808,0.2027011631428572,0.2899102753129863,0,Positive,0.6666667
X6-jJO00DMg$_$8,1,Positive,0.14397793935546166,0.1351828045829401,0.7208392560615983,0.35226467999999994,1.0,0,Neutral,0.0
X7-Gbk8gAD0$_$0,2,Positive,0.022152016227169672,0.20974618937424222,0.7681017943985882,0.5995798757142857,1.0,0,Positive,0.6666667
X7-Gbk8gAD0$_$2,2,Positive,0.039017853869732166,0.28635697942407257,0.6746251667061952,0.2825214762857143,1.0,0,Neutral,0.0
X7-Gbk8gAD0$_$6,2,Positive,0.012179774597438199,0.048711392889691146,0.9391088325128707,1.1040509857142857,1.0,0,Positive,1.3333334
XAT2IfFFAU0$_$3,0,Positive,0.11831727197220482,0.15416032011966732,0.7275224079081278,0.3762315471428571,1.0,0,Neutral,0.0
XAgD-xoil40$_$16,4,Neutral,0.020431760382035438,0.5639628633729677,0.4156053762449968,0.28712615428571425,0.2752309362403713,0,Neutral,0.0
XAgD-xoil40$_$2,4,Neutral,0.2695074404275438,0.6635679296781763,0.06692462989427997,-0.11276788094285714,0.36158918110761623,0,Neutral,0.0
XCyngF93SmU$_$5,2,Neutral,0.04373518785342754,0.8527528718553136,0.10351194029125886,0.08897734585714287,0.5282548652726143,0,Neutral,0.0
XCyngF93SmU$_$4,2,Neutral,0.02549358917440247,0.5766916498466694,0.39781476097892804,0.2681570632857143,0.3963756671148039,0,Neutral,0.0
XDVkhOziCkg$_$1,0,Positive,0.010278345401324693,0.07736472463362278,0.9123569299650526,0.87759222,1.0,0,Positive,1.3333334
XEZ7e4pf1xE$_$11,3,Negative,0.676324124749447,0.15113205704235969,0.17254381820819328,-0.46951223071428577,1.0,0,Negative,-1.3333334
XEZ7e4pf1xE$_$12,3,Positive,0.1515057670171645,0.07452786406023551,0.7739663689226,0.7028400257142857,1.0,0,Negative,-1.6666666
XFGHTk_3hGg$_$9,1,Positive,0.02689487137093956,0.21003584097849468,0.7630692876505658,0.5081665014285714,1.0,0,Positive,0.6666667
XFGHTk_3hGg$_$5,1,Positive,0.05693526433057463,0.39672593289047375,0.5463388027789516,0.4392644757142858,1.0,0,Positive,0.33333334
XFGHTk_3hGg$_$6,1,Neutral,0.038337136155427845,0.5839949511463499,0.37766791269822225,0.18737977485714286,0.5636966415483086,0,Positive,0.33333334
XPoY4LD-A1I$_$12,2,Neutral,0.05819780569461854,0.7185412397133314,0.22326095459205006,0.22963266342857144,0.33408964428913795,0,Neutral,0.0
XPoY4LD-A1I$_$8,2,Neutral,0.19655258702708683,0.6157212444479045,0.18772616852500867,0.09002630285714286,0.23975463741402475,0,Negative,-0.33333334
XQOUZhWI1B0$_$3,4,Positive,0.4088226541264808,0.06391962283178722,0.527257723041732,0.10532974571428573,1.0,0,Negative,-3.0
XQxnAPleuCE$_$3,0,Neutral,0.0499587187504423,0.7196727208606494,0.2303685603889083,0.16118878714285717,0.5094034108953829,0,Positive,0.6666667
XVSDfgstFUQ$_$1,3,Positive,0.14306203742713716,0.2227361127265615,0.6342018498463013,0.5391162614285714,1.0,0,Positive,2.0
XVSDfgstFUQ$_$3,3,Positive,0.006579075189521166,0.01607773391881245,0.9773431908916664,1.6481076342857144,1.0,0,Positive,2.6666667
XVSDfgstFUQ$_$4,3,Positive,0.012302445994930909,0.018549333497428044,0.969148220507641,1.50893102,1.0,0,Positive,2.6666667
XXvSLz8QmGk$_$10,4,Positive,0.00858782063488274,0.023508498121027822,0.9679036812440894,1.3564125342857143,1.0,0,Positive,1.6666666
XXvSLz8QmGk$_$7,4,Positive,0.04561295214561736,0.08255385338929888,0.8718331944650837,0.6478835105714287,1.0,0,Positive,2.0
XbolrpSc0KU$_$5,1,Negative,0.8126693731956058,0.15610792717033292,0.03122269963406117,-0.6631469385714286,1.0,0,Negative,-0.6666667
XcHLB-qfv5M$_$0,2,Neutral,0.18879620648339876,0.5974834932659419,0.2137203002506595,0.0999731412857143,0.29699911446264143,0,Neutral,0.0
XcHLB-qfv5M$_$3,2,Neutral,0.2759148205172037,0.6020614974270989,0.12202368205569734,-0.0011646137142857168,0.2844116547646826,0,Neutral,0.0
XgT2WWcXip4$_$7,1,Positive,0.29169779580350474,0.3248608500181554,0.38344135417833997,0.11670022799999999,1.0,0,Neutral,0.0
Xo6-V2RlWss$_$1,2,Positive,0.009893644086922731,0.0242528195702212,0.9658535363428561,1.5383841714285713,1.0,0,Positive,2.6666667
Xo6-V2RlWss$_$0,2,Positive,0.13411457258603043,0.057025364727807726,0.8088600626861618,0.8433097214285714,1.0,0,Positive,1.6666666
Xq7zLxYHxd8$_$10,1,Negative,0.9313173356227744,0.0473799064766143,0.021302757900611275,-0.9403335171428571,1.0,0,Neutral,0.0
XsEPZydHWdo$_$4,1,Positive,0.009123883701251593,0.07359539189486372,0.9172807244038846,0.7064338757142857,1.0,0,Positive,1.3333334
XwOdPYlyqXA$_$12,2,Positive,0.013169028872132732,0.11535693271989886,0.8714740384079684,0.6773631971428572,1.0,0,Positive,0.6666667
Xx7Y2YIbleA$_$16,0,Positive,0.037690452884064606,0.32766018166261446,0.6346493654533211,0.42207217185714285,1.0,0,Positive,1.0
Xx7Y2YIbleA$_$9,0,Positive,0.04435065794237482,0.15762584723921863,0.7980234948184066,0.41236747642857147,1.0,0,Positive,1.6666666
Xx7Y2YIbleA$_$8,0,Neutral,0.0398625984655867,0.7507934785543082,0.20934392298010507,0.16022603628571427,0.5848906854744227,0,Neutral,0.0
XyBU_gZtU0M$_$23,2,Positive,0.012987254688313866,0.29590620123458433,0.6911065440771018,0.5393233114285715,1.0,0,Positive,0.33333334
XyBU_gZtU0M$_$4,2,Neutral,0.38224902040465314,0.5303472919862754,0.08740368760907156,-0.085530623,0.22739301697513126,0,Negative,-0.33333334
XyBU_gZtU0M$_$9,2,Neutral,0.2244885216472412,0.6822517627235563,0.09325971562920245,-0.0958989847142857,0.19870633747671285,0,Neutral,0.0
XzhRYIeczg4$_$6,0,Positive,0.009517238809532022,0.056548298072171765,0.9339344631182962,0.8828499857142856,1.0,0,Positive,0.33333334
Y6zyM1nDhN0$_$2,1,Neutral,0.07848024683371427,0.8372968357008383,0.08422291746544744,0.0494435024,0.7473005841146372,0,Negative,-1.0
Y6zyM1nDhN0$_$4,1,Neutral,0.045212431395896376,0.7788039985246892,0.1759835700794145,0.10586550342857144,0.6183744050134056,0,Neutral,0.0
YAYfMkxhRiQ$_$3,0,Neutral,0.06170113236095257,0.8458101698112519,0.09248869782779565,0.024425023857142857,0.6550712337312987,0,Negative,-0.6666667
YB9EUgrzCCo$_$10,2,Positive,0.08457281892930026,0.025847576962499497,0.8895796041082003,1.0084434714285713,1.0,0,Negative,-2.0
YB9EUgrzCCo$_$5,2,Positive,0.01951148943449715,0.041211270861647886,0.939277239703855,1.1599805999999997,1.0,0,Positive,0.6666667
YGeVGXXK3ao$_$1,0,Neutral,0.04367065884032337,0.7517074985160993,0.20462184264357738,0.11343614999999999,0.415711503767682,0,Neutral,0.0
YGeVGXXK3ao$_$4,0,Positive,0.049255047763953855,0.36592369901155475,0.5848212532244914,0.4078929542857143,1.0,0,Neutral,0.0
YITXOmhQhYE$_$0,4,Positive,0.020639273255042452,0.1294462612424431,0.8499144655025145,0.6175443728571429,1.0,0,Positive,1.6666666
YITXOmhQhYE$_$3,4,Neutral,0.04892806691196152,0.525099442888047,0.42597249019999156,0.28910625799999995,0.2785293797445171,0,Positive,1.0
YITXOmhQhYE$_$5,4,Positive,0.04137057210393403,0.2103998415938856,0.7482295863021804,0.5106861928571428,1.0,0,Positive,2.0
YITXOmhQhYE$_$7,4,Positive,0.04166313242564397,0.19627937093700581,0.7620574966373502,0.5710965328571429,1.0,0,Positive,0.33333334
YITXOmhQhYE$_$6,4,Positive,0.026257204969991763,0.07536388462815555,0.8983789104018527,0.8367166414285714,1.0,0,Positive,0.33333334
YJJoYkFPmds$_$10,0,Neutral,0.04506202535405877,0.6162848269850951,0.33865314766084614,0.30889702999999996,0.4038689872724537,0,Positive,0.6666667
YJJoYkFPmds$_$5,0,Neutral,0.193679255426314,0.5938719959263828,0.2124487486473031,0.08418644257142857,0.27427695506491295,0,Positive,0.33333334
YJJoYkFPmds$_$7,0,Positive,0.24853973139974125,0.23992430958321398,0.5115359590170449,0.18233036714285716,1.0,0,Positive,0.33333334
YLA7h1RTa9w$_$4,1,Negative,0.5994313191239814,0.25824600615584276,0.14232267472017587,-0.28632894464285713,1.0,0,Neutral,0.0
YRmjALBdTdE$_$7,2,Negative,0.8669550918277444,0.10442239471033408,0.028622513461921434,-0.5416854371428571,1.0,0,Negative,-1.0
YVBsDJtAbk4$_$7,4,Neutral,0.37727694781841814,0.4383428122546826,0.18438023992689928,0.059174527428571426,0.30007101545531617,0,Negative,-0.6666667
YVHJpAROBvQ$_$2,1,Neutral,0.04632544707764812,0.6442088478822593,0.3094657050400926,0.18839099771428572,0.635902497336552,0,Positive,0.6666667
YWjTWl0oNLk$_$11,0,Positive,0.28614455068911393,0.03828070821903502,0.6755747410918511,0.32973402428571424,1.0,0,Positive,1.6666666
YWjTWl0oNLk$_$1,0,Neutral,0.10956992734248079,0.8267262536361437,0.06370381902137558,-0.10834047179999999,0.695053570540224,0,Neutral,0.0
YWjTWl0oNLk$_$3,0,Positive,0.021675756561215377,0.3460221107019138,0.6323021327368707,0.4360196471428571,1.0,0,Neutral,0.0
YWjTWl0oNLk$_$4,0,Negative,0.932934991761003,0.026378068064582955,0.040686940174413905,-1.2305918207142856,1.0,0,Negative,-0.33333334
YWjTWl0oNLk$_$7,0,Positive,0.020599568146864543,0.10251439617118177,0.8768860356819537,0.6946521514285714,1.0,0,Positive,0.6666667
YWjTWl0oNLk$_$9,0,Positive,0.04894421378317723,0.3686759992759111,0.5823797869409116,0.35204096,1.0,0,Positive,0.6666667
YWxvIFmYnNU$_$13,4,Positive,0.05378259463719896,0.325956630203781,0.62026077515902,0.36062061142857144,1.0,0,Neutral,0.0
YWxvIFmYnNU$_$20,4,Neutral,0.057083185329043794,0.7649216715520842,0.17799514311887202,0.1277802145285714,0.505824914331265,0,Neutral,0.0
YWxvIFmYnNU$_$26,4,Negative,0.4481097493339243,0.4410283619655446,0.11086188870053108,-0.0334359342857143,1.0,0,Positive,0.6666667
YcJ5RJYUr7Y$_$17,4,Positive,0.008725587584762853,0.02666399733045026,0.9646104150847868,1.3162927999999998,1.0,0,Positive,2.3333333
YcJ5RJYUr7Y$_$19,4,Positive,0.024026084475557128,0.08391600612787176,0.8920579093965711,0.8074502385714285,1.0,0,Positive,1.6666666
YcJ5RJYUr7Y$_$2,4,Neutral,0.17639871347001837,0.7038977362951893,0.11970355023479243,0.013729829000000002,0.37986521656030386,0,Positive,0.33333334
YcyHQQXGXWA$_$4,3,Positive,0.007373111008983641,0.024527703743454192,0.9680991852475621,1.4780892614285714,1.0,0,Positive,1.6666666
YfxtwXXkCmc$_$0,4,Neutral,0.0235082078044425,0.7555455985620178,0.22094619363353968,0.21690219285714285,0.6058732467979737,0,Neutral,0.0
Yi6Qyn4X8is$_$16,2,Negative,0.9846702478437129,0.009969794951292693,0.005359957204994361,-1.5945370928571427,1.0,0,Negative,-0.6666667
Yi6Qyn4X8is$_$7,2,Negative,0.9778320281402134,0.01290095255481646,0.009267019304970118,-1.4700093657142854,1.0,0,Negative,-2.0
YmGfjU5PGyE$_$5,3,Negative,0.9107990682304474,0.04950900961809678,0.03969192215145569,-0.6473969928571428,1.0,0,Positive,0.33333334
Yn8vNC41UMg$_$10,4,Positive,0.012070249055178284,0.0940268375726941,0.8939029133721276,0.7168691157142858,1.0,0,Positive,0.6666667
YodtMIsjM0c$_$7,0,Neutral,0.047533593142088056,0.747519741013392,0.20494666584452,0.16879108014285713,0.566783465358679,0,Positive,0.6666667
Z-26eyME6Co$_$10,0,Neutral,0.09283780169856193,0.8453882802399276,0.06177391806151054,-0.08367412314285715,0.7275582283771234,0,Negative,-0.33333334
Z3fcd1wdzr0$_$2,3,Positive,0.015710568920767477,0.06564546257705466,0.9186439685021779,1.039204757142857,1.0,0,Neutral,0.0
Z3fcd1wdzr0$_$5,3,Neutral,0.06423457986767817,0.8285611943285356,0.10720422580378622,0.06992563342857142,0.5783382122896518,0,Positive,0.6666667
Z3fcd1wdzr0$_$4,3,Positive,0.010425844910887362,0.06437068478527579,0.9252034703038369,0.9226882428571429,1.0,0,Positive,1.3333334
Z3fcd1wdzr0$_$7,3,Positive,0.03181444676944051,0.23681531325159266,0.7313702399789669,0.5011819885714286,1.0,0,Neutral,0.0
ZDz8Qr-sJ3E$_$3,3,Negative,0.5448905053801355,0.403904967849212,0.05120452677065251,-0.2894202117142858,1.0,0,Negative,-0.33333334
ZDz8Qr-sJ3E$_$4,3,Negative,0.5270883102551569,0.4259274998743223,0.046984189870520894,-0.23601606714285714,1.0,0,Neutral,0.0
ZJGzEeDXbyM$_$0,4,Neutral,0.039511686005025644,0.7785052410041297,0.1819830729908447,0.15953813885714285,0.6793109923837347,0,Positive,0.6666667
ZQuGizjoCTY$_$4,4,Neutral,0.037155710319621865,0.6517514611569016,0.3110928285234765,0.22853777628571428,0.4092732421026875,0,Negative,-0.33333334
ZQuGizjoCTY$_$8,4,Neutral,0.0714040755818741,0.7442887312348682,0.1843071931832577,0.11561194671428572,0.5764506312889357,0,Positive,2.0
ZSBoSJaD2tQ$_$1,1,Positive,0.010588725557148812,0.05879093885674711,0.9306203355861041,0.9466128985714286,1.0,0,Neutral,0.0
ZSBoSJaD2tQ$_$8,1,Positive,0.02577490927760411,0.3022630775153163,0.6719620132070796,0.5650433657142857,1.0,0,Neutral,0.0
ZW4Oe_fKJM0$_$7,2,Positive,0.010044809631576068,0.07623282107191073,0.9137223692965132,0.9352335414285715,1.0,0,Positive,1.0
ZXHX_e6HCI0$_$0,3,Positive,0.007565654520217334,0.06561644921766331,0.9268178962621194,1.0474751071428572,1.0,0,Positive,0.6666667
ZZ1IyZaMTWQ$_$0,2,Positive,0.012452216332238425,0.04802186411824198,0.9395259195495196,1.1438831471428572,1.0,0,Positive,2.0
ZZ1IyZaMTWQ$_$5,2,Positive,0.013705641398332899,0.036440210132197115,0.94985414846947,1.3161219857142858,1.0,0,Positive,0.6666667
Zae-zQ3VBpY$_$2,2,Positive,0.011213614582358141,0.023864860755860945,0.9649215246617809,1.402824462857143,1.0,0,Positive,1.0
Zg9DKOHJdw8$_$3,2,Positive,0.03373738593772019,0.26163355712630726,0.7046290569359726,0.3993074228571429,1.0,0,Positive,0.6666667
Zj_4YmbMWtg$_$10,3,Negative,0.40170441730766987,0.26769877549035875,0.3305968072019714,0.061899749714285725,1.0,0,Positive,1.0
Zo8jCDGMWjw$_$0,4,Positive,0.0168098397797964,0.16132855173228308,0.8218616084879206,0.9456567714285714,1.0,0,Positive,0.6666667
Zs8x712Y-CM$_$8,1,Neutral,0.08416359211802407,0.6308557008909612,0.28498070699101474,0.0951723069,0.3823961750535679,0,Negative,-0.33333334
ZtuTCuh9C1M$_$11,0,Neutral,0.03444189239938841,0.5254141180533566,0.4401439895472549,0.4069824357142857,0.5096978573949745,0,Positive,1.6666666
ZtuTCuh9C1M$_$8,0,Positive,0.046792383929811415,0.10553358805598533,0.8476740280142032,0.6689383885714285,1.0,0,Positive,1.0
ZzL2sHtTWRc$_$1,3,Positive,0.0458381204964655,0.31891144460303117,0.6352504349005034,0.40838498142857144,1.0,0,Neutral,0.0
_26JmJnPKfM$_$5,2,Positive,0.025476982963147335,0.330926752591972,0.6435962644448806,0.4247721514285714,1.0,0,Positive,1.3333334
_26JmJnPKfM$_$8,2,Positive,0.019590587446574107,0.0680758731643282,0.9123335393890977,0.9111031857142857,1.0,0,Positive,1.0
_26JmJnPKfM$_$11,2,Positive,0.015153752416643816,0.08034195467936434,0.9045042929039919,0.8415670757142857,1.0,0,Positive,1.6666666
_26JmJnPKfM$_$13,2,Negative,0.6285339108651266,0.31301800149801473,0.05844808763685871,-0.24619987171428573,1.0,0,Positive,1.0
_26JmJnPKfM$_$12,2,Positive,0.02743764921081947,0.21306017505692346,0.7595021757322571,0.5394046428571428,1.0,0,Positive,1.3333334
_26JmJnPKfM$_$15,2,Negative,0.9351289056992469,0.04089304216011422,0.023978052140638834,-0.9553541342857143,1.0,0,Neutral,0.0
_26JmJnPKfM$_$14,2,Neutral,0.05901431664915749,0.869340621705604,0.07164506164523854,-0.013519759785714286,0.6651542549226309,0,Neutral,0.0
_4PNh8dIILI$_$3,1,Positive,0.015843681029753996,0.0903488302227949,0.8938074887474512,0.7237300585714285,1.0,0,Positive,2.0
_8pvMpMdGM4$_$1,0,Positive,0.01722652997105328,0.0935318353938875,0.8892416346350592,0.9061917785714286,1.0,0,Positive,1.0
_8pvMpMdGM4$_$0,0,Positive,0.015882339825378178,0.22187456955625087,0.762243090618371,0.6039990771428572,1.0,0,Positive,0.33333334
_8pvMpMdGM4$_$4,0,Positive,0.007813883936930794,0.0514988407986165,0.9406872752644527,1.011769427142857,1.0,0,Positive,1.3333334
_8pvMpMdGM4$_$6,0,Positive,0.01079217125320663,0.03434910906857885,0.9548587196782146,1.0669052857142858,1.0,0,Positive,0.33333334
_HabvL0VnrQ$_$31,1,Positive,0.015431682665712878,0.3201576937610615,0.6644106235732256,0.48925581285714287,1.0,0,Positive,0.33333334
_HabvL0VnrQ$_$0,1,Neutral,0.42714063287509824,0.5007603015727319,0.07209906555216983,-0.06295139714285715,0.7223140722212382,0,Neutral,0.0
_HabvL0VnrQ$_$9,1,Negative,0.5266166880456287,0.32103035197890917,0.15235295997546222,-0.13700635,1.0,0,Negative,-0.33333334
_HanACduNJk$_$10,1,Neutral,0.16285123746566116,0.6686718288751894,0.16847693365914954,0.04551692197857143,0.5365570173374703,0,Negative,-1.0
_HanACduNJk$_$12,1,Neutral,0.1459468730366875,0.7667851265724439,0.08726800039086857,0.0595959162,0.5637542844483262,0,Neutral,0.0
_HanACduNJk$_$2,1,Neutral,0.18121477807532874,0.7367032142730918,0.08208200765157943,0.02608395914285715,0.5956466974248408,0,Neutral,0.0
_JcML8u5Wes$_$3,2,Positive,0.007585850276916558,0.020880324270698487,0.971533825452385,1.5838409142857144,1.0,0,Positive,1.6666666
_PKP676ez2c$_$4,2,Positive,0.0215629504605334,0.08888827268571747,0.8895487768537492,0.7265329471428572,1.0,0,Positive,0.33333334
_PKP676ez2c$_$7,2,Positive,0.04653994221948956,0.3157655299584602,0.6376945278220503,0.4602842914285715,1.0,0,Neutral,0.0
_UNQDdiAbWI$_$4,3,Positive,0.02961410488611586,0.25404564994394646,0.7163402451699378,0.5690349028571429,1.0,0,Positive,1.0
_XWUKMkxa-Q$_$4,3,Positive,0.017881044889855313,0.07789885446642318,0.9042201006437215,1.0636625028571427,1.0,0,Positive,1.0
_YzIvwvyIq4$_$5,4,Positive,0.013959332289340385,0.10594405055684317,0.8800966171538165,0.6320894928571429,1.0,0,Positive,1.0
_bIJOxiIJFk$_$5,0,Positive,0.008431158723555376,0.02464522130731855,0.9669236199691261,1.1579435771428572,1.0,0,Positive,1.3333334
_bIJOxiIJFk$_$4,0,Positive,0.007971459343732328,0.03715818224738792,0.9548703584088798,1.02999255,1.0,0,Positive,1.3333334
_iRAn6feOmw$_$25,4,Neutral,0.028175123952628583,0.6010684085132322,0.37075646753413927,0.33450769428571425,0.31652772687218683,0,Neutral,0.0
_iRAn6feOmw$_$15,4,Positive,0.010286400546288802,0.11840057624708832,0.8713130232066228,0.6213431771428571,1.0,0,Positive,0.33333334
_iRAn6feOmw$_$14,4,Positive,0.007687611961663043,0.06109101595172953,0.9312213720866075,0.88401368,1.0,0,Positive,0.33333334
_iy7ftq27xE$_$11,4,Neutral,0.06596874337501789,0.5615710378262062,0.37246021879877594,0.25599156542857143,0.21047472097390782,0,Neutral,0.0
_iy7ftq27xE$_$6,4,Negative,0.7726499056039072,0.09963786462862319,0.12771222976746968,-0.4820913285714286,1.0,0,Negative,-1.6666666
_iy7ftq27xE$_$9,4,Neutral,0.1408187938902426,0.555714354246633,0.3034668518631245,0.21497429825714284,0.284392213270585,0,Neutral,0.0
_qVgNLJCYdA$_$0,2,Neutral,0.037372694456400644,0.5162542916799067,0.44637301386369266,0.2848190191428572,0.38728308506270626,0,Neutral,0.0
_qVgNLJCYdA$_$6,2,Neutral,0.04382100267215394,0.6422213082372981,0.31395768909054805,0.2031648137142857,0.32443988863015105,0,Neutral,0.0
_t8ETpf2LnM$_$0,3,Negative,0.8949125011142626,0.07084050326136997,0.03424699562436754,-0.7362488757142857,1.0,0,Neutral,0.0
_v8c7iWkYz0$_$4,4,Positive,0.013624464468851993,0.20917316963737015,0.7772023658937779,0.6275035128571428,1.0,0,Neutral,0.0
_xjBqNfiEY4$_$0,3,Positive,0.007193870837102787,0.02183742972488144,0.9709686994380158,1.4686681499999998,1.0,0,Positive,2.0
a4vRa-_nuJw$_$11,3,Positive,0.15358230584045637,0.07421427874864804,0.7722034154108957,0.8818576947142857,1.0,0,Negative,-1.3333334
a4vRa-_nuJw$_$10,3,Positive,0.009764155335824802,0.024561280375388385,0.9656745642887868,1.4317039142857142,1.0,0,Positive,1.0
a4vRa-_nuJw$_$4,3,Positive,0.012392281868196221,0.035200814213173955,0.9524069039186298,1.2172018,1.0,0,Positive,0.6666667
a5CSKvCAhbs$_$11,1,Neutral,0.04029903598299598,0.49865865808866294,0.4610423059283411,0.41389016714285715,0.546609746798766,0,Neutral,0.0
a5CSKvCAhbs$_$7,1,Neutral,0.312151321000797,0.6025169850513897,0.08533169394781327,-0.08542569785714287,0.3779845866056041,0,Neutral,0.0
a5CSKvCAhbs$_$6,1,Negative,0.7067800643266376,0.11446176593204581,0.1787581697413165,-0.2571288171428571,1.0,0,Positive,0.33333334
a5FKWiI90hk$_$3,4,Neutral,0.2054682989287459,0.6381719164457393,0.1563597846255148,-0.06581758918571429,0.3340261174302061,0,Positive,0.33333334
a7HHg_JygJo$_$5,2,Positive,0.01684772403722674,0.05444351209847815,0.9287087638642951,1.0296430857142858,1.0,0,Positive,0.33333334
a7HHg_JygJo$_$6,2,Positive,0.015396865507925933,0.09480047252226616,0.889802661969808,0.7794011157142856,1.0,0,Positive,0.6666667
a8WV5KEMKSw$_$1,1,Negative,0.8908767077791976,0.061678518972627515,0.04744477324817484,-0.42879048957142857,1.0,0,Negative,-1.6666666
a8WV5KEMKSw$_$0,1,Negative,0.6381915826299309,0.2334660375633473,0.12834237980672175,-0.22409898185714283,1.0,0,Negative,-1.0
aCwLQrJz4Bo$_$0,0,Negative,0.9042127073574118,0.05838035122363449,0.037406941418953815,-0.7999136157142857,1.0,0,Positive,1.3333334
aDvgbBqTWWE$_$10,3,Positive,0.01011466636952152,0.053965097304282235,0.9359202363261963,1.1275260571428574,1.0,0,Neutral,0.0
aDvgbBqTWWE$_$23,3,Negative,0.7362680360651679,0.21590173265500043,0.04783023127983172,-0.28123421142857147,1.0,0,Negative,-0.33333334
aDvgbBqTWWE$_$30,3,Positive,0.01633419734366349,0.05809963330150701,0.9255661693548295,1.2004889857142855,1.0,0,Positive,1.6666666
aE7sckIAWuw$_$4,3,Negative,0.522095244934068,0.2939583712594348,0.18394638380649714,-0.10507269514285714,1.0,0,Negative,-0.6666667
aE7sckIAWuw$_$8,3,Negative,0.899100771716855,0.06848823016146219,0.03241099812168287,-0.6808515571428572,1.0,0,Positive,0.6666667
aFjMWlR1QAY$_$0,4,Negative,0.9188967926873488,0.04938971958462757,0.031713487728023654,-0.7782190242857142,1.0,0,Negative,-0.6666667
aFjMWlR1QAY$_$3,4,Negative,0.6222915984659383,0.31203045172368027,0.06567794981038153,-0.3288962262857143,1.0,0,Negative,-1.3333334
aFjMWlR1QAY$_$2,4,Negative,0.47506583526434215,0.435600329659086,0.08933383507657186,-0.014404689714285712,1.0,0,Neutral,0.0
aFjMWlR1QAY$_$9,4,Negative,0.9437454807318645,0.03790441564239309,0.018350103625742433,-1.1021514114285715,1.0,0,Negative,-1.3333334
aI1tdJPHz2I$_$1,1,Negative,0.7989737400951856,0.16006314235526334,0.0409631175495511,-0.6669990242857143,1.0,0,Neutral,0.0
aIUF3QJJOF4$_$12,2,Positive,0.01464727941354335,0.06340936520890326,0.9219433553775533,0.9728611128571429,1.0,0,Positive,1.0
aIUF3QJJOF4$_$0,2,Neutral,0.04061814684774534,0.7366849624205364,0.22269689073171833,0.2155726885714286,0.4318501040510934,0,Positive,1.0
aIUF3QJJOF4$_$3,2,Positive,0.009864340181037514,0.028683050292885055,0.9614526095260775,1.3230810428571427,1.0,0,Positive,0.33333334
aIUF3QJJOF4$_$2,2,Negative,0.8412931586246981,0.10665070348763159,0.05205613788767017,-0.4326578357142857,1.0,0,Positive,0.33333334
aIUF3QJJOF4$_$7,2,Positive,0.28509017230202116,0.30903935660225856,0.4058704710957203,0.16609805800000002,1.0,0,Neutral,0.0
aNOuoSVlunM$_$8,1,Negative,0.967834314286737,0.021192068306055044,0.010973617407207908,-1.2022314257142859,1.0,0,Negative,-1.0
aNOuoSVlunM$_$0,1,Negative,0.8627925937185693,0.020719908179343872,0.11648749810208686,-1.3345879271428573,1.0,0,Neutral,0.0
afCsKTHteg4$_$5,1,Positive,0.009422194930006556,0.047034676364885265,0.9435431287051081,1.04528602,1.0,0,Positive,2.3333333
ahcAFnY6iAY$_$1,3,Positive,0.13902774805789633,0.1523859128545054,0.7085863390875983,0.5550795571428572,1.0,0,Neutral,0.0
aiUq5xksJy0$_$5,4,Positive,0.02036178828603891,0.2811317494606492,0.6985064622533119,0.64772042,1.0,0,Neutral,0.0
aiUq5xksJy0$_$7,4,Positive,0.014488273782609655,0.11356607354709297,0.8719456526702973,0.7118546871428572,1.0,0,Neutral,0.0
ak7N0BqMluI$_$3,4,Neutral,0.4606085930129815,0.47908919897338026,0.060302208013638114,-0.14828368285714286,0.3869082567859493,0,Negative,-0.33333334
ak7N0BqMluI$_$2,4,Neutral,0.11023135262093284,0.7376655591335738,0.1521030882454934,-0.017767346485714288,0.4244716029611988,0,Negative,-0.33333334
amem5EmRG3s$_$2,2,Positive,0.012588405423176399,0.11972603423440313,0.8676855603424205,0.6991680657142857,1.0,0,Positive,2.0
ap465Tlzf88$_$1,2,Neutral,0.030718616134589993,0.5399444011322256,0.42933698273318427,0.30298228857142856,0.4058281700309028,0,Positive,0.33333334
aqmRPNfeOy8$_$0,1,Positive,0.015314400659591429,0.21586110208621037,0.7688244972541983,0.5816385471428571,1.0,0,Positive,0.33333334
aqmRPNfeOy8$_$2,1,Positive,0.012525325349090864,0.13842968019672378,0.8490449944541854,0.5800326071428571,1.0,0,Positive,0.6666667
asWraTfIqq0$_$11,4,Positive,0.021901558460853395,0.42073476798864057,0.557363673550506,0.5584350585714285,1.0,0,Positive,1.0
asWraTfIqq0$_$4,4,Neutral,0.07919594110351845,0.6022255695221481,0.3185784893743335,0.3071164737142857,0.34780696321845456,0,Neutral,0.0
asWraTfIqq0$_$6,4,Positive,0.17542997210649353,0.40928557072454047,0.4152844571689661,0.06682287571428573,1.0,0,Positive,1.3333334
assx_NKo-L8$_$14,1,Neutral,0.01528078526436666,0.6532499238909826,0.3314692908446507,0.19945993305714288,0.517023095010012,0,Neutral,0.0
assx_NKo-L8$_$4,1,Positive,0.01291421825764059,0.208896854129868,0.7781889276124914,0.5727874085714285,1.0,0,Negative,-0.33333334
assx_NKo-L8$_$9,1,Negative,0.7913536484223955,0.16129361782949544,0.0473527337481091,-0.6423101414285715,1.0,0,Negative,-1.3333334
assx_NKo-L8$_$20,1,Neutral,0.035268280013330953,0.5308571352080816,0.4338745847785874,0.2584722485714286,0.5372473001456444,0,Negative,-0.33333334
atxoi7pB5TM$_$2,0,Neutral,0.04197562606455237,0.8478939434895812,0.11013043044586643,0.08547475357142856,0.6447938905320566,0,Neutral,0.0
avW2m6VHTyg$_$2,1,Positive,0.005844285115305514,0.04131948151949387,0.9528362333652006,1.0361883414285715,1.0,0,Positive,2.0
b1Il3Nf6BrU$_$6,4,Positive,0.051191269180433915,0.3974483151408961,0.55136041567867,0.39749783428571434,1.0,0,Positive,0.6666667
b8xmgi4VV0M$_$9,4,Positive,0.012088877229559376,0.23005611360408118,0.7578550091663595,0.5869950285714286,1.0,0,Positive,1.0
bBJ0BxmIocQ$_$1,0,Positive,0.0060155928792212324,0.015196485574566237,0.9787879215462125,1.5259809785714287,1.0,0,Positive,2.3333333
bBJ0BxmIocQ$_$0,0,Positive,0.005804111582461567,0.028281881586747947,0.9659140068307905,1.2442487714285713,1.0,0,Positive,1.6666666
bBJ0BxmIocQ$_$12,0,Positive,0.02154459524910271,0.0795367913351407,0.8989186134157566,0.9539265842857142,1.0,0,Neutral,0.0
bBJ0BxmIocQ$_$19,0,Positive,0.024974230947141813,0.04499944183977796,0.9300263272130802,1.1713577685714287,1.0,0,Positive,0.6666667
bBJ0BxmIocQ$_$18,0,Negative,0.7327537689378055,0.16590673372581052,0.10133949733638403,-0.36861794857142854,1.0,0,Negative,-0.33333334
bCDfIJ12oqM$_$0,2,Positive,0.011667467188936635,0.22459914154774854,0.7637333912633149,0.6548436142857142,1.0,0,Positive,1.0
bQcJVJcpgAs$_$1,0,Positive,0.013457846168517319,0.021254954724767884,0.9652871991067148,1.1296759657142859,1.0,0,Positive,1.0
bU6CgE_kMRY$_$5,1,Positive,0.008359557220032052,0.05444009800082781,0.9372003447791402,0.9102121085714286,1.0,0,Positive,2.0
bUFAN2TgPaU$_$11,4,Positive,0.0135057059286127,0.17754028691871565,0.8089540071526716,0.7325432871428571,1.0,0,Positive,1.6666666
bVhWpCvpSs4$_$1,2,Positive,0.012339965655180581,0.04462172353084885,0.9430383108139706,1.2508311214285714,1.0,0,Positive,1.3333334
bVhWpCvpSs4$_$3,2,Positive,0.011720047922735137,0.041198894518466055,0.9470810575587988,1.301014162857143,1.0,0,Positive,1.3333334
bVhWpCvpSs4$_$2,2,Positive,0.012620307840229274,0.03596798310536698,0.9514117090544038,1.5160319714285715,1.0,0,Positive,1.6666666
bVhWpCvpSs4$_$6,2,Positive,0.010969675025605722,0.01843918578317321,0.9705911391912211,1.7524740857142855,1.0,0,Positive,2.0
bYt4wybVLRQ$_$3,3,Positive,0.007448167730581563,0.02673551478743955,0.9658163174819789,1.4327595857142856,1.0,0,Positive,1.6666666
bYt4wybVLRQ$_$16,3,Negative,0.5820469385904601,0.25121847379024004,0.1667345876192999,-0.09206294471428574,1.0,0,Negative,-0.33333334
bZ2ytqPtyK4$_$14,1,Positive,0.009414736591192546,0.03763129513651831,0.9529539682722892,1.1878329371428573,1.0,0,Positive,2.0
b_SffSbPVJM$_$5,3,Neutral,0.40412526552575595,0.41873935250681427,0.17713538196742967,-0.02325579857142857,0.38377479448509466,0,Negative,-0.33333334
babuyKl7EAw$_$5,2,Negative,0.7786235998473114,0.07204625080033038,0.14933014935235822,-0.43894411442857134,1.0,0,Neutral,0.0
badtXoOJaf8$_$7,2,Negative,0.9695503474021262,0.021433435283178898,0.009016217314694987,-1.2519121285714285,1.0,0,Neutral,0.0
bcns0Gu66D8$_$3,1,Positive,0.28571081837755075,0.18299514787021395,0.5312940337522353,0.2915661271428571,1.0,0,Negative,-0.6666667
bdtwQxwySN0$_$15,2,Positive,0.016862578729833894,0.018466198353791236,0.9646712229163749,1.5380708714285716,1.0,0,Positive,1.3333334
bdtwQxwySN0$_$2,2,Negative,0.7741149931979772,0.05585761984196027,0.1700273869600626,-0.4090570277142857,1.0,0,Negative,-1.3333334
bfy28AlY-TQ$_$3,4,Neutral,0.24477820063325187,0.5097868210224945,0.24543497834425365,0.25560709285714284,0.23142003029232347,0,Positive,0.6666667
bh4_Kd4hhd4$_$1,0,Positive,0.031023796619515383,0.3631026080548075,0.6058735953256772,0.36465051285714284,1.0,0,Positive,0.6666667
bhFK-xy76U4$_$1,2,Positive,0.13742180954818564,0.14683227701623752,0.7157459134355768,0.37203491571428576,1.0,0,Positive,0.6666667
bhPB19tr-JY$_$0,3,Positive,0.0060731570130139086,0.05508501668946791,0.9388418262975182,1.252313607142857,1.0,0,Positive,2.0
bhPB19tr-JY$_$6,3,Positive,0.00983157847672781,0.09110657048435623,0.899061851038916,0.9489039557142858,1.0,0,Positive,0.6666667
bkP-BNW4oMg$_$0,0,Positive,0.023828747052590644,0.32007423239949634,0.6560970205479131,0.41362298857142854,1.0,0,Positive,1.3333334
c5-L8vC6_sk$_$8,0,Negative,0.6305966836873678,0.06416733386517644,0.30523598244745576,-0.11623817771428573,1.0,0,Neutral,0.0
c6wuh0NRG1s$_$1,2,Positive,0.1596559215774378,0.30397045459659683,0.5363736238259654,0.3443654364285714,1.0,0,Neutral,0.0
c6wuh0NRG1s$_$0,2,Negative,0.8196971786183994,0.10777497842681061,0.07252784295479002,-0.33079054999999996,1.0,0,Neutral,0.0
c6wuh0NRG1s$_$9,2,Positive,0.01138429957276127,0.06549370929423425,0.9231219911330045,1.084431314285714,1.0,0,Positive,1.0
c7xUcM68IFE$_$2,3,Positive,0.04453134966339275,0.21749726118000315,0.7379713891566041,0.6022937728571429,1.0,0,Positive,0.6666667
c7xUcM68IFE$_$5,3,Positive,0.020283782062517856,0.13013846324339726,0.8495777546940849,0.7707034442857142,1.0,0,Positive,0.6666667
c7xUcM68IFE$_$9,3,Negative,0.7704193922771989,0.1796828505534758,0.04989775716932529,-0.2839655648571429,1.0,0,Positive,1.0
c805Td8A_Ek$_$22,3,Positive,0.006867216725450432,0.018293142838860493,0.974839640435689,1.5830813285714285,1.0,0,Positive,1.3333334
c805Td8A_Ek$_$17,3,Positive,0.01660120152434067,0.23442842878960063,0.7489703696860588,0.5484643914285714,1.0,0,Positive,0.33333334
c805Td8A_Ek$_$16,3,Positive,0.0260867575875786,0.2115578696867189,0.7623553727257024,0.5754771342857143,1.0,0,Positive,0.6666667
c9jD33baJ60$_$1,3,Negative,0.6327801473592178,0.29980979431336185,0.06741005832742028,-0.13529890371428574,1.0,0,Negative,-1.3333334
c9jD33baJ60$_$0,3,Neutral,0.06659325230505557,0.4949308244488482,0.43847592324609636,0.3788448528571429,0.1402966993024263,0,Neutral,0.0
cAA2mONG98w$_$2,3,Positive,0.010685304393462568,0.09183999141252573,0.8974747041940117,0.9184091200000001,1.0,0,Positive,0.33333334
cEXJ2zFbC9I$_$4,4,Negative,0.9246537137451128,0.054990223496798996,0.0203560627580882,-0.7772602457142856,1.0,0,Negative,-1.0
cKUPgzZu-Fk$_$4,1,Positive,0.015204339697407388,0.07396209918425739,0.9108335611183352,0.7738843828571429,1.0,0,Positive,1.3333334
cKldvZeyRDA$_$2,4,Negative,0.9187835591226987,0.04718260636402385,0.03403383451327745,-0.9946356185714286,1.0,0,Negative,-1.3333334
cKxNJY7sA8s$_$1,2,Positive,0.02893646167939031,0.1250349356604997,0.84602860266011,0.6410353999999999,1.0,0,Positive,0.33333334
cM1Zuji24dI$_$3,2,Positive,0.03395997394931993,0.25148777768260966,0.7145522483680704,0.38771317285714285,1.0,0,Neutral,0.0
cM1Zuji24dI$_$2,2,Negative,0.9112848427920511,0.062408025709827994,0.02630713149812092,-0.5641410685714286,1.0,0,Neutral,0.0
cOcNe3L4VAg$_$10,2,Positive,0.016997193467422157,0.22590387123063746,0.7570989353019404,0.5428670314285714,1.0,0,Positive,2.0
cOcNe3L4VAg$_$13,2,Positive,0.008878426278337218,0.06527292632804041,0.9258486473936224,0.9043380499999999,1.0,0,Neutral,0.0
cOcNe3L4VAg$_$2,2,Positive,0.019022119377040583,0.1966750818135086,0.7843027988094509,0.7033696614285713,1.0,0,Positive,1.3333334
cRFiXLzcCOA$_$3,4,Positive,0.0078331832991465,0.018239678137903618,0.9739271385629499,1.4340843285714289,1.0,0,Positive,2.0
cS3BDGNDu_8$_$10,2,Negative,0.9014909310409249,0.07008679486643345,0.028422274092641697,-1.012344382857143,1.0,0,Negative,-1.3333334
cS3BDGNDu_8$_$2,2,Neutral,0.24656968214867866,0.5859815493921249,0.1674487684591964,-0.06378568357142857,0.30827319449213647,0,Negative,-0.6666667
cUm0TN3vXRc$_$2,0,Negative,0.787152293815232,0.18483749454770537,0.02801021163706262,-0.67398936,1.0,0,Negative,-1.0
cZVM4svwE90$_$25,3,Positive,0.01966903112060115,0.19560560334615684,0.784725365533242,0.5913863399999999,1.0,0,Positive,1.0
cZVM4svwE90$_$26,3,Positive,0.027953374674613327,0.23150735834354785,0.7405392669818388,0.5558193228571428,1.0,0,Positive,1.3333334
cZVM4svwE90$_$1,3,Neutral,0.026071924360205497,0.7437279971249371,0.2302000785148574,0.15490908735714284,0.49123686080151674,0,Positive,0.6666667
cZVM4svwE90$_$3,3,Neutral,0.039413782306468005,0.8457200324840743,0.11486618520945777,0.08183440842857141,0.6228490788878817,0,Neutral,0.0
cZVM4svwE90$_$4,3,Positive,0.02328399420396064,0.0957349298542273,0.880981075941812,0.7212586642857144,1.0,0,Positive,1.0
cZVM4svwE90$_$6,3,Positive,0.015329406294217618,0.23833189267130203,0.7463387010344804,0.5087595971428571,1.0,0,Positive,1.0
cZVM4svwE90$_$13,3,Positive,0.046665259349517575,0.35734517372538577,0.5959895669250966,0.6579158371428572,1.0,0,Positive,1.3333334
cZVM4svwE90$_$12,3,Negative,0.7766640963035577,0.17552257051172807,0.047813333184714285,-0.45287743285714294,1.0,0,Positive,0.6666667
cZVM4svwE90$_$15,3,Negative,0.7794016163337318,0.1861218900402165,0.03447649362605173,-0.5401052039999998,1.0,0,Positive,1.0
c_FJuhSte8Q$_$5,0,Negative,0.9287108926025389,0.03237294911561768,0.03891615828184343,-0.8810243285714286,1.0,0,Negative,-0.33333334
c_FJuhSte8Q$_$7,0,Positive,0.016386077435594032,0.10018979290008133,0.8834241296643247,0.7278510971428572,1.0,0,Positive,1.3333334
c_FJuhSte8Q$_$8,0,Positive,0.015128368586447822,0.06100110756286347,0.9238705238506887,0.8309607242857143,1.0,0,Positive,2.0
caLWajc18Y4$_$5,2,Positive,0.01308383898077626,0.10034476787618267,0.8865713931430411,0.7018442042857141,1.0,0,Neutral,0.0
caLWajc18Y4$_$6,2,Positive,0.02175179530276337,0.15405623747200226,0.8241919672252344,0.5387733957142857,1.0,0,Positive,0.33333334
caLWajc18Y4$_$9,2,Positive,0.018367252344168424,0.2335990152233073,0.7480337324325244,0.5315402128571428,1.0,0,Neutral,0.0
cfX_iuhCbRY$_$1,0,Positive,0.009529785373434813,0.05732836145402875,0.9331418531725364,0.7975323685714286,1.0,0,Positive,0.6666667
cfX_iuhCbRY$_$5,0,Neutral,0.23235947119621195,0.606413228679301,0.161227300124487,-0.16309317071428572,0.3718890679589718,0,Neutral,0.0
cjgq9d8Zn9g$_$2,1,Neutral,0.07009960099326125,0.5127995561540617,0.417100842852677,0.21552719492857145,0.5571759657976809,0,Neutral,0.0
cmJW6mkspkI$_$0,2,Positive,0.006951947645421524,0.03789451889016154,0.955153533464417,1.287297522857143,1.0,0,Positive,2.3333333
cnllFPRyBFs$_$0,2,Neutral,0.029858197755820423,0.5541575939366596,0.41598420830751986,0.3307604498571428,0.44746015097880715,0,Neutral,0.0
ctMCSUT2LlQ$_$4,4,Neutral,0.032543077049245826,0.6621002087850633,0.30535671416569093,0.25663917028571426,0.4437339704765846,0,Neutral,0.0
d0QNH2vcDgU$_$3,0,Neutral,0.0919728107676774,0.7035920295263035,0.20443515970601914,0.12259554657142856,0.3367876713593693,0,Positive,0.33333334
d0QNH2vcDgU$_$13,0,Positive,0.006782898265123344,0.01305011828181214,0.9801669834530644,1.5026770714285718,1.0,0,Positive,2.3333333
d38u9n5GOLM$_$26,1,Neutral,0.2635105595072105,0.42474306529927147,0.31174637519351817,0.06607905142857147,0.6059856200357153,0,Positive,1.6666666
d38u9n5GOLM$_$18,1,Neutral,0.2987800910278744,0.4987072445706898,0.20251266440143584,-0.05536772814285714,0.40569915118965505,0,Positive,1.6666666
d38u9n5GOLM$_$28,1,Positive,0.010985098657765492,0.17205093237635488,0.8169639689658796,0.8800566457142857,1.0,0,Positive,1.3333334
d38u9n5GOLM$_$6,1,Positive,0.010810090891931514,0.09109427037181735,0.8980956387362511,0.7898128857142858,1.0,0,Positive,2.3333333
d3I7Ug-_3L0$_$0,0,Positive,0.013264647738128986,0.2349621866266143,0.7517731656352566,0.5852870828571428,1.0,0,Positive,0.6666667
d3I7Ug-_3L0$_$5,0,Neutral,0.05024304422655763,0.6795738486549595,0.2701831071184828,0.11321544242857143,0.5795125946904426,0,Negative,-0.6666667
d3I7Ug-_3L0$_$6,0,Negative,0.7944539018874969,0.1707937157308163,0.03475238238168673,-0.6685684257142858,1.0,0,Negative,-0.33333334
d89Z_olwc2Y$_$24,3,Neutral,0.13997375244605928,0.7645461106659655,0.09548013688797535,0.030370246285714286,0.5945167379498948,0,Positive,0.33333334
d99mfGIenCo$_$15,3,Positive,0.016669273293534678,0.1656495232357703,0.8176812034706951,0.8459025,1.0,0,Positive,0.6666667
d99mfGIenCo$_$16,3,Positive,0.005170034738892659,0.030953748505845518,0.9638762167552618,1.1282135214285713,1.0,0,Positive,1.0
d99mfGIenCo$_$1,3,Neutral,0.026149496923870693,0.6495178341920065,0.32433266888412277,0.2946964081428572,0.23444284460573292,0,Positive,0.6666667
d99mfGIenCo$_$2,3,Neutral,0.039385534947166935,0.6585639429338604,0.3020505221189726,0.18450284485714286,0.3517410245017153,0,Positive,2.0
dCDAcBR505Q$_$14,4,Neutral,0.022898026376258696,0.5239011510431508,0.45320082258059047,0.3576681757142857,0.3996863164097758,0,Neutral,0.0
dJ5MXl66-UQ$_$1,1,Positive,0.014373756752713712,0.1122981358582786,0.8733281073890077,0.66756982,1.0,0,Positive,0.6666667
dQ56b0bqmc8$_$5,2,Positive,0.006790408420940246,0.03195420348510464,0.9612553880939552,1.2972248428571427,1.0,0,Positive,0.6666667
dSax_7klbfE$_$17,1,Neutral,0.04576730164416033,0.713924552706326,0.2403081456495137,0.14876378671428572,0.5971694459164151,0,Positive,0.33333334
dSax_7klbfE$_$1,1,Neutral,0.13699632606258508,0.43596531838070024,0.4270383555567146,0.2495142065714286,0.6611770890622715,0,Negative,-0.33333334
dWfgSGnd9zM$_$6,0,Positive,0.022605087132401225,0.19568962543189639,0.7817052874357024,0.5686494642857143,1.0,0,Positive,1.0
dXMAS2tIknw$_$6,1,Neutral,0.028330129606646534,0.5865422294011226,0.3851276409922309,0.22600041157142856,0.6224535252816225,0,Negative,-0.6666667
dYyg91d7zjY$_$2,3,Neutral,0.21549288284758453,0.7426585448137022,0.04184857233871327,-0.1930876385714286,0.5881510854826496,0,Negative,-0.33333334
damyXH7mBic$_$11,1,Positive,0.010835908348407756,0.09049177002355953,0.8986723216280327,0.7366758785714287,1.0,0,Positive,0.6666667
dbpGH5iP0GE$_$2,1,Neutral,0.05707982383707237,0.8364116998049373,0.10650847635799034,0.06213231842857143,0.7816584633982921,0,Positive,0.33333334
dbpGH5iP0GE$_$3,1,Neutral,0.03336919401868389,0.7775656928275481,0.18906511315376814,0.12082781317142856,0.7604067643930346,0,Neutral,0.0
dcUlt6zk_S0$_$5,1,Positive,0.018571853051941593,0.07552610878742344,0.905902038160635,0.8361263314285715,1.0,0,Positive,0.33333334
ddix4XuaUlY$_$4,0,Positive,0.010084335659778003,0.19706094628609291,0.7928547180541291,0.7059870442857142,1.0,0,Positive,0.6666667
dqragS38hCk$_$10,3,Neutral,0.03993232210826688,0.5229468630675466,0.4371208148241865,0.4520125302857143,0.17593251388576286,0,Neutral,0.0
dqragS38hCk$_$2,3,Negative,0.7617911301485722,0.17430639238264692,0.06390247746878087,-0.19868358785714285,1.0,0,Negative,-0.6666667
dqragS38hCk$_$8,3,Negative,0.9689635921152782,0.019931482854540206,0.01110492503018171,-1.2798053571428571,1.0,0,Negative,-0.33333334
dsob2MgUPpA$_$13,3,Positive,0.006986010007413541,0.011612547488198748,0.9814014425043878,1.7045513285714287,1.0,0,Positive,2.6666667
dsob2MgUPpA$_$3,3,Positive,0.017912277431042112,0.0972378338583106,0.8848498887106473,0.9312749442857144,1.0,0,Positive,2.3333333
dsob2MgUPpA$_$2,3,Positive,0.0046389028405753475,0.01231834852743447,0.9830427486319901,1.6215431814285712,1.0,0,Positive,2.3333333
dsob2MgUPpA$_$5,3,Positive,0.011052960451259012,0.15028437839430772,0.8386626611544333,1.0007958971428572,1.0,0,Positive,2.0
dyZdiWNflko$_$6,1,Positive,0.01243144595343432,0.0793060129443263,0.9082625411022394,0.75905705,1.0,0,Positive,1.0
e-2QlzFeyNU$_$4,0,Neutral,0.027421801753459717,0.6564391730806274,0.31613902516591286,0.23347524542857143,0.49397997568268265,0,Positive,1.3333334
e0hYEr848TE$_$0,2,Positive,0.16108500730348754,0.4024619491507706,0.43645304354574194,0.18765728142857144,1.0,0,Positive,0.6666667
e0ltF8zpEcw$_$9,4,Neutral,0.043231646199251,0.7443674270826938,0.2124009267180553,0.14626116985714285,0.5219277246440416,0,Positive,0.6666667
e0ltF8zpEcw$_$8,4,Positive,0.03379544991396434,0.45383049572215023,0.5123740543638855,0.3025155145714286,1.0,0,Neutral,0.0
e1E5W_ZefmY$_$10,2,Neutral,0.042337703931595555,0.7772461329126604,0.18041616315574405,0.06424917208571428,0.510666748839166,0,Negative,-0.33333334
e1E5W_ZefmY$_$3,2,Neutral,0.06415019558436476,0.7630176589959,0.17283214541973518,0.04587339035714285,0.4683696484308116,0,Neutral,0.0
e7_2U4lm6TE$_$38,0,Negative,0.6633490311667788,0.13917036356550258,0.19748060526771857,-0.26248772457142855,1.0,0,Neutral,0.0
e7_2U4lm6TE$_$28,0,Negative,0.7845473490028936,0.049203200937988224,0.1662494500591182,-0.6505543492857143,1.0,0,Negative,-1.3333334
e7_2U4lm6TE$_$7,0,Positive,0.019957718912857112,0.09228104536968093,0.887761235717462,0.8154119542857142,1.0,0,Positive,1.3333334
eJwZfdtlks8$_$15,1,Neutral,0.04162789483612952,0.7463737877510213,0.21199831741284933,0.11982542914285714,0.6594489174459216,0,Positive,0.6666667
ePtlUYCdrNM$_$1,1,Negative,0.7536281977226281,0.1873861808468322,0.05898562143053968,-0.32044503314285716,1.0,0,Neutral,0.0
eSHOcLD5T58$_$7,1,Neutral,0.12035153396059191,0.8131063831518783,0.06654208288752964,-0.03034929858571429,0.7430864560534499,0,Negative,-0.33333334
eSHOcLD5T58$_$9,1,Positive,0.010751626646682905,0.06247691713807793,0.9267714562152392,0.9630797857142859,1.0,0,Positive,1.6666666
eTCnM472-cQ$_$0,1,Positive,0.006883463421192845,0.0647526007459551,0.928363935832852,0.9620993814285715,1.0,0,Neutral,0.0
eTn2P4wmFr4$_$12,3,Negative,0.6654457922684477,0.07561954106947638,0.25893466666207604,-0.2701499914285714,1.0,0,Negative,-0.33333334
eTn2P4wmFr4$_$15,3,Negative,0.4323710370312082,0.40532019931511615,0.16230876365367575,-0.11865611614285711,1.0,0,Negative,-0.6666667
eTn2P4wmFr4$_$3,3,Negative,0.6731851896153228,0.25867831670932667,0.06813649367535059,-0.28873174042857147,1.0,0,Negative,-1.0
eTn2P4wmFr4$_$7,3,Negative,0.9714180726782072,0.017190318883703728,0.011391608438089113,-1.3389317285714288,1.0,0,Negative,-2.0
eTn2P4wmFr4$_$9,3,Negative,0.8812642311847138,0.08044981953373709,0.03828594928154924,-0.4200731742857142,1.0,0,Positive,0.33333334
eW1vgHE6FRM$_$14,4,Positive,0.006941191022575604,0.033292084365554274,0.9597667246118702,1.1585599428571427,1.0,0,Positive,1.6666666
eW1vgHE6FRM$_$3,4,Positive,0.01481932953857081,0.44744188755176056,0.5377387829096687,0.32990190171428563,1.0,0,Positive,0.33333334
eY64P27khzk$_$0,4,Neutral,0.39993700017151407,0.5360168821296913,0.06404611769879455,-0.1260885957142857,0.4083169928129246,0,Negative,-0.33333334
eY64P27khzk$_$3,4,Neutral,0.06117609861260783,0.49890060225824545,0.4399232991291467,0.2625363257142857,0.4304526963243811,0,Neutral,0.0
eeN7l4R3nPc$_$10,2,Neutral,0.02586107192672421,0.558204455674414,0.41593447239886183,0.32054738842857144,0.3339141727573213,0,Positive,0.33333334
efLrpnuLwyU$_$1,0,Negative,0.7967901895647123,0.14506641284195176,0.05814339759333605,-0.6227535291428572,1.0,0,Neutral,0.0
emtvrtk-jsU$_$7,0,Negative,0.9379444208463108,0.03243655639237334,0.029619022761315998,-0.9512549285714286,1.0,0,Negative,-1.0
ep3IasggD3k$_$10,0,Positive,0.022520735816278146,0.3555441904825242,0.6219350737011977,0.4534940757142857,1.0,0,Positive,0.33333334
esR-tOjT6KM$_$0,3,Negative,0.960461862720059,0.02556983596248009,0.013968301317460909,-1.15747548,1.0,0,Positive,0.6666667
esR-tOjT6KM$_$3,3,Positive,0.009509370985958426,0.029438416922489566,0.961052212091552,1.183840937142857,1.0,0,Positive,2.0
esR-tOjT6KM$_$6,3,Positive,0.013869132255004066,0.032874416284349506,0.9532564514606464,1.1780519357142858,1.0,0,Positive,2.0
esnOE1LefKA$_$1,3,Positive,0.1486387267520758,0.3401611743047828,0.5112000989431413,0.4530889884285715,1.0,0,Positive,0.33333334
f49boM5fb8U$_$6,1,Neutral,0.07163148552148071,0.8421021615939687,0.08626635288455074,0.06401981142857142,0.622479550857403,0,Neutral,0.0
f5k5cF80aUE$_$4,4,Negative,0.7794888628732447,0.1784658705111692,0.04204526661558613,-0.5204476164285714,1.0,0,Positive,0.33333334
f5k5cF80aUE$_$6,4,Positive,0.012819593725284179,0.2337347218815857,0.7534456843931301,0.5229766,1.0,0,Positive,1.0
f6S2XNPIiFk$_$19,4,Positive,0.00851961376114359,0.029607574519984515,0.961872811718872,1.1080283142857144,1.0,0,Positive,1.0
f6S2XNPIiFk$_$2,4,Positive,0.009533262476237741,0.01931791052516098,0.9711488269986013,1.3172146000000002,1.0,0,Positive,1.0
f6S2XNPIiFk$_$5,4,Positive,0.04297753320447429,0.08702846418906587,0.8699940026064599,0.613727532857143,1.0,0,Neutral,0.0
fB816aeHRFk$_$0,4,Positive,0.012265778753297582,0.07294828152149382,0.9147859397252086,0.8412904328571429,1.0,0,Neutral,0.0
fGYbbP8RDLQ$_$5,2,Neutral,0.08252869033011476,0.840152922646326,0.07731838702355927,-0.009153615142857141,0.49054920116421263,0,Neutral,0.0
fOxg1NstCHA$_$4,2,Positive,0.016566515644417523,0.23809399053571148,0.7453394938198711,0.5597844657142858,1.0,0,Neutral,0.0
fTNOAssiTYk$_$3,2,Positive,0.06051695182667433,0.3871977807190816,0.552285267454244,0.41638787328571425,1.0,0,Positive,1.0
fTNOAssiTYk$_$6,2,Positive,0.01886835931266909,0.25357557464796515,0.7275560660393658,0.5458519757142858,1.0,0,Positive,0.33333334
fW1pK2L6RgM$_$3,0,Negative,0.7979844245878084,0.07168160166999374,0.13033397374219788,-0.5177901871428572,1.0,0,Positive,0.33333334
faXGVcVcVsE$_$14,0,Neutral,0.1545002704540349,0.6305421294919062,0.2149576000540588,0.11560414428571428,0.5027809406782167,0,Neutral,0.0
faXGVcVcVsE$_$9,0,Positive,0.014587779650619376,0.11401585276180035,0.8713963675875803,0.6577203828571428,1.0,0,Neutral,0.0
faXGVcVcVsE$_$8,0,Positive,0.04628098279504137,0.2163867147560017,0.737332302448957,0.49559107,1.0,0,Positive,2.0
fbHlBmq7Ipo$_$10,3,Neutral,0.3866789572742831,0.4038876734848812,0.20943336924083572,0.06373299214285714,0.16725831524661755,0,Positive,0.33333334
fbHlBmq7Ipo$_$8,3,Negative,0.46485124950760043,0.3544084003072179,0.1807403501851817,-0.04994392328571429,1.0,0,Negative,-0.33333334
fbSxct2JcKU$_$5,1,Positive,0.13215207578503654,0.3136577688467885,0.554190155368175,0.35178548571428575,1.0,0,Positive,0.6666667
fdK_tsvBXJ8$_$5,3,Positive,0.011279933603130822,0.041456639164746414,0.9472634272321228,1.3191698000000003,1.0,0,Positive,0.33333334
fi7g4GoK-z4$_$4,2,Positive,0.014054342505019411,0.14289511933674826,0.8430505381582324,0.6166701214285714,1.0,0,Positive,0.6666667
fjE2EZKgQm8$_$5,0,Positive,0.006537614859477718,0.012664014075951432,0.9807983710645708,1.4730026142857144,1.0,0,Positive,2.3333333
fjE2EZKgQm8$_$4,0,Positive,0.006136380818313264,0.01666017338132794,0.9772034458003589,1.5295918,1.0,0,Positive,2.0
flBtk736di4$_$8,2,Positive,0.0100129292984957,0.047712594077683385,0.942274476623821,1.1613017285714284,1.0,0,Positive,1.0
frNJdG0GkYw$_$1,0,Positive,0.007470624795852991,0.028775955324767368,0.9637534198793797,1.1062969771428572,1.0,0,Positive,1.6666666
fzuTEKwNS94$_$8,1,Positive,0.008399254682291097,0.04662098418493215,0.9449797611327768,1.2456956571428572,1.0,0,Positive,1.6666666
fzuTEKwNS94$_$16,1,Positive,0.0068478354425039484,0.03780114548834402,0.9553510190691521,1.1541536357142856,1.0,0,Positive,2.6666667
g99kISQbyuI$_$11,0,Positive,0.079381367446833,0.23402975673850673,0.6865888758146602,0.37660882142857144,1.0,0,Positive,0.33333334
g99kISQbyuI$_$0,0,Positive,0.043449668602464055,0.42278593101627576,0.5337644003812603,0.30933629999999995,1.0,0,Negative,-0.33333334
g99kISQbyuI$_$3,0,Positive,0.04520940076103603,0.37420394516492206,0.580586654074042,0.41372450714285713,1.0,0,Positive,0.6666667
g99kISQbyuI$_$5,0,Negative,0.4593035046719261,0.10704321063782629,0.4336532846902477,0.068207033,1.0,0,Negative,-0.6666667
g9rNhtFG9aU$_$12,2,Positive,0.0296907122220029,0.39198974841651946,0.5783195393614776,0.5982109714285714,1.0,0,Neutral,0.0
gAMbkJk6gnE$_$2,4,Neutral,0.030019745529493047,0.7464594592663958,0.22352079520411122,0.25832401692857143,0.4436290584741752,0,Positive,0.33333334
gAMbkJk6gnE$_$4,4,Positive,0.047870991969999735,0.3093592115749516,0.6427697964550487,0.4029382851428571,1.0,0,Positive,1.3333334
gC_wF3uKFW0$_$2,4,Positive,0.03411655578143785,0.42346241811485524,0.542421026103707,0.4080353171428571,1.0,0,Negative,-0.33333334
gC_wF3uKFW0$_$5,4,Positive,0.016173364397576266,0.33584349612532294,0.6479831394771007,0.5572329785714286,1.0,0,Positive,2.0
gC_wF3uKFW0$_$4,4,Positive,0.007269080517205893,0.019167194168681363,0.9735637253141128,1.3915261628571431,1.0,0,Positive,2.0
gEgcpVY8WK4$_$27,4,Neutral,0.06898334160084518,0.6481653541929865,0.2828513042061684,0.20445959771428573,0.43117807571627587,0,Neutral,0.0
gEgcpVY8WK4$_$21,4,Neutral,0.09435004537191408,0.6206321468081776,0.28501780781990843,0.22633508485714285,0.29782078993062927,0,Positive,1.0
gEgcpVY8WK4$_$22,4,Neutral,0.3443172340387162,0.4121269655593152,0.24355580040196861,0.06323296597857143,0.3532582403072212,0,Neutral,0.0
gEgcpVY8WK4$_$28,4,Positive,0.13527295562867425,0.2236090731996131,0.6411179711717128,0.4576473657142857,1.0,0,Neutral,0.0
gEgcpVY8WK4$_$8,4,Positive,0.013941964658517858,0.22723908837675796,0.7588189469647243,0.5349431528571428,1.0,0,Neutral,0.0
gEgcpVY8WK4$_$14,4,Neutral,0.07597783546935416,0.5137290531532333,0.41029311137741264,0.3005981157142857,0.16740306177072303,0,Positive,0.33333334
gEgcpVY8WK4$_$17,4,Neutral,0.030468731028906414,0.7415278344642654,0.22800343450682825,0.2190790972857143,0.43087559552149723,0,Neutral,0.0
gEgcpVY8WK4$_$30,4,Positive,0.008934712445989158,0.07830988027619296,0.9127554072778179,0.9500680185714285,1.0,0,Positive,0.6666667
gFAOKuqpUq4$_$0,4,Positive,0.007961740918107807,0.05901039725017877,0.9330278618317135,0.9237476957142857,1.0,0,Neutral,0.0
gPWyANEm0eE$_$10,4,Negative,0.49475828066186855,0.371383985856697,0.13385773348143448,-0.05418726571428571,1.0,0,Negative,-2.0
gPWyANEm0eE$_$2,4,Neutral,0.01714940500881151,0.6398208416721318,0.3430297533190568,0.35979161857142855,0.3514340785933987,0,Neutral,0.0
gPWyANEm0eE$_$4,4,Positive,0.007357475386528711,0.046361469306505886,0.9462810553069655,1.1554567628571426,1.0,0,Positive,0.6666667
gRAmIaSlm80$_$0,4,Neutral,0.08491194928571429,0.6342210535714286,0.2808669971428571,0.10830333142857142,0.2387046165558144,0,Positive,0.6666667
gU7McujYYPY$_$1,0,Positive,0.020307594428219434,0.04382785658196893,0.9358645489898116,1.0645350357142858,1.0,0,Positive,2.0
gU7McujYYPY$_$3,0,Positive,0.017258880290065257,0.068096798300939,0.9146443214089958,0.7641695699999999,1.0,0,Positive,0.33333334
gU7McujYYPY$_$8,0,Positive,0.015054855822731758,0.23557914160439053,0.7493660025728778,0.5225894585714286,1.0,0,Positive,0.33333334
gXDRWhJbfFU$_$1,1,Positive,0.006685794316755474,0.04035755411594579,0.9529566515672988,1.0579055314285715,1.0,0,Positive,1.5
gXDRWhJbfFU$_$4,1,Positive,0.006824184423959087,0.049225026808635414,0.9439507887674055,0.9939691571428572,1.0,0,Positive,0.6666667
gXDRWhJbfFU$_$9,1,Positive,0.012365314422161563,0.14700528572543622,0.8406293998524023,0.5718952285714286,1.0,0,Positive,0.16666667
gXDRWhJbfFU$_$8,1,Positive,0.005073505509643371,0.032077319730095255,0.9628491747602614,1.1231849942857142,1.0,0,Positive,1.1666666
gXuiIWRxrw4$_$19,4,Positive,0.008133083797306599,0.024368020463578135,0.9674988957391153,1.3642361285714284,1.0,0,Positive,1.0
gXuiIWRxrw4$_$18,4,Positive,0.007578480001649629,0.02578778853438225,0.9666337314639681,1.2899815,1.0,0,Positive,1.3333334
gXuiIWRxrw4$_$0,4,Positive,0.016566332746665073,0.42344661928759014,0.5599870479657448,0.4276654785714286,1.0,0,Positive,0.6666667
gXuiIWRxrw4$_$6,4,Positive,0.047036662442279574,0.2286393511461334,0.724323986411587,0.4112826714285714,1.0,0,Positive,0.33333334
gZDyk95Xob4$_$11,4,Positive,0.00821651002921368,0.037282333561753984,0.9545011564090323,1.2229649814285715,1.0,0,Positive,1.0
gZDyk95Xob4$_$12,4,Positive,0.008779692938605364,0.018775429521457634,0.972444877539937,1.5418366085714286,1.0,0,Positive,1.0
gZDyk95Xob4$_$9,4,Positive,0.009783535152238912,0.04734628271120427,0.9428701821365567,1.0000297514285714,1.0,0,Positive,1.0
gZF-YNQHqwI$_$13,4,Neutral,0.039969840894526994,0.596310605586658,0.363719553518815,0.2960936342857143,0.5427022753460369,0,Neutral,0.0
gZF-YNQHqwI$_$1,4,Neutral,0.021513832430848402,0.7343298819253683,0.24415628564378336,0.25229547142857145,0.4792441995632488,0,Positive,0.6666667
gZF-YNQHqwI$_$9,4,Positive,0.010201942593691666,0.024645338622398205,0.9651527187839102,1.5090011,1.0,0,Positive,2.6666667
gcpsSao7kHM$_$10,1,Negative,0.8115047353158692,0.15480875784485965,0.03368650683927126,-0.5360790900000001,1.0,0,Positive,1.0
gcpsSao7kHM$_$1,1,Positive,0.3836810880344796,0.12268881624441513,0.4936300957211053,0.1432581342857143,1.0,0,Neutral,0.0
ge071m9bGeY$_$1,2,Negative,0.4200980607838238,0.19967175946819304,0.3802301797479832,-0.04225580999999999,1.0,0,Positive,0.33333334
ge071m9bGeY$_$0,2,Positive,0.05129032953115208,0.22787104045574208,0.7208386300131059,0.4383983414285715,1.0,0,Positive,0.33333334
ge071m9bGeY$_$5,2,Positive,0.013377297735542705,0.07883891168909817,0.9077837905753592,0.89181492,1.0,0,Positive,0.6666667
ge071m9bGeY$_$4,2,Positive,0.01915740601697154,0.1311342965829783,0.8497082974000502,0.6266368685714285,1.0,0,Neutral,0.0
gjEYmdWrBLM$_$24,3,Positive,0.006697594667101031,0.01834464835894637,0.9749577569739526,1.4688886285714287,1.0,0,Positive,1.3333334
gjEYmdWrBLM$_$26,3,Positive,0.008222621266196462,0.04248928592305358,0.94928809281075,1.3575314757142856,1.0,0,Positive,2.0
gjEYmdWrBLM$_$0,3,Positive,0.016683228241551922,0.20421881001362685,0.7790979617448213,0.6514199028571429,1.0,0,Positive,0.6666667
gjEYmdWrBLM$_$3,3,Positive,0.017982777940634326,0.07437123927386646,0.9076459827854992,0.8618372257142858,1.0,0,Neutral,0.0
gjEYmdWrBLM$_$9,3,Positive,0.013091198187530299,0.0351373410936128,0.9517714607188569,1.3083131642857142,1.0,0,Positive,1.6666666
gjEYmdWrBLM$_$18,3,Positive,0.010738279940863155,0.05724452031289984,0.932017199746237,1.0931175857142856,1.0,0,Positive,1.6666666
gjGL6YY6oMs$_$2,3,Negative,0.8819589259042339,0.08503942616884128,0.03300164792692493,-0.6172329085714285,1.0,0,Neutral,0.0
gjSyl6evrWk$_$12,2,Positive,0.008908520508989255,0.0433164610882714,0.9477750184027394,1.2361916242857143,1.0,0,Positive,1.3333334
gr9YU-UTJzQ$_$15,2,Neutral,0.1638566960843821,0.7533852768167064,0.08275802709891147,0.08088686842857143,0.4410238777571269,0,Neutral,0.0
grePRQ8zonA$_$2,1,Positive,0.011080637874547413,0.10352396142181267,0.88539540070364,0.6914792928571428,1.0,0,Positive,0.33333334
guRD0zQC6Q0$_$7,1,Positive,0.005265756232010626,0.020253575348387523,0.9744806684196019,1.2993697257142858,1.0,0,Positive,1.3333334
gv43BPYYxKQ$_$2,3,Negative,0.8022111516923477,0.06361764561942437,0.13417120268822788,-0.44704531857142854,1.0,0,Negative,-0.33333334
gvrfI9e5xHQ$_$9,2,Positive,0.034852665410761985,0.10827629733371855,0.8568710372555195,0.6844434385714285,1.0,0,Negative,-0.33333334
gzZ8NTeTzRs$_$1,4,Positive,0.013337527854273576,0.16003708453703558,0.8266253876086908,0.7427292585714286,1.0,0,Neutral,0.0
h4LrwMn94ss$_$9,1,Positive,0.014947119287641444,0.34453833675149564,0.6405145439608629,0.35906679428571425,1.0,0,Neutral,0.0
h7p5URoookk$_$27,1,Neutral,0.08309437267253371,0.7588424716995866,0.1580631556278797,0.07391064257142857,0.6560197788898635,0,Positive,0.33333334
h7p5URoookk$_$2,1,Neutral,0.16717176848762622,0.5315933845063775,0.3012348470059962,0.142459474,0.3391476769226874,0,Positive,1.3333334
hASTLbFHrEs$_$0,0,Negative,0.8910636396037676,0.06321678805006996,0.04571957234616248,-0.50693911,1.0,0,Negative,-1.6666666
hASTLbFHrEs$_$7,0,Positive,0.37900375268238584,0.1839026754055419,0.43709357191207227,0.25626871428571424,1.0,0,Positive,2.3333333
hCFV5VLgS0A$_$8,2,Negative,0.776155249362015,0.08237239816109576,0.14147235247688922,-0.38927394428571427,1.0,0,Negative,-0.6666667
hF6kFQPdBjY$_$13,0,Positive,0.038167538628137626,0.26542500126459284,0.6964074601072695,0.36125560228571435,1.0,0,Positive,0.33333334
hF6kFQPdBjY$_$2,0,Neutral,0.049064700999342924,0.6405926320942217,0.3103426669064354,0.1882060214285714,0.4461775914818262,0,Negative,-0.6666667
hF6kFQPdBjY$_$9,0,Neutral,0.046501366938536,0.641352709423147,0.31214592363831695,0.1910168467714286,0.32343220403477685,0,Neutral,0.0
hGRRlXfH0BY$_$11,3,Negative,0.4974248759011343,0.13402024171207777,0.36855488238678785,0.050863410000000005,1.0,0,Negative,-0.6666667
hGRRlXfH0BY$_$1,3,Negative,0.9100316793558908,0.0501954276368031,0.03977289300730611,-0.7621241485714286,1.0,0,Negative,-0.6666667
hGRRlXfH0BY$_$8,3,Negative,0.9611305031988885,0.023879626954367055,0.01498986984674447,-0.9722796185714285,1.0,0,Negative,-2.0
hIQhkTjNaQc$_$11,0,Positive,0.023419588730510973,0.10645446546335735,0.8701259458061317,0.6130716042857144,1.0,0,Positive,0.33333334
hOp6I4jGvu4$_$1,4,Positive,0.05210775698051171,0.3562178114850099,0.5916744315344783,0.3203838806428571,1.0,0,Neutral,0.0
hOp6I4jGvu4$_$4,4,Positive,0.019810802916575262,0.04193987069724817,0.9382493263861765,1.0429290628571428,1.0,0,Positive,1.6666666
hSgKOKK3L8M$_$0,2,Neutral,0.2711650956099865,0.5341126817209658,0.19472222266904765,0.030609583142857142,0.34996183218305,0,Positive,0.33333334
hSgKOKK3L8M$_$5,2,Negative,0.6610630408963447,0.2763210099060672,0.06261594919758806,-0.35830526942857144,1.0,0,Neutral,0.0
hawztAtYHCE$_$9,2,Neutral,0.05725772208351972,0.49713835631013015,0.44560392160635015,0.4347762568571429,0.38049805329177894,0,Positive,1.3333334
he475nnmMi0$_$14,1,Positive,0.051310670996414696,0.4208782132852409,0.5278111157183445,0.3210594828571428,1.0,0,Negative,-0.33333334
he475nnmMi0$_$9,1,Positive,0.015044927222952479,0.4175892227771486,0.5673658499998989,0.3998249985714285,1.0,0,Positive,0.33333334
hfVXx8hfKak$_$16,1,Negative,0.8355492440990706,0.1391334217788711,0.025317334122058287,-0.7618166418571429,1.0,0,Negative,-1.3333334
hfVXx8hfKak$_$0,1,Positive,0.009543892356611771,0.036877504845375754,0.9535786027980124,1.2217268399999999,1.0,0,Positive,2.0
hfvmQuhqMmY$_$8,0,Positive,0.013544359215253168,0.19162698429940192,0.794828656485345,0.6359087414285713,1.0,0,Positive,2.0
hh04W3xXa5s$_$0,4,Positive,0.008225899184065674,0.023901795633213523,0.9678723051827208,1.578386157142857,1.0,0,Positive,1.0
hh04W3xXa5s$_$2,4,Negative,0.805283817407324,0.1600808253478094,0.03463535724486663,-0.5929419042857142,1.0,0,Negative,-0.33333334
hj1ph17-0jE$_$2,4,Negative,0.960615789243867,0.029717103848912726,0.009667106907220249,-1.1451796,1.0,0,Negative,-1.3333334
hjBQmIWiWgw$_$2,2,Positive,0.022797353354633464,0.10767694835294145,0.8695256982924251,0.8070126642857144,1.0,0,Positive,0.33333334
hlBOP5NskhM$_$10,1,Positive,0.013407637100410253,0.12167912736453129,0.8649132355350584,0.5645490114285714,1.0,0,Positive,2.0
hlBOP5NskhM$_$12,1,Negative,0.6964957771359276,0.11601348797560347,0.18749073488846896,-0.11144595442857143,1.0,0,Positive,1.0
hlBOP5NskhM$_$2,1,Negative,0.7499177700901374,0.21803104345610705,0.03205118645375556,-0.3901739557142857,1.0,0,Neutral,0.0
hlBOP5NskhM$_$8,1,Neutral,0.3065266745833347,0.5336852545487863,0.159788070867879,-0.07383389742857142,0.37135090767131784,0,Positive,1.3333334
hlYDicOj2m0$_$2,1,Negative,0.8245774135795048,0.14031971867933263,0.03510286774116261,-0.3638556407142857,1.0,0,Positive,0.33333334
hlYDicOj2m0$_$6,1,Positive,0.20482106894922253,0.2813870405377213,0.5137918905130562,0.14980783142857143,1.0,0,Negative,-0.33333334
hmjfBZGGZR8$_$1,1,Positive,0.007116955427978593,0.038399669080542945,0.9544833754914784,1.0527377114285714,1.0,0,Positive,2.6666667
hntnelpiyl8$_$13,3,Positive,0.030968473339165026,0.11311022379453047,0.8559213028663045,0.5723514685714285,1.0,0,Neutral,0.0
hp3nsb_eIc0$_$18,3,Positive,0.1339234111530553,0.2484844452839822,0.6175921435629625,0.2965680142857143,1.0,0,Neutral,0.0
hp3nsb_eIc0$_$1,3,Positive,0.021194123805671414,0.3142009863797976,0.6646048898145309,0.4635222557142858,1.0,0,Neutral,0.0
hyazktfsZew$_$26,1,Positive,0.013501646417962997,0.16594333779818737,0.8205550157838496,0.8966391828571428,1.0,0,Positive,1.0
hyazktfsZew$_$22,1,Positive,0.009729721230270254,0.03354523076939574,0.956725048000334,1.2265156357142857,1.0,0,Positive,1.0
hyazktfsZew$_$28,1,Positive,0.013908245642509741,0.17893346601681054,0.8071582883406797,0.7589393671428571,1.0,0,Positive,0.33333334
hyazktfsZew$_$9,1,Neutral,0.025210889351026375,0.6135739881162587,0.36121512253271487,0.16299742414285714,0.5746588748056022,0,Negative,-0.6666667
hyazktfsZew$_$11,1,Neutral,0.08066135066819352,0.6494010932003422,0.26993755613146425,0.069550691,0.4529698326512235,0,Neutral,0.0
hyazktfsZew$_$30,1,Positive,0.016038602462939866,0.05756004698048582,0.9264013505565744,0.9089167128571427,1.0,0,Positive,0.33333334
i5bmKlHv-SA$_$3,3,Positive,0.02449966945943009,0.24008294818819229,0.7354173823523776,0.43024133857142866,1.0,0,Positive,0.6666667
iEOBNT0HFtU$_$12,4,Positive,0.007403952661400337,0.02120977927707301,0.9713862680615266,1.2628016857142856,1.0,0,Positive,2.3333333
iEOBNT0HFtU$_$17,4,Positive,0.007180192242633132,0.03010923639077315,0.9627105713665937,1.1979213857142859,1.0,0,Negative,-0.33333334
iEOBNT0HFtU$_$0,4,Positive,0.0072971149989681,0.022933070598801324,0.9697698144022305,1.3618375100000002,1.0,0,Positive,1.3333334
iEOBNT0HFtU$_$2,4,Positive,0.01951239406202008,0.124667205912093,0.8558204000258869,0.5699464214285713,1.0,0,Positive,0.6666667
iH04VOkbof0$_$1,4,Positive,0.010836734203448982,0.21630900014083387,0.7728542656557172,0.6681975428571431,1.0,0,Neutral,0.0
iH04VOkbof0$_$4,4,Negative,0.4167883744639206,0.31722079904833755,0.26599082648774186,-0.07340544785714287,1.0,0,Negative,-0.6666667
iM3wSwoAtwk$_$3,1,Positive,0.015095784632797487,0.23985549476000353,0.7450487206071991,0.4946111614285715,1.0,0,Positive,0.33333334
iMss8xBhFiI$_$12,3,Positive,0.018453220205533454,0.0631922883693094,0.9183544914251571,0.9870026285714287,1.0,0,Positive,0.6666667
iO34hER47xA$_$3,2,Positive,0.039700072202249456,0.10174640280833054,0.85855352498942,0.6753508428571429,1.0,0,Positive,1.6666666
iR1Os7FVGHs$_$6,0,Neutral,0.38574520329589623,0.4050512197106777,0.209203576993426,-0.064003293,0.3716617966350218,0,Neutral,0.0
iREkcXde5ds$_$0,2,Neutral,0.09105343188327153,0.8247426830265101,0.08420388509021845,-0.025682000885714287,0.4697312358897696,0,Neutral,0.0
iS91daVpH2E$_$10,4,Positive,0.008261789404989422,0.038711814411957,0.9530263961830536,1.1563044714285715,1.0,0,Positive,0.33333334
iS91daVpH2E$_$7,4,Positive,0.012001362901441714,0.04630924730369632,0.9416893897948619,1.0842060685714285,1.0,0,Neutral,0.0
iYtD_ArCdKw$_$3,4,Positive,0.013634386099001255,0.1910228368163569,0.7953427770846418,0.7051643357142857,1.0,0,Neutral,0.0
iYtD_ArCdKw$_$9,4,Positive,0.013074827720372193,0.09610279914118088,0.8908223731384469,0.6497933471428571,1.0,0,Positive,0.33333334
icIS9VfbzMw$_$25,4,Negative,0.9542181036888228,0.02652971422171262,0.019252182089464668,-1.2937183857142858,1.0,0,Negative,-0.33333334
icIS9VfbzMw$_$17,4,Positive,0.007314478038587831,0.02528216300993228,0.9674033589514799,1.453548837142857,1.0,0,Positive,1.3333334
icIS9VfbzMw$_$1,4,Negative,0.7068077764921543,0.22803752188705012,0.06515470162079562,-0.24054805657142858,1.0,0,Negative,-1.3333334
icIS9VfbzMw$_$3,4,Positive,0.010661479401156195,0.07561954223412116,0.9137189783647226,0.9615659414285714,1.0,0,Positive,0.33333334
icehEYAiimM$_$0,2,Neutral,0.027675867350164092,0.541429414738682,0.4308947179111539,0.31311385714285717,0.3207103567454527,0,Positive,0.6666667
iex7I7iVnLk$_$3,1,Neutral,0.044038470557005466,0.5693436043952015,0.38661792504779313,0.2664745854285714,0.44385416140190437,0,Positive,0.6666667
ihuGFUrzD30$_$8,0,Positive,0.02818974864084359,0.3245072906911066,0.6473029606680498,0.4172208057142857,1.0,0,Positive,0.6666667
ipLoS44xfO4$_$1,4,Neutral,0.4004112341102907,0.434182293639372,0.1654064722503371,-0.029694957999999987,0.727840309001446,0,Positive,0.33333334
ipLoS44xfO4$_$0,4,Neutral,0.021228836321851408,0.6286643211498603,0.35010684252828833,0.37564089142857143,0.5070318254565227,0,Negative,-1.3333334
ipLoS44xfO4$_$3,4,Neutral,0.03755170534472411,0.6931076532320264,0.26934064142324954,0.16297792785714285,0.5873891132641156,0,Negative,-1.3333334
ixQbCXLUUj8$_$1,0,Positive,0.010935712238412268,0.047762645124291285,0.9413016426372965,0.9862747057142857,1.0,0,Positive,0.33333334
ixZAEncExWI$_$1,1,Negative,0.963263469387778,0.016993156501871255,0.019743374110350678,-1.116084282857143,1.0,0,Negative,-0.33333334
izFBeXMTgds$_$1,4,Positive,0.00850916868315458,0.019347909257025047,0.9721429220598204,1.4760931857142856,1.0,0,Positive,1.6666666
j6R1NTrosuM$_$0,0,Positive,0.0070441142519251845,0.04044988444103058,0.9525060013070442,1.1384205142857142,1.0,0,Positive,1.3333334
j7fRIGphgtk$_$1,4,Positive,0.012670065737815836,0.1793082406187153,0.8080216936434689,0.8017397957142857,1.0,0,Positive,1.6666666
j7fRIGphgtk$_$0,4,Positive,0.34601194508746613,0.2171375642538609,0.43685049065867293,0.24114084000000005,1.0,0,Neutral,0.0
jEQoBvc7V1o$_$12,1,Positive,0.012961194219840511,0.09348668396863714,0.8935521218115223,0.8886109385714286,1.0,0,Positive,1.0
jFNgOznarMo$_$9,2,Neutral,0.44445354201593473,0.5005015112534031,0.05504494673066214,-0.26109418528571426,0.29169986847347346,0,Negative,-1.0
jFNgOznarMo$_$10,2,Positive,0.031294272659415034,0.04908433296284845,0.9196213943777365,0.9458594771428572,1.0,0,Neutral,0.0
jFpRdhl3fgw$_$2,3,Negative,0.9341120410228793,0.04364574591023341,0.022242213066887284,-0.9028929885714285,1.0,0,Positive,0.33333334
jNdvceZ4etc$_$2,3,Positive,0.034924535,0.32890186499999996,0.6361736,0.46303528714285713,1.0,0,Positive,1.3333334
jNdvceZ4etc$_$7,3,Positive,0.07153057584692421,0.31234543852680774,0.616123985626268,0.46745442714285707,1.0,0,Positive,0.6666667
jPf0LjZAS14$_$0,3,Positive,0.036250409784642036,0.43439755341691916,0.5293520367984388,0.4377723171428571,1.0,0,Positive,0.6666667
jQ3EmbRIe58$_$14,4,Positive,0.006252191307288936,0.03163533938803597,0.9621124693046751,1.2705008228571428,1.0,0,Positive,2.0
jT3FSTBA8Us$_$2,1,Neutral,0.051416857035224216,0.4915502798738328,0.457032863090943,0.35097754657142854,0.5123573014463471,0,Neutral,0.0
jV6qzF2YROc$_$0,1,Neutral,0.040510079509591596,0.7419248400552783,0.21756508043513018,0.11049307957142855,0.7214217348976948,0,Positive,0.6666667
jVayR0VClxQ$_$12,3,Positive,0.050758140651191365,0.32193651193447165,0.627305347414337,0.31018392257142857,1.0,0,Positive,1.6666666
jVayR0VClxQ$_$0,3,Negative,0.8399412745823788,0.1319386912918526,0.02812003412576864,-0.8194826342857142,1.0,0,Negative,-0.6666667
jVayR0VClxQ$_$9,3,Negative,0.6889753872356497,0.049633135704050715,0.2613914770602996,-0.37918291571428575,1.0,0,Positive,1.0
jYT3-RQFy1U$_$10,2,Negative,0.7977161256736194,0.09995188927891852,0.10233198504746212,-0.5438546100000001,1.0,0,Neutral,0.0
jYT3-RQFy1U$_$1,2,Negative,0.9426362559131704,0.03292976927208596,0.02443397481474377,-0.9914613071428572,1.0,0,Negative,-1.6666666
jakiZQd4boM$_$3,2,Positive,0.023952286986743544,0.14292830533775638,0.8331194076755001,0.49340631142857144,1.0,0,Positive,0.6666667
jbKDW9URnvM$_$0,2,Neutral,0.03134695767599993,0.7283452803079343,0.24030776201606568,0.1694153,0.43268285252960703,0,Positive,0.6666667
jcQi90n008o$_$20,3,Positive,0.005568329274633825,0.021496308556227615,0.9729353621691387,1.4567711285714287,1.0,0,Positive,1.3333334
jcQi90n008o$_$23,3,Positive,0.008728816582421884,0.035579238094889,0.9556919453226891,1.3742507371428572,1.0,0,Positive,1.6666666
jcQi90n008o$_$2,3,Positive,0.018810249500688565,0.4302827592032315,0.5509069912960799,0.4191425214285714,1.0,0,Neutral,0.0
jcQi90n008o$_$5,3,Positive,0.01956892279395918,0.21429274551533473,0.7661383316907061,0.6017224971428571,1.0,0,Positive,0.6666667
jcQi90n008o$_$18,3,Positive,0.019383476071678715,0.072367864181865,0.9082486597464563,0.8941469800000001,1.0,0,Positive,0.33333334
jgNu58Da9cs$_$2,3,Positive,0.02945484796854587,0.1292186137467967,0.8413265382846575,0.5390693457142858,1.0,0,Positive,0.33333334
jgNu58Da9cs$_$6,3,Negative,0.7701086881264753,0.18388522729899076,0.046006084574534055,-0.3738953057142857,1.0,0,Neutral,0.0
jjb1cWmkhI8$_$2,2,Positive,0.03374249216367198,0.44988198932517703,0.516375518511151,0.42186992714285715,1.0,0,Positive,1.6666666
jjbOD6u7V34$_$3,2,Positive,0.05369177995685616,0.1237634670869893,0.8225447529561546,0.5385233642857142,1.0,0,Neutral,0.0
jlCFLG6rKKY$_$2,3,Negative,0.8100268469556363,0.15845762670399055,0.0315155263403732,-0.5736327914285715,1.0,0,Negative,-0.6666667
jnG9zog4NCs$_$2,3,Positive,0.02269623678522658,0.4153164065264006,0.5619873566883729,0.4379201300000001,1.0,0,Positive,0.6666667
jnG9zog4NCs$_$4,3,Negative,0.5065247579574668,0.4304306611919072,0.063044580850626,-0.10379867857142858,1.0,0,Negative,-0.33333334
jqKzaEniiKo$_$13,3,Positive,0.018088109889255466,0.18893917523996973,0.7929727148707748,0.6932393299999998,1.0,0,Positive,0.33333334
jqKzaEniiKo$_$8,3,Positive,0.012363627963792232,0.039671307669534035,0.9479650643666737,1.157621904285714,1.0,0,Positive,0.33333334
juI9KoLA87A$_$5,3,Positive,0.17447119005351672,0.29311841986709775,0.5324103900793855,0.47199050057142855,1.0,0,Positive,0.33333334
jzNIU-w0MVo$_$15,1,Positive,0.040286693586646494,0.27218841531530635,0.6875248910980472,0.6172427557142858,1.0,0,Positive,1.0
jzNIU-w0MVo$_$16,1,Negative,0.9209102630436484,0.03625716237293082,0.04283257458342077,-0.8248281085714285,1.0,0,Neutral,0.0
jzNIU-w0MVo$_$7,1,Positive,0.05553697667851171,0.07429915623881872,0.8701638670826696,0.7096001371428571,1.0,0,Negative,-0.6666667
k1ca_xbhohk$_$13,0,Neutral,0.043936223964597475,0.600960613161054,0.35510316287434857,0.27854907114285715,0.27332284584263267,0,Positive,0.6666667
k4T6GaDrcjs$_$2,1,Positive,0.3448148093301058,0.04920818621064946,0.6059770044592447,0.5823430428571427,1.0,0,Positive,1.3333334
k4T6GaDrcjs$_$4,1,Positive,0.07317847128569163,0.3169418969289559,0.6098796317853525,0.4072340299285715,1.0,0,Positive,1.3333334
k4T6GaDrcjs$_$7,1,Positive,0.05396024102188613,0.3165428453899774,0.6294969135881364,0.4441558085714285,1.0,0,Negative,-0.6666667
k4T6GaDrcjs$_$9,1,Negative,0.7435657532568353,0.18720875196944498,0.06922549477371981,-0.4189974307142857,1.0,0,Neutral,0.0
k5-3KuvCFms$_$0,1,Negative,0.6293627357743594,0.10503356243621755,0.2656037017894231,-0.012301045714285705,1.0,0,Positive,0.6666667
k8NgVOCDYKM$_$10,1,Positive,0.14161910453406107,0.14658699530593625,0.7117939001600027,0.3862515414285714,1.0,0,Negative,-0.33333334
k8NgVOCDYKM$_$19,1,Negative,0.9662808331734848,0.023234894018513006,0.010484272808002291,-1.2397205028571427,1.0,0,Negative,-1.6666666
k8NgVOCDYKM$_$2,1,Negative,0.7594192564571632,0.20073822297116076,0.03984252057167602,-0.5483164257142857,1.0,0,Positive,0.33333334
kCQqLNiO0mk$_$11,2,Negative,0.756367434358485,0.19723337653981002,0.04639918910170502,-0.4111146682857143,1.0,0,Negative,-1.0
kCQqLNiO0mk$_$12,2,Positive,0.03264092314688415,0.0790440592842697,0.8883150175688461,0.7986279685714287,1.0,0,Positive,0.6666667
kCQqLNiO0mk$_$15,2,Positive,0.016629580134383412,0.04306940630590562,0.940301013559711,1.1403187428571429,1.0,0,Positive,1.3333334
kCQqLNiO0mk$_$17,2,Negative,0.762975101345029,0.07225052783028814,0.16477437082468285,-0.5367769985714286,1.0,0,Negative,-1.3333334
kCQqLNiO0mk$_$6,2,Neutral,0.03408552188313535,0.6025781436483035,0.3633363344685611,0.34552037,0.2612480385338907,0,Neutral,0.0
kCQqLNiO0mk$_$8,2,Positive,0.042068801138226065,0.4092229306303039,0.54870826823147,0.4037917757142857,1.0,0,Positive,0.33333334
kKMfsWrigTE$_$1,1,Positive,0.01763046392352911,0.09053131023085484,0.8918382258456161,0.6453106285714286,1.0,0,Positive,0.33333334
kKkZihSbxF4$_$2,4,Positive,0.06845399640815773,0.2403295966760128,0.6912164069158294,0.6829658020122858,1.0,0,Positive,2.3333333
kPn-t6NSxfQ$_$11,2,Neutral,0.09109618559065517,0.8239677153103296,0.0849360990990153,-0.009120951857142859,0.38799060386373174,0,Positive,0.33333334
kPn-t6NSxfQ$_$14,2,Positive,0.12887363361151685,0.11809384931674276,0.7530325170717405,0.44923531,1.0,0,Positive,0.33333334
kPn-t6NSxfQ$_$0,2,Neutral,0.07713671267199297,0.8194065792368084,0.10345670809119864,0.035500529,0.3796116029671966,0,Positive,0.33333334
kPn-t6NSxfQ$_$4,2,Negative,0.9179728977845948,0.06201540223255823,0.020011699982847117,-0.6281581071428572,1.0,0,Negative,-0.6666667
kRs39SO-neY$_$17,0,Positive,0.041657002273679744,0.05058710910788403,0.9077558886184363,0.7658676085714287,1.0,0,Positive,0.6666667
kU6YY2z7z0I$_$10,0,Neutral,0.029550203212604674,0.5138292301892164,0.45662056659817885,0.34009299128571424,0.3470305291713978,0,Positive,1.0
kU6YY2z7z0I$_$5,0,Neutral,0.1808117373921984,0.5556626528568674,0.26352560975093414,0.05622048142857144,0.4816310178950981,0,Negative,-0.33333334
kU6YY2z7z0I$_$4,0,Neutral,0.08480466925013408,0.7285601406000903,0.18663519014977561,0.014033871857142872,0.495608693122861,0,Negative,-1.3333334
kU6YY2z7z0I$_$9,0,Neutral,0.04274832646641203,0.6238160002241446,0.3334356733094434,0.2541638565714286,0.3314557591700486,0,Neutral,0.0
kU6YY2z7z0I$_$8,0,Neutral,0.04584186097548438,0.7346070861643935,0.21955105286012205,0.1539872214285714,0.47870807020052214,0,Negative,-1.0
kY64gXOapYk$_$0,0,Positive,0.011813251229875877,0.07502671013282872,0.9131600386372954,0.9556914942857142,1.0,0,Positive,0.6666667
kZfcQ4a0kx4$_$21,1,Positive,0.013550193395082177,0.07381201829315166,0.9126377883117662,0.819244377142857,1.0,0,Positive,1.3333334
kZfcQ4a0kx4$_$0,1,Positive,0.012961613972364809,0.4440432280348125,0.5429951579928228,0.5074428014285713,1.0,0,Positive,2.0
kZfcQ4a0kx4$_$3,1,Positive,0.009797355282215233,0.03794592934359075,0.9522567153741941,1.0656418185714287,1.0,0,Positive,2.0
kZfcQ4a0kx4$_$8,1,Positive,0.007977909043902597,0.0643790816650817,0.9276430092910157,0.9745242214285713,1.0,0,Positive,2.3333333
kZfcQ4a0kx4$_$15,1,Positive,0.007320851570800058,0.04976524168152254,0.9429139067476774,0.9666147214285713,1.0,0,Positive,1.6666666
kcIGTPHEsNo$_$20,1,Positive,0.009666018532545506,0.07945169308542621,0.9108822883820282,0.8226919057142856,1.0,0,Positive,3.0
kcIGTPHEsNo$_$17,1,Positive,0.009291241413477466,0.08255274688231758,0.9081560117042049,0.8384540857142857,1.0,0,Positive,1.6666666
kcIGTPHEsNo$_$10,1,Positive,0.007230219035972509,0.018363778786370136,0.9744060021776574,1.38653476,1.0,0,Positive,2.0
kddCewAsxfA$_$5,2,Positive,0.016090165739914508,0.1471393789279845,0.8367704553321009,0.597983807142857,1.0,0,Positive,0.33333334
kf3fZcx8nIo$_$2,4,Negative,0.6960779937219936,0.22161411397498662,0.08230789230301977,-0.19609610457142854,1.0,0,Negative,-0.33333334
kh6eynD9OIk$_$10,0,Neutral,0.0777797913976238,0.5869308113834798,0.33528939721889645,0.20345508857142855,0.4747991894721667,0,Positive,0.33333334
kh6eynD9OIk$_$5,0,Negative,0.951750721881327,0.030275519134660922,0.0179737589840119,-0.986633622857143,1.0,0,Negative,-2.0
kh6eynD9OIk$_$6,0,Neutral,0.340414045170207,0.5894878531518869,0.0700981016779062,-0.17367098862857144,0.5232501221892627,0,Negative,-1.3333334
kiR5zVo2zvU$_$24,3,Positive,0.008523412411327407,0.036468648660407846,0.9550079389282647,1.3040369857142857,1.0,0,Positive,1.6666666
kiR5zVo2zvU$_$14,3,Positive,0.019067741882869586,0.16792143382562547,0.813010824291505,0.9496958814285714,1.0,0,Positive,1.0
kiR5zVo2zvU$_$17,3,Positive,0.030561595893388957,0.4104014735479274,0.5590369305586836,0.49969785142857137,1.0,0,Positive,0.6666667
kj63uF0RhW8$_$7,4,Positive,0.13649972442753122,0.08279520648532228,0.7807050690871464,0.6192145357142858,1.0,0,Neutral,0.0
kjQAkrdbREk$_$1,1,Negative,0.7853183326031893,0.0521247616771734,0.1625569057196374,-0.4181418584285714,1.0,0,Negative,-2.3333333
kjQAkrdbREk$_$2,1,Positive,0.027148913849517443,0.016673151450440248,0.9561779347000422,1.4353420471428573,1.0,0,Positive,2.0
kqXpf26EL-s$_$11,2,Neutral,0.177125002463125,0.5319272784651429,0.29094771907173206,0.17126969157142855,0.3645726151373913,0,Positive,0.6666667
kqXpf26EL-s$_$3,2,Positive,0.036114164216684994,0.32704731981942675,0.6368385159638883,0.42002531857142855,1.0,0,Neutral,0.0
kqXpf26EL-s$_$5,2,Positive,0.03134507289585666,0.3289477290836495,0.6397071980204938,0.40457851,1.0,0,Neutral,0.0
krHZuqfXrPU$_$22,4,Positive,0.1289425481594219,0.09161510134072665,0.7794423504998514,0.6858449304285715,1.0,0,Positive,1.6666666
krHZuqfXrPU$_$28,4,Positive,0.005618000789445977,0.01936020043418184,0.9750217987763722,1.4439149857142854,1.0,0,Positive,2.0
krHZuqfXrPU$_$11,4,Negative,0.5853155510787541,0.1764432801188703,0.23824116880237564,-0.3449059685714286,1.0,0,Negative,-0.33333334
krHZuqfXrPU$_$13,4,Positive,0.02303474308226694,0.1040278588000995,0.8729373981176336,0.7727756214285714,1.0,0,Neutral,0.0
ku-dtUqCm2o$_$1,1,Negative,0.7259163777301791,0.2191934202445855,0.054890202025235285,-0.27830469,1.0,0,Negative,-0.6666667
kuQWPuhnlHs$_$5,2,Positive,0.1944246298572448,0.08625608312782584,0.7193192870149293,0.46328323142857153,1.0,0,Positive,1.3333334
kuQWPuhnlHs$_$6,2,Positive,0.010154892932234883,0.0351241518639342,0.9547209552038309,1.182125412857143,1.0,0,Positive,1.0
kwkhYpCHWPw$_$6,0,Neutral,0.01839737601229415,0.5246785197421048,0.4569241042456011,0.3086568657142857,0.641567804462434,0,Positive,0.6666667
kx544gnOZB0$_$0,2,Neutral,0.04370426460416136,0.7575755028246741,0.19872023257116453,0.16619938257142855,0.6132967775106118,0,Negative,-0.6666667
kxcCxbsKx3w$_$2,3,Positive,0.019857875038648398,0.14628424784063174,0.8338578771207199,0.5704392314285714,1.0,0,Positive,1.0
kxcCxbsKx3w$_$8,3,Positive,0.030482201984693265,0.07040038293234716,0.8991174150829596,1.0221940614285716,1.0,0,Positive,1.0
ky7Q5onqxGw$_$7,1,Positive,0.056694760971221295,0.31240812013304914,0.6308971188957296,0.26383581857142857,1.0,0,Negative,-1.3333334
kyPepNmxaj8$_$2,1,Negative,0.7576825439844536,0.20627542370399274,0.03604203231155368,-0.42502080600000003,1.0,0,Neutral,0.0
kz7ahNfXFsk$_$9,4,Positive,0.3913204777701886,0.09278523287039789,0.5158942893594135,0.31902102585714287,1.0,0,Positive,1.3333334
kzmaKnujN64$_$1,2,Positive,0.12864592312987386,0.41975983230337655,0.4515942445667496,0.30682350571428574,1.0,0,Positive,0.33333334
kzmaKnujN64$_$6,2,Negative,0.517744892670148,0.32916702923303404,0.15308807809681796,-0.08895063928571427,1.0,0,Negative,-0.33333334
l-nM_U1qpko$_$2,3,Positive,0.022033591897210967,0.023752277565480106,0.954214130537309,1.4047902057142856,1.0,0,Positive,2.3333333
l-nM_U1qpko$_$5,3,Positive,0.023525648541204158,0.02135237062862184,0.955121980830174,1.3612723857142857,1.0,0,Positive,2.6666667
l5_DDqck4Rs$_$0,1,Neutral,0.021345741658700262,0.5337819182514715,0.44487234008982823,0.2824077257142857,0.6028900955864848,0,Positive,0.33333334
l8LTcZJ-_8k$_$17,2,Positive,0.01196436022817744,0.02981431721145876,0.9582213225603639,1.456834037142857,1.0,0,Positive,0.6666667
l8LTcZJ-_8k$_$19,2,Positive,0.1383756740193693,0.29998740543565405,0.5616369205449766,0.2730056357142857,1.0,0,Positive,0.33333334
lEsFI5YJGDo$_$5,4,Positive,0.06916759820088786,0.18781624435098443,0.7430161574481278,0.5578742942857142,1.0,0,Positive,2.0
lEsFI5YJGDo$_$7,4,Positive,0.014484134969912197,0.0488031463085388,0.936712718721549,0.9608092157142858,1.0,0,Positive,1.3333334
lEsFI5YJGDo$_$6,4,Positive,0.01084028616085859,0.04373219707017702,0.9454275167689643,1.0273169085714289,1.0,0,Positive,2.3333333
lTfsqoo-jKg$_$4,3,Positive,0.006640053414114346,0.03959365461034508,0.9537662919755405,1.3092797714285713,1.0,0,Negative,-2.3333333
lTfsqoo-jKg$_$7,3,Negative,0.646801746283217,0.2702028758391137,0.0829953778776694,-0.08784404999999999,1.0,0,Neutral,0.0
lUNNDDsm7R8$_$3,1,Positive,0.009050807167423618,0.028819355221081103,0.9621298376114953,1.2228019428571428,1.0,0,Positive,1.3333334
lWvaIexY2WU$_$0,0,Neutral,0.06568283929462232,0.8304661957858925,0.10385096491948523,0.07900083014285715,0.4754788699760889,0,Negative,-1.6666666
laxadgca3Fo$_$0,1,Positive,0.010360200060362743,0.0788011834720967,0.9108386164675405,0.7486912571428571,1.0,0,Positive,0.6666667
lbx3eu8LUl8$_$4,3,Neutral,0.04443310439355035,0.8084901557323414,0.14707673987410827,0.1280286587142857,0.5117711392874061,0,Neutral,0.0
ll10nEjTvGE$_$9,2,Positive,0.12349903788385139,0.08603001951618013,0.7904709425999685,0.6178856442285714,1.0,0,Positive,1.0
ll10nEjTvGE$_$8,2,Negative,0.9426414890430724,0.033838427178103224,0.02352008377882436,-0.84130221,1.0,0,Negative,-1.6666666
lp9vkkimXqg$_$12,4,Positive,0.009344667642206893,0.024361160768739322,0.9662941715890538,1.5082247485714289,1.0,0,Positive,0.6666667
lp9vkkimXqg$_$15,4,Positive,0.010079030532295424,0.06417313937416808,0.9257478300935365,1.1301055714285713,1.0,0,Positive,0.6666667
lp9vkkimXqg$_$6,4,Neutral,0.17415000372759643,0.7572818843425767,0.06856811192982697,-0.05747125657142856,0.6448215690570037,0,Neutral,0.0
lpF-yBYou0s$_$5,0,Negative,0.834748230938232,0.07922749306486793,0.08602427599690012,-0.5319008542857143,1.0,0,Neutral,0.0
lpF-yBYou0s$_$6,0,Negative,0.5443734577607511,0.05535346163786397,0.40027308060138483,-0.25547420428571427,1.0,0,Negative,-1.6666666
luQfWSfb1s0$_$13,3,Positive,0.005935225304476889,0.01646728643686045,0.9775974882586627,1.5363364714285714,1.0,0,Positive,1.3333334
luQfWSfb1s0$_$16,3,Positive,0.011907903503402257,0.17521915197863402,0.8128729445179637,0.7279856128571428,1.0,0,Neutral,0.0
luQfWSfb1s0$_$4,3,Positive,0.006850311048187484,0.038408148338312284,0.9547415406135003,1.089452152857143,1.0,0,Positive,1.6666666
luQfWSfb1s0$_$6,3,Positive,0.010898327117345064,0.11316295308401958,0.8759387197986355,0.7382848799999999,1.0,0,Positive,1.6666666
lzVA--tIse0$_$0,0,Positive,0.011179930694677709,0.0406505077404173,0.948169561564905,0.9776270142857142,1.0,0,Positive,1.6666666
lzyVWNrkgbQ$_$9,0,Negative,0.5155366015309737,0.42349149919111645,0.0609718992779098,-0.3445396535714286,1.0,0,Negative,-0.33333334
m7SJs73SF8w$_$4,0,Positive,0.01053863745044327,0.10653008486782513,0.8829312776817316,0.69000721,1.0,0,Positive,1.3333334
m8tzdtrgFUA$_$12,2,Neutral,0.21092450327551185,0.5171102655649104,0.2719652311595778,0.07470697885714285,0.29967824519604264,0,Positive,0.33333334
m8tzdtrgFUA$_$0,2,Positive,0.1556458166509226,0.2413099046304427,0.6030442787186346,0.3045317178571429,1.0,0,Positive,1.0
m8tzdtrgFUA$_$2,2,Positive,0.0140136062176482,0.13366169649364315,0.8523246972887086,0.7061833442857143,1.0,0,Positive,0.33333334
m8tzdtrgFUA$_$5,2,Positive,0.008230894395945643,0.04066185969169163,0.9511072459123627,1.2218159671428575,1.0,0,Positive,1.3333334
m8tzdtrgFUA$_$7,2,Positive,0.018722867238668065,0.20303265994066877,0.7782444728206632,0.6666567257142857,1.0,0,Neutral,0.0
mHIvH6Nnrls$_$1,1,Neutral,0.19780142626138295,0.6159079395264633,0.18629063421215378,0.10811596285714287,0.2814357993873911,0,Neutral,0.0
mI50zj8cTNw$_$1,3,Neutral,0.1905757273946147,0.5823925117613672,0.22703176084401816,0.22242356900000002,0.2805168784695919,0,Neutral,0.0
mKP6TVuixWg$_$11,2,Positive,0.06394027749782073,0.2999529054067762,0.6361068170954031,0.36329123571428573,1.0,0,Negative,-0.33333334
mKP6TVuixWg$_$18,2,Positive,0.021551633776786646,0.0832194812095125,0.8952288850137008,0.9159278757142858,1.0,0,Neutral,0.0
mL2v-sODUZ8$_$11,0,Positive,0.016521850824597506,0.10343610878065435,0.8800420403947482,0.6490479457142857,1.0,0,Neutral,0.0
mMeGgB9-hSE$_$10,0,Neutral,0.021105881052976484,0.49295064694673435,0.4859434720002892,0.3026427915714286,0.41281276194944,0,Positive,0.6666667
mMeGgB9-hSE$_$13,0,Positive,0.009655229964355574,0.09856715403201521,0.8917776160036293,0.67900691,1.0,0,Positive,1.3333334
mN1Z5xEOy10$_$4,4,Neutral,0.13763089538003928,0.7981753973472883,0.06419370727267243,-0.008793728714285718,0.652334213863929,0,Negative,-0.6666667
mQTaEIrNxnQ$_$11,4,Positive,0.01880078744250889,0.3312747355855447,0.6499244769719464,0.5055253657142857,1.0,0,Positive,0.6666667
mRPIse3OO74$_$1,4,Negative,0.8978252239760832,0.05778604654162392,0.04438872948229295,-0.6438746975714285,1.0,0,Negative,-0.6666667
mRnEJOLkhp8$_$2,3,Neutral,0.06227598199350354,0.7353301045276374,0.20239391347885902,0.1227054122857143,0.31762358353722114,0,Positive,0.6666667
mSWwz7dXUP8$_$6,1,Positive,0.008870097713817927,0.016849783777655416,0.9742801185085267,1.380223597142857,1.0,0,Positive,2.3333333
mW8eL4e7Wrg$_$14,3,Neutral,0.2682480103134771,0.6090202586654078,0.12273173102111502,0.14094382085714285,0.2398814976561443,0,Neutral,0.0
mW8eL4e7Wrg$_$3,3,Positive,0.00992599944133343,0.061933005793913865,0.9281409947647526,0.98555141,1.0,0,Positive,1.0
mW8eL4e7Wrg$_$2,3,Neutral,0.035544088263361015,0.5377986525748417,0.42665725916179736,0.30010461571428576,0.31070684205501836,0,Neutral,0.0
mW8eL4e7Wrg$_$6,3,Neutral,0.04850694613272324,0.627767275121307,0.32372577874596975,0.21472617500000002,0.3374213312423552,0,Neutral,0.0
mW8eL4e7Wrg$_$15,3,Negative,0.6463246704962343,0.19525091395787555,0.1584244155458902,-0.2013537523142857,1.0,0,Negative,-0.33333334
maO6KmmgcB8$_$4,2,Negative,0.7535351866887433,0.17922073163525007,0.06724408167600665,-0.2868335185714285,1.0,0,Negative,-0.6666667
mgovo8VYtvk$_$24,0,Neutral,0.049537194401354144,0.6325309911252058,0.31793181447343993,0.31229277714285714,0.4688756092457607,0,Positive,2.0
mgovo8VYtvk$_$20,0,Positive,0.009544685551433677,0.10528236011015558,0.8851729543384108,0.851633342857143,1.0,0,Positive,1.6666666
mgovo8VYtvk$_$22,0,Neutral,0.177558372089574,0.5032932262158916,0.3191484016945344,0.1485530942857143,0.17459034825376377,0,Positive,0.6666667
mgovo8VYtvk$_$23,0,Neutral,0.07042317882495398,0.7746988608604997,0.15487796031454645,0.15909005114285715,0.5446001997358811,0,Positive,1.3333334
mgovo8VYtvk$_$29,0,Positive,0.012145380954888584,0.05202689609247152,0.9358277229526399,0.9968070585714285,1.0,0,Positive,1.6666666
mgovo8VYtvk$_$3,0,Positive,0.02069820453899137,0.19680108858618103,0.7825007068748276,0.6818675885714286,1.0,0,Positive,1.3333334
mgovo8VYtvk$_$8,0,Positive,0.04462394061866298,0.44393591904870877,0.5114401403326282,0.4023293014285714,1.0,0,Positive,2.0
mgovo8VYtvk$_$13,0,Positive,0.026223915979146126,0.2536248676319908,0.720151216388863,0.51213217,1.0,0,Positive,0.6666667
mgovo8VYtvk$_$12,0,Positive,0.009724762817608128,0.08228745968195851,0.9079877775004334,0.8789846328571429,1.0,0,Positive,2.3333333
mgovo8VYtvk$_$30,0,Positive,0.007221063860360679,0.03790025804017476,0.9548786780994646,1.2942184714285714,1.0,0,Positive,2.6666667
mgovo8VYtvk$_$37,0,Positive,0.045545016345685516,0.055402829585475634,0.8990521540688389,0.8811690571428572,1.0,0,Positive,1.6666666
mgovo8VYtvk$_$34,0,Positive,0.013058483777269573,0.08378787487146651,0.903153641351264,0.9006758,1.0,0,Positive,0.6666667
mgpoY1-110U$_$1,3,Negative,0.5624850396698416,0.3411942546098478,0.09632070572031062,-0.27384507428571425,1.0,0,Negative,-0.6666667
mgpoY1-110U$_$14,3,Positive,0.01473596871794324,0.08154424423030789,0.9037197870517489,0.750875492857143,1.0,0,Positive,0.33333334
mkkoJ2iVbGs$_$0,3,Positive,0.01102341714623033,0.05550026366232321,0.9334763191914465,0.9830262314285714,1.0,0,Positive,0.6666667
mkkoJ2iVbGs$_$5,3,Neutral,0.02347368269616538,0.6437568658885547,0.33276945141527997,0.34934166714285714,0.31169588574898927,0,Neutral,0.0
mkkoJ2iVbGs$_$4,3,Neutral,0.05061363121571256,0.4978889848510893,0.4514973839331982,0.4576166828571428,0.16391542045217583,0,Positive,1.3333334
mn8_HvzbN5c$_$5,3,Positive,0.00580345974627297,0.027210536833131065,0.9669860034205959,1.36143562,1.0,0,Neutral,0.0
mpfSRGHFY0g$_$3,1,Neutral,0.1297622823201494,0.7820246888876191,0.08821302879223152,0.011553383142857143,0.7017871288302692,0,Negative,-0.33333334
mrQIrm6hYMQ$_$1,4,Positive,0.005835186565024879,0.024507563248823593,0.9696572501861516,1.2820771857142859,1.0,0,Positive,1.3333334
mrQIrm6hYMQ$_$2,4,Positive,0.01053063495708131,0.040280067140294765,0.949189297902624,1.2174429285714286,1.0,0,Positive,1.6666666
muOYAxkG-Zo$_$15,4,Neutral,0.0398527683217142,0.7363915357120129,0.22375569596627298,0.20901096214285714,0.47213589910851056,0,Positive,0.33333334
muOYAxkG-Zo$_$6,4,Neutral,0.031947950968052044,0.7451044021120384,0.22294764691990948,0.22833939442857146,0.45336412118540836,0,Neutral,0.0
mud6tEqFiEM$_$2,0,Positive,0.014837879204747079,0.13122979848706653,0.8539323223081864,0.5137262199999999,1.0,0,Positive,0.6666667
mud6tEqFiEM$_$5,0,Positive,0.017142304456323334,0.06807144382241336,0.9147862517212633,0.792524357142857,1.0,0,Positive,1.6666666
mw_ZwML0SbY$_$0,0,Positive,0.27952142877108677,0.22009439301435313,0.5003841782145602,0.12656295947142857,1.0,0,Neutral,0.0
mw_ZwML0SbY$_$2,0,Neutral,0.20970761661943177,0.6855216298555108,0.10477075352505756,0.0008641508571428567,0.390693701910903,0,Positive,0.33333334
mxFU6TrHChY$_$11,3,Negative,0.8488836433155617,0.027394675111548947,0.12372168157288953,-0.8030763051428573,1.0,0,Negative,-1.6666666
mxFU6TrHChY$_$0,3,Negative,0.8871497838197795,0.0654051855939355,0.04744503058628501,-0.7090917885714285,1.0,0,Negative,-0.6666667
mxFU6TrHChY$_$8,3,Positive,0.021832465990323506,0.07915151356764068,0.8990160204420358,0.7935138042857143,1.0,0,Neutral,0.0
mxa4KXSz9rw$_$0,4,Neutral,0.022448116771434618,0.7762150759950659,0.2013368072334995,0.1819429053254286,0.6190369177504559,0,Positive,0.6666667
mxa4KXSz9rw$_$6,4,Neutral,0.018518794649471,0.7167120281131114,0.26476917723741755,0.3908204728571429,0.5109392817472885,0,Positive,0.33333334
mzTHW2dtbs4$_$8,2,Positive,0.025795393403636083,0.14104627921621157,0.8331583273801524,0.5873585171428573,1.0,0,Neutral,0.0
mziQcFSsdRI$_$4,4,Positive,0.006861879794768666,0.04209441065458344,0.9510437095506479,1.190746957142857,1.0,0,Positive,1.6666666
n-sgVVTE9Io$_$0,2,Positive,0.014873771573306448,0.21682164535433526,0.7683045830723583,0.6241828285714286,1.0,0,Positive,0.33333334
n4xRx0J3rYQ$_$10,1,Neutral,0.13256099474517413,0.5332699148287617,0.33416909042606413,0.23459972142857147,0.5681311821914621,0,Positive,1.0
n4xRx0J3rYQ$_$0,1,Positive,0.029002297289940228,0.07110112171772712,0.8998965809923327,0.8606624285714286,1.0,0,Positive,1.0
n4xRx0J3rYQ$_$4,1,Neutral,0.1754953982483394,0.4232235587752909,0.40128104297636974,0.24622131328571428,0.4802559440162038,0,Negative,-0.33333334
n5MU2-GFjo8$_$1,4,Negative,0.9307715129543853,0.042072772239243945,0.02715571480637071,-0.6642811357142857,1.0,0,Neutral,0.0
n7K5SpMrQt0$_$17,3,Neutral,0.28381685100034953,0.4286869823889767,0.2874961666106738,0.008351564657142862,0.295888456159067,0,Negative,-0.33333334
nD1R4UedEDo$_$10,0,Positive,0.1286014491727728,0.22355297741117855,0.6478455734160486,0.2170136299285714,1.0,0,Positive,0.6666667
nD1R4UedEDo$_$1,0,Negative,0.8783216446713284,0.08243133456369715,0.039247020764974466,-0.5676621428571429,1.0,0,Negative,-1.0
nD1R4UedEDo$_$2,0,Neutral,0.027392788176143136,0.6423836910018939,0.33022352082196305,0.2520501291428571,0.5054322933229299,0,Positive,1.3333334
nD1R4UedEDo$_$4,0,Positive,0.17207604500205756,0.3243724936918801,0.5035514613060623,0.19296368285714288,1.0,0,Positive,0.33333334
nDXKvarLEOM$_$3,1,Negative,0.9637006325928135,0.026095550233934582,0.010203817173251977,-1.2021634971428572,1.0,0,Positive,1.0
nErOMpqvcRg$_$7,2,Positive,0.01349900263113317,0.053032543300887566,0.9334684540679793,1.1008785285714284,1.0,0,Positive,1.3333334
nHP7l5zAwGA$_$0,4,Positive,0.012070377570846958,0.23840517973477884,0.7495244426943742,0.7161512014285716,1.0,0,Positive,1.6666666
nHP7l5zAwGA$_$8,4,Negative,0.5653486967164628,0.1760600439692897,0.2585912593142476,-0.23695850142857142,1.0,0,Negative,-1.3333334
nISNBD3I95A$_$0,2,Positive,0.2810464292684462,0.060280694700837044,0.6586728760307168,0.49502969571428573,1.0,0,Positive,0.6666667
nKiC9sEP2vM$_$5,1,Positive,0.010492894380603912,0.10246513753158794,0.8870419680878081,0.6541773557142859,1.0,0,Positive,0.33333334
nM5S3xxNOlQ$_$10,2,Positive,0.016876719333643767,0.05066910342911884,0.9324541772372373,1.1342843971428571,1.0,0,Positive,1.6666666
nM5S3xxNOlQ$_$0,2,Positive,0.013204709307842658,0.05376315065130833,0.933032140040849,1.1282242285714283,1.0,0,Neutral,0.0
nM5S3xxNOlQ$_$3,2,Positive,0.040257131116397865,0.08212967810320808,0.877613190780394,0.6877576914285715,1.0,0,Positive,0.33333334
nM5S3xxNOlQ$_$7,2,Neutral,0.13303887296865222,0.5333076485997578,0.33365347843158993,0.221183369,0.3204524068924219,0,Positive,0.33333334
nM5S3xxNOlQ$_$9,2,Neutral,0.04434797834745117,0.7046549182029347,0.25099710344961407,0.17947150399999998,0.30219465722028305,0,Neutral,0.0
nTBKtwqPIYw$_$7,3,Positive,0.015561532261501575,0.35889198295503777,0.6255464847834608,0.34488092857142855,1.0,0,Neutral,0.0
ngp7s5Wvde0$_$11,1,Positive,0.01169014888819426,0.02404457471281266,0.9642652763989931,1.3703454957142858,1.0,0,Positive,2.0
ngp7s5Wvde0$_$3,1,Positive,0.014478512567221666,0.39271408682331543,0.592807400609463,0.5069112371428571,1.0,0,Positive,1.3333334
ngp7s5Wvde0$_$8,1,Positive,0.016800092259942324,0.036509172503054084,0.9466907352370036,1.09885635,1.0,0,Positive,2.0
npIVLL_fTf0$_$13,3,Negative,0.6803791997581319,0.18835940312478824,0.13126139711707988,-0.6108549811428572,1.0,0,Negative,-2.6666667
npIVLL_fTf0$_$12,3,Negative,0.6840313545813023,0.17021313533434165,0.14575551008435614,-0.4760985171428572,1.0,0,Negative,-1.0
npIVLL_fTf0$_$17,3,Negative,0.6923799166433265,0.16110503347575414,0.14651504988091923,-0.3541512182857143,1.0,0,Negative,-1.6666666
nsLACXjD4KU$_$3,1,Negative,0.9309626855446786,0.045657339781497025,0.023379974673824407,-0.7593073542857143,1.0,0,Negative,-0.6666667
nsLACXjD4KU$_$2,1,Negative,0.8047870560347262,0.061464972864740675,0.1337479711005331,-0.7271989171428571,1.0,0,Neutral,0.0
nw6Kf3AtCz4$_$21,4,Positive,0.013034667759907052,0.07672450691139292,0.9102408253287,0.9620782857142858,1.0,0,Positive,1.6666666
nw6Kf3AtCz4$_$23,4,Negative,0.4386557654993902,0.2793582376487411,0.28198599685186865,-0.0025361157142857233,1.0,0,Positive,1.6666666
nw6Kf3AtCz4$_$28,4,Positive,0.016319615403569677,0.2425076443627785,0.7411727402336519,0.45953813571428576,1.0,0,Positive,1.0
nw6Kf3AtCz4$_$4,4,Negative,0.7981583796107865,0.17178950387237574,0.0300521165168376,-0.6538508928571429,1.0,0,Positive,0.33333334
nw6Kf3AtCz4$_$8,4,Positive,0.01154336758956815,0.09160839314395605,0.8968482392664758,0.7988786585714286,1.0,0,Positive,1.3333334
nw6Kf3AtCz4$_$15,4,Positive,0.011366345355536121,0.08281090050869555,0.9058227541357684,0.8324277685714285,1.0,0,Positive,1.0
nw6Kf3AtCz4$_$18,4,Positive,0.023889843992692415,0.4588127535446056,0.5172974024627021,0.3004384728571429,1.0,0,Positive,0.6666667
nw6Kf3AtCz4$_$33,4,Positive,0.010036021588375885,0.030642016476514773,0.9593219619351093,1.411992457142857,1.0,0,Positive,2.0
nz2vkMyqfeE$_$15,0,Positive,0.032784533687350445,0.09476941941432993,0.8724460468983196,0.6682825542857141,1.0,0,Positive,0.33333334
nz2vkMyqfeE$_$4,0,Positive,0.01626716678592785,0.05077720130040712,0.9329556319136652,0.90636994,1.0,0,Positive,1.3333334
o2miCpS7Hwo$_$6,0,Positive,0.019182119201954357,0.059236731390490675,0.921581149407555,0.802264907142857,1.0,0,Positive,1.3333334
o4b7hjQwpv0$_$5,0,Positive,0.014685533065233609,0.10435557730554908,0.8809588896292173,0.6069847314285715,1.0,0,Positive,0.33333334
o4b7hjQwpv0$_$6,0,Neutral,0.16300158682822163,0.625713936476529,0.21128447669524938,0.07197343628571429,0.4024185436001244,0,Neutral,0.0
o4b7hjQwpv0$_$8,0,Positive,0.009101316137949136,0.049496006414403895,0.9414026774476469,1.0029585185714287,1.0,0,Positive,0.6666667
o63doZKEIds$_$1,0,Negative,0.9657547517715436,0.017114680721268375,0.01713056750718805,-1.089156635714286,1.0,0,Negative,-1.3333334
o63doZKEIds$_$3,0,Neutral,0.1708072810192987,0.5659068402962623,0.2632858786844391,0.05494356242857142,0.4492522775973706,0,Negative,-0.33333334
o63doZKEIds$_$9,0,Positive,0.05087399647683646,0.4280067959728159,0.5211192075503477,0.41081928999999995,1.0,0,Positive,0.33333334
oANUXY3xXKM$_$2,3,Negative,0.8966388519816816,0.06736233559558102,0.03599881242273739,-0.6760088314285714,1.0,0,Negative,-1.0
oCsrnIomHos$_$11,0,Negative,0.9333745151487356,0.04231725288295019,0.024308231968314244,-0.7769743714285714,1.0,0,Negative,-0.33333334
oDznO5w3v0U$_$3,4,Positive,0.05980500036022286,0.2970618532319293,0.6431331464078479,0.4128501111428572,1.0,0,Neutral,0.0
oDznO5w3v0U$_$6,4,Positive,0.00920787779057956,0.047028530818236394,0.943763591391184,1.0996154642857143,1.0,0,Positive,1.0
oGnKsroR0R0$_$13,3,Negative,0.9681292084593194,0.021989490961630217,0.009881300579050404,-1.0716866357142858,1.0,0,Negative,-2.0
oGnKsroR0R0$_$14,3,Positive,0.32601455597091583,0.057224452383201396,0.6167609916458828,0.30874875285714287,1.0,0,Neutral,0.0
oHV99Y_EWfI$_$12,2,Negative,0.75540353400813,0.18267174614584522,0.06192471984602471,-0.29898146171428575,1.0,0,Positive,1.0
oHV99Y_EWfI$_$19,2,Neutral,0.06686683045872986,0.622177713504409,0.3109554560368611,0.2282323058571429,0.34661751778909844,0,Positive,0.6666667
oK951Y2N_k0$_$1,1,Neutral,0.05926364847834231,0.665492626085762,0.27524372543589576,0.11579366328571429,0.5018226400775013,0,Negative,-0.33333334
oNCvb0F-c88$_$6,3,Negative,0.6751992091775968,0.06885460242319373,0.25594618839920946,-0.3637733971428571,1.0,0,Neutral,0.0
oOhxCwkZsUI$_$0,3,Neutral,0.026822062701165467,0.6455922919847994,0.32758564531403517,0.21405521085714288,0.4580160227496869,0,Neutral,0.0
oPvUDLhTrjI$_$11,1,Positive,0.015151913314937709,0.02669084960587493,0.9581572370791873,1.2256282828571428,1.0,0,Positive,1.0
oPvUDLhTrjI$_$13,1,Positive,0.006879754903826908,0.03043813427797305,0.9626821108182,1.2742590171428572,1.0,0,Positive,2.3333333
oVqBUyKvgdU$_$7,1,Negative,0.6609728753031672,0.08199974092000296,0.2570273837768299,-0.2896537528571429,1.0,0,Negative,-0.33333334
oW1OEsP7Dds$_$8,2,Neutral,0.21434338990813856,0.6020520611705491,0.18360454892131234,0.06528032785714286,0.3236700554771397,0,Negative,-0.33333334
oW1OEsP7Dds$_$12,2,Positive,0.02192478051069847,0.2538963069281057,0.7241789125611958,0.4569631157142857,1.0,0,Neutral,0.0
oWAyEzyp2xQ$_$15,1,Negative,0.5590214724622979,0.38677530807815735,0.054203219459544705,-0.2479588760571429,1.0,0,Negative,-1.6666666
obnOnuzb-Xw$_$1,1,Negative,0.7998959832859371,0.11315820690037527,0.08694580981368755,-0.15984439814285714,1.0,0,Negative,-0.33333334
ogGweZUAVtU$_$51,4,Neutral,0.05914617132509633,0.7800711412646467,0.16078268741025692,0.037234426714285715,0.5834123177155047,0,Neutral,0.0
ogGweZUAVtU$_$20,4,Neutral,0.30260017575954207,0.5971346458416702,0.10026517839878775,-0.14780663185714285,0.41059453812076374,0,Positive,0.33333334
ogGweZUAVtU$_$49,4,Neutral,0.0585092765057056,0.7692623341756731,0.17222838931862125,0.10239787657142858,0.6196153417682855,0,Positive,0.33333334
ogGweZUAVtU$_$46,4,Neutral,0.04514422666737984,0.7892672368620967,0.1655885364705235,0.09999746957142856,0.6542072108115629,0,Negative,-0.33333334
ogGweZUAVtU$_$40,4,Neutral,0.3355334836578661,0.6110132489845185,0.053453267357615505,-0.22348828377142857,0.44379058410165845,0,Neutral,0.0
ogGweZUAVtU$_$7,4,Positive,0.042195077985836174,0.44006473988294503,0.5177401821312188,0.3857272,1.0,0,Positive,0.6666667
ogGweZUAVtU$_$9,4,Neutral,0.06900124421921439,0.48537800003466985,0.44562075574611576,0.2779091857142857,0.46092866896131063,0,Neutral,0.0
ogGweZUAVtU$_$38,4,Neutral,0.049707060387018207,0.7671976922316384,0.18309524738134342,0.08956062452857141,0.5587258102686097,0,Positive,1.0
ogGweZUAVtU$_$10,4,Neutral,0.040391243389667986,0.7924048707198923,0.16720388589043966,0.06659684442857143,0.6721495298662271,0,Neutral,0.0
ogGweZUAVtU$_$17,4,Neutral,0.04536240581293877,0.531879716353061,0.42275787783400026,0.21141285271428573,0.38519663436696017,0,Neutral,0.0
ogGweZUAVtU$_$37,4,Neutral,0.18138155572655543,0.6784349982574289,0.14018344601601568,-0.08632798778571428,0.3694027028661327,0,Negative,-0.33333334
ogGweZUAVtU$_$36,4,Negative,0.9074847236375109,0.06711324652349054,0.025402029838998547,-0.5971734542857143,1.0,0,Negative,-0.33333334
ogGweZUAVtU$_$32,4,Neutral,0.05020599917995045,0.7565032505200726,0.19329075029997708,0.1509388988142857,0.5708376939499686,0,Positive,0.6666667
oj7A8mpuBeQ$_$11,4,Positive,0.01920936737259191,0.07033431095392477,0.9104563216734833,0.8991899514285715,1.0,0,Positive,0.33333334
oj7A8mpuBeQ$_$5,4,Positive,0.009186667273150472,0.043752457099977535,0.947060875626872,1.025051897142857,1.0,0,Positive,0.6666667
olcPEN9x5VY$_$2,2,Positive,0.01654364915703741,0.2549604502185375,0.728495900624425,0.4865551142857143,1.0,0,Positive,0.33333334
olcPEN9x5VY$_$7,2,Positive,0.014685352964101048,0.06426054774923913,0.9210540992866598,1.083571637142857,1.0,0,Positive,1.0
olcPEN9x5VY$_$9,2,Positive,0.00940519214151354,0.016495467283357792,0.9740993405751287,1.660993985714286,1.0,0,Positive,2.3333333
olcPEN9x5VY$_$8,2,Positive,0.01983332008499994,0.1487537606375161,0.831412919277484,0.5974973214285715,1.0,0,Positive,1.0
omBcvw7izuM$_$10,3,Negative,0.4588535241777707,0.4008912841011778,0.14025519172105153,-0.3273896878571429,1.0,0,Positive,1.3333334
omBcvw7izuM$_$17,3,Negative,0.7766394357486832,0.16325801090084077,0.060102553350476144,-0.44542019971428565,1.0,0,Neutral,0.0
omBcvw7izuM$_$2,3,Positive,0.2516541210643395,0.21818035335065564,0.530165525585005,0.3376746965714286,1.0,0,Neutral,0.0
omBcvw7izuM$_$6,3,Negative,0.862401003367048,0.06452904934235044,0.07306994729060168,-0.4928460128571429,1.0,0,Positive,0.6666667
omHQ68k50XY$_$8,2,Negative,0.9309377273165149,0.04084697118911036,0.028215301494374696,-0.8127117857142858,1.0,0,Negative,-1.3333334
ouhCx4TgHlE$_$1,1,Neutral,0.44341199285382427,0.49773457302843255,0.05885343411774319,-0.19732923285714285,0.6770844180514355,0,Negative,-0.33333334
ouhCx4TgHlE$_$0,1,Negative,0.8245101706578043,0.121058416590353,0.05443141275184271,-0.3249614634285714,1.0,0,Negative,-1.0
ouhCx4TgHlE$_$2,1,Negative,0.7612178835073263,0.1751861561417934,0.06359596035088022,-0.23176027285714285,1.0,0,Negative,-1.0
owT0_Xfu8a0$_$0,1,Positive,0.007150288176682655,0.04285322328834098,0.9499964885349764,0.9801498371428571,1.0,0,Positive,0.33333334
oyHKiX5YGDE$_$10,3,Neutral,0.38957626025132563,0.4023494043473882,0.20807433540128623,0.14843060342857142,0.23342891797459697,0,Negative,-0.33333334
oyHKiX5YGDE$_$15,3,Negative,0.5155768558032964,0.3024678974426737,0.18195524675403002,-0.0734404554285714,1.0,0,Negative,-0.33333334
p18PVgfxook$_$3,2,Positive,0.02638557147587793,0.3307907756314156,0.6428236528927064,0.43918655428571424,1.0,0,Neutral,0.0
p19Hsjx2xgI$_$8,0,Neutral,0.06605106546961276,0.6224090013070427,0.31153993322334456,0.181071295,0.24839659720548632,0,Neutral,0.0
p5LEk2u8tXk$_$13,3,Positive,0.011581369591282347,0.03434923234459869,0.9540693980641191,1.3834147085714288,1.0,0,Positive,1.6666666
p5LEk2u8tXk$_$4,3,Positive,0.12155339062593616,0.08283819197842932,0.7956084173956346,0.7577701285714287,1.0,0,Positive,0.6666667
pAclBdj20ZU$_$10,3,Positive,0.021380956640027284,0.24698763980722377,0.731631403552749,0.5249624857142857,1.0,0,Positive,1.0
pAclBdj20ZU$_$0,3,Negative,0.8842972649378374,0.05817435772295325,0.05752837733920936,-0.45293040999999995,1.0,0,Negative,-0.33333334
pAclBdj20ZU$_$6,3,Neutral,0.15875742682639038,0.4823181978766492,0.35892437529696036,0.2546188345714286,0.43312909562171836,0,Neutral,0.0
pAclBdj20ZU$_$8,3,Neutral,0.018399565652850162,0.531443178541051,0.4501572558060988,0.3682923667142858,0.20442144932465553,0,Positive,1.0
pFh-SLxltms$_$14,0,Neutral,0.13488438063720895,0.7749638724143064,0.09015174694848471,-0.05059031785714285,0.5570559155077912,0,Positive,0.6666667
pFh-SLxltms$_$23,0,Positive,0.018379286516290713,0.264951758490859,0.7166689549928503,0.5066708642857143,1.0,0,Positive,2.0
pFh-SLxltms$_$16,0,Positive,0.014269816057079266,0.07682205602157394,0.9089081279213468,0.7633141928571429,1.0,0,Positive,1.6666666
pFh-SLxltms$_$1,0,Positive,0.02411665175827255,0.4297690663424662,0.5461142818992613,0.37895755,1.0,0,Positive,0.33333334
pFh-SLxltms$_$9,0,Neutral,0.019047650011564766,0.5488574088200217,0.4320949411684137,0.283807024,0.5254961541503946,0,Positive,0.33333334
pIMByitigYI$_$10,2,Positive,0.018644526505686702,0.20766427918646996,0.7736911943078434,0.5574073085714286,1.0,0,Positive,0.6666667
pU-MjERGTUk$_$6,3,Positive,0.12918044801704992,0.039155972529040683,0.8316635794539093,1.1981231085714283,1.0,0,Positive,1.0
pVzHaakhKAw$_$0,0,Positive,0.01441296554260264,0.34897959715918364,0.6366074372982137,0.46239858671428574,1.0,0,Positive,0.33333334
pVzHaakhKAw$_$5,0,Negative,0.9209160101523668,0.038594710294762795,0.040489279552870495,-0.9286252957142855,1.0,0,Negative,-0.33333334
pbFwuNCQlH8$_$3,1,Neutral,0.032170831071331986,0.6540218478669527,0.31380732106171527,0.18647330385714286,0.670627506752994,0,Neutral,0.0
pbFwuNCQlH8$_$7,1,Neutral,0.2711677920859751,0.527130840187155,0.20170136772687008,-0.07621601048857145,0.6421345188691822,0,Neutral,0.0
pf-78LF4ORE$_$22,1,Positive,0.019395500550809353,0.31770779860789145,0.6628967008412993,0.5398861785714286,1.0,0,Neutral,0.0
pfCPogxnUfw$_$26,3,Positive,0.05987793172412006,0.03206026132922464,0.9080618069466553,1.2411009,1.0,0,Positive,1.0
pfCPogxnUfw$_$8,3,Positive,0.2911879418760258,0.3169701093207783,0.39184194880319584,0.15428354428571425,1.0,0,Neutral,0.0
pjWLxORDDP4$_$2,3,Positive,0.006297117777256892,0.011313619541707624,0.9823892626810355,1.7660745142857142,1.0,0,Positive,2.3333333
pqAGD3ijMPw$_$9,0,Negative,0.9431054621002368,0.027953655853308237,0.028940882046454928,-0.9424797085714286,1.0,0,Negative,-1.0
pu1C7tmYHxI$_$2,1,Positive,0.009996279668561862,0.08625592372180095,0.9037477966096372,0.8336515485714285,1.0,0,Positive,1.0
puum3vabpb4$_$15,3,Negative,0.7266608595600149,0.21193404874074104,0.06140509169924406,-0.2981954545142857,1.0,0,Negative,-0.6666667
pvlmYjQdRmA$_$0,3,Neutral,0.03490270176588648,0.5259416586445321,0.43915563958958137,0.3170533962857142,0.3445818853640211,0,Neutral,0.0
pwj9YeMJC08$_$15,0,Negative,0.9278497108130069,0.03780806633473142,0.03434222285226165,-1.1883792142857144,1.0,0,Negative,-1.0
q-0gu48ClF4$_$2,4,Positive,0.013728726306589775,0.15834599473550884,0.8279252789579014,0.8583169328571428,1.0,0,Positive,0.33333334
q1_knonj0Lw$_$17,1,Negative,0.7269464041438827,0.23046524998996637,0.04258834586615092,-0.27017396285714285,1.0,0,Negative,-0.6666667
q1_knonj0Lw$_$16,1,Positive,0.023632919750363534,0.20430304297543733,0.7720640372741991,0.5370422871428571,1.0,0,Positive,1.3333334
q1_knonj0Lw$_$4,1,Negative,0.7891631836269546,0.17906733135597327,0.03176948501707215,-0.660355347142857,1.0,0,Positive,0.33333334
q1_knonj0Lw$_$7,1,Neutral,0.051524474616943046,0.6154558039565016,0.33301972142655534,0.20152901528571426,0.5870133382250601,0,Positive,1.0
q3QUybiOYeU$_$0,0,Neutral,0.029663115997270784,0.7431795152849083,0.22715736871782086,0.1460805207142857,0.5282264872093336,0,Positive,0.33333334
q4hP2j7oewo$_$1,2,Negative,0.516822864701205,0.4075304781438065,0.0756466571549885,-0.1949003428571429,1.0,0,Negative,-0.33333334
q7BxnIM2_z0$_$5,0,Positive,0.009040211249677136,0.028078787356140045,0.9628810013941829,1.0749228485714286,1.0,0,Positive,2.0
qEkFReBuwxc$_$20,2,Positive,0.0278357251712889,0.06186150884100846,0.9103027659877027,0.8969519285714286,1.0,0,Positive,1.6666666
qFppeQvdfxI$_$5,2,Positive,0.0074079707703746354,0.023455730463307674,0.9691362987663177,1.4530498942857144,1.0,0,Positive,1.0
qFppeQvdfxI$_$7,2,Positive,0.007436483648463959,0.030197594701540865,0.9623659216499951,1.3340800571428573,1.0,0,Positive,1.6666666
qFppeQvdfxI$_$8,2,Positive,0.015254635386076373,0.14327312195802486,0.8414722426558988,0.5070423228571428,1.0,0,Positive,1.0
qJBQH14qtHc$_$26,0,Positive,0.050408545388953924,0.09908529581157412,0.850506158799472,0.5926966042857144,1.0,0,Positive,1.6666666
qJZlp9uxoTU$_$10,0,Neutral,0.09385269726768108,0.5265421390973564,0.37960516363496255,0.18102261494285712,0.2881359823528345,0,Neutral,0.0
qJZlp9uxoTU$_$17,0,Negative,0.8058017604633361,0.052648592939784,0.1415496465968799,-0.5680668457142858,1.0,0,Negative,-0.33333334
qJZlp9uxoTU$_$18,0,Positive,0.16361809462325919,0.08812867485225576,0.748253230524485,0.5028819485714286,1.0,0,Negative,-0.33333334
qJh6x4wmmh8$_$0,2,Negative,0.6495776574897012,0.18299624248629728,0.16742610002400143,-0.1964228957142857,1.0,0,Negative,-0.33333334
qP4uuMI-JSk$_$3,0,Positive,0.1265171742723426,0.22960417261330204,0.6438786531143554,0.5205739385714285,1.0,0,Positive,0.6666667
qP4uuMI-JSk$_$4,0,Positive,0.018888452281899896,0.07009824185252328,0.9110133058655768,0.7781559314285715,1.0,0,Positive,2.0
qYJtbgLqizk$_$1,2,Positive,0.008339474826763343,0.05344664430530151,0.9382138808679351,1.1006095542857144,1.0,0,Positive,2.6666667
qd6YuFGcBGk$_$12,3,Neutral,0.038640690302940005,0.5130031385538701,0.4483561711431898,0.2846869351571429,0.35979932252140706,0,Positive,1.0
qd6YuFGcBGk$_$0,3,Positive,0.0061299228102339775,0.057837140588491424,0.9360329366012746,1.032914502857143,1.0,0,Positive,1.3333334
qjMyjLSORY4$_$20,0,Positive,0.007398893601511587,0.024200212072351884,0.9684008943261365,1.2760148714285713,1.0,0,Positive,2.3333333
qjMyjLSORY4$_$29,0,Positive,0.013593184327043668,0.21615607380708296,0.7702507418658734,0.5494230328571428,1.0,0,Positive,0.33333334
qjMyjLSORY4$_$1,0,Positive,0.012668578171901501,0.28516844713698936,0.7021629746911091,0.6236858385714287,1.0,0,Positive,2.0
qjMyjLSORY4$_$33,0,Positive,0.006883362542911783,0.05683691133596137,0.9362797261211269,1.0590677042857144,1.0,0,Positive,1.0
qjMyjLSORY4$_$2,0,Positive,0.008314363148623459,0.07749980435885767,0.9141858324925188,0.8407933114285715,1.0,0,Positive,2.3333333
qjMyjLSORY4$_$5,0,Positive,0.015455566188729718,0.1724201727450486,0.8121242610662217,0.7278621285714285,1.0,0,Neutral,0.0
qkWdc-E6jGI$_$21,0,Positive,0.0373717473960677,0.15949739068908286,0.8031308619148494,0.7091600692857142,1.0,0,Positive,1.0
qkWdc-E6jGI$_$6,0,Neutral,0.24493134211389342,0.6288962543079786,0.12617240357812803,0.0023278848571428668,0.5022134698164608,0,Neutral,0.0
qlDT-bmIzQI$_$4,2,Positive,0.008370168169163387,0.017914966627732756,0.9737148652031039,1.6167302342857144,1.0,0,Positive,3.0
qlDiE1d45Bc$_$5,1,Positive,0.065367155517284,0.40495610162101187,0.5296767428617042,0.27183226357142853,1.0,0,Positive,0.33333334
qpht9L3s9G4$_$3,3,Neutral,0.149002550881056,0.5267216203734758,0.3242758287454682,0.23121934042857142,0.37568625725944,0,Positive,0.6666667
qrI7XCKRFNk$_$3,1,Neutral,0.17769230583379123,0.5991976439328698,0.223110050233339,0.06714463618571428,0.4656824722330975,0,Neutral,0.0
qrI7XCKRFNk$_$5,1,Neutral,0.23169676843835446,0.6056584741635134,0.1626447573981321,-0.0076061549999999955,0.5921612077030598,0,Negative,-0.33333334
qrI7XCKRFNk$_$4,1,Negative,0.6145600132875655,0.32878525988034385,0.056654726832090684,-0.22109651142857145,1.0,0,Neutral,0.0
qszy_WSRFUM$_$10,4,Positive,0.007484032264661602,0.03416424386354185,0.9583517238717966,1.2626487857142856,1.0,0,Positive,1.3333334
qvIhzmujTi8$_$14,4,Positive,0.13246803861076273,0.0667952795576665,0.8007366818315708,0.7815967614285714,1.0,0,Neutral,0.0
qyJiDgtj6YE$_$4,4,Positive,0.05946714055019029,0.25643060683698904,0.6841022526128206,0.6596613342857143,1.0,0,Positive,1.0
r1erb5PSm1A$_$2,4,Positive,0.020780495113351876,0.4042721091078212,0.5749473957788269,0.48716823428571426,1.0,0,Positive,1.6666666
r4ul1wl_1T8$_$9,3,Positive,0.008260569466890424,0.03608563712228061,0.955653793410829,1.1780899057142857,1.0,0,Neutral,0.0
r8OPmbZZlpE$_$3,4,Positive,0.019971360978704392,0.3316887313171594,0.6483399077041362,0.5656810328571428,1.0,0,Positive,1.0
r917wP1qsL4$_$6,4,Neutral,0.06927126369805651,0.7226338499279226,0.20809488637402096,0.16822748685714287,0.4768891189437606,0,Positive,0.33333334
rApOTQgFW6Y$_$6,0,Positive,0.054645139353239634,0.4170332356844976,0.5283216249622628,0.299671502,1.0,0,Positive,0.6666667
rB6WmWvvyxg$_$1,2,Negative,0.7260786126614847,0.1026628183590449,0.17125856897947042,-0.2555376735714286,1.0,0,Negative,-0.6666667
rB6WmWvvyxg$_$3,2,Neutral,0.17264839542123284,0.48569489734673105,0.3416567072320361,0.23051652628571428,0.22800371032247002,0,Neutral,0.0
rB6WmWvvyxg$_$2,2,Neutral,0.42981839423054646,0.45248642791207694,0.11769517785737656,-0.06555373000000002,0.18472367147652452,0,Neutral,0.0
rB6WmWvvyxg$_$8,2,Positive,0.3968786145023122,0.07517534180745399,0.5279460436902338,0.05984922142857146,1.0,0,Negative,-0.33333334
rBWeo_rEdcU$_$6,2,Neutral,0.0340504448009485,0.6392814536823782,0.32666810151667336,0.1754199312142857,0.39351487028643944,0,Positive,0.33333334
rBWeo_rEdcU$_$8,2,Positive,0.05004256572531316,0.3224968110869408,0.6274606231877461,0.3517512675714286,1.0,0,Neutral,0.0
rC7qKZMKa0U$_$0,1,Positive,0.023829579850093735,0.31103656260726514,0.6651338575426412,0.5271710814285714,1.0,0,Positive,0.33333334
rCQYq4T8SEI$_$7,4,Positive,0.3884746209779659,0.1503112538558089,0.46121412516622523,0.4443339642857143,1.0,0,Negative,-0.6666667
rCQYq4T8SEI$_$0,4,Positive,0.013842735807443558,0.21286065255520692,0.7732966116373495,0.759354712857143,1.0,0,Positive,1.0
rEWQW_ibDwg$_$7,1,Neutral,0.16639258976675983,0.5177023422578443,0.315905067975396,0.1455288622142857,0.35964740242714544,0,Positive,0.33333334
rFHIApgUtoI$_$1,0,Neutral,0.08512703776118427,0.8226767836222761,0.09219617861653959,0.012794889285714286,0.5351405364366125,0,Positive,0.33333334
rFHIApgUtoI$_$5,0,Positive,0.011979678416838155,0.057055597740121373,0.9309647238430405,0.8985673357142856,1.0,0,Positive,0.6666667
rLHJ_ebXCHQ$_$3,0,Neutral,0.05062858811669366,0.8217415441412723,0.1276298677420339,0.1156081696857143,0.5379602161934298,0,Positive,0.6666667
raQ9Pcgo-II$_$3,3,Negative,0.9315994434374508,0.05654470171361482,0.01185585484893435,-0.7390808857142857,1.0,0,Negative,-1.3333334
rexJoy4RMdY$_$4,0,Neutral,0.052563073834522855,0.7450200099775186,0.2024169161879586,0.08984276971428572,0.5022801493593544,0,Neutral,0.0
rsQRiALH5FU$_$11,3,Positive,0.40597144578848365,0.0830990691254518,0.5109294850860646,0.17151038857142858,1.0,0,Positive,0.6666667
rsQRiALH5FU$_$10,3,Positive,0.05066490346742971,0.4534204911370869,0.4959146053954835,0.26305057628571427,1.0,0,Positive,0.6666667
rsQRiALH5FU$_$4,3,Neutral,0.13310747737055742,0.5258851753141286,0.341007347315314,0.2504015677142857,0.1746545639278906,0,Positive,2.0
rvQ2cRnroOU$_$20,3,Positive,0.007113441836604786,0.05918121880629995,0.9337053393570952,1.0147719657142855,1.0,0,Positive,0.33333334
rvQ2cRnroOU$_$2,3,Neutral,0.06524501363801527,0.7261602230333642,0.20859476332862048,0.29063631714285715,0.35782466742945085,0,Positive,0.6666667
rvQ2cRnroOU$_$9,3,Negative,0.801181141098313,0.16765523112004763,0.03116362778163943,-0.5069121735714286,1.0,0,Negative,-1.0
rwe-hBNpzH8$_$1,4,Negative,0.5968771571061237,0.2611858503501843,0.14193699254369194,-0.4155882328571428,1.0,0,Negative,-0.33333334
rz4Ax6xfZHQ$_$8,3,Positive,0.011416217725701934,0.0643349692071921,0.9242488130671059,0.9063692942857143,1.0,0,Positive,2.0
s1Yo_MCiMPc$_$12,4,Negative,0.5823374006467931,0.17783145809153048,0.23983114126167648,-0.224637401,1.0,0,Neutral,0.0
s1Yo_MCiMPc$_$5,4,Positive,0.009857342442968233,0.05067662656394237,0.9394660309930893,1.019132837142857,1.0,0,Neutral,0.0
s53UAEi7JEY$_$9,1,Positive,0.008024495236420959,0.057568087646367457,0.9344074171172116,0.9555443271428571,1.0,0,Neutral,0.0
sC1NvtirijU$_$22,0,Positive,0.00602857877239718,0.014817305715461943,0.9791541155121409,1.5274739942857143,1.0,0,Positive,2.3333333
sC1NvtirijU$_$3,0,Positive,0.0071934540950720546,0.03943311795233714,0.9533734279525908,1.0244379428571428,1.0,0,Positive,0.33333334
sC1NvtirijU$_$16,0,Positive,0.01581805484281889,0.178897234315003,0.8052847108421781,0.7800587099999999,1.0,0,Positive,0.6666667
sC1NvtirijU$_$19,0,Positive,0.01880872306157721,0.15339507423236312,0.8277962027060597,0.8608133142857143,1.0,0,Positive,0.6666667
sFLTjqVS7AE$_$0,0,Positive,0.025975145667895366,0.2357584639966169,0.7382663903354877,0.3963398885714286,1.0,0,Positive,1.6666666
sFLTjqVS7AE$_$5,0,Positive,0.010587345719849473,0.045469307889319355,0.9439433463908312,0.9316902285714287,1.0,0,Positive,1.0
sFxUNO2HOKY$_$5,1,Positive,0.009506481663098214,0.016956358949222036,0.9735371593876797,1.4812423485714288,1.0,0,Positive,2.0
sIGAq2J4KKI$_$1,0,Positive,0.01844069620931712,0.16016964790786858,0.8213896558828143,0.48099269142857143,1.0,0,Positive,0.33333334
sKwPCpFtUUI$_$6,0,Negative,0.6731295431248534,0.17769560200499082,0.14917485487015575,-0.3395582971428571,1.0,0,Neutral,0.0
sLaTZtL0ZIk$_$5,3,Positive,0.03761569515877191,0.31756474497637693,0.6448195598648512,0.4510225285714286,1.0,0,Positive,0.33333334
sMnbpyFqrlE$_$15,2,Positive,0.011624555697699794,0.025117690166966068,0.9632577541353342,1.4809389714285714,1.0,0,Positive,2.3333333
sMnbpyFqrlE$_$0,2,Positive,0.2310104231860379,0.3630882945472162,0.4059012822667459,0.07989714757142859,1.0,0,Positive,0.6666667
sPxoGNvnVzg$_$5,4,Positive,0.014162343364643514,0.14438487112700646,0.8414527855083501,0.7231143871428571,1.0,0,Positive,1.3333334
sPxoGNvnVzg$_$7,4,Neutral,0.025020833027552834,0.7479171133429289,0.22706205362951834,0.3032208571428571,0.5257665727726101,0,Positive,1.0
sWsDAG6x9n0$_$3,2,Positive,0.008211323283622686,0.021380407223664123,0.9704082694927132,1.4811424242857143,1.0,0,Positive,2.6666667
skp_SpnIOCM$_$2,2,Neutral,0.026407440401770343,0.49214224105902127,0.48145031853920844,0.35732118185714284,0.32848226746383263,0,Positive,0.6666667
soqnBdPOwoo$_$4,0,Neutral,0.16871430600982626,0.7472252784100804,0.0840604155800933,-0.03133019671428572,0.5706341230101193,0,Neutral,0.0
srbrWyZRMCI$_$11,3,Positive,0.03107504177632574,0.2118848524911461,0.7570401057325281,0.5527585571428572,1.0,0,Positive,1.0
srbrWyZRMCI$_$1,3,Positive,0.012271538730706837,0.10138202282192575,0.8863464384473674,0.7707925999999998,1.0,0,Positive,0.33333334
srbrWyZRMCI$_$0,3,Positive,0.009686849181685058,0.09998119910356537,0.8903319517147495,0.8171047685714286,1.0,0,Positive,0.6666667
srbrWyZRMCI$_$5,3,Positive,0.00853288255688314,0.06745973259743822,0.9240073848456787,0.9742671099999999,1.0,0,Positive,1.0
srbrWyZRMCI$_$8,3,Positive,0.028797933566031907,0.1041086608430415,0.8670934055909266,0.7326703285714286,1.0,0,Positive,1.3333334
sw-smuVRByI$_$7,4,Negative,0.9278560764526297,0.05008683113721386,0.0220570924101565,-1.1875822857142857,1.0,0,Neutral,0.0
sw-smuVRByI$_$6,4,Neutral,0.2984834719274882,0.4699443074785317,0.23157222059398017,-0.0404146347142857,0.3387055294016815,0,Negative,-0.33333334
t0Wi5Nb6kbI$_$10,3,Negative,0.769196427197162,0.17163932355699021,0.05916424924584779,-0.2796770242857143,1.0,0,Negative,-1.3333334
t4-ZulW5np4$_$1,0,Positive,0.028092196238754315,0.422341516077275,0.5495662876839708,0.40239760714285716,1.0,0,Negative,-0.6666667
t4-ZulW5np4$_$5,0,Positive,0.01935805361291012,0.07144341443880732,0.9091985319482826,0.7384414442857141,1.0,0,Positive,2.0
t7a3zECpT4k$_$17,2,Positive,0.009192391433589908,0.043334617390983016,0.947472991175427,1.0936275999999998,1.0,0,Negative,-0.33333334
tL8RzwWSmAE$_$0,2,Negative,0.40570892818610865,0.2797716350051271,0.31451943680876426,0.23681534071428567,1.0,0,Negative,-0.33333334
tL8RzwWSmAE$_$2,2,Positive,0.026281830455837988,0.17613001837195819,0.7975881511722038,0.7274014528571427,1.0,0,Positive,0.6666667
tQk-eoA7JyE$_$5,4,Positive,0.03336260017170452,0.45577577358302873,0.5108616262452668,0.34289657,1.0,0,Positive,0.33333334
tXxf6-CilNI$_$20,2,Positive,0.04078741440546672,0.40928993618680476,0.5499226494077285,0.29756171428571426,1.0,0,Neutral,0.0
tXxf6-CilNI$_$21,2,Neutral,0.3792954392461947,0.5556229819846279,0.06508157876917744,-0.20598902728571428,0.38077361620672867,0,Negative,-0.33333334
tXxf6-CilNI$_$9,2,Neutral,0.10108720857942566,0.7884897684766705,0.1104230229439038,0.04070370114285715,0.33449927914953076,0,Neutral,0.0
ta26Z2YEVMQ$_$0,2,Positive,0.01745985830261102,0.09045483384743297,0.892085307849956,0.9083354528571428,1.0,0,Positive,1.3333334
ta26Z2YEVMQ$_$2,2,Positive,0.15466410163838637,0.0547442721703603,0.7905916261912534,0.9131516399999999,1.0,0,Negative,-0.6666667
taCchyi5h68$_$3,3,Neutral,0.06622310231029363,0.6221509913136446,0.31162590637606175,0.24436599207142856,0.3471118492594213,0,Positive,0.33333334
taGs3-SMoYM$_$3,4,Negative,0.6470114067224791,0.27812455730312313,0.07486403597439788,-0.20574796214285715,1.0,0,Positive,1.0
taGs3-SMoYM$_$4,4,Positive,0.007123223506614421,0.01804606844532849,0.974830708048057,1.46527942,1.0,0,Positive,1.3333334
tdIZZ9v0IGA$_$6,3,Negative,0.8357128382112264,0.10146417601240323,0.06282298577637045,-0.30447691485714296,1.0,0,Neutral,0.0
tdIZZ9v0IGA$_$8,3,Negative,0.6603855944811257,0.2824365719209427,0.057177833597931715,-0.30407120142857147,1.0,0,Positive,0.33333334
tgrxA3CiBv0$_$7,4,Neutral,0.06868547533160951,0.6203761115436188,0.3109384131247717,0.2588404968571429,0.12458281454055138,0,Neutral,0.0
tgrxA3CiBv0$_$8,4,Positive,0.05816338021363059,0.18557225136528158,0.7562643684210878,0.6433865642857144,1.0,0,Positive,0.6666667
tv8IhQZQuJI$_$12,3,Negative,0.8767825755137915,0.08881863685448421,0.03439878763172437,-0.4437877357142857,1.0,0,Negative,-1.3333334
tv8IhQZQuJI$_$5,3,Positive,0.11522734671076335,0.1623336918715018,0.7224389614177349,0.7588806257142858,1.0,0,Neutral,0.0
tvE_DucE0_k$_$7,0,Positive,0.00793839066126691,0.05243791717402407,0.939623692164709,0.9257857742857144,1.0,0,Positive,0.33333334
tw2xFbfgV4U$_$18,1,Negative,0.9544804908747616,0.03370030831236959,0.011819200812868774,-0.9176174542857142,1.0,0,Negative,-1.3333334
tw2xFbfgV4U$_$3,1,Neutral,0.04385087992299058,0.5579698041506292,0.39817931592638023,0.22135830036857143,0.5067668901793487,0,Positive,0.33333334
tw2xFbfgV4U$_$2,1,Positive,0.01699306125275691,0.09591251919653737,0.8870944195507058,0.7053783557142855,1.0,0,Positive,0.6666667
tw2xFbfgV4U$_$6,1,Positive,0.006626314254533292,0.032000733618064756,0.961372952127402,1.119140047142857,1.0,0,Positive,1.3333334
txjqbr6FoZs$_$7,1,Positive,0.00611182747659293,0.029057736371167923,0.9648304361522392,1.1729211114285716,1.0,0,Positive,1.0
u94VPxEIJPg$_$3,0,Negative,0.7029595731097124,0.2224341123314717,0.07460631455881596,-0.26228482142857146,1.0,0,Negative,-0.33333334
uAExKaLeOl8$_$13,4,Positive,0.04727614047636193,0.3335152069760995,0.6192086525475385,0.36937112285714285,1.0,0,Positive,0.6666667
uAExKaLeOl8$_$9,4,Neutral,0.05694793062024109,0.6726173391479577,0.27043473023180115,0.17296496840000003,0.473685360874116,0,Positive,0.6666667
uAExKaLeOl8$_$8,4,Neutral,0.19607529606864807,0.7360751808772202,0.06784952305413171,-0.11086823542857142,0.5801191093604521,0,Neutral,0.0
uBgRo9tnv-I$_$0,4,Positive,0.00959204967283024,0.06990659702472687,0.9205013533024429,0.9746003457142857,1.0,0,Positive,0.33333334
uBgRo9tnv-I$_$6,4,Neutral,0.29330750927080457,0.5504217572874949,0.15627073344170067,-0.13065477857142857,0.45758177750465723,0,Negative,-0.33333334
uTWeng4h5eM$_$8,0,Negative,0.7693650020349422,0.17453176792525318,0.05610323003980468,-0.569410997142857,1.0,0,Neutral,0.0
uU_3tbZ1zG8$_$14,4,Positive,0.00867781037234583,0.03558826507678626,0.9557339245508679,1.181604334285714,1.0,0,Positive,1.0
uU_3tbZ1zG8$_$23,4,Positive,0.011008838487418468,0.04388069330699349,0.9451104682055881,1.1194271928571429,1.0,0,Positive,1.6666666
uU_3tbZ1zG8$_$1,4,Negative,0.8424249265357022,0.04414956618378447,0.11342550728051337,-0.7013847914285716,1.0,0,Negative,-1.3333334
uU_3tbZ1zG8$_$21,4,Positive,0.009747793859784271,0.03542914509407969,0.9548230610461361,1.1595721,1.0,0,Positive,0.6666667
uXYAfpQUYVE$_$22,2,Positive,0.27499725539285325,0.3176684540252407,0.4073342905819061,0.19003542281428573,1.0,0,Positive,0.33333334
uXYAfpQUYVE$_$5,2,Negative,0.7979523421925407,0.1662355255341437,0.03581213227331564,-0.534208682,1.0,0,Negative,-0.33333334
uXYAfpQUYVE$_$4,2,Neutral,0.2045265628406203,0.6837608668803448,0.11171257027903501,0.025723373652857144,0.201323959013101,0,Neutral,0.0
uYzZB4ccG1Q$_$24,0,Positive,0.010891100451626466,0.05998106619735113,0.9291278333510224,1.0027650700000001,1.0,0,Positive,1.0
uYzZB4ccG1Q$_$27,0,Positive,0.01422718769527002,0.06294990745696129,0.9228229048477686,0.9836252371428571,1.0,0,Positive,1.6666666
uYzZB4ccG1Q$_$5,0,Neutral,0.03715581796124064,0.7519946762389343,0.21084950579982503,0.15266086757142855,0.5095303952406263,0,Positive,0.33333334
uYzZB4ccG1Q$_$10,0,Positive,0.06505859454114397,0.3663179939350269,0.5686234115238291,0.24806581142857145,1.0,0,Positive,0.6666667
uYzZB4ccG1Q$_$15,0,Positive,0.02887061732283365,0.4534310320115542,0.5176983506656122,0.2928020071428571,1.0,0,Neutral,0.0
uYzZB4ccG1Q$_$19,0,Positive,0.19992915894171354,0.12472603944200603,0.6753448016162804,0.1739973042857143,1.0,0,Negative,-0.33333334
uYzZB4ccG1Q$_$30,0,Positive,0.009212216679706007,0.03166884734096111,0.9591189359793328,1.1768542428571427,1.0,0,Positive,1.6666666
ueCWy7aTmyo$_$14,0,Negative,0.9479147975295098,0.03124591112649921,0.020839291343991033,-0.9196335242857143,1.0,0,Negative,-0.6666667
ueCWy7aTmyo$_$3,0,Positive,0.019503503524695844,0.42936989354475164,0.5511266029305525,0.4347865138571429,1.0,0,Positive,0.6666667
ueCWy7aTmyo$_$5,0,Neutral,0.08936499761458074,0.6501265982353707,0.2605084041500486,0.08580125971428572,0.44036042170245054,0,Positive,0.33333334
uxHBEfIhY-E$_$2,0,Negative,0.3780906162190938,0.352611101473889,0.2692982823070172,-0.00574887300000002,1.0,0,Neutral,0.0
uy9MGhVqCp8$_$5,4,Negative,0.9531711700334492,0.03248236986251259,0.014346460104038242,-1.24153085,1.0,0,Negative,-0.33333334
uyOrVTq8Tjk$_$3,1,Positive,0.010086666625464287,0.0627671812648242,0.9271461521097115,0.8767743771428572,1.0,0,Positive,0.33333334
v1GKBjohgHc$_$2,1,Negative,0.5377176401691076,0.05476169201853707,0.40752066781235535,-0.09396412428571431,1.0,0,Negative,-1.3333334
v2DFe9X-jCY$_$22,4,Positive,0.02106871920294432,0.12037930488422414,0.8585519759128315,0.6646510142857143,1.0,0,Positive,1.3333334
v3l56fl6aJM$_$4,1,Positive,0.008063193618025826,0.07267665994114073,0.9192601464408334,0.9109574085714287,1.0,0,Neutral,0.0
v5AAvrZuR2U$_$6,2,Positive,0.016200136593099584,0.08311959974470409,0.9006802636621963,0.8352459999999999,1.0,0,Neutral,0.0
vCWpKubBbcw$_$1,4,Neutral,0.05027538752317064,0.5351231993023959,0.41460141317443344,0.34005528285714287,0.19782344342382227,0,Positive,0.6666667
vM3YB7LmMq4$_$28,2,Positive,0.008949285993134135,0.0704613823654714,0.9205893316413944,0.9385219514285714,1.0,0,Positive,0.33333334
vM3YB7LmMq4$_$41,2,Positive,0.012511023992020191,0.02569697470174894,0.9617920013062309,1.5582216942857146,1.0,0,Positive,0.33333334
vM3YB7LmMq4$_$8,2,Positive,0.008222765544003764,0.03294034824706518,0.958836886208931,1.329856542857143,1.0,0,Positive,1.0
vM3YB7LmMq4$_$38,2,Positive,0.016738719796783687,0.06553781853729353,0.9177234616659228,0.9698524228571428,1.0,0,Positive,0.33333334
vM3YB7LmMq4$_$13,2,Positive,0.010786289832387668,0.022479971037862354,0.96673373912975,1.5993657085714286,1.0,0,Neutral,0.0
vM3YB7LmMq4$_$33,2,Positive,0.018168372252078666,0.10673623267741944,0.8750953950705019,0.6601113142857143,1.0,0,Positive,2.0
vM3YB7LmMq4$_$37,2,Positive,0.011816757786874367,0.024733992723365957,0.9634492494897596,1.3775061714285715,1.0,0,Positive,1.0
vM3YB7LmMq4$_$50,2,Positive,0.015048995984467699,0.10753944075657505,0.8774115632589573,0.6898434700000001,1.0,0,Positive,0.6666667
vM7m581tHn0$_$3,2,Neutral,0.14240838412273746,0.47875109969223145,0.3788405161850311,0.20734369214285714,0.3396726209041467,0,Neutral,0.0
vM7m581tHn0$_$4,2,Neutral,0.2899986332821375,0.5329141863793058,0.17708718033855678,0.009983512,0.2632892406041827,0,Neutral,0.0
vM9AH4EqCaA$_$2,3,Positive,0.02837420631156871,0.18854008957499463,0.7830857041134367,0.7332518714285715,1.0,0,Positive,1.0
vM9AH4EqCaA$_$6,3,Positive,0.005782746617755362,0.05335144710343944,0.9408658062788052,1.1455705571428572,1.0,0,Positive,0.6666667
vRhj2bLo1ho$_$5,2,Neutral,0.3105332328651507,0.6226392523274563,0.06682751480739291,-0.1569441862857143,0.28872252147459715,0,Neutral,0.0
vRhj2bLo1ho$_$8,2,Negative,0.4139888492627616,0.34970754514035046,0.23630360559688807,-0.13543450714285715,1.0,0,Neutral,0.0
vYOr36tdcpc$_$1,1,Positive,0.008960749051586914,0.03417070378147916,0.956868547166934,1.2700496114285715,1.0,0,Positive,0.6666667
vYOr36tdcpc$_$0,1,Positive,0.01950422467057628,0.09827111597757798,0.8822246593518458,0.6889043142857142,1.0,0,Positive,1.3333334
vbVLgaP5IYU$_$0,1,Neutral,0.2247788439013908,0.601524337502722,0.1736968185958872,-0.06958509628571428,0.5288285968774795,0,Positive,0.33333334
vlnKSMw5v1o$_$6,0,Positive,0.02015274114663008,0.14854605592988113,0.8313012029234889,0.5760575014285714,1.0,0,Positive,1.3333334
vop7tN_K64I$_$14,3,Neutral,0.053111538460875005,0.5139347216718397,0.4329537398672852,0.2888375728571429,0.3924533248592527,0,Neutral,0.0
vop7tN_K64I$_$17,3,Negative,0.7192178126763126,0.21036710842030212,0.0704150789033854,-0.24082395571428572,1.0,0,Negative,-0.33333334
vop7tN_K64I$_$1,3,Neutral,0.308824345703774,0.48211802766604694,0.20905762663017918,0.0764271352857143,0.24597023495548473,0,Positive,0.6666667
vttEPA6Xffk$_$2,2,Positive,0.014582665548823644,0.06834713741208909,0.9170701970390872,0.8500429357142858,1.0,0,Negative,-0.33333334
vwUBtNvjrU4$_$26,1,Neutral,0.03169029069164979,0.5288954710507889,0.43941423825756126,0.2746777557142857,0.5788727814701711,0,Neutral,0.0
vwUBtNvjrU4$_$16,1,Neutral,0.037830502501171925,0.7055875422610517,0.2565819552377764,0.076980861,0.6878763381030941,0,Neutral,0.0
vwUBtNvjrU4$_$23,1,Neutral,0.08894422428933553,0.5282587135495168,0.3827970621611478,0.20844083371428573,0.240241908174893,0,Positive,0.33333334
vwUBtNvjrU4$_$25,1,Neutral,0.03578367582433149,0.7738569810674175,0.19035934310825098,0.1412100737142857,0.6298757118331021,0,Neutral,0.0
w-PFjo89Dpw$_$14,3,Positive,0.01055151244522391,0.031674021900159666,0.9577744656546164,1.2186619742857143,1.0,0,Positive,0.33333334
w-PFjo89Dpw$_$2,3,Positive,0.021058445529311683,0.23970763952058474,0.7392339149501036,0.5168233257142857,1.0,0,Neutral,0.0
w-PFjo89Dpw$_$7,3,Positive,0.013393002969707078,0.0625154870491547,0.9240915099811382,0.9789393771428571,1.0,0,Neutral,0.0
w1MxXu5D7ho$_$0,0,Positive,0.010795617474637592,0.026977431400676478,0.9622269511246859,1.1129956728571428,1.0,0,Positive,2.0
wCtZdAdoIm8$_$0,4,Positive,0.017840510772029382,0.13466937327222944,0.8474901159557412,0.6668997728571429,1.0,0,Positive,0.33333334
wEs7pJH2mqQ$_$1,2,Positive,0.012878367825269271,0.02910892780369171,0.958012704371039,1.3749310000000001,1.0,0,Positive,1.3333334
wEs7pJH2mqQ$_$3,2,Negative,0.635227563255196,0.2972097221888389,0.06756271455596514,-0.2458140294285714,1.0,0,Negative,-0.33333334
wEs7pJH2mqQ$_$7,2,Neutral,0.36504177103507757,0.5242869988308188,0.11067123013410372,-0.035321195571428564,0.20536735998744063,0,Negative,-1.3333334
wHQYmMZzyJY$_$24,0,Positive,0.006156321128345815,0.022276439018919823,0.9715672398527344,1.2548814000000001,1.0,0,Positive,1.0
wHQYmMZzyJY$_$10,0,Positive,0.006075945385605815,0.011835579416305544,0.9820884751980886,1.5695049142857145,1.0,0,Positive,2.0
wHQYmMZzyJY$_$20,0,Positive,0.03836047304932061,0.12809552587898,0.8335440010716995,0.44471490428571425,1.0,0,Positive,1.0
wHQYmMZzyJY$_$18,0,Positive,0.011168512511966263,0.0863687672353951,0.9024627202526386,0.804723272857143,1.0,0,Positive,0.6666667
wI7DDCRh4Nw$_$1,4,Positive,0.025183099535517124,0.17616970146084168,0.7986471990036412,0.7897319099999999,1.0,0,Negative,-0.6666667
wI7DDCRh4Nw$_$2,4,Positive,0.02755958430820505,0.31730713793269905,0.6551332777590959,0.48859125428571426,1.0,0,Negative,-0.6666667
wLj_gnNON7A$_$10,2,Negative,0.8940292445268597,0.08033684336332032,0.02563391210981999,-0.6107708442857142,1.0,0,Negative,-1.6666666
wLj_gnNON7A$_$12,2,Negative,0.9415053553748691,0.03929053811180981,0.01920410651332109,-0.8803513571428571,1.0,0,Negative,-2.6666667
wLj_gnNON7A$_$14,2,Neutral,0.07402988828017078,0.5957887491187929,0.33018136260103637,0.21010210114285716,0.35818830786195577,0,Negative,-0.33333334
wLj_gnNON7A$_$5,2,Negative,0.764770125739918,0.15454650101559128,0.08068337324449075,-0.4850482394285714,1.0,0,Negative,-1.0
wLj_gnNON7A$_$4,2,Positive,0.027342022006147035,0.44536410205889376,0.5272938759349591,0.4559175840000001,1.0,0,Negative,-0.33333334
wMggOhhVouA$_$6,1,Positive,0.010647202615247838,0.07642310729785622,0.912929690086896,0.991951732857143,1.0,0,Neutral,0.0
wNx1ZnQ0MDQ$_$9,2,Positive,0.00889342493901027,0.026544091252913373,0.9645624838080764,1.4158241857142857,1.0,0,Positive,1.3333334
wNx1ZnQ0MDQ$_$8,2,Positive,0.37809691780564253,0.0781841385411637,0.5437189436531938,0.1861515114285714,1.0,0,Neutral,0.0
wNx1ZnQ0MDQ$_$4,2,Neutral,0.05319243794604641,0.7066233376201021,0.2401842244338515,0.22533938942857143,0.33372250652363217,0,Positive,0.33333334
wOKWTFYYMuk$_$9,3,Positive,0.03465112267677696,0.14812854310030785,0.8172203342229152,0.40277744285714284,1.0,0,Positive,1.0
wOjnqud5GBA$_$4,2,Neutral,0.09256697778441164,0.8154680043592751,0.09196501785631317,0.02775656271428572,0.43511655430851665,0,Positive,0.33333334
wR3zalLV_6c$_$5,0,Neutral,0.29291935540182834,0.5437290454592747,0.16335159913889694,-0.0689033475,0.32023381178162896,0,Negative,-1.0
wR3zalLV_6c$_$14,0,Positive,0.036067266341933066,0.34644206759831553,0.6174906660597514,0.34961096471428565,1.0,0,Positive,1.3333334
wRKVNiABc0w$_$12,1,Neutral,0.0410888839197959,0.7676074623477787,0.19130365373242542,0.13790625399999998,0.6597879316862407,0,Positive,1.0
wRKVNiABc0w$_$14,1,Neutral,0.027219649091472287,0.5468359775775843,0.4259443733309435,0.2637524885714286,0.5945871671633177,0,Negative,-0.33333334
wRKVNiABc0w$_$1,1,Neutral,0.3300000354385711,0.5967213596618263,0.07327860489960274,-0.14457469857142854,0.3057310660917795,0,Negative,-0.6666667
w_qYZSVx2dM$_$13,0,Positive,0.022210912984153244,0.19557438454598802,0.7822147024698587,0.6092757228571427,1.0,0,Positive,0.6666667
w_qYZSVx2dM$_$12,0,Positive,0.00909224880715654,0.07329174610576569,0.9176160050870777,0.7877509771428571,1.0,0,Positive,0.33333334
w_qYZSVx2dM$_$9,0,Positive,0.012850091109814053,0.09432523118602085,0.8928246777041652,0.6775515,1.0,0,Positive,2.0
wb7CfuiIZFQ$_$5,3,Positive,0.007047759523716182,0.026168528138989417,0.9667837123372944,1.4864787342857142,1.0,0,Positive,1.3333334
wd-LTpCtAzw$_$14,4,Positive,0.1883937167950259,0.1620382072123021,0.649568075992672,0.5117094371428571,1.0,0,Positive,1.6666666
wd-LTpCtAzw$_$1,4,Positive,0.010036115282846826,0.01561481928125291,0.9743490654359003,1.703576742857143,1.0,0,Positive,2.3333333
wd-LTpCtAzw$_$9,4,Negative,0.5065669834770805,0.07009932637411315,0.42333369014880634,0.1157395432857143,1.0,0,Positive,1.0
wdU-0bttAkc$_$3,0,Neutral,0.053734015296187425,0.6187869480213332,0.32747903668247946,0.20936340957142857,0.39862871801502364,0,Positive,0.6666667
werKCgZ5dFE$_$14,1,Negative,0.880113962324998,0.06971096620467392,0.050175071470328125,-0.46450985428571423,1.0,0,Negative,-0.6666667
wfLrS6CdFs4$_$0,0,Positive,0.022155146721046955,0.2491986256120656,0.7286462276668875,0.47677531285714286,1.0,0,Positive,1.0
wgCSuviySwg$_$0,2,Positive,0.010544097863168057,0.10060352091463057,0.8888523812222013,0.8876537771428571,1.0,0,Positive,1.6666666
wj3ur4fsiN4$_$24,1,Positive,0.009159574546566872,0.05016412157812596,0.9406763038753072,1.0274144628571429,1.0,0,Positive,0.33333334
wj3ur4fsiN4$_$3,1,Positive,0.019253167722537073,0.2316094490992612,0.7491373831782018,0.46018951714285716,1.0,0,Positive,0.33333334
wj3ur4fsiN4$_$2,1,Positive,0.017523316601384904,0.1261830870157736,0.8562935963828415,0.5566464328571429,1.0,0,Positive,0.33333334
wj3ur4fsiN4$_$13,1,Positive,0.04286309279590987,0.4525096743535576,0.5046272328505326,0.20562452714285714,1.0,0,Neutral,0.0
wj3ur4fsiN4$_$17,1,Positive,0.33921362047605885,0.17792090577560774,0.48286547374833344,0.35115927414285714,1.0,0,Positive,0.6666667
wrQVnClcNPM$_$11,2,Positive,0.01130208933337808,0.02154510364890318,0.9671528070177188,1.6571881785714286,1.0,0,Positive,1.3333334
wrQVnClcNPM$_$12,2,Positive,0.010646471812275585,0.023183002259443062,0.9661705259282813,1.5793541771428572,1.0,0,Positive,2.3333333
wrQVnClcNPM$_$16,2,Positive,0.012333702566142699,0.02567973284613726,0.9619865645877201,1.5068668928571431,1.0,0,Positive,2.0
wrQVnClcNPM$_$2,2,Positive,0.02276190303403402,0.35318528084833845,0.6240528161176275,0.3768439557142857,1.0,0,Neutral,0.0
wrQVnClcNPM$_$5,2,Neutral,0.03137854190314459,0.827876586608981,0.14074487148787435,0.13298163714285716,0.5571980793342725,0,Neutral,0.0
wxxqXK9x-64$_$2,4,Positive,0.1730487910522822,0.1880400101501657,0.6389111987975522,0.291501715,1.0,0,Neutral,0.0
wz3nVBPVgIA$_$6,4,Negative,0.688607939114647,0.23395924884205238,0.07743281204330067,-0.5650358434285715,1.0,0,Positive,1.0
x92920ole0w$_$18,0,Positive,0.03732715418285052,0.06437067342611144,0.898302172391038,0.70381184,1.0,0,Neutral,0.0
x9E8yaFCX0Y$_$5,1,Positive,0.029536111437614292,0.20634458820405788,0.7641193003583279,0.5971932785714287,1.0,0,Positive,0.6666667
x9E8yaFCX0Y$_$4,1,Positive,0.02576204167915438,0.39610847848213027,0.5781294798387153,0.37647484999999997,1.0,0,Positive,1.0
x9E8yaFCX0Y$_$7,1,Positive,0.03039514756035603,0.17568669602313614,0.7939181564165079,0.59820752,1.0,0,Positive,0.6666667
xNYsfeSgDCQ$_$1,0,Positive,0.012444035527554652,0.07712146102791181,0.9104345034445336,0.9896831457142857,1.0,0,Positive,1.3333334
xNYsfeSgDCQ$_$4,0,Positive,0.019360392620249522,0.1322554915004733,0.8483841158792771,0.6195367228571429,1.0,0,Positive,1.0
xP81rX2ATLI$_$2,0,Neutral,0.23910507532609782,0.6409107161538955,0.11998420852000675,0.03710019142857144,0.44891160889204335,0,Negative,-0.33333334
xP81rX2ATLI$_$6,0,Positive,0.023507372686647505,0.361872265617824,0.6146203616955285,0.44650963571428576,1.0,0,Negative,-0.6666667
xPhlDO-2Foc$_$2,0,Negative,0.6231476270983466,0.2347250161260911,0.14212735677556237,-0.3134315022857143,1.0,0,Negative,-0.33333334
xRJXYUZVdas$_$1,4,Neutral,0.016621074633945566,0.5088721803094307,0.47450674505662366,0.41374179571428576,0.2790725199224997,0,Positive,1.0
xTBBDx3DkXQ$_$10,0,Positive,0.008482285765785306,0.02543064051154317,0.9660870737226716,1.0955607271428571,1.0,0,Positive,1.6666666
xUz5cCA-oTo$_$14,4,Neutral,0.02586245223645036,0.7269531167426341,0.24718443102091567,0.28747667214285716,0.49323029243401123,0,Neutral,0.0
xXIq7YPkdUQ$_$1,2,Positive,0.024634577650282624,0.34928359600069525,0.6260818263490221,0.45325614000000003,1.0,0,Positive,0.33333334
xXIq7YPkdUQ$_$2,2,Positive,0.2753314796230386,0.32953094517200743,0.39513757520495396,0.17364405,1.0,0,Positive,0.33333334
xXIq7YPkdUQ$_$4,2,Positive,0.017210800747604657,0.11544911188721982,0.8673400873651755,0.679965037142857,1.0,0,Positive,1.6666666
xYtNgq9eTlg$_$6,0,Positive,0.022383693014431313,0.1393697987556268,0.838246508229942,0.5108015114285714,1.0,0,Positive,0.33333334
xZ1FrxU6hcg$_$23,1,Neutral,0.053465543327299386,0.5073734338567157,0.43916102281598496,0.26928046,0.5824180046800539,0,Positive,0.33333334
xZ1FrxU6hcg$_$6,1,Positive,0.18056398874599316,0.36146499834758855,0.4579710129064183,0.10694435999999999,1.0,0,Positive,0.33333334
xaSf1d13WoY$_$13,4,Positive,0.014458759652765971,0.051425723884656764,0.9341155164625773,1.0222252342857143,1.0,0,Positive,1.0
xaSf1d13WoY$_$1,4,Negative,0.8516233031926483,0.0735002441522505,0.07487645265510122,-0.43417847571428564,1.0,0,Positive,1.0
xaSf1d13WoY$_$4,4,Positive,0.039121570204676756,0.40973726665125854,0.5511411631440648,0.3579444014285715,1.0,0,Neutral,0.0
xbl7bU5PGBs$_$0,2,Positive,0.3852565178525652,0.11567785287106423,0.4990656292763706,-0.016997612857142845,1.0,0,Positive,0.6666667
xfP0bm6Z-7E$_$2,1,Positive,0.007365309874373067,0.05632069937542853,0.9363139907501984,0.9390894571428572,1.0,0,Positive,0.33333334
xge9aYTxxOA$_$0,0,Negative,0.9474842802825135,0.02983970482244144,0.022676014895045074,-0.9829019428571428,1.0,0,Negative,-1.3333334
xiRUWSUrGSg$_$0,2,Neutral,0.36979565079463605,0.3785863974938519,0.25161795171151213,0.11556149000000003,0.3601542001313133,0,Positive,0.33333334
xiRUWSUrGSg$_$4,2,Negative,0.8874847720070472,0.05119276667892597,0.0613224613140269,-0.658356471,1.0,0,Negative,-0.6666667
xk4C4p5vHDk$_$12,1,Positive,0.024802681117370225,0.1204619412334406,0.8547353776491893,0.5512002699999999,1.0,0,Positive,1.3333334
xk4C4p5vHDk$_$1,1,Positive,0.0287282804628729,0.07283558886163569,0.8984361306754914,0.7278874071428573,1.0,0,Positive,2.0
xn9_4n4NpEw$_$10,1,Positive,0.014317768251804988,0.11867948598400094,0.8670027457641941,0.6511458957142856,1.0,0,Positive,0.5
xn9_4n4NpEw$_$5,1,Neutral,0.04595356854609925,0.7351052483098084,0.21894118314409244,0.13816637042857144,0.5343011841029752,0,Positive,0.6666667
xn9_4n4NpEw$_$7,1,Neutral,0.22845160249814755,0.7239396245766663,0.04760877292518623,-0.12174704400000001,0.7428554463086562,0,Positive,0.16666667
xnNZyfhusAk$_$2,2,Negative,0.9202090974581884,0.04359109636081261,0.03619980618099903,-1.002971892857143,1.0,0,Positive,0.33333334
xomMHflvVDw$_$1,2,Positive,0.017432523721418212,0.11329170947508597,0.8692757668034958,0.6793798585714287,1.0,0,Neutral,0.0
xomMHflvVDw$_$0,2,Neutral,0.024001107961144363,0.6856181759304818,0.29038071610837385,0.25193123999999995,0.6536183717897943,0,Neutral,0.0
xomMHflvVDw$_$3,2,Neutral,0.14467147229750743,0.7517769106008356,0.10355161710165695,0.05826832685714285,0.38826020244250686,0,Neutral,0.0
xomMHflvVDw$_$6,2,Neutral,0.02389459968842913,0.4918742994259404,0.48423110088563054,0.3623028957142857,0.7167471134545791,0,Neutral,0.0
xu53lk4dhSc$_$13,3,Neutral,0.031580429881210854,0.7617885097408822,0.20663106037790707,0.14469871985714286,0.5243772609969735,0,Positive,0.33333334
xu53lk4dhSc$_$20,3,Neutral,0.09500079270822319,0.8138773326984815,0.09112187459329531,0.018669195571428574,0.47250588960350237,0,Neutral,0.0
xu53lk4dhSc$_$14,3,Negative,0.7715940551819765,0.19092748692041844,0.03747845789760506,-0.49150216857142853,1.0,0,Negative,-1.0
xu53lk4dhSc$_$17,3,Positive,0.0570819843282975,0.10950657763563676,0.8334114380360658,0.60799769,1.0,0,Positive,0.33333334
xu53lk4dhSc$_$9,3,Positive,0.28831459135030485,0.28142548971589015,0.43025991893380494,0.15712676785714286,1.0,0,Positive,1.3333334
xvnFF0FiyS4$_$6,2,Positive,0.14758040776480316,0.061134296400494545,0.7912852958347023,0.5906796828571429,1.0,0,Neutral,0.0
xvnFF0FiyS4$_$8,2,Positive,0.013044837489432448,0.03507641420809111,0.9518787483024764,1.508851342857143,1.0,0,Positive,1.0
xwNQ7QuXaps$_$5,3,Positive,0.01664827131046463,0.039487304524820584,0.9438644241647148,1.1887601428571428,1.0,0,Positive,1.3333334
xyOa9ivNrg4$_$0,0,Positive,0.021664465255576523,0.1015613651489859,0.8767741695954375,0.5629205514285714,1.0,0,Neutral,0.0
y-nEcwAyQos$_$11,0,Positive,0.012826864836070153,0.10594963018308277,0.8812235049808471,0.6659839214285714,1.0,0,Positive,1.0
y-nEcwAyQos$_$4,0,Neutral,0.09830367951016016,0.729615038418157,0.17208128207168277,0.006887540428571426,0.5343765097671814,0,Negative,-0.33333334
yBGuxyO-ElM$_$2,0,Positive,0.2871449820453128,0.24017242646911333,0.47268259148557384,0.12958320971428572,1.0,0,Positive,1.0
yDIFWzOBjXc$_$22,0,Positive,0.018431025109607122,0.35295404501683336,0.6286149298735595,0.4074312471428571,1.0,0,Positive,0.6666667
yDIFWzOBjXc$_$23,0,Positive,0.02265276220157545,0.32893656663537846,0.6484106711630461,0.4791305957142857,1.0,0,Neutral,0.0
yDIFWzOBjXc$_$40,0,Positive,0.00745017765791182,0.033936612652715,0.9586132096893731,1.1569279428571428,1.0,0,Positive,1.0
yDIFWzOBjXc$_$13,0,Neutral,0.01845315529839088,0.5510904239306192,0.43045642077098983,0.2954013842857143,0.4238751581273673,0,Positive,0.33333334
yDIFWzOBjXc$_$15,0,Positive,0.019296102256527465,0.2531657915370641,0.7275381062064085,0.5124929114285715,1.0,0,Neutral,0.0
yDIFWzOBjXc$_$19,0,Positive,0.017501816368051672,0.15275637348493099,0.8297418101470174,0.47457054000000004,1.0,0,Positive,0.33333334
yDIFWzOBjXc$_$30,0,Neutral,0.06021771876681628,0.7398370196045302,0.19994526162865356,0.10425807327142855,0.45203433999918313,0,Neutral,0.0
yEtfjJOMMCs$_$21,3,Positive,0.020500949709564932,0.2207233033550824,0.7587757469353527,0.5792495142857143,1.0,0,Positive,0.6666667
yEtfjJOMMCs$_$3,3,Positive,0.024441803502047835,0.2627586165577832,0.712799579940169,0.4993954057142857,1.0,0,Negative,-0.33333334
yEtfjJOMMCs$_$4,3,Positive,0.2143835263021033,0.19265866784729238,0.5929578058506043,0.3122513628571429,1.0,0,Negative,-0.33333334
yEtfjJOMMCs$_$7,3,Positive,0.02370811874754603,0.16139896091324943,0.8148929203392046,0.96017228,1.0,0,Positive,0.33333334
yEtfjJOMMCs$_$11,3,Positive,0.022360237210647775,0.10407943000773336,0.8735603327816189,0.74417959,1.0,0,Positive,0.6666667
yEtfjJOMMCs$_$15,3,Positive,0.2713680022416074,0.21738262868009137,0.5112493690783012,0.29713060500000005,1.0,0,Positive,0.33333334
yEtfjJOMMCs$_$14,3,Positive,0.14346756916182643,0.31123957640922095,0.5452928544289526,0.43530996571428565,1.0,0,Neutral,0.0
yHtR71rx16I$_$3,4,Negative,0.5299293492674788,0.3165382895528837,0.15353236117963764,-0.1645536214285714,1.0,0,Neutral,0.0
yKdIZR5xfcc$_$11,1,Positive,0.039318343443830936,0.15796811198861696,0.8027135445675521,0.7106268042857143,1.0,0,Positive,1.0
yKdIZR5xfcc$_$12,1,Positive,0.006700813163072356,0.030268018482951572,0.9630311683539761,1.26268992,1.0,0,Positive,2.0
yKdIZR5xfcc$_$4,1,Negative,0.779674784053252,0.18127047192274298,0.03905474402400495,-0.5158211828571428,1.0,0,Negative,-0.6666667
yKdIZR5xfcc$_$7,1,Positive,0.026645811238244197,0.44366707754523516,0.5296871112165206,0.29170653899999993,1.0,0,Neutral,0.0
yKdIZR5xfcc$_$9,1,Positive,0.007718344318860677,0.06948681665515168,0.9227948390259877,0.9079755457142856,1.0,0,Positive,0.6666667
yKdIZR5xfcc$_$8,1,Positive,0.008813399107603545,0.0636633024596325,0.9275232984327639,0.9683499485714285,1.0,0,Positive,1.0
yOQHOiswVjc$_$13,4,Negative,0.4910624044706336,0.11844120396059254,0.39049639156877386,0.29906853857142857,1.0,0,Positive,0.6666667
yOQHOiswVjc$_$15,4,Positive,0.01297194776440323,0.048273517349264945,0.9387545348863319,0.9546929914285714,1.0,0,Positive,2.0
yOQHOiswVjc$_$1,4,Negative,0.6838606589566224,0.08101501189730115,0.23512432914607645,-0.3651131085714286,1.0,0,Positive,0.33333334
ySfHPyaDbqY$_$7,2,Positive,0.036657847533614896,0.08312356751889101,0.8802185849474942,0.8748049057142856,1.0,0,Neutral,0.0
ygb8Cfxghbs$_$15,3,Positive,0.01336389364113365,0.15881041057467235,0.827825695784194,0.9906611571428572,1.0,0,Positive,0.6666667
ygb8Cfxghbs$_$14,3,Positive,0.017413991890540624,0.44776165718549815,0.5348243509239613,0.37800528571428565,1.0,0,Positive,0.33333334
ygb8Cfxghbs$_$0,3,Neutral,0.019371027197340247,0.6252061019209825,0.3554228708816773,0.4372855542857143,0.293328486734324,0,Positive,1.0
ygb8Cfxghbs$_$7,3,Neutral,0.03795078654771049,0.5149658859529146,0.44708332749937496,0.4266652372857142,0.4021069246013852,0,Neutral,0.0
ymPQOY2O_nw$_$0,4,Positive,0.028432792750495574,0.48183244753836574,0.4897347597111387,0.270842402,1.0,0,Neutral,0.0
yp6Gd2NPwOU$_$6,1,Positive,0.06998312235991319,0.31704159448764246,0.6129752831524443,0.32428235714285714,1.0,0,Positive,0.33333334
yp6Gd2NPwOU$_$9,1,Positive,0.013561730915621477,0.10420210331776782,0.8822361657666107,0.7483152514285715,1.0,0,Positive,1.3333334
yrIXBklJ5YQ$_$1,3,Positive,0.03855033533916204,0.1510712522181508,0.8103784124426873,0.9553401071428571,1.0,0,Neutral,0.0
yrIXBklJ5YQ$_$0,3,Negative,0.8397671995042676,0.11360140727738016,0.04663139321835222,-0.3318907228571429,1.0,0,Negative,-1.0
yrIXBklJ5YQ$_$3,3,Negative,0.632936753083621,0.09211503587798847,0.27494821103839046,-0.0567912942857143,1.0,0,Positive,1.6666666
yyToAEoUuek$_$3,1,Neutral,0.030337781670782195,0.5655259279546264,0.40413629037459137,0.17275185271428573,0.596405259464253,0,Neutral,0.0
z6E-ocntPo4$_$2,0,Positive,0.017017384795150955,0.016346280869024263,0.9666363343358249,1.3665013042857141,1.0,0,Positive,1.3333334
z6E-ocntPo4$_$4,0,Positive,0.008229873262648789,0.023190724204518183,0.968579402532833,1.3936645757142858,1.0,0,Positive,2.0
z6E-ocntPo4$_$9,0,Positive,0.11964511826672096,0.1900449795623774,0.6903099021709016,0.4652809428571429,1.0,0,Positive,1.3333334
z6E-ocntPo4$_$8,0,Positive,0.04416382415637738,0.17044483028655444,0.7853913455570682,0.6386621457142858,1.0,0,Neutral,0.0
z7FicxE_pMU$_$18,1,Negative,0.8293673041045933,0.05660676932210435,0.11402592657330238,-0.6691776385714286,1.0,0,Positive,0.33333334
z7FicxE_pMU$_$7,1,Positive,0.05998845071561778,0.3010411403729867,0.6389704089113956,0.34255256999999995,1.0,0,Positive,1.3333334
z8bWG2z-bMM$_$1,0,Positive,0.039527251004539944,0.22604816543670184,0.7344245835587582,0.4430401128571429,1.0,0,Positive,0.6666667
z8bWG2z-bMM$_$5,0,Positive,0.010026908975124935,0.16265272004088766,0.8273203709839875,0.7230199285714286,1.0,0,Neutral,0.0
zFTuwjr3xq0$_$4,2,Neutral,0.08985887843068124,0.8205691284987517,0.08957199307056707,-0.014697924999999997,0.4487875685943329,0,Negative,-0.33333334
zFuRNvfC4So$_$14,3,Positive,0.018472722966659715,0.08686797172928869,0.8946593053040516,0.6997148800000002,1.0,0,Positive,0.33333334
zFuRNvfC4So$_$7,3,Positive,0.011442199820468294,0.05369828182632227,0.9348595183532095,0.9755875185714284,1.0,0,Positive,1.6666666
zJWmmDk9fCE$_$0,0,Positive,0.012051698225435012,0.09302982226903124,0.8949184795055338,0.6648802814285715,1.0,0,Neutral,0.0
zJWmmDk9fCE$_$10,0,Neutral,0.134758651669744,0.5421065615530147,0.32313478677724133,0.16436739142857143,0.43382518907499146,0,Positive,0.33333334
zOHZDq2BvGo$_$0,3,Negative,0.46171399021877724,0.20377942312126046,0.3345065866599624,-0.0967160257142857,1.0,0,Positive,0.33333334
zPskvGHHQtE$_$0,0,Positive,0.00906851080538269,0.039564917670200025,0.9513665715244173,0.9661168685714286,1.0,0,Positive,0.33333334
zR62DCEMWgs$_$0,4,Negative,0.6653095331049319,0.17902791814980057,0.15566254874526747,-0.29599695428571426,1.0,0,Positive,1.3333334
zU2_X9lIcUM$_$2,3,Neutral,0.06811943675632419,0.8221383350886612,0.10974222815501462,0.048630256999999996,0.6452308742288195,0,Positive,0.33333334
zU2_X9lIcUM$_$5,3,Positive,0.018208741782129726,0.41501681094519455,0.5667744472726758,0.4853232285714286,1.0,0,Neutral,0.0
zU2_X9lIcUM$_$4,3,Positive,0.014840179078440947,0.20174698320923404,0.783412837712325,0.6031678671428571,1.0,0,Positive,0.6666667
zaTyjiyrHnk$_$6,3,Positive,0.007066458923653576,0.03778242942560819,0.9551511116507383,1.00216577,1.0,0,Positive,1.6666666
zeQKU2L173M$_$5,2,Positive,0.018668655136768863,0.35503625338548406,0.6262950914777471,0.34907534714285715,1.0,0,Neutral,0.0
zeQKU2L173M$_$9,2,Positive,0.028416948388748184,0.11875568066514204,0.8528273709461097,0.5322234342857143,1.0,0,Positive,1.6666666
zg-ZIxVsBbQ$_$0,3,Negative,0.6730048806656788,0.28563598603003615,0.041359133304285055,-0.32849531142857147,1.0,0,Positive,0.33333334
zj4PzGtFwJM$_$1,0,Negative,0.5727175324416142,0.38898017992011324,0.03830228763827265,-0.5059237,1.0,0,Neutral,0.0
zqkawTdHN5s$_$1,3,Positive,0.008502227346238983,0.04525436671270419,0.9462434059410568,1.0768513714285715,1.0,0,Positive,1.0
zrFZAofNGi4$_$10,2,Negative,0.9657557293170426,0.021069673370803284,0.01317459731215415,-1.3229634985714287,1.0,0,Negative,-2.3333333
zwTrXwi54us$_$12,4,Positive,0.007238679716574497,0.02096287089576936,0.9717984493876561,1.3382845571428572,1.0,0,Positive,1.6666666
zwTrXwi54us$_$0,4,Positive,0.02008373121709417,0.3854732978420068,0.594442970940899,0.5419284728571429,1.0,0,Neutral,0.0
zwTrXwi54us$_$9,4,Positive,0.016462292138453617,0.0805541363279704,0.902983571533576,0.8086321942857143,1.0,0,Positive,0.6666667
